673614000
90844600
269492600
998152600
798846000
151386200
19062600
852008000
961512300
352056800
480049200
81239000
256540100
683879000
788946100
406302700
365666000
589532500
320744400
962982200
487023300
991787200
639696900
993158700
918438200
943168000
163747700
961026900
56072600
375396000
142942900
981321800
466240600
412435500
979474500
516721900
815456900
250172300
620365100
776969200
853864300
100414300
858208200
362039700
35928500
898789500
768342400
653229800
739957300
89086900
616212000
226980600
332509300
255908900
471774600
502582700
450712100
635522300
463609700
758420000
262553500
858187800
739741800
980429400
270623300
970851500
497151300
86080200
221023900
117516400
114684600
326523400
469566000
972892800
688563100
757129700
123317600
708540800
410359500
114910100
49262900
278206700
341890700
633407400
534115700
65300500
135990100
236463000
952458000
851235000
994883000
215011600
709422800
734624900
195441000
231681300
705476400
944227500
317761500
178135500
313379100
432446100
504659000
782945100
656974200
444857300
540074900
31927000
153398100
202069600
146837100
454296200
480276400
740363000
87703600
266027300
805663600
223693800
502490300
9756800
326564000
497373400
224768400
35986900
483633500
671844600
519303400
189109900
867707300
88700200
618880700
181086500
521146300
375174900
964031600
429755700
820032200
755741700
713317900
225065600
957811400
860155000
679361800
438087800
600518100
767065500
955750300
657816900
242394500
458240600
667573700
568958500
955614000
143977400
856580600
439247500
67457200
375884100
879992700
935164600
464584300
750508600
116251100
237365800
125683500
331917900
918756800
197350900
339294900
632074700
674051700
548741500
743865000
353413600
986829300
596018300
372114300
194214800
253835200
614508800
652455400
173044100
435102500
859704700
568656700
543318400
550587400
887749200
170837700
682215300
822913800
887057200
432723900
190800100
124423000
558407400
774353200
294815000
7393600
113648100
178525000
681445300
662389600
922390000
286494100
900854100
518408300
658608400
95068900
23878700
524752400
999159600
448558000
959855000
858864300
268850000
503173400
409451700
156599200
925646300
343302300
231148200
812703500
776026200
421948300
188761700
586068900
447936700
483576800
593462500
561584900
662101800
526543000
475609700
836127000
813037200
376463900
606170500
471645600
723168000
630049200
996398100
722327600
330242400
207888300
832827100
599092400
962696900
242278900
7326800
888343200
837216400
238475000
701046700
613242600
912058500
889808400
450946700
359995300
625020400
44409200
173215400
538757400
822587500
648825100
374884400
635624700
276924200
981054900
107270300
92300
862739300
355303600
974055100
444617000
814827100
806882300
295344600
777524000
300796400
302671500
665867200
138012800
541146500
618549100
751255400
704840300
508357600
453837400
64835600
133378000
749881800
238051000
672135500
572469300
138511300
298655100
208094000
415435600
531345300
566999600
415527900
394084600
173938400
641218200
838701600
988765600
448100500
385681500
766289600
748896900
688353000
683792100
138544900
481134700
302341200
141435600
185975000
62334000
595273000
502445800
447347300
345154800
740496800
371118000
917624200
879008200
669773100
377353400
546079000
201118400
944353000
213242100
846838300
118291500
854460300
937175100
107057100
302560900
322856600
124981900
303093000
11209600
808774000
693273200
743979600
362750500
834708800
929954600
425084500
429981800
432400500
124067000
775136600
424532500
495185000
944396000
555175900
164958200
321749500
101254900
617711800
266102500
314497000
464550100
636029200
420592600
401725300
994721500
974788700
976217100
119703500
277881700
987426800
180112700
222790100
731406400
794498400
57498900
912996200
219583000
487480700
597031900
595285200
514252600
21564500
90470300
710283800
828375600
507063700
32033300
181265800
124775500
549771100
747398000
840960900
437435500
167990600
494321400
432157100
142779300
470538500
803495800
672296300
457965300
983608500
895086400
441006900
778107000
952585400
605638400
249325200
691701300
202670300
844610400
457589100
475870000
186715900
167873000
304245700
693779600
451541500
485511500
70190400
252947800
232909500
911151300
690383400
652535400
657107900
122540500
795314700
127646400
926036300
719246200
837247000
161280000
865967900
529889100
191022200
818553300
135527500
440347400
761889800
338197900
536593100
471114200
65703100
723309000
890622400
369948800
668723900
342163900
107095500
990549500
846747000
591640300
153336000
537130400
244175700
810443900
911306100
39490400
938090300
837342400
10371900
775337300
250257600
876339800
305226500
441279900
946528300
692389200
881627300
960053300
282222300
669855600
431167500
347925500
644799900
321789900
969509500
313523800
915589100
76605100
304073300
762336100
668245400
457409300
551101700
912421100
519488400
462407800
203546700
457578700
299750200
465553800
484551300
801643000
341893600
789777800
242922900
288421900
733802200
376185500
500110500
16024600
46041100
931278000
363950100
690841000
504703200
333459600
256000000
671927500
410064700
811708500
434263600
329945300
520753000
985365300
494001600
40241400
699408300
697548400
749455400
250793700
163102200
234006700
52436700
756631100
275419700
295359700
296688200
9221900
671545200
796798700
276881700
969221500
979712000
640831800
911697800
484415200
225926700
419333000
156342700
887626600
482676800
842241500
217572000
3429800
79242000
711573600
295306500
778650300
660757200
296397100
29444000
75494700
530403800
81880700
83761000
57458700
628875600
380449200
66680600
552056000
177248000
343562400
772912800
156960000
236029400
684610600
893010400
461956100
355578800
300988300
349582800
838255600
143229800
818790000
93320700
474107000
781998800
388627200
504392500
694391300
685024300
533836500
769886000
467063300
867352400
105282200
524522000
747863300
485731400
842837800
299919300
914614600
438035400
72832100
323209800
674064900
9077900
467855400
387656200
364656800
768843700
988874200
454547600
163708700
59299400
547868300
637815700
841298300
188130700
142208200
535689600
124790200
927679900
557210800
591853500
795032400
662493000
368010700
542895700
399859600
462483800
94450200
566109500
900519200
418917600
889319300
826219300
427995500
608810000
465510800
44287500
377653700
454385000
498835200
541362500
513684500
46703500
179178200
606618000
234834300
573021700
142307600
359624500
500701600
951153600
203113300
547369200
865281800
822759200
341900100
265141400
285243000
436350400
82886100
437397500
855268000
223840700
263616800
534898700
832650700
729127600
579186300
210304400
435147900
78021500
3302100
200467600
376360200
434115600
807085600
611194500
7137300
201028400
222454300
507838900
152182000
677202800
55208200
17463800
751597200
397108300
534240400
36840300
85093900
868761800
474237800
191997100
92602500
989489800
726895900
925253200
970252700
306082200
387192800
405400600
635738900
390495000
605868200
12099100
824610600
412953800
874928900
83383100
865617400
349018400
591222000
17799400
277856400
898065400
286898400
29453600
546809000
72774000
66293900
631902900
941535800
792166900
823900100
285773500
781656800
802431200
211026700
751909500
108513400
849854800
408945300
995887500
491985000
14813500
7986600
316595600
679402500
882915500
651613900
545019900
483569100
242835900
814454500
761425500
392536600
101352900
790879200
939345600
425762100
108808300
822883700
618933200
900975300
898419000
904706700
682632100
700850200
367368700
686176800
809363600
217223500
95122100
56886300
960843700
361570800
64873000
529074500
40973300
199423700
180688400
837628400
682992900
423524300
652082900
444418400
816060900
5071000
486932800
7041700
682468300
595741200
829925500
301401500
496716500
728344500
206108300
430983800
429194800
825112200
117160600
490193600
42335700
463917900
547080000
3179400
825488700
863588200
532253900
118097200
63011900
964577500
955725600
997640000
388101800
859443700
693693700
455798000
864514700
180626500
462839700
546983000
28002900
544400400
848384600
524719400
272745000
306128100
207338400
953575000
131240300
576134200
443768600
425211200
40052100
242483800
680025800
117176000
106072000
463914900
235273200
420719200
428492400
190998800
418359200
68229400
50442500
112052900
775662600
166592400
544314700
238502400
965210700
572317600
34538000
813595300
348672300
558918200
371358600
807645900
512493200
754234100
383780200
207897100
431080500
675467500
450380900
111106300
792643600
808088200
826656400
279552000
480442600
255148800
722186100
898801800
575013400
24263800
262490000
350676100
190856300
58439900
840813700
156067000
882392700
875351700
221297500
231065000
434270000
844291300
38711000
198398400
598525400
674126400
406295500
29605900
349593900
108311700
392347400
393872700
168035100
219003800
925060000
648477700
725787800
647246100
798914700
300801200
671509900
61404700
903112500
114001400
371479800
743926200
521703600
253872600
870913200
743001100
484937600
556818400
838927600
775283800
755216800
437453000
449410200
413147600
718694100
50639400
773094500
111041500
696147300
941129600
581680500
621207300
589607300
307468300
268453400
388522000
859904800
191598600
701562000
763017300
305600000
73041800
758578800
827303700
326914400
881127200
821940000
811852100
689580800
660867700
838771100
696432800
349955900
288181400
109580400
68650100
590456000
882674900
431326800
286603300
823804500
13007400
159445900
665047000
320475700
427899300
305204300
432015700
871133100
6766300
446668300
428368400
79808100
456882300
507307300
658357800
338009500
329247300
470209900
27590300
241750200
560616200
724023100
591706200
100432800
85238800
911991500
690888800
219548900
343318300
229127400
43353500
356325700
388573300
960035700
928436700
68107800
265240000
360452400
190876200
272006300
807120700
619244600
603449700
264003000
126551900
261807500
853647700
707434400
983652600
132873200
200819900
544268800
108531600
44161300
896336900
193770400
956152800
587225700
413319300
551106300
67988300
708308000
907432100
708196800
919979000
87504000
776304700
185219000
447956400
218816100
708860600
506712400
838060700
312310300
22350600
216247800
825753000
875998400
175317400
809405600
8871600
376137300
605309600
369038400
420298600
501646500
562808800
628086600
340507500
227763400
179193000
660131000
187706600
338260300
368327900
107685600
425764300
396267800
544539900
125355900
615083900
505035700
883703500
704779800
68981200
906054200
921027600
894734200
782052600
96345000
955775000
42559400
724117600
561084600
411597900
396051400
314366400
226041900
24138100
906509100
705440500
454966300
566640100
893147200
44861800
934968000
252468000
722261300
331235800
48643100
99252400
946319700
553678800
982956000
651099500
622660000
889010200
823762300
517394200
922698000
171742600
724804400
216892600
895860200
537524300
880125700
291911600
851890700
106167700
567684900
758399800
63243400
274286400
325039900
208025800
319148200
260008000
712129100
293044700
842879000
760772200
392297200
40834000
566086300
375253200
691933500
188746300
515898600
767331100
957775800
690231800
939073700
934215400
907124400
86569100
471739700
787250200
378480700
323630400
145053100
197800900
333665400
459931700
723722500
658705400
667957600
294506000
170348600
380086700
587550700
13227600
392494100
979847900
305696800
958580400
606736300
997630400
398962000
122634900
16596700
608373000
64501900
955670400
542588400
971626400
42239500
14328200
10511800
672355400
589593800
407200100
121791500
923259300
867131800
845514100
833599900
535089400
140020100
3948500
166811300
727570800
268811300
810940700
959054000
574508200
769521100
817425500
823773800
420118300
191695700
840370500
28491300
256197600
47676100
822715000
227824000
89915600
837043200
489971000
762271000
426637000
897171100
884062600
601531500
764303000
981211900
435131400
551027600
121232000
690715100
969474200
100438000
211161700
780414900
311127200
37305100
801571200
128552800
861078900
221689600
320248500
953084600
501816100
576446100
760700
324531100
55905400
342311500
413209500
545876400
104582500
91481800
694682800
240280300
693013300
710621000
221492200
128144800
261648600
594359400
70495100
482758000
946432700
281656800
514808100
257559900
318961900
316379400
637747900
180040800
789704200
957996400
384760600
291520300
786077800
637156500
867686700
93618400
979468000
280896200
891130000
84050600
372378000
585812800
575966100
65391400
296433800
49093600
445171400
809717700
895088200
515666500
544110900
841520900
797323400
58919100
99080900
116285300
375298500
988464000
547961400
165002700
946460500
184357200
708158200
984173500
821513800
575844900
329427100
800981800
856741200
220557100
136667600
480754400
58005200
712633800
546145800
354439000
13362600
242952400
415791900
908450800
758619000
211538100
1607000
555942400
270457200
100687900
923862900
897390900
340787100
723459500
314028800
538882800
907816800
22187000
523056300
729330600
849667200
852483400
781947600
958043600
324675800
918615300
438798000
382681000
882884300
236579100
988755200
896246900
479531500
404547200
56332900
238150500
616085300
57939900
45728100
138177700
410263000
969591100
35568600
751050200
944685800
349597400
289933000
852502600
623419600
64624600
833468400
473086800
168743200
615416100
431130400
493419000
785666600
869928500
876100000
668550900
106507600
864855300
816433000
586039100
521037700
124401100
75824900
388758200
433976300
121553000
526935900
844239300
342779300
562504500
846924700
287465200
163737100
388493000
391603000
787156700
453117600
476706700
260243600
621860800
343758000
943009200
366915100
129424600
64572900
494650300
49610700
422715700
359505600
117678900
8754900
132178500
242080000
336215000
520936700
676056300
457768000
299507800
771930900
52182600
113647500
618855600
339647800
277384600
258983800
982886000
64541400
712101400
459592700
576420200
585597500
803350700
771064600
204147800
184410500
835637600
698798100
234021200
258353300
58303800
603335300
518743400
442117500
845415400
854958400
963054300
773106900
564361700
514197300
545037800
616544300
627844900
415528700
207827300
905229500
674512500
442348500
221406100
638249200
153576500
797826300
475481900
208562400
568891000
679629700
392973000
656163800
378427800
878629400
914517100
688366800
481964800
684895800
130484400
579015400
539854200
345173900
352122300
355851100
859371200
148795400
972395400
738851300
564324100
431857900
644080900
490471800
874206500
865487000
128721000
27783000
914948600
855838100
236345400
735474800
535467800
629318400
643273800
913895700
759583100
557790900
853897700
241547900
494321900
236017300
820563300
34176200
832826400
424320800
390027300
692197700
573116200
614058000
682684200
137440300
45915900
326765100
879547400
171757600
443887400
259903600
199540600
610471200
115741800
687521300
345946000
651209600
568474900
989219800
816740500
328058000
798645900
670638300
821241100
292967900
158290800
893439600
578779300
991117300
317760500
220441800
934950200
890876700
86135000
617634400
279952300
383686200
944399600
411134900
555443800
639922200
671038500
6619700
250393400
786780300
694141000
847974600
437990000
514251100
837194400
506365700
842309200
887475500
428639200
915185500
432078600
586930100
808625200
262493100
578047400
126385700
482935000
512997600
268897600
820705200
130632000
800485100
204391400
326666800
211620000
11470500
966589000
882658600
18090200
216982400
669438900
963866400
64957000
359064100
478117500
153786600
117065100
572061900
292897400
545704300
487247500
724976000
132634400
547507900
987469200
962317000
673893600
722039400
475314600
194426400
794379800
605946700
994911600
998771300
184248700
206531600
10241800
150837800
340825400
279967200
367820200
261899600
495468800
432777300
872598900
225221500
838199100
989664000
48918700
131096500
535368400
787801400
856072600
919638000
335309300
95177000
881955100
260838100
68851600
608904900
455264500
863231400
466486800
701811300
113637900
650735600
159978200
375514900
801573400
500803600
907117300
421028800
14338400
402586100
105441300
886937400
879442900
943640500
876601400
928361600
74737000
663605000
967798200
182444800
834878300
303107500
529257000
968468600
815580800
849743800
577373500
270845300
712975300
295495600
224291900
78248400
946231200
635905300
453763400
999439800
136708900
360880700
420468600
402682600
15102100
525910000
289620000
894545000
721185700
417856600
74541800
47557900
333096900
42340000
230002800
419610400
345447500
10895000
388079000
161028300
860638900
217087700
683508800
825249400
764218500
159435900
155133000
710449700
795341200
608896400
961524700
183685400
969777200
633628600
586368000
984879300
411173800
127623200
131059500
132359500
797115000
205601300
179917400
130211900
247941300
661555400
549822300
845024000
924085700
189536500
257687500
784724600
658259500
192831500
861609200
422478000
352267500
16742200
384563000
147608700
877273900
346087700
331294100
98686300
231351500
169297300
83565600
642525300
296920500
466260300
774884800
94035600
671861600
206437500
475882700
171438100
867992900
277340300
268097300
792078600
466876800
525784800
828438400
125136300
718616300
941682800
799249600
70883800
958425100
183812600
470127800
87334200
781535500
53057100
186020500
12887100
473989700
521221300
655412400
770910200
987481600
681932500
116581000
910978400
888370000
844099000
334051700
7998100
121439300
602149000
800076800
839951300
379569000
880150400
216722900
98185300
821833300
15972500
420704400
31893600
451420300
142467400
119227800
484591000
195524500
305248300
497478100
669514200
826469600
404525800
692059700
65586400
338093500
60275900
976564800
478098700
156010100
310616500
486096800
277449400
164400700
537808800
369036000
543969700
417959300
585758900
893790200
239792600
853366600
566129800
271686200
304786900
708597200
642549200
789377900
155757000
947797500
538491300
76906400
25902300
194652300
20601300
91488700
532745800
332512500
319688700
10844500
488522600
881940400
748576500
765972100
46341100
286385400
135008100
841946000
704344700
972402200
735736200
195772500
825768800
301866100
719093900
130555700
262098500
361643100
171568800
417855500
561075800
961695300
746397200
586978100
156347600
766998500
930102000
940728600
99511000
249790700
203208300
588033700
131731100
951784900
605641000
429707400
238170300
992284300
271653400
194150200
216321700
7389600
389922700
42090500
560890900
109016600
424281400
822989500
470659700
847485400
492480200
283370700
809180800
238877400
870348800
965528400
257511200
52086000
906257100
357022200
301876700
109465400
196691100
685243000
312885500
53967300
114950400
551055800
297886800
638239000
996841200
514208500
645628600
386763900
807934200
458154800
747415700
232215600
532779500
469710600
331336300
25259700
753081300
140517100
515772400
875065300
106045500
773283600
927151300
263937800
130305800
480663200
625038500
578632200
165906200
189559200
884234700
532491800
740615100
182121600
170730800
989091500
947965300
67994700
375855500
7534800
526149500
123271200
491385600
58929000
592981900
822721900
84188700
597698400
963239000
599961100
472763800
320919800
624879900
399915100
836492800
6821000
880578400
713166500
585453200
298119800
902725800
721323100
830611700
643340900
155079900
252977700
884067600
103045300
320972400
259923100
110580100
847121900
634829600
601965700
157686100
479446700
676322900
493510100
77145100
639561900
345106400
549908900
212116900
969986400
201459300
48609800
976807400
333672900
761776300
813895800
631792700
664502100
535218900
714039600
559478200
690298900
967017400
443545900
44979400
539625000
955104200
407194700
386747000
589933800
260795600
796068300
69380500
937118500
289578400
398160900
576680500
634684900
948069800
788797400
604671300
401164300
89042400
581478700
734837200
850818800
395374500
618265200
515320900
930593400
583940000
326434400
872527500
802592600
769980300
917506900
342217700
725084500
324701600
980599900
566653600
585497300
776668200
636034100
522615800
66246700
34195000
350931500
700931600
233900100
391364200
305602900
635064400
480406600
138716800
621536900
582860600
534091300
491437300
349816800
716319900
75377300
676251200
588847500
129605200
446231500
757989600
723458100
422951200
334326500
704058000
989604800
919823800
732361400
877274200
694074800
798608100
163104400
296641600
751174900
648639700
688005800
308413000
535339400
420047600
447129800
156876300
2908300
232856300
899948800
352725100
949176300
226961300
280611500
789659000
356566500
978478200
799283800
80024600
401429400
133610300
35717800
642669500
53434100
768079300
771578900
999144200
566687400
934683300
547421000
317862400
583323100
487062000
877910600
118662500
907109600
325040500
527174000
161653100
557896800
427122800
766013400
758708300
654084100
46624900
548367300
262285900
25103100
347651200
342310500
678167800
732896700
378028400
320837300
37966100
146107700
92416200
37110300
964430300
278734700
584531300
533927900
113693000
323228500
411838600
483990700
230338100
988514300
11164700
643626500
546411100
689922700
409639900
305119500
595642100
456264900
105122000
857928000
481368000
704408400
451873700
411171000
437305200
81537300
732008300
475271300
479280200
76059700
764016800
443710600
606429700
600183300
229273700
720122700
923411800
892747500
204113500
405385100
881261800
466913400
49011600
427673000
156836200
710286800
984427700
4113500
166551700
89549700
862041500
899554900
45593400
313915200
310726000
482898600
395452600
294369500
209805100
874732800
622064500
973821900
570078600
228494200
825640400
50987600
200252100
749052200
943735100
404365600
406072500
824997000
122914300
455084200
504305200
531385700
165371000
488732900
535499200
583557900
829917800
397540700
734748000
875511200
963091100
45474000
610045000
610178900
591478800
819850100
736547000
213543300
45307200
558260800
442037500
870947600
609248400
893924800
871635000
552983600
298290500
277707600
629615800
672840000
984427000
133921000
204225700
401433200
874289100
991360100
984991100
704206900
388900800
719739100
831353400
603627100
16848400
441398400
213806100
859962400
261248600
201988300
73505700
306555800
760249100
767178400
429138700
369497600
661103200
300773700
174116400
211028900
830116500
803732200
135504100
814543500
189288400
591365000
467611900
63577500
582725100
452603000
19419600
223261100
423977400
850773000
826888300
692461000
292171500
292329600
804058600
805055300
494317900
129199500
363246300
254567000
896377900
792385000
624064600
809116300
344794000
798181000
271780500
174910500
853548400
658919800
241089300
42836800
250284900
708701200
106414300
833010000
412939500
125834000
56271200
88552100
228242200
883159500
781013100
772048900
427124300
585071700
577104200
921442200
714271200
940350600
176009200
862284300
984370800
51709100
923035800
329164800
101525300
446451500
755710600
955073800
105371400
248435100
997910600
607291500
208771500
355960200
440301500
621711000
733429400
748207900
710263100
961671600
883002600
742911400
733720600
310126900
579618300
562460000
231569100
545524700
502810600
659213600
659444200
738816700
962557900
582480100
319616700
64083200
280566800
326962500
270792200
637573400
575397600
520338100
244864900
784169200
127933500
936801700
405880200
861362900
685009600
367778600
74669700
568012300
110690000
60025500
878139200
941943600
622485600
361343600
487468300
376931400
20557200
146912600
367383300
234750300
981027900
687000100
550468700
513229900
13962600
821261000
150803400
589360300
593234300
647303500
625164700
721167800
584105200
282680100
582530700
520750100
650458700
908835600
88762400
12784000
968861200
218536800
954727600
842982000
579880400
693831100
471548600
852072800
840743700
838932000
338458300
73406800
525932100
888927100
586636800
539894700
710188100
737440200
380890200
303422400
636378900
6054900
276225400
472119400
288735100
858756100
992869500
190829000
19226900
333267100
455248200
988088100
551803900
409975800
82705300
383319600
355442200
554254000
487027600
196185900
393186000
77121200
269592800
919118100
966048300
856229600
710648000
927871600
845305000
343173500
482929200
481683900
349228400
759154600
953803300
889598700
869545900
198308000
332063000
888772800
531575100
787311200
876861000
335014300
448922300
211201500
969969100
804364500
765455500
708631900
252185600
158641500
785753100
521778400
329394800
3436600
629643200
291678100
931308200
726583400
634851600
414237400
459902600
235715200
173392000
665341100
125314000
42937900
863649200
709012200
183346000
646859500
496323400
311842200
233509000
196880900
523043700
455113300
1245400
288499300
415380500
253431100
698776000
201133600
26844700
279806100
456205500
908123200
571484200
387513700
886341800
206335800
53386400
346244400
442051000
478413600
11585600
819000200
772986800
126870000
528012400
956332800
25364700
275971100
268175000
258873800
472852000
791218700
965622300
725732700
331353200
381002800
230799000
30129300
582136500
509278900
309935400
38342000
417402100
133054800
677490900
303744000
339390600
730877300
901623600
33076800
209291000
164844400
103712300
233913000
291714400
631724700
190245800
317079200
159331000
458420800
827588200
883818300
501274700
793210500
609551000
832628000
174213400
840350000
114392500
7985100
349628900
424327900
297962300
18666300
809017900
975453200
574045500
148408500
957965800
475669100
433120500
418892000
892148800
536832800
652805000
183863200
420192800
94686000
752577600
579523800
553106800
831801000
463342100
306016700
625011600
72893100
138644700
50860200
164878300
253037200
310480500
766142500
929000300
608442800
784808800
738018200
835531200
610489500
138061900
45132200
337793800
571182500
464024200
229942600
108015300
368464400
665441100
528208100
463150400
418018700
359367200
267892400
501455000
822709300
573909200
378101800
147237700
964189100
428962000
563751200
217226400
739442500
329893700
397861900
599520500
366337700
135880200
686686900
976827200
525577300
731819200
566256300
96759800
447478600
796198900
204775200
815943100
461640000
984618500
530728700
131294000
343985700
50256400
632749000
418330300
624165600
10850800
817203200
588354700
691448000
380954400
57216300
682525700
710848200
455078300
282046200
328821100
842593700
220368300
557283600
368171000
952187500
123539900
716566100
399666200
919738800
172976500
467244500
633014100
157595000
249608400
764308100
753216000
299864800
648692300
171546300
175665600
659543100
988749500
15655600
602626300
621339100
324507100
285152000
583822500
31220600
818833400
912643700
873814300
39201700
721562500
493620600
243024500
845102400
210186700
642690700
16476400
383163200
361570400
649490500
792393400
611178800
665433800
797244600
162678900
314126100
220426100
338344500
225304400
460810800
605635300
827930700
82150000
930142500
364717900
665972500
961363100
183551300
830251400
86812700
474388300
551813900
580433300
717412800
396916300
42255200
611738700
413392800
677053600
224944300
314518500
469447000
87758300
979952400
266691700
250437200
294078500
738753000
840417000
771018200
199563900
697687500
598948900
281713900
627830000
215302100
199321600
589193200
398853400
29573100
927641100
124876900
581387000
508074400
93924900
229938600
801964800
957298800
894966600
479018400
182243100
461120300
200100600
521636700
441072700
718427500
772073900
986786500
457180600
864126100
9439900
656744500
561813700
608388800
938458400
441278900
823690900
137780000
282107300
474179600
418988300
209748400
850691700
252010600
969458000
196251900
481949200
771422800
153550700
628551000
250441200
335793900
89671300
450541900
857430600
782379300
168969400
881139700
20801000
626150000
996901100
30240900
534529700
810350000
890264900
472988100
251628900
713955900
862403400
785371500
439770700
281391700
995119900
542097600
533402300
964578000
738349500
266986700
987636000
891900300
147172900
238077300
479329400
236844300
940254400
588395200
270858800
360859000
721170100
291659800
987009100
718071200
321900700
773174000
780056400
212165600
246162200
31685400
177756700
360200800
68692100
869162600
893227700
63812000
411260300
678265300
280025200
401245000
945252000
267661300
293145300
344060200
757373800
24109900
832539700
697628200
864140300
103398500
58487200
585310500
646693500
297131500
555016900
968594200
70305600
335073400
432395000
568103000
618394000
861787000
928303800
687086100
730949600
821531500
2533300
393845100
751432000
282558600
46725400
696684100
550219900
591505900
292379500
307593700
615615900
124919200
256857100
479756200
228317700
315344300
65066700
875011200
864111100
871718900
95240600
934416700
206792300
779270800
502519700
825186300
641057800
682458700
763907600
623642700
755625400
766440900
17487800
507057500
48999500
315848400
455376800
850854600
907354400
747756300
410083500
522970300
124310700
666940600
254361700
352628400
233920200
571063700
479274800
98031300
442782600
826150600
32448000
649574900
605421400
786602900
726396400
246479300
720696800
490304000
870122000
476322200
508380100
139245000
235014900
557379700
455093500
690391700
659869500
362447900
689783200
69953100
137053400
814093900
988528900
391415100
418357500
222449100
214114000
897632300
320480400
656896600
975418100
604563600
558106700
580839600
391166500
284503100
827318900
363498500
26442300
949076100
839820800
534822500
339956300
74835700
343837400
46685000
16862700
3706900
409132900
958281100
73660000
797821500
24010300
313824200
440871900
442367800
536273300
654985900
591635400
856753800
311882600
567053500
712952600
869989300
147893100
355754400
406127700
226847200
719252900
432570000
427558500
559073700
219027700
767514900
885544700
562865100
814199900
154042600
566572100
474968100
363958900
891867300
272789600
387969200
205691500
965296700
830337100
741964900
620282700
673607700
850353900
183800500
492296400
814941700
305425000
891824800
170696100
711552700
118672000
889949100
395758000
797865800
700658000
614785700
565380700
586202700
429286100
631215800
991880500
995858200
106183900
355839500
139360700
630608800
743808700
345052300
595905500
825781000
338652400
467823400
499388700
440641500
903259100
991685200
507218400
208684200
883510000
677914600
171872100
253817200
567863700
819265300
51683000
268521700
685686300
868698900
106359700
114972400
499914800
98240200
362465800
857733900
454079700
501826500
488342700
449523700
98514000
335883500
275304700
688801600
55342100
26328700
381078300
958601300
269649100
888296800
418920700
404794300
817846600
842428000
910246700
385710300
913328600
213565000
905867200
599014900
82263900
12226900
965622500
833813900
110467200
579723500
691547900
816182100
333185200
431525800
517341000
683334500
19044500
44281000
623771300
74386700
322244900
4849700
284623200
591894000
144781700
955179100
248323500
962628300
797607100
158570200
599973800
962570900
372135200
505841000
561585800
706034400
769703200
778843500
539848300
880170400
358567000
483031400
947987700
691752300
914557300
716964000
375086800
933601800
761245000
998858100
259623700
83489900
255343000
544246900
927019100
651759900
751061200
175342600
866023400
800303600
585548000
717632400
762874500
209318500
223473500
576095600
166988100
993176700
354939100
706836400
124982300
965141400
441503100
324605200
908528900
607695600
41569200
283615700
541297400
54449400
534109000
52556400
137939300
41087300
848438500
316593600
944482400
599499800
743571400
810505900
399803400
329119500
779773500
414313100
790073200
254882200
990408700
957061300
499694100
596983100
915532900
624676400
562124500
357036000
200916900
722288600
964731600
494121300
5904300
757664300
548570800
791648500
810220700
938145300
84371000
658659200
254739000
28853500
509794200
998310400
90994600
161232800
579065100
870768100
575546000
369138300
125650400
565954700
326199600
625344500
414573000
241732600
501656200
228332700
850403800
702573100
950621300
815135500
448329600
208160800
824435000
996900400
999809400
634655700
186681000
84180400
544950100
693055200
364669100
54744400
691365600
455663700
215977200
522066000
326431900
43158400
891204300
452082300
609113200
469039200
329062000
275321400
962407000
830718200
503654200
812810800
784926500
454275500
879581500
233256200
662436400
704016500
230156600
913881000
590307400
668472800
249696600
135257600
361528000
614365800
441637200
304528900
70029500
909249600
826594900
396461400
952408100
969434400
100178900
813156500
438473600
429241000
88477900
652515800
511594400
843767300
716961900
296521000
298042900
596543400
529777200
212114500
552195200
11569000
125995500
142502600
680041900
375692100
529395400
41569900
990057900
222667800
346098800
311722700
383552700
424328900
959819300
335960800
393763400
59998300
400752500
83872200
740874500
489230400
736388100
252468900
584633000
453350000
548989900
882675900
301528600
330402300
346425600
853723800
341971400
472421100
247861700
273648500
99748400
777257100
566853600
341441600
251560200
912952500
904799500
635112900
588916600
864618800
222708900
982680000
924617100
623461400
318187500
917126800
364327000
306210800
169595800
948960000
11196000
970220900
83271100
312724600
552258500
429696700
418083700
145865100
153753000
665945400
419513600
505136700
694837700
986367200
846578300
198033100
150954900
751377800
833146000
991506800
615996600
55854900
225822000
792249000
930951500
544009500
709375800
295278600
101855500
130606800
244238600
113051500
352463000
327509800
677411400
904721500
8841700
95495100
50586600
162594800
13075700
721735400
667731500
959548600
959737800
765945000
157581800
362328000
768958000
242363000
353834800
636589800
298218000
579656800
680474000
229169500
375301600
389849900
776083300
477157100
772091900
20322000
590208700
124554900
599467000
519255300
29276400
859943900
866385600
331498200
22538700
879461300
53233600
941905400
90645100
12971500
959485600
248226900
375299500
728443600
742225200
980769500
616668700
40443200
560426300
297142700
521247900
187363100
938627800
297331300
664520300
710719800
569288500
506364200
835274700
420390700
25619500
116186400
280334600
143640300
447684600
554508600
274736800
752553500
496414000
365381900
765525000
707534900
865244100
392459700
435978500
607469300
624864400
52647200
899547700
436925900
601425200
420795600
624289100
540053000
969762100
540444600
502408000
790685800
46808800
589318000
211076500
324063500
705504400
743046400
467703800
404824200
297555000
994075800
157377700
45604200
359457700
174537900
753139100
476337000
818632800
440752900
83806300
443497200
745035300
983354000
880423200
346460500
655784900
756347500
138148800
877182200
296792100
640556800
667868100
595236100
229874800
130579800
170934800
187014400
873626200
890273800
591838700
422816400
884349600
851600
720055900
243807300
175389600
473195000
720144400
245657600
165583100
55585900
940790100
162253700
290575200
72848500
508714200
197995300
829196000
898498200
75177500
377623300
539055100
994680800
972859400
20565100
125260700
143794200
207579600
250522100
34068000
51053500
673338600
170052800
51905100
393394500
413860100
478929900
118224700
385639700
724587600
535443100
692860900
665377700
697696800
983436100
989861400
206411000
181431400
819057400
356544500
508244100
196680700
895599600
502925000
421175300
167799900
879820900
816604700
627014700
130343000
102307900
678068200
55316800
272360700
981608600
448711300
686220800
460538500
818571300
323495800
436761300
354014400
16356700
353774200
51711200
251428000
343635600
509757400
432859400
414328200
866301900
192738700
611008900
13536700
947298900
283819400
432971900
827119800
100424100
59986600
209098100
202732000
738054900
264414900
475092700
719663500
964761500
412948800
431837200
783332800
736444600
120233800
388982400
4436500
474008000
692328800
255864500
69278900
202086200
940359100
483607100
320023400
133097800
346251300
333560100
332032000
630070700
18167200
410787000
730494900
78153900
619885100
933226900
816208800
135935300
659954900
787507500
100696800
72903700
470979900
135664800
60983500
591213700
524647200
65420000
316857000
216976000
572919700
637771100
670697400
513278800
121378200
990720800
898011800
719264700
575916200
230043800
600970700
594083400
640830900
331465600
672237300
512351200
516327700
740081300
648286500
176282600
779224000
748983300
500821500
250204000
136283300
561805000
93052900
912565700
627225000
409909900
129541700
200144700
47681000
51874400
965058700
420694500
294230400
863070600
391594400
870146600
344749600
992565100
715865300
985580500
575665900
388102600
749567000
91993700
379819200
397853500
519911500
159043200
398472100
20733100
660882400
534755400
582538100
753935400
447321200
461398400
415480500
828498100
661543100
714796800
880372500
878237100
135491300
174603000
741307700
778720900
296384800
86057300
771286100
12250100
323273100
346952000
651988000
72840100
690580900
31807200
470693600
210492500
442485600
120800900
482860800
103368100
655556400
317034100
108938700
354512800
778432500
524419200
183010900
691610900
239216000
315018700
569848000
626342500
741256900
311155700
405063500
37641700
648848200
427984800
301527100
223756500
774936800
205150300
296596600
465517800
236957500
18925500
927645500
931078300
139726400
410506300
286081600
46918000
727540400
395020300
401430800
757608200
171074800
584441800
449219100
661926000
151095700
19067100
288268600
892352600
581858000
944967300
181629500
482341400
372952100
734791800
706098000
147888900
939942100
254329800
865041900
428534800
273255300
792687400
359613200
664617000
454828900
645694800
711535000
434004600
292350400
112965900
191612800
463425200
697407700
640831900
125351200
100138600
911534200
665255000
992491200
493392200
610222300
425755900
227368800
234809600
160547800
933466800
634333800
100489900
187796700
751010900
529024800
461052000
543698400
140273200
377304200
250162500
37603200
88839300
684167100
329953600
201805200
875779900
45014000
150848100
768247000
170365300
250986700
679781200
87255500
495113100
424808600
949113100
920869000
652177500
183922700
333052000
585644300
69891700
685177200
25076200
820902700
465837200
737763500
616236300
606110400
115067700
866398800
643713600
203907000
802201200
225302500
657347400
929616300
270316500
808195500
697863400
692317000
310817400
629279800
779572600
805930500
54088500
980320900
978434800
957901200
415878800
311486800
795180700
485770600
248299200
820257000
558308500
714136400
558020500
174544800
571882000
924723400
292578800
467230900
380265700
94780000
692533400
37613100
276031600
962849900
97443900
973895000
906802200
408261300
854810000
938010000
465827100
908898500
918330900
695897100
118434900
585844900
259019100
913615700
323250700
507318400
985507900
881559200
221454800
795163600
56104000
44972100
719887000
348682900
512203000
100152700
695098100
204736400
389401100
971129700
419221500
486845000
196659900
577658900
895106300
51470000
515668900
612568600
212003700
685635000
308465700
330438700
271480000
567484900
495689600
594730700
74803300
481197500
476290000
547893300
527996300
784029200
592865400
499518500
384347300
105068400
599671300
79445500
561440000
240707600
302210400
232296800
727552600
498870400
809955700
874294100
550340400
325624700
486862800
762344100
262894900
795328500
344418000
534374900
362813400
840107600
380740900
689251900
572940300
857030900
488780500
352571800
892695300
81645900
852090400
277042700
438349600
703396900
356488200
251424800
944104500
658698600
483721600
671657100
409204200
293677400
545951200
959544600
870937300
284449200
973524000
133832200
79777800
569577200
919842400
694226400
661320100
300583300
635113600
234260400
409249400
123894100
838467500
301944700
457175200
690557900
830622600
895524800
645590000
438746000
146949700
589694500
349079900
882306500
512986800
758284100
427619100
310573200
969464000
298556400
595022500
942988000
684023900
926435500
512565200
603866300
872297100
173885300
156084800
759045900
659781000
816969400
882940000
749883700
118914100
340115300
692076800
201172000
487275300
337666800
639918000
885860200
178996500
988997900
768166800
943618500
747282100
195785900
254191700
968381300
745977600
100849400
911369300
430001500
278920100
675569700
285503000
402852500
101090300
693223000
161898400
12506500
510192400
44838500
762390200
880741700
636589000
454467000
81913700
375499500
43769000
721831800
261359800
222765500
962464900
281161800
166384000
709747000
728582900
672210900
678128300
726195700
773060400
841132800
407832400
303615700
768337800
693335400
706468200
121063300
386558400
868366700
133569800
148386000
164840400
147595200
29127800
53064600
853697400
111041500
428564100
897466400
84508500
941559100
371867100
46973500
222720900
538251100
8355700
202939100
462097200
686484100
929134800
235157600
779252100
336967300
538773400
799225100
281937900
496876800
920288400
920131600
365243500
305493400
68517600
530083900
453088600
97645400
583148500
558421200
460322200
263347900
707522800
544830700
204907000
79389900
591804200
679263200
869276200
600160000
133837500
331373500
538279300
62972300
818166300
569166600
651574800
608574900
368391800
185148000
105451800
540315400
105279600
470695300
845808900
425432400
252414500
550532700
774713100
87198200
108954000
486670500
350546100
816476800
31501200
555453200
147502000
874940700
486351600
16778200
726735900
620189100
348151700
265015200
934796600
417953300
85817000
586371500
26528200
705844000
771519500
131980000
246159500
128434300
854310600
343603600
805501900
106725100
145771500
580215000
193923300
254725500
66885500
796104700
322837600
350022000
603193100
470339600
224962700
89544700
738753000
203333800
709733800
338540000
468349000
896165600
756493300
805801200
482537100
783021500
763280500
505691800
166636800
9440000
885761300
20947400
604678800
691263300
379307700
750450300
523113500
824866200
256811100
841634300
620970900
579648700
191656300
224164000
301623500
668254200
313708700
40376500
871588000
275077700
378916500
591572200
171243400
387045000
649008600
905415700
421701800
412289100
662742800
588338600
673364300
800139300
860921200
278043100
491402600
240228900
280128700
266151400
316730300
536939800
359420900
937701300
368223700
802712400
413500500
921482400
470966600
978844500
213494100
594189800
505557400
844045900
437397200
928436000
231090900
86405800
833851800
652792700
750330200
748229800
492766500
423694500
548369100
353687700
953372900
291407000
845551800
233501600
557558400
413917400
22076600
168614500
351618700
641935500
971326900
16754400
563417900
442293500
995598900
28547200
288118500
501156400
872593100
725515700
429592400
355319300
63556700
515079400
259747200
813886900
263309200
752513800
489216700
63313600
357836700
442589600
354720600
455023800
927726400
163914200
868941200
201438200
332528700
472195100
843373700
303855600
488949500
658426800
997784300
484548500
938609200
537538000
237340100
811202400
263053700
918567700
418156900
578245600
433647200
677904100
643767800
948591600
430417900
132984500
11905200
39889900
827209300
366625800
494913700
6570900
782175200
363854900
459644300
366339100
836050000
303018000
670194700
324999500
213080000
919614200
61183200
151689200
457152200
550158500
214526800
971841100
468726300
632683700
550086800
902373500
562223100
445489800
102600300
244276200
830109500
114505600
284166100
908954000
732766600
779079800
915524900
766577100
394569900
375169200
132916200
230619900
929822400
803111000
807254700
394537600
974360400
120073100
797862000
431512700
670231700
12388900
403353800
138958000
896707800
205075800
292966700
458930900
650565600
395567000
703207200
480675100
761707800
987373300
389629100
746109700
18088400
556789200
512686800
412658300
183593600
645603000
894913500
365051200
700349200
702168200
11224000
674709700
822241300
809086100
106222400
744108200
821475000
509576200
134701400
969818000
966287300
427668100
428749000
616852900
74870400
383591400
349163300
88213400
370964700
990427600
834323100
640688300
798852100
347009900
304981900
234080900
992613000
199895400
599132200
944597400
153698800
610356200
619307100
227575300
419442300
977164700
971683600
492552500
486741000
106385000
462370600
704663500
785688400
142754800
321516400
860558800
526346200
922314900
948772200
148946100
164377800
34730600
41269700
963229900
381740500
346251600
197310800
625988700
546147000
796443000
570586200
951481000
658434500
441528500
179056300
329512000
418693300
150739900
73699800
157069500
508760200
787705600
861733000
294448600
930460400
434884600
155007400
708441800
357199600
355414800
109023100
521577400
390145400
150292800
736442500
23521200
496544400
933753300
649509900
294326600
981831600
471731300
245807600
891901300
913259900
676499200
221413300
583588400
827239100
546748300
740657900
335999300
334453900
602390900
882083100
516549500
288910700
288725700
224991300
897745500
644140600
334014500
670958100
285921200
484307300
407400600
309442400
232487000
592789200
210587600
778448800
574620800
933954100
275891700
718157300
98849200
952390900
939570600
682437600
31265200
737954200
674730700
618899800
72408100
528756800
500982900
588957700
817667600
789708700
65584200
715413100
685484500
651233900
386371300
971405700
387176500
45407100
532483400
619663500
638196300
994706200
649747500
464452300
180295500
925639200
182609600
279144800
878030100
373815500
213217600
909295400
111769700
887948400
528195200
435813000
416705200
280813300
276405900
234372800
70522000
341990200
201421200
756006500
993224100
839427700
979047500
380400600
884834800
511530900
251699300
774666400
757872300
901446900
239118700
938167800
78721300
673363600
217312600
956751500
47179100
682165500
117682100
410584000
570113900
897512500
846397000
986819100
178325800
122803000
472827200
500483100
716428400
674248400
256489600
709652500
513676100
235537100
341688400
650146100
998703200
593387700
424812500
756575500
746469800
663931300
694743400
825191200
588930100
163691200
33577900
636109200
845856700
402895200
298328400
415970600
552042900
396360600
654425000
982003900
519163600
127252200
482487000
235592000
53135800
738976700
196879800
566811900
226149000
790203400
468593200
224852300
635226300
893405800
233063000
381696200
808972300
927806400
458522600
397902400
343132900
743735700
34011600
440624800
146630900
583975200
108230700
698673800
980335800
762655700
680677700
751134700
141543100
414800000
986726700
194678900
153776700
435241700
13126000
631560900
225445100
481719200
856413200
860671500
375125000
341111500
494002900
435732500
520553100
204160700
833634900
863686000
947896400
119281700
304310900
346162500
703256900
664176800
296471500
683592800
426832500
228784400
434727500
820010800
643584400
673089400
14689700
48996300
359966400
279450900
680557300
837046700
761170100
788605700
949353400
387930400
129717200
443356300
823662900
650270400
899152200
657297900
765591600
847048600
28214800
321537700
444846300
731471800
985714500
741317800
666699800
664182200
970102300
101427300
484193000
613686700
26151900
498882700
914318300
386118300
29968800
594875600
474800300
791139000
635116500
424153700
430704600
764833800
119145300
506002700
666739400
18297500
414935800
432331000
116981400
443150700
5504000
561827700
174622500
991218500
554780800
92957500
655400800
524883100
194384800
391229000
390205000
472171900
141747000
304523300
109925500
171715800
151034100
584725800
214490000
786150700
8879500
645194600
550984500
379660000
151197400
469359100
397957600
817768400
153325300
766574200
260919100
158829300
580037100
687176800
401683100
134817900
780134300
308719100
911336200
226154300
699948100
301541300
949961500
841695100
857699800
59887000
13411000
8734000
644612800
227901000
794884700
905127500
124730900
597504400
284787600
527563500
318498700
934380400
345331900
471824000
700954600
857886300
630653400
280991700
545063100
32336500
415809700
576832700
592690800
578781100
54622200
292638900
131957600
4583700
134334100
989657500
64470700
399380300
250026700
960718700
878916500
296546600
865846300
3647400
894051000
402269100
782846100
212549700
336649500
379813300
936008900
289239300
237699600
566662300
570231000
34397900
850634000
237675900
611230600
443324800
816457100
917488100
987599000
948414700
922071800
373568300
189707400
238177800
772948600
439734100
198896500
651865100
736280700
316378000
907147800
881966900
718647100
941629100
346151800
306931800
321442400
282160800
596171100
559142000
100458300
418037400
845175200
202727600
655713300
456405800
897687600
723805600
625529100
885286600
923855600
547601000
258854900
365198200
785778800
283438700
804932400
236310500
186939100
792848300
552688600
94086900
674815300
522970900
287351200
272602300
829902800
608793700
554763100
677709100
419570900
906856700
95746500
264746100
109584300
3095100
972787200
258907100
978535900
598316300
144193800
902391500
397552500
403048700
267589800
183331300
686487500
324157400
419641900
125061800
117005700
223965700
219148700
43456200
746936600
758135100
316058600
828474600
618564000
870821700
506183800
38135000
29313600
601930300
554516300
390533100
856660600
527303500
649440300
835196600
377255100
793634100
737588100
774807600
448318000
256813100
209774200
386440700
580970500
629416100
511502500
949611500
853381800
982286400
993067700
600318400
992056800
309126300
680428300
610620800
431583300
186612100
648755800
712532100
788542400
203272200
103065300
645203100
982210900
752505600
732034900
611101200
797774900
469623000
385908900
497728100
978071400
595683100
135804100
810677100
476734400
647306600
760288600
330116200
881228300
4991600
182069800
873285100
565753100
862498100
483905900
997336400
49110200
384297000
709868600
89287900
839204400
64569100
986126200
73050500
817074700
718161100
684151800
866484800
439419300
70060700
364212900
669125900
917379000
500017000
731438300
394113400
398958900
491726900
975864800
280187200
748353700
157934600
405107500
314106900
272068000
140648600
563078500
572813400
524945600
272947100
913736500
615785200
337516200
151497900
688835800
406226100
121294200
372987600
272710900
812348800
694683500
636923900
733109900
612062500
388576100
464548200
257811100
787535000
207910400
233675900
319357400
956264100
643245700
724464900
270371000
166948900
116748800
85084800
991397600
893329600
358031900
905134100
509114900
947183400
308267300
197950700
605044700
429561500
822573500
129390900
493545500
768892200
17950000
226655500
632589900
406526100
691203700
890401000
194061200
899114100
375712100
513418600
855378300
18957800
489518800
377384500
437542000
606267600
462469300
428939600
499597200
72136500
334073700
260347300
270955100
642341000
709933200
127635000
323537800
532506700
257025900
68718500
301398900
274975900
295374000
933988800
681502100
986577800
76025000
127198500
137327100
451737100
892252300
244340600
722330200
381771100
873360400
159872200
239673900
335829700
588811800
990906400
659601400
922885500
251253700
182191700
816861800
961187000
309826800
392034800
493693700
566852700
460753300
46727900
841828700
756127400
232351900
774966000
994340400
308377000
902164500
131667500
11749300
794416800
627643400
734079500
427823200
501003800
893951700
667497100
836833500
482763500
658403500
748070200
657284300
909657300
930261900
725781300
870844300
491723900
117816100
616173200
58576700
830204600
914536300
152040600
586332000
398523500
927006600
832307600
958535700
80806300
215610400
970285000
875223100
843253800
704364600
303046300
344257600
849951500
222178700
432726300
332715100
880582200
180796500
241634600
41874700
362693700
967415900
164354200
854417600
85232000
32162700
164629500
915436600
946699000
316670100
753403900
345222500
495311900
837346700
555393400
576118200
52957100
525678500
451341400
896210900
481678300
6022900
492103700
331629800
228201600
924830100
915980100
360419100
357261800
157614700
653929000
971590700
376665800
818283300
826008400
713533000
102081200
242273100
880604900
300415400
558943300
634008800
897273200
54255200
722990700
452666600
882008700
775947900
978345100
584985300
923794000
711658600
591008200
415897800
294923700
70845100
592363100
210903800
682899400
201260100
620153800
588463600
172850900
996819600
406746900
250494500
961987900
760463300
492767600
842592800
60878800
51710900
476601600
958152000
357601400
199592300
410818600
491245300
227175400
640799000
76230600
402604700
352457600
667238800
818502500
647381300
989719100
662500800
109920400
924253700
863760900
981709400
512717400
36611800
230164200
171099500
287106300
192152100
931562900
779874000
34744900
992441700
83220100
762981700
202228900
692456700
214209300
864682700
183702000
441384700
505481700
259932600
843989400
109574600
178806700
914127100
8591100
420161000
828263100
118511500
344414800
692024100
351856100
857132200
980271100
582020400
279866900
267377500
774172500
211429800
298886700
60552700
455506700
633742000
823534400
657735600
326198800
37743700
522418400
761536000
730763700
279535300
21468700
826388300
389109900
451910600
740515500
649336300
123706800
568778600
767847800
468121600
512437900
371339200
576889000
492709100
953359600
856756000
11721800
979167300
68185800
310608500
39720000
775327800
944350500
863254500
433063400
270549300
152633400
207117000
283720600
883397100
486652400
305189300
709785500
127397500
8735100
701936200
776733800
132441900
522350000
796216900
852198800
34788000
167556100
429087800
779132300
372550900
537479000
790854100
351718200
605664900
101462600
643073500
632627900
45813100
506328000
65691300
567997700
910596600
524443600
851718300
793993800
262731200
408542800
755414500
390128700
668913100
457350700
418497800
52990200
231335900
214714700
905189000
266123900
633906000
334276900
45256200
258092100
871755900
836110300
609810300
729056000
189208100
252883800
361683900
486656500
10847000
679010500
306289400
921443700
455089300
409642900
967072700
717820500
69820900
722487200
359584400
738734000
431473100
778082200
791724200
662809000
244432100
948548500
928933000
878338100
534460600
225824400
388065400
657851700
313570000
997875800
638543000
754413300
502394800
226900
241069800
764877100
930872600
798994400
937956000
385961900
208637300
905028700
355417600
278458200
879151100
715002100
268827400
310624200
493084300
312186900
973433200
737516500
260735400
154001400
867489800
795196000
631461100
255555300
704682900
945031100
505066300
343225900
951079600
259096300
595088100
192149500
275608600
525960700
991143900
213564600
163557900
451416500
118593300
518975500
729874700
997744400
233977600
250337400
560003800
978697200
562524300
533437100
967848900
74894900
939073700
86973900
121726100
570534800
342529200
826409000
767201100
99230700
169635000
718280800
609962300
764723100
910430300
885570900
542319000
153209400
99135600
705876900
604625900
469364100
476487700
586135900
718743800
962100500
836473300
278747600
940797700
650632800
63819900
160281800
725527700
2893700
247255800
847253800
573428500
841420200
673662800
340629700
940651000
843297800
58910500
550613300
859656100
220976000
687819400
401975200
625820600
786955000
107852100
230446600
256319200
835975000
68217700
226698200
798075600
904691000
505445800
990508500
555323800
569265800
150790400
532486700
572159500
649681400
379740500
397223200
491101600
53403300
737852900
683387800
148336400
796763400
485636300
7992500
269374600
173455800
661602900
895195300
960410800
769455100
377277100
468365200
857065300
445494800
695063400
906776100
601821000
452144500
897284700
408780000
273045500
299710300
941266700
845205000
949391700
321007200
494063400
440493300
626045700
231916400
123881200
26017300
280315000
609517500
285645100
549689700
782973300
947248000
444885000
995019400
968338300
822162100
715019800
825403700
519292100
661718500
732179800
121113100
113863000
881099700
529893100
386908500
180810000
722795000
483748700
381836900
43802200
977812100
822330300
921483100
461363700
197846700
199135700
741678800
58999400
736416000
291368500
841972800
683664000
987888700
88627400
903637600
61686000
803647200
729041300
580978100
465365700
712856300
953726400
830863900
845591300
483619500
469407600
278036500
206414500
204791500
659873500
501851900
182603700
733839000
674970200
895602600
931685700
125741100
637281400
990685100
862157100
180285100
84293100
545821200
419809000
172920500
449458800
481495000
228203000
430135300
314108300
693568700
394626800
519469900
776067900
240218100
3089400
245475500
769889900
461139100
450267100
429763400
214626200
884506000
163602400
141231700
780108600
95288100
266972800
669025300
337608400
129130000
849310400
421901600
926586400
520754700
594822100
627680400
253884900
74660300
309450900
567993300
19864300
955712900
339098400
795932200
195931100
342187900
41407700
217456200
54962200
743310000
647219600
521223700
879451200
810822000
662455400
659559900
157745300
181063400
328585200
495353700
561828600
429530800
168890500
740050200
950285500
763712700
619365800
204170500
90008200
928816700
23799000
109872500
884529700
362897400
905804700
332096000
956720500
198847700
549552200
263318000
193792900
448407000
784541700
73244200
510864200
698632300
732804100
668609500
131330900
313024500
415598400
944794800
742555300
584489000
684845000
944476100
599836900
304210900
148646600
689845100
484662800
424080800
799717700
620827700
786978200
957157600
204558900
995334000
407640500
5746300
258652000
601433500
454153300
294828900
674677700
965017500
993461200
407481800
885262200
376427300
972141500
300860700
321222100
966332000
136984900
257702400
910808100
988457000
813548500
311089900
678302100
298211300
735170700
729655000
170674300
773784200
938447900
375233200
769118200
346088400
380979600
27770200
947521900
835132900
322599100
622199600
51785700
567695500
281316600
937047900
195758000
253458100
489543800
516980200
471425400
626528700
774682600
382233500
614985700
839866300
693323500
544923100
138077600
680129400
526213300
308751900
453913600
464661200
935620400
223031800
62384900
316600000
502437200
9906800
151732900
76671500
883741700
203518600
644367000
416693500
392201800
91760300
921786900
881745600
608740500
393212300
508274400
635058300
775445800
374895300
474924600
720404500
171453600
864637400
400534000
697667000
425024600
106082800
413963400
360645000
329114700
476348300
677245000
83187100
737890400
80613100
159858700
873267300
535767000
55860900
289960800
179604000
147621200
211747700
61349600
7996900
604960000
821259200
643055200
632041100
196154600
369615000
604080800
619243400
485887700
4614800
316910400
910912300
362332900
982509100
523192500
943082800
710492600
452072700
26269900
448383000
532685800
186128600
321650300
320088000
493624800
863246400
499692000
641246000
326629300
561041700
649243000
183224600
633936100
543933400
815265700
81725900
913548500
670981700
700969400
399436200
927231800
17879800
561983700
289564700
252024100
85176200
232647500
962516800
537248900
258917400
410899800
321569900
696681300
984185400
893293200
190306100
99067000
392985200
83187300
425696300
205662100
984065500
608920900
91233500
527999000
675821800
172959400
693182700
346803600
873928800
344254100
274035400
143443900
906237800
563600100
395468000
243049200
796247600
357984800
31933300
306800200
20519900
353503200
3481500
256340500
246796400
445422800
355407500
891416900
780245400
781103800
348714200
764310900
641660000
439947700
292309900
317481800
612907200
237127800
664285400
486836000
581381900
189956000
881915100
739254900
753556100
277383200
982304100
801438900
635368000
14237400
108239200
907523100
619375900
363355900
163863600
117807500
60414000
519271100
9224400
840659400
552010200
609573900
604970300
445305400
301156800
148915500
762787200
165699200
386043300
678707900
904170500
219060500
868663900
786085600
958315400
622220100
63468800
192254800
675294200
698836900
458127400
783533400
857995200
77503300
398524600
21858900
195310900
458938600
792765200
456170500
299598000
596410600
317379600
156203500
41716000
618536500
556754200
804503300
784235700
942797600
734846400
688406200
161858100
603510300
474491900
120173500
477365600
789595900
564063500
152659900
740068000
22191000
187828500
598063300
99694300
586353100
619922200
546640400
296926900
412687400
254446200
848160100
260733300
571825800
255998900
302449300
190362300
812753100
358587800
226233300
755550700
93434200
166274700
169044000
948579800
892401800
540852800
677580600
681997800
104916300
81875700
422065800
127107300
269704300
20129100
478436900
107692600
891686500
25077300
404619600
556009200
279523500
504414900
816742500
102984600
760413800
119191800
544982100
573167000
477779700
771215400
580352900
822849100
937490200
749397000
771428900
81527200
541885000
449009600
763525000
646801300
782520500
185590900
25543900
52224800
457355200
503980800
411552700
349041800
780693300
67807500
905051000
311852100
572222400
721793500
414836700
584271500
92620500
959818800
157438500
822035400
982669500
989426600
644884600
171794900
738823600
667948700
253322100
532343800
368593500
16847200
179145200
151114100
454073300
456324300
454974100
163063700
211940300
866526800
512105500
992633600
185969500
668791700
556120900
758192000
642220400
970957600
342463500
734841000
182411700
751537200
556876400
165081200
740963800
453396200
336876100
731422700
121345000
841833400
515401700
741573700
858680600
694546900
892687800
564389100
402506400
347662000
727452900
614446700
465824000
491193600
858715600
651793600
159985400
414836500
661620800
53841000
637429400
255719500
788682000
819841100
258891900
597193700
236557500
251490900
302225100
573433600
982913600
675205300
415267000
498315400
416779100
525582900
444497500
561102100
341607200
98639200
160399300
320695300
964721100
626223400
811889000
823436700
529652200
971874400
489908500
191273000
277350600
127337900
698627700
66032700
198814200
957519600
914861600
435371700
209010500
468721900
260440500
443559400
143927300
927342700
193510000
560706400
452925600
889642700
373443700
46168100
988281900
533843100
366863400
953003100
411701700
178752400
28075000
941353900
402262000
517983500
384262100
679612700
896956600
82889800
997280600
95770800
40409400
163777400
531142500
501055100
632499300
791583000
944614500
776426600
718925800
138124500
588768200
423486600
279402500
962212000
721289900
267684400
747690300
88153400
472322700
159392000
518541000
500397800
100745900
172438300
270016500
736643200
103686200
418608400
819533000
100966800
514379200
111577600
516379400
297157000
612632700
148878700
340375200
557247300
176940600
59301000
947007000
765708800
734422900
226409500
979556000
455712800
745729200
727246300
795501400
218051900
138273500
565677700
970084900
239019400
738116000
491736700
975662600
93437400
910345100
46830800
446039400
676359500
158408400
962418800
973516500
771041200
111297500
313891800
579923700
539873300
624828000
778565900
305582200
610886100
256610700
536773400
66599000
2339900
515655000
113735600
472027000
653928500
679413300
693747200
892948000
669164500
437119100
120245800
762601900
347464200
418711900
208641300
23823700
577120300
422695300
248975500
599796700
533992900
562867300
431355600
73866200
439330500
461556800
631083600
50216700
718167500
419492300
116815700
972142600
935147300
482186500
444169600
589075800
413235100
389552000
733659000
334034800
826671100
853904900
96636800
425770500
524252000
556913300
449594300
101372300
979608700
950205000
952804300
765236800
513072300
635795100
90738200
952402800
97351900
973457100
2619500
815519400
392949400
371070400
787662000
328096700
104892200
483466900
917172500
518127300
873018900
902466800
103797300
951325300
8006900
452069300
377095800
532258900
8982700
78325300
885266400
240226600
28530300
838070700
257098600
793237800
473865900
599472000
997275900
571217800
572929100
999895400
638372500
217513700
622601100
426034500
797245600
979128500
161136600
966053400
748891000
285790800
868520200
852688300
237116100
876527100
304757700
614211900
408786000
565375600
692537300
294052400
57237400
972702800
383758400
314336000
765940700
857624300
165443200
763216600
680477300
738372400
14747200
570485000
207521300
637348300
996519600
4767000
868112000
409291400
970820400
617003000
695082200
839340600
469691400
932198300
715867700
26084300
546410300
376288900
591459900
490582800
921976500
900332500
463285600
305734900
214668500
229226300
414994400
380111700
244078100
95471800
370119300
258825400
665956800
577640700
147808900
914111600
834042900
15921000
575038300
804863300
632924000
270120500
895839100
354250600
202318900
863342000
380334900
364400
239630900
223430000
742582400
161607400
123762500
205868000
467342400
590066200
686729600
133972000
970178000
930807700
229443800
591932500
441268300
147035900
421208400
589077300
312782700
255251300
604998300
887821000
311749800
489557500
157941600
207588900
843808200
611895700
70930900
224143100
863895300
562197000
447573200
606477700
723804500
822970900
63980900
442782100
413037200
2345700
576754100
634850400
184788700
57833200
226782900
626057000
456504300
899626600
215134300
20922200
406513100
71767800
908743300
718263000
561325400
318320100
177487100
405133600
181851000
248418100
880911900
45746300
810615100
580120300
652224000
786054800
403091300
967840100
480472100
816128500
970185900
308861500
450978900
154974600
618329900
929397000
32666800
326469400
829023600
499436400
347391600
487172000
571204200
507770100
205435000
384164800
77725400
382922100
40933600
259576400
882975400
921845600
305322700
945225800
753601100
209181900
982915800
156692400
428657300
463388000
224456100
398843200
23884700
675435000
805453000
642214600
856467300
89755000
220319200
685490900
589191400
567710800
172662900
412030900
75481000
629733100
796195700
404841600
264290500
837129400
664418100
147265900
10610200
221376000
92491700
764211300
430558000
75407600
172539000
859215300
790430800
396995100
509693700
814315500
324065400
566781900
708165300
180532700
656536900
928484500
117658800
497363600
747830500
541957000
909394500
74946700
171690100
957225400
479788400
435980600
45990000
144206500
834881800
56600200
365582500
927373500
72446800
47775700
254416300
244985800
158626200
296482300
893616100
919955100
110797800
217681500
486737000
70598300
649849400
394909200
999082800
767508300
143908000
998548600
309465300
304937700
73495300
481155400
262163100
553283700
168771300
308153200
949125400
3653100
616388600
314708000
182661800
688835400
614118900
688713400
185456400
772745200
985195700
330707800
944335500
347628800
800024500
682707800
418227100
449874000
329252200
668945200
217382300
473160200
667493800
778482800
778097900
992624300
511273400
40261000
545908100
680044700
600049400
495033500
935333000
216438100
61376700
369630100
156908700
675495700
58343500
594000400
699876100
295174400
924708200
895846800
642803200
976367900
578554600
312665600
426241900
907806800
981610800
895259400
380967000
900739800
673742200
410700100
893364100
185015700
450961200
690907400
865060400
302645800
437576200
52028700
770719100
498952900
421658800
927627900
426083800
731637500
773263500
377595100
26811900
949606900
273442000
921250400
925974800
103631800
233916000
352216800
11438700
467162000
247476200
644040900
619537000
921218500
54741100
764536300
106234200
757337500
455443800
222929800
59983300
144655200
274958500
830702500
643608100
948252500
9965600
321327200
931525200
783229100
950557500
958337200
732836000
223999500
131222800
910446000
327631400
365138800
262662800
590705300
83936000
761774300
234746200
955108200
934628000
541122500
719644500
40862200
298460000
426723500
515427200
610078600
571378700
42021000
692416300
466622100
241908700
702381900
39584500
173434000
737246200
990142000
383406400
721717400
465776800
514629200
632163400
45043400
131403200
894826300
635748700
215339200
908235800
122130100
170447400
842863800
663252700
890091900
135361200
213347900
568450700
650788400
823426500
139829400
944444600
515842800
858086700
186353400
469859900
897671200
611422600
207106100
887813300
994829000
180458700
605225300
509458200
812622200
650268700
640861400
959083700
286017400
856200600
867319500
659782700
278283200
710183300
323035400
420010300
845544500
536383400
988461000
747968100
611445100
379925700
944048000
378923200
238012400
382036600
848783100
387318900
993459200
307524500
526767400
988288200
487983200
131992700
497746400
300605400
782261400
138607800
511324300
319914000
246443600
378643800
979696700
776362000
340462300
554367400
196372300
437642000
90750800
436468600
437245400
953831100
816394300
381293400
332754300
306041900
763330000
181537500
944996000
756789200
740697200
471763400
745077400
228680400
603756100
494459000
780921100
637652700
884702000
292245400
957566700
382780800
922524500
188898700
159142800
262986800
743266100
355515100
700628900
85652100
43618900
137874300
39483200
111648400
770802900
372237600
417690400
534132900
805410300
614321600
542557300
546107500
86085100
539269900
26423100
941476400
285364100
58979400
579129200
170066100
351224900
536695900
552846900
525384600
977229800
711989700
40006600
720495900
319140000
740635500
806148000
614394200
130145000
97266500
726042600
900947900
469504100
395368200
686716000
526549600
9689900
480908500
72657100
95775000
20178400
350715400
37251400
305542500
409694900
616380600
727243800
12555000
404711800
531725900
537939600
381941600
243715600
577946200
354072800
814490900
570217000
160220800
680520300
951997200
509122500
406562900
852945200
230261800
801931200
791296400
756811400
811621100
272205000
829468500
159031300
544018600
431819200
196282700
101196400
841514100
64298600
828440200
854069100
720645600
360166200
392008700
354222400
855517000
221590100
708295200
921643100
791807100
120151300
602163400
743804400
629273800
260361600
848384800
859535700
62292800
891316400
616347100
125549100
415156600
697450900
284580400
210810500
129270100
732498300
312006900
970784200
796796900
392082300
76488500
769077700
3883700
720132400
123300200
111036000
941722500
831595400
284314300
985164900
951746700
138113000
980604500
832655800
398474600
828989300
692191500
460767400
971940900
560173800
586316500
387097600
509259900
122532100
597908100
890165200
855030400
161550200
112584600
903462600
805267700
189073100
672540300
809151500
909205500
795840500
171822700
850928100
879071200
456137000
87728200
82453100
845885200
68332700
915108900
244359800
148957200
858935600
705127200
120898100
670744700
543078900
759630900
180004600
917246200
609174200
70169900
772276700
22359600
182754500
675739300
827627400
623462900
599914800
888414100
532668400
647390600
311872000
635231700
526461800
768009000
722959900
860550100
613894300
791292600
27294300
109889300
940249800
886229900
66651800
312783200
808609800
609730700
72414100
988614500
778612200
933223600
310419600
550888900
955583200
744809300
478263400
34845800
368272200
329813400
923259900
900940700
977204000
486767100
536172400
755301000
506411400
510767600
615851200
371940900
302060200
643145500
481830200
493945300
781010600
548482000
806728500
589620500
409848000
130777800
829870200
188460200
315636600
391925000
990984300
271219900
136734300
469247700
557700900
505006600
50696300
732596100
657582500
27900400
219363200
445390100
34836600
725774600
956157700
650687800
97715500
509853200
545468500
579545800
3798500
578114400
379663000
62162200
419370100
789511000
444575200
500875500
229606400
760211900
892800500
220590700
283067000
29534800
941473600
840767900
786176600
992170000
573364000
695394300
271705600
44362500
140784500
306542200
770137100
348577400
208865300
119487900
858430600
5969000
950668900
862229100
835718600
330331900
176026500
255088700
371478200
620601800
755964200
852719800
380813700
900399900
73310600
663880700
181570000
266419400
756283800
219381800
510224600
581283100
914776200
781930200
625645600
307195900
88472500
647417900
655773300
548973000
766905800
514204000
554942000
969209900
628068300
390660700
551177100
804094900
897384600
922655300
424696700
904984100
27010300
805510400
805384000
351956100
721026300
986954000
618375600
477310100
206335900
128600200
58593200
372747300
162165700
935874000
679943200
502273400
583292000
587351700
51246400
601833000
101555700
606188400
822678200
981259300
248484300
373855300
785354200
145869000
548145800
461686100
50853100
575156100
518831700
856237100
927112300
239858000
94826400
797123100
968803300
552797500
177358500
279031800
925544800
339524200
214905800
857123200
841797600
49833000
444474900
893044000
903301300
797665900
750867700
725979500
778925200
999352000
99834800
815914600
145221000
899615800
277600700
196074100
474771900
796432400
303946500
653519400
36290400
398772900
450642500
5093700
951570400
879636300
535760700
128750400
219160500
750666600
237508800
312593400
800499600
681983700
457272600
703800900
731284800
208140300
681415600
510210000
207492400
32885600
326124600
604348600
932501400
603725300
52058000
658908600
651792900
356004500
312428000
688083300
6412600
14705800
944812300
209618200
894342100
480573000
338368600
365137800
482874800
827512600
677731200
535009700
509496300
135003900
490445800
492416400
594779400
171861500
2626400
53907000
204747100
580386300
658255700
137248600
435746800
710313700
47792400
87539800
317953400
360220400
27258300
324366000
626561400
972070600
533984200
520903500
704278900
123988000
137676600
438788900
951500600
815407800
973798600
712632100
202046900
464244500
205048500
48461600
887741200
459310200
102368600
92488300
39696500
760624300
481372100
475443300
722573200
529164500
562983100
40526600
141020200
590241500
616527800
767581600
813947300
402147200
540120400
769861400
526135200
677797000
208650400
729271000
744840000
434084200
693538400
198522200
898328700
150222100
246983800
786069900
861167500
349352400
130193500
900864000
109976800
863200800
627942600
84185200
644000600
442560900
376347100
785020800
284437600
992874900
552602400
98385000
395022200
92722800
119881600
172792600
22155000
328532000
153698900
766995100
762616300
98872500
965517300
912580200
249094600
212501100
950285400
110262200
561853500
80478900
262761400
923465500
195314900
142339200
259286000
839315500
584900200
635633100
624336300
869337800
880143200
428574000
219358000
526800600
772932000
339239700
951228500
795087100
919406900
104927400
813717400
933658400
203799900
779234700
846238700
704529700
243371000
48159300
66427100
56859700
380273400
580823800
231960500
575588300
723163000
491246500
414903900
308063200
378514800
290875400
177401100
258658000
719449400
396759100
785458700
744016700
987634000
736687200
539103800
907041000
93249800
604456400
840699400
548684900
383691100
938573300
504849800
878697300
986732600
571277000
935557000
618641200
403736000
419152700
194229600
126899000
910399200
860768700
686597500
288914000
151644100
115633800
799207300
122728800
764028100
836301200
866745500
751662200
824623600
657484500
910338400
917873400
261940900
751037800
718193500
897267200
941246400
223043300
27599700
179614200
794320300
214791900
798255500
449691500
633944700
244120300
576590600
795979100
104889000
514823300
336528400
508168300
630457100
135735700
882532300
394485200
223672100
749277800
397782600
48295700
658397500
308121000
217804300
171973600
310794100
935997800
320876000
252040500
159041100
348475700
431654700
204996700
563267700
481545400
654688200
197212400
725665700
482914000
993191500
82189900
997737300
581355100
841993500
628194400
717090800
724525800
274314900
940762900
725438900
672097500
240693800
383836400
980218600
458498100
807445300
291012700
394495900
128321300
794688400
805172300
476797100
477978300
10169000
40064800
959523800
916492400
488912400
936824700
399406500
733739100
19014700
648779000
315094300
861008200
276973500
283820300
837169200
802923600
224583300
562608100
475021100
716912300
198079800
706874900
175410500
5525100
997887600
821541600
133846400
44211200
878349100
610643500
522189600
888518100
902343500
481713400
56645800
391255900
670173300
707687500
376630300
940823200
356466500
691724600
53466600
885075200
975544900
890635900
687998800
451763400
453244000
414655200
420311000
651323800
121530100
595721500
908484100
371053000
668898300
42330600
415264200
547247500
904609300
189089000
687400800
806952900
670802400
995681800
449844000
592611000
703369300
78109500
533434200
59835900
769834100
586900900
196546300
997014300
729172000
884545200
700412900
182416000
550835600
120723900
85375100
672365700
968080600
993859200
295053900
888614200
287825000
710318200
435861700
192434400
899407200
374897700
251022500
821844900
622214800
952501700
666091100
325584100
30611300
199525300
637055200
52080600
38061400
833601600
300730100
767233400
969782000
1143100
201284700
520617600
373502200
538295000
444618500
341582900
532154200
739672500
230197100
71614500
701625900
917694000
264048900
852668300
544226900
766706600
926148400
166441700
970843500
592239500
492025900
253090000
43400100
380716300
556805900
81461500
465953100
857536000
100330200
435735100
110314300
553250100
207987900
483816600
91545100
652606500
825399500
875334500
643914200
307231800
946949000
345540100
224925800
462633100
449843600
769152700
229339700
375992100
187229700
451818500
968231600
930890800
704908500
11631700
311607100
261714400
344728500
777560300
119250500
696693900
464930600
481200000
249944000
924553800
965016600
593124300
828795500
42051300
468458800
472709700
349283100
667043100
69885000
825844100
129676200
519728600
846632100
610651200
895720700
33861800
62469700
115587600
964752600
19013400
127219300
527994900
280727900
723583000
305555200
651613600
671912100
22121100
132813600
173491300
198310100
97830300
766615600
27105600
391516800
486709700
499815300
740800000
405388000
821335500
566644100
786699400
341064100
664911400
648985800
488420100
698773200
963090700
604007700
663525800
982104200
982862200
191520800
262832100
958080500
748711200
166080900
629992600
22467500
298894500
803484000
220777600
648360000
821734800
247883200
39876900
560079700
999333700
32312100
965467700
820669200
850591400
3802400
413368600
515502900
652788200
901788700
214276100
615879000
505796400
129437200
597983200
488658600
572593200
112450500
698374300
321304400
278531400
328367000
595407200
577425900
383486200
816184800
477421200
456856200
315703300
517298100
16936000
315037000
801245400
234038900
387341500
651836800
237841300
800710100
167339700
890629600
954134000
633251100
506508600
711565600
762688300
356127000
451859400
335281500
468577500
150233800
908221100
747108900
478600800
503628300
576170000
862087000
319813200
305226400
318943200
887151700
74159700
587514400
202188700
875405100
821553400
841165400
527242000
311029900
893510700
694581700
453294700
847644700
327832800
211438500
559210300
342156300
567565500
11069800
677437800
287778200
412938800
837294200
286522300
891539600
340922500
862692400
5261800
912370900
419554000
575840200
799522600
493713800
163354700
253346600
369118900
236543300
94512000
896360900
799208400
988022800
842577900
252503200
87302700
422045900
463941700
898148300
15837500
283142500
160853300
693275300
570920700
573792100
782204700
857443100
465331700
123127300
971770700
722228700
287133400
391324700
298068900
86656100
885038500
713058800
591637900
505792700
201237300
937785100
402153600
252081000
177443100
496366700
504584200
264745900
170047900
220161100
162894200
185885400
754938800
323747500
130795900
325859600
149174800
913000700
183302700
614506500
287763200
406708600
588370400
574896600
798033300
886439300
913187900
934707100
851133400
504825800
440499800
304005900
442611000
94288600
556086900
620054100
590655400
312306300
136435200
12338500
532467500
550964600
198223900
287406300
126347300
329019800
864901100
275522100
493655700
48203800
141663800
781418900
706547600
730034200
607950800
504581000
868108800
521138700
690923300
719242200
277599800
131423100
274883300
971846000
477346900
830970300
843535300
319637500
143276600
979970600
331976000
675744100
782570400
530199900
214785700
908917800
110855000
79686800
436075100
856145900
379525900
577739000
889200100
86073500
307773200
497150900
842289700
175882000
18289600
784848200
146759400
547524600
916271300
421642800
519370600
393618300
252613100
362906000
713255800
647524900
594511800
296867100
574904300
377082200
78702200
789690000
537635200
441192400
121012000
973710400
297338400
752173100
551449400
186538500
89881900
110857800
683689400
932171600
538375100
953614200
717019900
936769700
501138900
884926400
358412500
272144700
530179900
862660800
886685900
495071000
510185800
481197700
791938100
336725300
109915200
870640300
126415300
899185600
311832800
499062500
872896000
860806400
251235700
675980600
47344900
341117600
38473700
982669500
524924400
576848800
187918900
493579500
513618500
689057800
630141200
123666300
212837800
160321100
237962300
99523700
907027300
999783300
832356700
950600600
336508600
942271900
72876200
714559100
841457500
636344200
213621700
965988800
497150600
716492600
893604600
796130700
57610200
932078300
778800200
834169800
760562300
966719100
327749400
274180900
907412200
957890600
649482400
371885200
369846900
887444700
471408900
528509500
138863300
303765600
479110100
475371900
497672700
551986300
189931100
590765500
188330500
655188000
556754300
937116300
371680600
450358900
733247000
680926000
382437300
763682400
515095800
142999600
982036800
94480400
668815700
141084200
52371000
569933300
512969400
673853200
457378100
236013500
453997900
596241400
539779200
933108000
323248500
289087100
736729600
764814800
879852600
176695300
420002800
436606900
113811700
791683400
138601100
98693900
472609400
772673600
862376400
239340500
167308400
844413200
333820900
836124200
237132600
637827200
406057500
750102000
311680400
115070800
237750700
765678300
962947400
29165100
950421500
537831200
318252300
938786300
302646000
198104900
115481700
722648900
886347100
480928600
765967500
24948200
579622500
490212200
49257000
693634100
729552700
216565400
789682500
315008800
52689600
26815100
952836000
710382400
28552300
516151600
77088400
266303100
533465100
291671100
295468200
483886700
829502300
613720500
674308200
132148300
63460700
789789900
106432400
201443000
270718500
872400000
478026400
101976300
614247400
527283400
795610400
595435300
743848800
585293000
910444100
48173700
612108100
863280200
758556100
640660500
631067000
87279700
158598800
164532200
378950800
454067000
900054100
208453100
319422800
574362300
592236700
634518700
364152300
698669100
835961700
886506000
822704300
313988100
988482300
436951700
841271500
784092800
32387000
836755500
369385800
194466400
884929200
233129100
57746600
895120500
873789600
688813600
234035500
284023600
104981000
612986300
738090700
5035100
73074700
57513500
579397500
665311400
692032200
195185000
615615700
779629100
81691000
438320100
93617200
321808600
126907000
186523900
357536600
410929300
274914600
726922400
605395700
159843900
211686700
914777500
306599600
337111600
603591100
540635100
621135200
960207400
405256700
359225900
965242500
478331400
668374600
796275200
395278000
612042000
991460200
262528900
391671100
324786500
952484200
736923500
898230300
79391300
175082600
255766900
490320600
449997300
234324500
347351500
861476400
446011200
262129000
168076000
783122800
117355300
960346400
404258100
77562700
617238300
15119200
42805300
95569700
935129100
90715700
742482900
547171100
82176000
5011800
190477500
658597700
957496100
179036200
556828000
288522600
354118900
812594900
30478400
55751400
298554600
377829900
917227800
744565800
891594100
336939000
779323900
8949400
548920600
435217200
86512200
166158900
450336400
380952700
513363800
637100700
471668400
255846700
435907100
805479600
512493800
626384600
715712500
721625100
57056000
272540500
10147700
662810100
336770600
40626100
718561500
886960400
670091200
635789300
631526300
561685300
224363600
662485400
570634700
773284200
97702600
908782100
939443200
799674200
541370000
452807000
436775000
264673700
960289000
872682100
321788500
472782800
750701900
37501100
194407900
807757900
561676800
204555600
722203300
150082700
496816900
440764800
37043100
166908100
76554200
668569400
980228600
300917800
331054800
802498500
325837200
680392600
962915900
265280400
480066900
504285900
969722700
168477100
20594800
930011700
41159200
342383400
402794500
43496300
379884500
597202400
102889400
193196500
53393200
825092700
343279200
801845300
265857600
380322400
220388600
594047000
300527000
200617200
146600000
883217100
3115700
472437200
563609700
217666800
989352900
295311800
721952800
959075600
463788900
742547600
889087300
756583300
336566200
543517000
51714800
968085900
392354600
154604300
161282500
697383000
231332200
504561700
499228300
497189800
136519300
719616900
342872000
688681600
171869300
489472000
571898700
174985000
213544500
387143600
392651900
454532600
682455500
366239900
413608200
397879600
360422700
554330700
406098200
948624200
97847700
457813000
916710100
490202300
612417300
77992600
439220500
843749600
834189600
938448800
592574600
222344100
909700900
935446700
911025700
81570200
676553900
482924400
508190400
141733600
121703300
152477500
596266200
55794000
518717400
9874400
453673600
130775400
564205100
859771800
79399600
913688000
317584900
996109700
655525500
181637400
325737600
94746000
25387000
411562400
284830000
869596900
633906500
194530900
805043600
544932300
276101100
733232700
279491900
784291600
874966400
652830400
936769100
471232600
708624400
707121800
732742300
413933300
837897200
548582600
525340300
168932000
462270700
842925200
416676900
369431400
276197900
742414500
715812700
553220100
153976900
642700
422817000
39518700
195173700
479495800
836086200
722910000
212728600
115578100
507201600
339330200
20043800
443970800
62198000
728668200
402727800
794940300
142601500
492260200
343523000
667941900
661192200
57428900
762502300
77869100
678495500
38700200
71918900
394308200
843555600
477531000
646586200
266372600
517049700
93395100
997503700
353135900
816305100
461867500
720349300
323506800
801197700
740393100
19112800
863395700
720696500
421840600
909971300
863298100
165736000
505129500
782875200
826928200
814193600
797012700
904797300
492689100
835713000
976716200
138632600
679268600
705882500
785218800
197276400
222932200
878613900
194780100
827703400
946554200
656647600
799687900
270061000
709480500
791716200
540809000
572876300
512412700
214284800
734482800
627346000
380020800
239612300
410221200
206949000
53805900
207234000
363381600
798130200
294582200
591733000
936762800
225486000
297615500
973616800
422762400
772183000
103865900
869177800
599886400
50420200
525825400
651209500
572116400
486941200
442925700
112925500
59817500
955338400
578845500
45935500
834319700
958866400
285547800
496176100
417450600
590988900
703410100
32467400
389119100
249627500
624200500
577517200
726748700
173451200
551134000
149511200
945634200
906635200
270324200
797155800
957055400
47784800
448365300
529171800
534726000
142926200
893732500
846178700
349899900
472578100
892114200
184219600
683079700
429297200
680395700
100530300
20286100
635441100
384633000
409405300
136703800
8833500
238557700
863452600
433919900
789691700
264599000
379554200
696326900
534923200
428345200
905017500
582708000
128345800
434189400
369069300
271272000
579557100
215248000
872807100
52135200
358997500
57026700
986850100
788294700
989057700
339015700
808580900
876134000
723648700
469621400
12837800
984117400
708179100
876290400
418037300
497870800
140889400
49226700
445833000
927447800
729207200
350850500
761791100
857553000
36675100
130860400
380460200
867867500
346108400
253267400
920002700
705105900
561929300
158488100
493400700
802622200
497503800
553616800
678756200
221152500
23238200
691594100
456905100
731417300
819519700
874942400
480923300
960409200
175804400
178391500
887857000
905011600
780877300
901283300
762564600
69187600
32143700
394660000
937055100
629887400
647927400
108693100
586628500
461492000
267181200
331664400
264114200
764685000
885281200
942870500
237472700
908519400
886099800
694377800
891571900
705619500
820955400
624130500
666028700
996759800
802522000
805521000
901771400
835034500
706804300
915971200
904222200
990583300
310631300
841277300
620470700
958558700
949970400
207099200
671685900
217151600
538763700
935800200
233471800
424044900
878670700
722579700
584199600
764770500
668592700
727406700
470390000
489548200
351537200
388054000
486308000
405694500
445210200
639714700
240729000
403649700
555685900
144951200
394233000
866317200
986228600
266338900
76511200
187834200
473438200
748197100
404985900
263837100
683997300
890092900
687882000
814303200
612672700
523716800
830708900
532900600
251123600
301099000
22448800
854296000
940788200
760392100
259990500
637633600
400106800
500719600
41283300
955792700
645670800
687151600
73745200
883534600
953490500
150256400
71368900
426928700
898453500
727990000
942401000
834086100
618082900
630283100
648389300
482390800
405635100
479098300
15291500
908393900
31832500
289375500
762690000
224255900
49767600
22680500
861889500
449874400
775035300
154808000
657302400
420706200
841959600
731047600
555876000
47085400
132939200
627244900
474014100
283027900
606870100
668050400
117114000
476588300
549968700
17138600
958979100
955603800
747872100
225905800
863997800
779704600
766916600
878323000
255595700
816684200
901003500
117485200
518193900
676038900
523928400
427131500
348380300
365888100
409814300
155891500
412973500
542753500
783136500
138622800
825781400
641641800
806673200
194530700
118230100
356641900
463304500
328844500
563881000
211176600
554750300
679514000
242516400
321666900
557837000
498112100
389986400
458840500
867232500
908180300
386514600
391160900
335311800
986530100
8684200
745126100
142421700
673292900
539514800
177193400
63551000
616931400
818835200
121859400
811462100
937065400
478501400
274766600
265909900
294017600
737578400
72295400
973531600
980094800
645597600
531368600
478206900
35584000
241844300
597074600
195399500
879994200
239870800
782346500
118159500
248555000
779107800
260581200
173483200
318622600
689409800
237034200
935554000
759880300
358893600
998651400
696945700
89030200
525053200
214490800
383047800
262631700
538421400
608214600
494361700
184019000
139583200
224203900
471238200
633062800
821278500
918272900
764692200
312784500
700619400
882851700
561339600
479727200
395068200
734822800
49985000
336113200
971857000
237174300
95993500
582385800
487460900
44574400
671416100
264149300
510700400
54463900
778416200
49121900
662678600
272778000
484776100
53897000
496981900
207649600
938595000
569895600
125922500
954922400
882680200
826542000
837774200
695655000
557904400
484477600
682113000
859524700
820590800
905605200
96699000
916584400
487991000
835795100
212794000
159407100
99944400
723494500
465506300
878360700
772616400
379820100
151138700
509027700
433717100
899755800
716677300
623947400
721286600
842599900
578869800
603966800
920777100
668279200
551257000
478681500
152756800
233370000
589841400
224982900
138975200
938175600
393202500
626966300
773970700
605996500
38008600
873915200
581126200
503514900
752275900
605377800
883335000
155049800
114405600
568687400
306440800
831082900
192634800
27727400
673682800
23139800
883329500
846095100
943054300
434586500
576411900
95811100
667956600
166253300
572429200
806931800
104429000
217266900
685533300
878399700
823263500
723542000
3950100
404389700
227056900
7861200
261402800
362027200
162911000
375808400
930714600
720987000
206891300
374984600
748714500
132209400
398124400
632044000
978304500
341178700
66630500
806351600
688625100
986222300
972605000
512689500
793154200
328669200
729956500
730322700
207068900
804855200
453864700
462654300
460880100
932556900
470515500
722282900
294584100
885061800
98091300
476933900
606048800
556617900
851918500
606398500
688827300
501678100
238442500
918767000
94492100
556708300
725118700
34752400
542930600
949358900
547441900
587720000
278028100
277398400
318042800
736732200
333888800
23542700
199386500
794769000
207734800
669902100
517051900
753954100
806599100
615143300
230888000
412647900
171761200
334441700
19046500
112223700
836119900
509124200
282625900
930612000
65832500
259379800
965364400
608763200
208738700
764441500
448118400
486766800
293475200
766161200
223499100
627364000
41339200
674520800
422133000
249074000
344422900
939185000
254663400
151022000
805963500
485551400
815305200
229359900
819993200
85986900
593218800
907748300
595111100
875844700
89995500
660943700
135224600
55359900
521342100
595598500
71436600
969460500
82365400
364911800
987257000
557499700
992275900
280231400
232020500
666044100
529305400
828078700
856864300
35604000
230735900
914463000
521155500
46041100
143822900
592783900
132028000
988676900
500532200
727139200
116156900
590527700
639718100
251381500
897522800
412695400
98615200
220594600
382155900
432615800
585506500
621048100
990115500
829417600
901279500
473771300
747096900
682220200
301850000
603961300
717824200
784221100
770059500
490614900
830262300
913882500
83398800
213925500
154194600
835566200
192699900
270351500
677729100
832418000
773368200
826887100
496748600
871983500
47481800
878904600
304599300
884623500
751587900
546350100
965676300
652867500
20121400
712773200
335087700
573606600
568369700
304547100
357827700
338429300
795162100
439725200
503947000
130196100
653650800
658141600
217397600
97985900
928493200
146761900
182039200
953496600
973649100
678787800
825480100
272766100
809327600
130079500
157389600
560915600
928064800
123065900
213783100
948186200
87474300
800506000
773428000
655844100
356688300
382890900
245908600
151850400
822616200
749855600
533681800
727902200
659632400
751079400
825888100
839760800
897841300
7927300
793257500
123125600
686715200
618737600
395891700
496042800
452300
553281300
308593600
928517100
927982400
522376700
128338500
15456800
574517900
153401700
922936100
931206300
536292700
168844700
334691900
610544100
170335500
868373700
338446300
829967900
871088300
415969600
669728800
20564900
423897000
714621500
143690500
362247400
333359100
791217500
109925400
585446700
596134000
418519100
765599000
524116500
192531000
145572800
791208500
18684200
298974500
965779800
201525700
835267200
386259700
536217600
445811300
556595200
656226600
35892800
386563100
778950100
451862500
307927100
799515000
127394700
22548600
194840800
741277300
607543000
986058300
102837900
444624900
582192300
772992200
210223900
357944000
217158500
607431900
400787700
235842700
906406500
366567500
437368400
993308900
752827200
225221200
690755500
309422400
881447800
978283500
947620800
912033200
430146000
507183100
963183400
809175900
781367000
158024200
802088400
388910000
395717700
904926400
833534900
229545300
677918600
295394000
587489300
895077100
902826000
988277100
382555000
60867700
606479800
71558600
54176600
359307100
296779900
996567300
920364700
429862900
974850900
119620700
341896100
656632100
626803900
305079600
717443300
408170900
714739000
519531700
48716100
110456800
676093300
133886200
340002100
605647200
429280200
179126600
752359500
583741400
419038900
134914600
644609100
25518800
206473200
950421000
384825900
754888300
198623500
556825800
184751300
173474400
676446600
778282600
81741800
554885700
83362200
50820300
214691800
49736500
570352000
263407900
411828500
498080600
397294100
3465800
103727800
78209500
182592400
856087300
661951000
601631400
991001900
558195300
878785400
449110400
508616300
263611300
203998700
707239900
72072300
388750000
132349500
154100
167032700
465726500
555039800
502030100
516546800
21366800
803401800
338534100
284774700
215230300
836614700
933704000
218696100
940342500
263548800
652923800
48065000
925499800
254555200
39067000
483695100
133340600
739812600
243946700
648587100
943811300
202821800
972294600
584196600
586806500
972448800
2864500
52533100
527488600
504894600
820715100
800490700
559931700
159249200
336900600
775162000
247499100
270604700
993858200
439476800
785788700
646782000
487541900
711288500
152972400
778244100
446618800
537948200
518056700
942200700
438170500
461868000
145022500
410465100
297699800
731829100
382913900
300564300
35997400
162037800
57094200
856712500
962528500
617025900
267597000
299429100
392187900
766731300
821669000
637681300
206208200
607457700
536098500
693750100
570381400
689070900
471994200
268635500
478654300
990050900
210836200
168460000
703554100
607494000
578925200
1254000
590958300
213474300
553453500
878590900
627147300
610547700
986938600
841311000
227573600
506170800
392375400
871396800
272902200
465679600
509078100
479110400
324772600
45176700
424495700
895154000
985882800
148125100
415424700
464537200
389811200
877896200
884632400
93365300
485390200
715192800
346254500
327983700
180302400
899708100
206574600
807449700
510255800
193513200
900396000
989464700
699684100
544406600
860861500
224221500
10086200
369939600
703331900
586494000
415116300
379462800
481648100
652634400
527587900
148708000
368806800
917399100
26604200
253439200
262399600
763629600
968632100
608654200
91613300
148934500
508362300
549823100
208019400
270253300
743336400
360050600
259718000
694655700
904457200
120579500
170512400
166178700
742154400
873844300
752672700
408905900
504942300
485956000
61540300
32530200
634664100
430347100
201564500
912903500
935421600
463964100
676533200
904053700
72618300
768146500
304623400
832615800
317969700
764278000
102869200
312941300
375963900
614222400
259232200
280421100
986437200
429744600
698235000
728591600
555224100
702543000
137497500
60166400
440134200
450673100
344331800
326433500
132655400
545896300
239337100
68077000
9860400
915870300
223765900
82478800
935652000
780024500
166729800
253621700
544302600
521234200
818198200
920266500
135456700
77430400
452322800
373529100
758810200
402193100
102120700
314034300
356371300
491253400
625835900
796505500
193561700
970167700
122939100
326217200
516064000
613911400
394294200
777559700
529781700
869695400
111673700
465433700
649719900
278403500
970690700
194022500
799637800
788888900
365924200
186729700
117954600
69882300
560258800
876764800
472075400
914014700
442434400
828446700
656903300
68270300
624952200
850465100
38438100
999526500
176682300
806137300
613437900
822611700
583697000
394854800
692307100
695370700
860288600
593662300
225409500
830979300
39320000
276682500
871503400
405244300
463412200
989458000
475126600
275306200
117858100
198837200
189320900
560292500
278919100
846224200
628562800
155506500
948324500
918636100
155033100
125006800
976408700
20106200
199253800
560105700
414961100
143196100
507111700
526884900
736858400
984156400
609499400
776178500
260838900
481002800
433058000
975886300
722096100
159819800
251192500
839954200
358657000
692148600
400246700
637576100
790008000
280444700
44717800
738332600
199080900
199750900
863339400
175489600
471492400
314228400
987230500
886453500
457424600
494342200
664973600
194283000
478498600
274473000
970461500
990972700
7111000
403519500
966859000
729207100
563339300
218051500
569161300
173631500
161835300
221043200
62842800
951843400
501488000
107560700
690176000
700568900
558946800
805150600
876058500
30439200
371014300
114924200
168527900
828438900
860901700
833501500
22721900
339400300
359609700
244818700
582008300
366720800
899973400
548867300
95927900
714948000
18554100
916724500
140214700
180389400
137767700
203057600
383868000
639255700
562253500
325679200
339824600
121200300
382465100
467518300
403274800
753479400
834077800
571802700
581918300
694979500
656939500
856275400
34379800
268184400
352729300
868023300
634905200
252702800
416890700
982468400
219286000
687080000
899192900
359500700
119104600
36960600
814193500
502972700
676216400
376447000
80287100
267676200
497647400
462752200
986829800
152557400
216231600
820907600
975995300
49785100
515887100
632934800
906060600
801902100
152754500
258789900
669925500
787659700
763127900
338451400
770128100
982413900
25531400
920956200
593549900
144636000
957916900
407743400
899243900
885768500
35825700
979531100
405079900
785108300
693918500
643544900
937665700
910150200
464452500
913661000
211570500
231974800
798231100
117631100
33877000
950985600
628056300
955437700
990280500
642819400
545524300
12043900
876868600
571055700
933000100
470418500
967326900
142552200
129797100
118206100
28320700
165622800
349372400
685035900
202366300
43290900
328580800
140032000
205076300
793033400
305328300
416646900
276643400
355194600
785913200
562155600
306180200
413969500
517593300
548095900
308424200
314752800
560139800
185292800
137443700
493140000
907346500
104770700
887327400
37143600
474612000
915648200
454401700
823984400
852319300
656768000
118910500
180900100
48435300
323986900
225568700
353763600
992269000
502212200
708958200
778182200
64367800
266773600
443787000
833596400
66504700
752211200
148349200
626644600
189139200
537428200
371419800
96485700
642198900
258747200
385264500
368446100
426030600
839666200
444065700
278349900
748069500
562976200
710885300
796504800
886963100
936454000
401903600
879232100
690301400
362497000
909049600
6304500
880905800
352836600
839900900
947410500
356683000
239885300
825690300
545822200
777313500
448745300
642307900
671147600
959127800
27572400
291228900
636793600
118873900
735294600
166778800
866943400
298270900
877664100
915083400
436869200
65753300
568622200
567736600
756054800
182754400
476786200
762359300
315295400
81258000
853895400
514341100
689576200
345415900
340031500
235398400
374364700
40412000
129341500
297147500
999539800
408549100
588376500
887968700
527423000
575306300
54747500
646001600
873577200
184046800
812720200
562081700
249800100
632977600
129818300
257490100
815732000
858239700
271484600
382662600
939497700
377015200
897003800
880709100
974066400
488670500
116107500
600066300
529082500
245449000
897213800
780257600
905633300
737225500
668226300
684691600
564167100
974609000
330693200
437744300
410291000
395048700
251461200
660091100
28026300
381279500
169216500
95393600
491154400
692336300
478056200
682287300
69351600
626695200
562996400
295053200
115365700
679103900
895119500
644448300
176188100
43968500
676341100
81821500
781194100
344567400
766513100
345361200
570811600
348841500
34740700
981102600
995525400
286202000
892828900
275187000
919116700
313680600
370580600
410271200
6017000
100272000
92558500
327003800
726967300
655555000
622057000
93968200
586294100
517176500
738416500
14117500
561145000
414757600
347574200
593974300
10960200
114087300
190970700
833407000
714564000
477346700
814509600
710089500
15183900
958973800
985276500
185935800
272654400
607492300
596207000
530306600
959399500
940400800
857310400
938002000
847591000
731002600
31970300
433885100
248179100
22022000
699637800
60959400
436779700
47212000
906568900
699375100
412934500
97539700
784417400
127498600
826521600
850562200
89223300
841705500
809536000
326135000
27641300
333825700
933627300
875483600
864132300
893026800
815884400
973078000
82664100
915110600
704080600
114634400
348995700
203895000
136656400
48633600
264854400
825071300
347480800
171423300
776081700
760415400
520598200
560499100
887914000
347119800
411061300
228772500
440460500
472232600
554907500
468101900
806058300
488534800
343585500
921825800
633196800
411105100
894903800
967496100
326215700
850619700
82130500
926846600
54514700
218787000
227115400
571004300
295493500
574596300
742427600
71575200
335011700
514661100
632074300
474560900
861780900
294770900
703333400
302241500
767003500
258240900
21978600
824697000
998410900
617199300
746522800
883242900
28304400
893061900
850739100
606155300
743681600
932869600
533001900
49831500
403291800
11752600
620835800
950420600
586348900
614898600
21995800
172995800
381194900
905705400
647556700
494611100
200476300
350890100
48487800
219115000
860766200
70466400
43812000
859177100
687665700
41970000
742420000
967605300
935031900
844794300
573760600
930348700
777664000
358397700
231815400
432591000
370150300
104286400
383011600
956499200
719185100
656642700
381130200
352015200
562348100
28686900
846626300
14459600
631212200
895114100
485209800
491978400
965580500
529021800
602790700
904881400
822627000
596846000
872486700
757659000
441640300
446247300
939642900
470939500
804645100
423093600
903530600
426430600
527380000
538177400
634565100
498200300
194820100
15695300
850215600
8803400
44382300
696841900
274898200
927229700
591956100
760108000
419208200
809171800
540765000
273634100
714053300
363392100
870480100
838175200
372686300
312120500
284422600
312329200
783060000
340702900
735422800
938225800
18768700
514438100
476403300
653333800
12638400
671223400
669029200
862854000
931662100
965046700
811331200
206560300
892276400
403287300
966668400
311484600
464094300
507433400
836754000
178147600
122460700
707234100
16322900
495147000
270989800
552380700
59111500
54049900
144718800
46169500
992275700
163487500
560607600
720314200
816821400
573246100
391537700
737485800
687735300
323199800
702532500
499066500
781395300
594808900
153989000
748063700
157928800
618083400
507132400
994682800
796231000
629593100
953552100
64189100
376375400
224542000
868205000
435486900
278591900
12923800
733291600
522502800
428046600
293899300
242817100
496503200
118780600
885990000
233989000
58151100
460825000
188156700
557217700
242220300
782965600
711206700
241919300
192529600
580925300
749051700
187212400
628791600
630280000
140764600
692980700
6655400
365306600
812821000
693777500
895533700
77380000
427069200
669671700
505426600
972603700
912488800
253565000
343019500
50114000
739189200
401170600
510939000
927345900
210023500
4794600
961946800
172865500
246713900
154476400
753790800
247400800
593324100
382582400
877680800
734088700
327198400
135971500
351030500
140019400
829749000
498199400
217399400
508453400
167871100
974461300
732692300
331995200
228026300
75711800
633744400
218850800
476882500
144683500
397831900
686906000
149478100
359778700
859771500
647827200
514255200
865197600
895228000
359214500
247780000
772908800
93303200
826613600
160515500
695968900
966633000
990264600
445803500
435667700
750353200
865309800
410129000
483045600
448940200
889790500
558757400
82684700
108641300
287275100
479003400
506473300
225816400
880116700
117887200
85587900
527943900
883777600
202420700
423171900
242992100
450200800
447715900
587930500
276814400
608231500
283899400
495082700
850131300
981338100
930750400
852119700
98283200
340879400
335165300
547223400
482305100
145558000
881543300
842581700
432833100
360546700
349055000
658649500
240663400
718577400
995872700
20242500
602355100
198293400
695049600
845347200
900129400
142765600
433277800
428579100
2632300
968812400
175297000
104398800
950150600
106047400
956518500
48433800
698562000
543319100
847292400
180867100
688877100
728835800
23448800
373345400
89382500
624139000
31995000
581681200
342716500
279502900
853558900
945071600
729431500
548608600
790418800
881196200
691374200
475331800
561410500
945641700
444144300
736707500
50040500
645930100
842754900
6559000
945999100
792952100
549878100
44926700
225454400
490390400
773762500
500538500
863735900
114780300
124677500
147366100
948096700
719029200
678504200
801655600
664100800
407935700
350264200
706154900
540767100
293273600
433121900
102177600
238915300
877266200
838885100
540591000
774831500
933275200
547150100
972465800
977862500
348663400
17392600
203317000
839053900
791155100
703855500
702789800
157570600
80168200
101791100
105667300
799197500
780295300
907323000
714933500
188231000
509222400
672723600
728998200
802496100
105845600
82811000
293046600
234747000
173331400
833637700
9578600
106606600
632423000
233679600
336104400
981086400
251072200
539421400
71775500
293862600
243276900
26200500
451433200
575080300
127991600
557100600
374277800
908286900
716058800
89211400
96518000
476916400
761935000
77151400
531047700
867780600
411597600
75729600
354162900
584929000
909367300
615376700
943170900
793425500
849056300
279275300
774511900
100128600
818696700
97922700
393991200
313608800
124123200
97059600
888689100
252114900
905795400
514602200
160401800
873489400
603813600
508555000
350405900
617383800
585706400
133088800
736799700
248939300
208818400
90962600
833868300
118185700
706339300
777039200
911611200
807030800
307949700
937758400
158794600
378281600
35681100
804421000
943525600
411439500
901480700
83850000
663554400
807276100
598452200
823956300
932400800
202265800
332511300
282806700
71284800
169853000
415895500
808084500
418792300
876349200
899047100
252660600
246170100
857021600
281335100
409416600
915687700
589284800
347175000
74482300
967566500
634491300
878903400
911092100
45930800
32019300
994942100
709485300
90930600
593394300
785076800
23331400
47295300
117588100
557773300
118580200
287441100
225304100
926664700
957868600
101653300
77347100
210529300
347823400
186003900
743499600
757240000
101691600
332784400
356050200
427809200
551986100
242176700
558347800
463078300
288107600
842002300
709655600
249228100
932932900
554685200
285940100
207899600
601980500
403528200
765672900
972195900
942604600
242612200
150495900
900473200
595900700
479478200
362637700
943724200
665482100
357772500
952599400
18809000
690557000
560284900
698253400
242543100
802461600
508236400
957256600
342204400
350238700
666912300
591432500
534806800
221597500
877372600
742706400
75213200
532536100
760014600
47409200
726775900
2626800
449540300
878884300
850162800
929018500
241522100
793887000
846135800
599294600
998121600
116580000
541486800
558406500
66468600
35665200
360868200
574705000
992921800
703072600
924943700
911469300
546140400
459750600
384702000
675148200
454092200
459915300
207684300
465742000
758959700
186095400
468368900
208500000
64979800
318531700
389153700
558137100
364053900
486924700
409066900
613810700
603504800
950553800
172217300
921608600
237854200
533085500
496313700
230776000
487793300
672892600
393880600
33933700
132643200
778582600
709082000
838370700
490133100
168401500
304112700
249092800
354497000
24116800
709228000
419476800
594283700
350016900
229249100
209972800
836941700
638316000
823783600
692081700
840505000
996000900
613690300
78359200
780721600
361639200
560770500
268514900
34531900
954651100
554083900
418810300
733233700
514801100
257181000
475002100
934837800
561293800
724094900
289334800
837045800
684958200
960446800
431329600
34975100
189695900
641302400
123552000
79647200
465086000
815633700
920152200
461086900
680959300
998511500
493443700
42598500
559282000
761958700
77130400
513933100
567677800
495940800
498802000
82478900
4757000
973804100
17316700
566050800
949534300
558286800
654731900
634492500
770368800
86061500
669467600
211700000
978999100
44654900
291347200
444085200
860288600
211499400
156807300
792883100
461646100
901886300
835481700
20928100
663845000
164247300
786496400
483158000
660188100
536933700
817272100
664945200
762373000
834588800
482631200
711907300
644510800
388998300
598035000
666514900
475059800
519137900
878214900
454059000
563792800
421197300
149779400
675716600
884331900
558221900
468599800
345978100
460108200
304081500
618541400
375588400
468328800
405037900
858746400
380152200
193606800
676018500
296732600
955979800
762242600
30999000
919522400
658388600
419997400
769192600
324903500
146692400
288330500
454753600
852386600
103758500
127586100
253801200
779475200
11918100
812023200
499710200
357896200
272131400
803791700
228072800
899355100
523755700
633110700
9736700
155543100
78352700
685755300
703910900
34332600
699633100
734910000
205490200
358021700
406542600
974682800
934560500
553235000
514648600
640949300
657256900
870042300
768535500
911058100
901152700
32088800
723081300
400862900
641620200
246848000
456289800
869693000
397838300
231680800
754439000
407575000
387223900
832791700
93330300
342770100
118759500
44598600
77680100
324249700
654255600
735857900
550567800
588816100
540728100
316851600
481400600
197985000
438529100
249936100
360678400
339681900
282024900
83759700
740544800
175280300
582242900
196834700
44973400
980081200
428515500
799412400
387656300
67374600
632204100
732621800
410144700
750963700
777220500
739460000
326848600
431476100
475317900
129051600
271927400
267681300
445903200
753328000
465666300
884432400
254899400
77979900
475749500
788559500
161739700
216294300
963839900
995617800
664764200
8813300
975699100
93279700
808225700
614990600
160654400
692065000
347612400
822434300
694663900
376468100
561894400
21512600
59579400
288847500
150564200
331506800
556528800
848102700
336470100
273830400
984170300
591369500
351810300
459919800
379929000
765185200
676214100
343768900
760803100
340978400
604217400
988137400
685893300
664078300
603128000
98182900
356143400
202375600
920617300
50807300
578843800
734146900
72319900
890058400
22994400
474519400
221565300
579523300
322622100
558035400
104988900
558427600
149404900
456799200
18347400
780969100
473619700
946196700
376373300
234422800
287175100
980590700
474195400
224703700
644669100
328958600
322886600
252447700
531334200
243503900
303255000
361813200
229286000
627210200
251871700
252280500
101729600
725072200
83439000
675986900
283107600
188427900
234414500
684147700
896862300
504397100
465116800
370482000
450593800
841490100
856540000
989404200
73716100
330735400
214107900
970020400
659694000
536994500
222468100
442663500
32133700
525723100
56111900
513054900
404568500
559618800
765335400
506298100
284691000
848774400
433920200
819433800
288837500
919969900
503581500
185699900
676002200
220333600
807817100
126596100
313458900
915992400
367635500
387175000
246727800
581743400
357195400
158057100
370373100
831298700
852355800
654142000
357021900
160102900
167197000
761590400
719721800
932532400
519523800
4412800
32942100
205079200
75481900
321779600
376684400
579063400
759114700
52686600
51032200
818567100
430917900
364491200
734559500
798553400
3301400
232922500
380296800
612132100
642614800
2305200
443430800
746605800
656447200
800452700
906708800
75279400
813678400
626430600
7811900
584837400
882478600
292389200
789916600
957960500
865804000
418236200
788659200
876554000
470922900
839691400
695121100
901840800
455817800
429680600
700394300
459119300
914238300
332326300
322886600
556853200
334631500
766317400
555094200
242714000
818405400
461803000
317993400
883719000
88233600
577440500
468556400
222347500
869829700
510108200
431943200
735633800
928344500
220602400
612187800
399267400
311929100
558944100
552743400
767746900
240259900
504772900
478501400
154498200
837099300
801388000
962986600
423366000
567705500
518080900
666080000
637746100
231519100
235708700
521465100
571388000
813149200
990021500
793735500
682979000
500129700
225678700
670248000
428474200
697916400
534071000
79376800
261480700
344650300
632120300
29227600
584910200
388528400
507729100
991043600
225627700
560752300
205665500
900629000
380093000
975381600
566709000
17839100
206900700
802417700
539304200
778288700
867202200
780960900
823659400
801816400
532725900
300973400
723699600
212835300
998889800
257770600
292212200
260370500
854056100
175967700
541233300
438966300
564496100
300597600
681645100
41759100
861350000
887310600
942388100
241443000
114327400
760732300
510917400
321228200
814785300
50221600
351152100
681987500
831182600
174811600
483803900
363908500
475785000
207503500
576743800
726310000
716909300
120591200
986680500
570965400
548194100
779549000
261566900
112690300
80146700
194847200
406084600
193131900
333793100
348472700
686210100
448120500
360840200
197127500
769348700
175625500
247349200
120500900
857613000
330167000
546947700
593052100
945710700
22732700
800555600
774089700
749042700
769100100
146316200
987358400
340065500
694510300
766907400
853267600
58835800
98689300
48114900
464920400
291821200
381908000
65028300
978031400
830028500
425868600
426794100
851012500
601494100
674143300
223148600
710742400
255945500
770096300
303794500
453291400
44464200
355985400
227381200
793506900
125085500
373697400
780865300
465151100
68207700
799407900
570053900
378678800
898097300
618168800
843599200
441553700
251712000
160262800
671220300
81740600
586131400
98014500
184388300
439260700
23793000
407536900
401638300
531373800
429268400
705432900
984665200
473732600
313053500
212046400
518874700
438139000
837379000
551375200
154925300
157222000
602418300
724979300
535900800
752150800
594783300
631135200
193704600
846495400
791398000
116560100
928236000
629164600
466209800
364259500
320060600
741638100
23431600
721698900
273011900
452700000
678767000
509312300
178067800
991820500
721358800
948577700
681594800
810373000
499952900
836520100
967595000
102371200
813134600
755131000
106157300
407918000
386266300
299861900
254413400
429299500
668057200
434284600
58464200
385902300
50179300
630160000
127540400
73610900
351858900
652187500
777946100
282261200
161499800
956013900
525716900
134493800
156226800
458946900
944866900
656179700
295467100
164097100
10186100
360236900
919228200
116343400
19790100
305494500
667840500
274203500
986429200
587533000
960123300
44893400
973435300
10302600
675053400
100975700
335548700
278547600
753163200
113494800
812444000
166298200
69508700
338160900
300792100
477370700
797107900
245659000
133550400
344210200
661391300
395371800
956082300
580619500
763350400
975872500
137749200
682826200
501711200
124178500
270359200
713469800
420707100
495429700
723772400
347395800
848040600
310956400
625943400
852839000
424451200
690022600
19137200
745595200
279818700
319929300
222965900
328561800
817223500
608151600
672772000
478614900
3523400
628854400
59234400
18509000
856362100
448618900
701335200
358073300
572797400
223329600
71543100
993504500
718759300
46950800
592535500
566799900
357907200
470114100
419638900
782358400
160136700
438776200
527953600
439955500
10340700
2554800
768517300
827564300
610706400
692924600
306179200
614229800
573414200
365413600
632738800
429776300
65667700
585709300
787849600
638465100
809038900
111028000
883604900
527798300
157978800
476140400
346233400
767521200
946254600
17507600
549879600
358026500
456283800
329468500
797982000
466624500
332023300
818134600
294188800
942729700
511059200
852003200
808594700
336108600
469052100
692968700
765884900
534719800
278678000
805369700
173185000
339352200
916397700
308425100
118785700
326011700
36200700
716654300
345168100
234090500
734161900
895047800
592117100
190445700
476151500
641734300
908705500
59810000
459868900
454529500
254174900
222563300
306532800
62769600
558671900
775584900
7373500
576192000
310304700
537686800
381561800
735124900
128674200
549594700
43550000
247459900
127241700
331386000
964114200
472409800
565476500
698276200
619092800
409228800
140357100
346879500
50963200
49062600
406689500
762467300
755227400
912499600
236665900
61760200
226904400
46973000
88980300
234278000
623165100
399285000
23600000
256362100
386045200
152274200
57592000
681230400
651369300
184833700
12616400
615483500
908878800
578093000
565394900
527971600
987321800
957387300
126486400
289920200
6449900
784811100
52387600
13312500
697310800
540688700
75072700
924215200
587661700
164053000
410128400
210826800
814973300
433728400
718824100
201018500
586002600
776416200
882248900
489007100
961249900
146500600
104490700
870128700
724593600
921520800
649735600
963550600
878908100
27857200
253470900
136993300
812668300
557493700
150305800
509979100
349817600
477013800
685829600
937479300
892702000
95958000
399941400
959310500
529686500
118765500
411964200
367324300
895181700
294213200
856331500
856431700
692349000
212457400
978195600
416942600
133978200
879566400
632128400
264521600
159058800
137234500
401514900
971727200
946363400
803455900
733341500
296181000
280469700
419171100
233660400
173171800
766764400
633601800
132482300
296450900
752367300
544446600
915410400
647549100
90295000
23377100
755616000
34279200
487469700
985446800
451221800
873083200
116648500
334985400
137604800
275707300
472220000
790754900
499069700
418583400
594210800
232411300
714764500
874680600
903217600
200060100
299487600
669982000
833661900
683605100
218068100
837664400
479686900
385113800
736848700
821617100
408490900
744099900
855896300
147595900
981182000
558753300
20679100
349465700
145374000
158283900
876808200
617594000
200674000
375878000
287812600
794884800
859924500
254212300
921200600
763142100
454272400
472323400
684759400
539569500
407563800
902827500
377234000
887250700
539576500
365717900
960503100
199702700
109817900
816399400
347298600
342635100
626788000
367977700
692100800
772162000
777896800
568909000
641391200
978570800
944787000
929203800
25090800
56346700
435051400
197926700
71124100
889323800
670250100
755883500
680528600
329449100
910346200
309397800
216699900
449922800
675115700
428838200
649625500
36568800
245237600
248559300
379203900
123660800
616537000
322939900
895822800
646069000
891849000
788849200
876275000
88271200
718053100
901365800
144618000
404739700
350927700
467377300
294063500
272813100
223260800
226227300
602262200
385242200
535625100
818962100
86800200
462376100
247800300
988060900
498944900
744673200
236620200
129784100
119969200
104792400
452724000
267427300
750861400
596208200
56276500
627136400
684479500
25964800
780137500
80732700
430704500
131065200
548110000
976403300
655513500
23006000
202630600
257775800
408248200
989891000
328373100
746683700
452267100
576173500
734744600
202847200
572481900
971364900
584266500
944086300
76157300
36990600
211513600
78654000
884834000
519425400
957425600
569313500
545390200
737563100
901681400
976094800
120263600
449791400
204133300
775777100
724432600
658399100
33552900
132680900
648290100
361926100
879364600
100557200
189734800
865744400
555039700
13851900
88744500
139306200
209573400
164901900
176296800
421087100
495191100
61130900
940512500
452616700
882079600
737537900
441815100
783761100
713632700
562078700
485187700
169401200
589491000
209620400
827800400
874679200
593936500
476090500
488240500
724936300
828283000
677975300
590680700
383322700
943462400
679425300
522628900
153035800
95962400
950561000
825758100
842788700
263327100
17905800
295405400
145406700
755443800
737220500
180803000
720711700
550934400
665990800
890113000
392060700
127246400
717913400
266739900
721182900
445639100
754980400
446119200
273922100
684590900
288435100
657244800
879688500
219495600
431509000
284359500
315458000
382070000
110117700
158246700
645397100
128023500
705287400
42439000
135102500
694143100
474877300
855814300
245077600
392503300
745927300
888773500
519749700
715475900
407148600
492567800
161115000
162129000
190322200
435037200
98355100
478757300
343917200
229678800
698253000
775426200
514038300
265346200
409131400
875791200
675228200
306163700
255450000
380515600
600238000
390552500
326293900
75115300
498002000
571371500
467618600
243929300
711780200
239003500
959405200
118928800
983206500
372155500
532693000
173528700
807192700
882683300
903921200
402745100
112362100
853809400
178171400
878035700
119155700
838938000
5462100
46019100
145101800
512547300
678169900
745339800
154735100
4463800
72090300
652737100
827470600
791344100
896666500
539250800
30347600
107706900
658179700
265189300
479862400
190872700
438718000
538690300
325191300
342639200
941435500
437553400
196448700
371242100
567224300
567239600
210180100
824321700
613258700
606917100
336869000
291428600
352256900
491604100
547527600
424347200
144341300
374998200
467326500
292643000
914249100
749309300
400349900
824064000
14498600
131847600
266571900
704851800
670537900
591763200
299126300
863608600
280951900
495575000
234850700
848176200
314449800
445030900
672497900
179343700
51948000
261002200
722407500
655840200
752606300
269935100
331822600
148582800
644933400
799149200
441225800
810817700
548458500
93211000
634881700
814592400
225058600
901453600
519444200
147231700
493216900
818570500
10840400
25804000
565780700
497326300
873980200
131865700
193992400
798113400
311209400
245940500
59115600
285252100
153415900
63357100
555187300
736873700
211940000
451755900
536022900
904801000
262573600
336116700
998012000
149090500
402344300
474705800
50544100
921788500
873572800
795396200
991994300
136048400
821200200
557775000
633374700
946815700
689640800
827367200
996564300
252485400
324942900
307315100
537737600
729994000
370672200
344560100
466867700
834247400
47951200
254525900
739048500
562160000
842277800
988695700
711250500
244622100
715036800
13429800
418045800
840244800
60461300
410040100
976293200
133296700
967815200
861303100
331747600
909091200
688670300
328311900
413211800
265248400
635627000
202584600
995242400
6299300
798779900
462110200
840546700
846731100
716636100
831230400
660526300
558913900
819926200
623412000
55171200
786598200
888477100
473217000
626843000
948938400
883257200
854771400
333870300
102707600
716074500
665618000
11798800
404744900
993929900
676645800
921628500
881192200
879230500
916871000
887491500
678010400
630616400
979673400
776376800
347252500
62539100
436903100
157801600
134100500
311950400
212972800
920698700
200427500
686189800
799176900
401001100
821082200
653948300
734871400
923789800
370022800
652124600
187223800
26402900
897689800
863869700
948031500
778882000
994735400
864902500
666373500
672745800
495518900
897682100
700757800
94406600
960221200
137661000
503843400
94321700
449611400
968451400
266655600
901674100
906276400
65832500
302675200
727358700
719780800
289181800
902783700
341438900
941306500
90007600
367841800
838996300
205512500
315873300
617878300
200247900
432411000
535887000
124628900
927929900
685204300
825386800
273971700
897060800
214683000
777815100
243017700
915929600
746266500
509673400
817603700
904178200
827141100
371914100
631536900
798557200
661095900
534320600
139996100
854037600
875963400
507837900
944669100
81475900
75346500
562547400
281723800
507757500
350069600
657988000
687322700
286909200
483374800
961294400
183970000
698057800
990744800
426987700
865622600
988646500
188296300
683226300
892824700
15437500
306775600
524361600
65629900
967871500
310317500
205626000
73544400
186280900
965099100
18213500
267756900
40445600
832396200
801115900
548203200
182465800
710739100
235525900
721010200
194113900
448455500
904980200
143806900
439200300
583603200
261064700
679482100
771899500
944291000
572306800
38972200
251066600
348303700
104602100
470573400
910256400
561863300
544117800
96537300
526962500
562331300
615929400
567408100
646362700
668680600
367246500
80463800
379419700
602772400
801474000
825168900
51228000
706454300
220611000
742063500
290057500
481675800
421545600
313592200
425966800
245487700
352564500
928668700
593791400
708801800
650877300
504047800
270665200
194995100
852220300
49262900
8961600
468149800
616671000
655324400
136830400
983917600
735788200
767885300
838325200
788897400
593054200
141188400
495351700
813665300
883252000
37044400
295341100
304797600
350636700
972943100
550285300
954836400
153247000
395711900
663638200
804124300
151394900
185938600
250754600
3615300
235201500
511351500
723400300
103507800
418311100
111865900
339060600
405734500
879751200
177385800
194631900
472805500
318574300
689983700
538106000
201826300
978663300
833447100
758259100
580935200
58025400
560179700
535771600
211272500
955891600
451045100
15396800
358921800
888618900
517786700
362537100
123820500
29138200
85937400
227328300
447449300
197803300
818024100
853183800
329189700
995409900
47815700
53630400
565619400
989434600
591736400
767445700
219733200
425183500
777340100
800668400
734844200
337519800
588075300
946116700
545046600
290755600
961513500
903968400
179374500
479300200
518140700
303195000
760073600
855713300
782158500
207522900
305151800
600182600
312341900
634341600
847227800
360157700
687972000
412847200
601227500
279708500
431928200
820960700
956527200
209268300
621629200
691371400
798423300
461339700
637488100
595105100
752095300
850636900
750708800
931469800
581572300
268849500
486300100
341646000
376198100
520093800
800804100
681349900
120276500
113146100
567326700
219139500
724939000
255298800
631986700
326166500
786642500
315550100
398762500
994804900
524818400
272026900
937811600
574876900
733366600
826934900
421617300
485461900
677571800
172326100
416931700
510779400
692810800
154867000
104060600
69008900
674960900
904864700
1994100
46872600
18010800
569320800
266012100
742949800
76254800
149634000
320751600
862897300
465184200
719514100
109337500
241637800
991541000
47149100
68150000
976542800
874084000
489767300
462004700
551655900
913728600
130571600
314070500
606539400
537073900
418131100
927183600
212034800
322995800
929177700
258907400
592641900
498498500
776554700
335591700
574753400
177823900
907978500
689285900
643008100
879127800
798623400
136281200
122304000
845772500
204431200
98846800
719856600
945833700
812486700
523147700
859562300
194693600
837218200
466101700
731767500
506984500
393285300
943802300
829980300
574098200
454344900
422622200
324232000
230899600
9849200
898985400
660358700
169462900
839906500
303366900
48590800
890165200
691283300
170894800
735937700
895714500
521376900
707429500
841548200
333863600
482212400
952745700
528557200
571065800
670482600
260324700
78050300
315403200
455762200
159665900
889501400
910107100
582288100
213733400
392641900
843772500
364354000
53000700
13235500
455895800
608002800
61826300
346061000
299286100
484356300
333633900
446635800
5733200
292698700
539819200
339596900
774911100
492564900
119789300
345977000
163047500
380114100
675662500
478450700
87511500
835328400
619587400
997618700
417616600
833320800
641895800
513024300
449310100
946531700
526259800
905205900
554534500
839721300
251266900
105455800
324077700
584900800
552091600
329810900
877599500
91910800
921043000
904145900
836110900
40832400
250122900
250793700
672581700
177420600
729244400
760093200
12749100
348831800
9347100
682000900
433787900
651243000
195025200
883098000
597774700
972920300
788303900
403944500
812641600
291206000
509400300
388354500
876106800
61492000
718165500
5341600
405038000
890843700
909487500
241149000
931676100
411245600
491942700
855893000
588666200
472822300
615986300
601415300
73289400
625333400
283416200
507077300
276576400
730076700
641810500
125986400
702997000
681749600
529930900
767273800
972955600
39331200
155628400
849062400
100823200
125429100
106039200
757496500
16272800
15526700
998645500
199584200
426772300
742223400
55477200
15438600
215045700
671463500
868489100
288335100
296797000
403540600
47047600
825008600
133617300
940493300
950995000
836614300
622242900
732561100
855523300
595198500
771892400
11151700
695896200
124350800
136580800
801935400
881847300
404488900
817462200
880492800
604073100
244234500
874351400
659550300
511308300
89397200
582649100
379797500
629367500
879446100
783338100
676415200
956089900
168590600
616908500
158720200
256840100
490786700
891281300
112363400
85985200
914808900
123515200
781881400
39159800
511731200
583816900
172642300
916220100
401279100
304770400
520293200
897148800
179121800
431478800
660092400
268519000
14127900
291525100
149521800
145209200
326498400
825937000
101299100
495089000
694480700
511654500
751929100
436902600
654571100
115927700
522887900
569380000
239442900
304769300
860175000
2809400
140221400
32817400
919029500
793135700
337587800
690958000
941919800
768344800
122436800
602012200
36863900
388199900
893537300
186385700
533409100
471670900
263957900
886343400
966759900
210073800
397998000
970324200
646976500
304204300
86251900
421499600
873584300
325694900
977904100
985394600
580139500
118125600
18212000
750804200
911261300
607435000
441762200
104816300
375779800
815834200
706828500
664278900
204034100
852001000
102299800
989078400
323671900
617892900
875421900
542067000
827966800
273419900
512391200
726578500
577624200
598643200
148078100
702843700
175973300
125982200
688238300
756112800
495743000
958085500
506917000
658639600
817155700
948679300
763455900
192935600
16148700
721919700
108849700
471818100
573920700
211149600
460896500
149227900
829042500
336318400
691294900
908644500
861373500
203686200
886858200
690632900
802329400
34936300
645111900
978302700
412553800
333350200
734415500
908296800
543071000
492967700
818571600
360226700
693282200
582027600
804797500
709431000
303947300
913647300
181249100
129503200
376432100
893780800
278731100
457109800
230099300
221661300
365754400
343108000
425347500
252612600
33741000
479312100
539184200
678852900
709250000
203373200
263838300
443665500
363305200
58544500
188268400
181876900
418771300
881550700
15539700
475204000
842616900
319487000
388851300
275501200
700625400
16918600
169282000
230991800
474028500
399381300
452653100
91418100
994124600
129635800
344030700
27865600
608947900
134850100
958353700
318197900
338223300
473827200
13498600
953163800
532371800
201767000
135040700
202778300
334952900
150580400
677982300
177569800
721702600
318468900
453071000
422328000
335387500
622353100
653319800
61051200
273369600
357608100
152469300
267494200
487243900
748135300
546995000
347827000
134620600
505348700
917660100
724479200
230811200
931158700
677643000
763183000
384561000
812683700
217596500
719513900
214899300
147214000
148719000
936601900
465682900
601790000
358929900
52705700
475778300
263885000
365392100
749148000
873128300
517861500
268277400
360372300
517632000
815272500
959834500
652252600
572256400
877494700
376731800
803067600
60288600
54374800
817885800
696484800
118693700
35482300
667634000
333593000
182696400
816353000
270194900
900014500
418143000
880760100
204355400
145556600
396280300
569747600
894704600
269408600
339244300
414617200
881416100
856876300
229889700
92885900
509128900
53781400
970380600
137496000
856849000
282304400
191870800
926370100
978789300
562199800
213487600
646423300
895792800
647819200
714411500
417623000
547833800
384189700
550018300
3824400
529746300
946298600
573572000
676086100
467342400
912816300
90703400
600393800
21327800
572228300
693279700
530456800
626009700
915295500
919588000
734494000
197599900
363094000
912499300
428024400
925293800
125986900
326082900
72721900
773806200
40494400
490344900
573275200
424684200
40363200
577099600
206065700
238297000
402306900
882151900
705639400
566758400
972855300
306033200
588086300
796718800
250948100
370178300
422728600
166243600
289766300
408857800
615478800
904495500
321357100
295138400
829789400
698979200
621221400
902511300
472785400
913351000
644491400
297695800
338035200
684854600
126430700
544101000
174786800
528737600
677888100
132061400
347131200
902378600
438094700
935217500
699097400
940678000
557031000
373461200
106921700
98432500
782319000
974035700
2928100
355311300
269174100
832717500
54290600
890395500
986864000
778711200
803746600
631355400
76407100
393417000
567845200
202837800
189153200
742632000
983210600
867041300
874693400
581977000
21055100
564423300
768829800
720152600
505101400
325860800
93613800
863658300
424293400
127568100
837694000
678856700
482879400
106868100
511574200
537170000
248898900
750073400
315881300
304280700
381428800
643923600
697697700
200909200
98396600
138486200
195176400
333242400
257162700
69869800
915219400
278217900
885928400
684049200
250005700
642665000
261545300
343619500
506323300
685838700
471187600
595652500
364695400
205702300
954155800
127904800
742872300
203054700
129613400
310388800
758970600
511042200
205947600
708303600
963586600
304344200
846789800
158763000
637586600
355587700
480268000
804441300
633805600
366196400
488490500
883811300
260496600
750035800
479066100
18455100
687509700
950253700
614107600
303840300
407591200
819898700
683380300
402098800
274588600
812993700
712487600
33559300
575671100
918435300
741862900
539257700
474414700
588652700
949655900
363636600
944240400
429924000
168077900
829681300
47755600
908203600
965127800
308252300
909874700
444193900
326707400
849019600
646082900
192450300
152860000
53674100
12349000
87875500
455772900
286937600
900869300
419895800
320496900
728175600
589966300
313995000
519068600
64381000
902647700
468724500
428017600
98523400
898648500
847730700
179839900
946404200
755934400
144967700
254656500
917444300
589161700
832999100
766463900
486879800
25449400
170959100
540553900
37798400
258834700
996326900
324736100
411339200
667857900
896868200
391150000
257824200
210863300
910218600
322205200
365146200
378943200
1858100
715304800
277591700
849588800
895144700
475631100
857158400
291747700
730287600
26237900
880909400
814922000
792701900
367789200
840371400
215296200
159978300
878169900
474130900
407940400
454541200
137105300
75798300
351409400
528255400
333622500
813907900
438474000
907463000
179054200
69052400
909321100
894359000
346644200
10545100
41139000
822275300
119338800
332886700
804198200
145576700
213796100
619120200
189913800
833220500
459491600
405210100
244834000
589296700
130976200
652774500
43837900
519716800
728572800
646882600
47972200
313830600
460790500
738081400
221293600
639844700
807133900
382249900
785839000
405413300
644430200
826978000
479323800
15404200
159864700
535157200
412616200
625296000
405912600
602530000
710151700
117039500
259375300
954985700
706336200
641986800
859395400
1809400
161703600
587968300
648692000
461311000
153434100
361117700
451027600
626362900
252597700
509796700
8612800
290071900
915210000
904678200
117049900
646169100
920082500
528549800
181326300
332698700
405481000
587239000
186863900
115632700
704278500
697874500
322253600
662249900
339861300
181649100
664059300
501564900
21252600
564386500
962875900
174686700
177139500
413903500
52684800
429737200
175335500
312932800
719809100
90545500
217611000
88494200
988349800
389328700
617044000
169676200
722027400
22525000
8550400
160526600
389792900
964464100
858401100
712046500
878349200
198262400
145330800
542408600
951462500
166583400
358430300
914338400
592905300
535569800
579877100
645590100
216942200
755212600
958522900
188386500
97393400
176134000
276880700
85743200
565462700
145559900
507054600
539125400
419720100
767240200
951287200
61148200
983339500
809688300
773194800
861688800
259585900
918525600
655732600
211048400
336744300
14162900
377022000
929649600
801368000
208534300
575239800
269945400
215382200
533762700
458332000
312775600
961531900
986847900
650154000
778629900
132407900
408843900
317755300
803763200
427719300
520677700
864911500
411058900
330366000
889741500
524382900
841587100
59902300
180115500
52635500
396646600
445913600
429657500
326296300
498916800
889827000
901536100
768862300
105209200
686934000
478829500
669620000
648466000
465677400
319774100
678731100
598085300
980253200
248121600
653483800
659607700
768799300
518395300
70666600
350800500
408136800
846684700
192387600
468039100
26800200
245023100
864685800
724349100
926315800
442617300
223265900
816142800
595788600
992128200
172987300
282722600
470957700
842607300
182823800
188270400
414016600
861554900
37990900
394269800
109676500
691474700
53877600
130111000
209870000
376179400
480911500
618006800
222864200
673299100
337681200
501299600
169957400
202367000
225648700
347908400
896619500
700549900
415686500
492408100
692678100
588673800
775130700
415271100
431281100
209589800
855176700
845297800
322779900
893167600
491202800
432456500
584642400
796715600
814202700
794512400
172895100
295114300
664154500
647394500
220048600
1835700
400329300
390006100
455837900
625978100
737914500
352457400
326528000
405236200
844865500
270841300
993910000
871631400
937747600
676826400
81221200
792924300
522124200
404001200
686092000
264962200
88092900
522369600
61677900
902295600
316882000
234573000
449045100
232671700
133602700
669093800
234507400
533932000
310735100
941980500
411545300
300284800
546073100
989708500
705521100
642573800
260549900
699431100
765840500
449932700
376257500
98696900
494492300
150016900
502698100
432219500
414979200
842426200
954589100
476657100
996357100
523106300
962865300
697037400
755778100
96468000
366131200
241920700
882035200
676866300
183901300
293580600
977151200
981609600
283289100
682672300
875818700
795474200
633738600
641659200
497042200
261631400
740356100
243169700
411648300
494689500
675389200
78262700
337115700
629978300
806555000
585108000
153084600
769420300
282145500
160497900
117523500
899911900
402418700
999558800
828413500
837955200
544774600
805564700
819564800
79698900
739872200
695383500
126808400
625246000
588677900
875485800
886877400
329034100
118655500
550161000
823723600
794044700
880058900
412474500
675658200
686614000
249217800
80378000
456034300
782998500
240876000
825193100
682910400
894929900
76387100
511323900
732885100
621161700
568523800
804085100
952495800
560031200
751103900
79304200
185277300
339781800
206425200
323789900
920451100
325080700
125586100
744174700
370760600
5645100
408284500
46418800
692259100
657502300
378432100
148293400
440500800
870943300
225121700
123411200
765873200
301508800
886370400
750393500
922670500
454894200
806113800
126801600
266560700
557217700
457741000
451838000
148634800
664166300
27263100
69085900
989247000
152849300
64895900
360007700
158494400
473180400
658061700
850753500
130682700
288129000
250682100
822818700
159072300
727439100
197865100
176580700
28947900
84235500
926974200
951618500
790765000
733088100
78420100
57325700
541941000
536161100
760798900
690575800
451962600
39697200
11297000
441209700
192546500
76192900
52852600
602676100
549373300
710914300
705064800
931691200
999043400
955747000
754509900
409750900
683186100
952375000
586331700
963769200
288245800
764941100
915387700
79010800
749664400
245443000
387971700
291605500
33239400
400405800
233816500
485202000
440103000
496748700
178046900
632649600
572941600
230899500
235325700
373950100
193449100
940390600
557276500
444127700
147772800
311786400
105513800
82594100
515796700
691845500
46363300
804042500
708421900
213386300
134688500
458086300
710464500
522660200
1327000
995339100
923066000
486778800
732176400
363169000
983527500
910223300
247453800
808104400
392758100
734414800
433689700
837842400
674805400
990966300
533605300
74213400
554387900
639119100
408442700
70184600
582599900
454806000
125862300
291021800
919827500
260550800
743300
630292100
783211000
2070400
877266400
957912200
488849200
609442800
572716500
724011900
771301400
820170300
783751500
415694700
554585100
217441300
253537100
481025700
208407600
38777600
555239100
762795500
677896700
963681800
84615400
260496600
670123100
210477700
803153600
841585800
471028600
803897000
723513100
505874800
57602600
600779600
463787100
798087000
461857600
36503600
522098900
233159000
108309100
305850500
900488900
662894300
523291800
154026000
395555200
983334600
192803600
950794400
997765300
122335600
166111400
82380700
634467400
87869700
292858500
437621100
929455600
15522300
493153300
904603900
521397100
550755900
505383500
236819400
348842900
967241200
273323000
122577000
452035400
381632200
680062700
352524400
296161700
454989700
758185600
691716900
438324300
202624500
894146500
436089700
324960100
311893200
770105600
211062700
651398100
314599300
648683800
832488900
330121600
393472300
737092900
103154000
944228200
242476400
339973400
544706300
461352800
613296500
918918600
165023500
246563900
598981300
517547900
794360800
53971100
527368700
737712900
492295400
729993200
631859500
180020300
306588500
195387900
201761200
769286500
846786000
516360500
417970300
679275000
846482200
63077900
416367900
201271400
258941300
910479500
541244800
803647700
623467600
406176500
722566300
788491100
652740400
573182800
557674200
698736400
627153900
336678100
436449400
371084600
66671400
68308900
551104900
624895100
515332000
4501300
394181600
362118000
520861900
63787200
41393000
618979300
126865100
709396100
820250700
385806400
871510900
361495500
441089300
494978500
767672100
415290800
535104800
672047700
988473700
344414200
622419400
615627600
681092300
58868800
986712200
999398900
378812900
789452400
624294100
894144900
793953700
270110900
256262900
566450800
333898100
549291200
185430100
712398400
510322500
5680800
349840100
381833400
618811600
42564600
128447100
638118900
457855500
663551900
561801800
697964400
7966100
184221200
313592000
940693700
243090000
551939500
940092600
873538100
593027100
564386700
767683000
638616000
86132900
275581200
205066900
671666200
76507600
642132200
384064700
586830100
899448300
985540000
220298800
518259900
28104600
348745900
156378800
737595300
263933100
718180600
435559700
523534400
154037100
787000
464228100
397127100
804361700
404320800
270665300
649024000
220342700
289983500
539275200
306475600
817199900
995977300
978141900
893707500
638109600
613841800
732172900
537557900
599381800
952471700
55817800
879121600
552852800
463831800
868352200
816785900
433647600
555547100
340320400
587684700
807969300
56183700
236447100
863966200
460504500
758747600
512990200
932482500
300366300
303900700
238958100
117566300
299878000
468735200
11273800
937987600
82577000
743446700
475545500
933594000
947553600
782998500
64350900
500406500
498465500
184338300
568827600
183748400
739885400
160783200
23068300
799490000
216967000
259515400
663456200
929106700
269898200
428081700
861589200
570264600
983617600
352182600
687830900
283495600
820917800
950739900
221483300
155130100
694186700
948664000
340359300
893375500
983297800
404710200
393782000
733398500
589048500
962609700
917146900
580569200
123392900
940215300
631694400
591995100
451365900
546785800
521101900
721264200
226502700
634326300
291528800
210120300
238144100
979359700
493616000
310697200
930099600
966734500
465827300
875921500
167033700
806186600
769297100
401966700
462532100
414714300
387000500
303215800
628959200
304147400
135420200
3987400
495997900
767114600
595982500
198999100
565535700
368719600
920263300
792038400
254681200
463427300
253794000
492825300
694422200
999045200
55157700
876157000
965779700
520985000
752078600
384448600
578806900
773010900
38050600
292974200
439360400
425051100
847825200
68319700
980833700
983245500
323942300
476831700
1995300
919924800
927466000
567531000
540279700
847729300
611204700
794960900
562791800
864998700
539421400
257214000
864043900
594579200
133371000
81458800
367199400
137084800
465907400
197641500
910095700
503958000
742250900
601091400
180644300
590076200
669411100
161478100
573321700
244988600
889945000
575317000
164913400
817411000
394483300
956828300
916775500
5688000
3424400
479567300
870686700
542845900
988416500
734730600
389060300
121787500
816189400
7894900
258872400
533732000
205536500
420603300
289325300
947787400
21694700
469969600
537863600
942741000
631447700
362820500
187729600
773027900
189772800
604278300
590438900
584256100
561106600
758849600
589944100
564531100
238416900
460630800
359012200
226833400
446996600
999707700
600256200
263186000
7602600
859128600
48553200
464774300
531367100
337878500
664197000
553061900
807848200
202060600
495802900
690931100
816516400
935167800
463959100
6289200
539446100
306033200
590545300
352187900
64882900
180489400
168354200
554935000
892755400
779001600
33403700
339752000
778709300
633659900
854573200
786312000
744423700
903126400
502721500
275790800
492640200
166918500
80487900
552123600
620614400
827926100
494689900
437130800
763093900
958649000
443420000
554175200
516317500
285600500
157998300
832835600
717725100
326352600
639405800
610480500
105354200
672809500
201867700
135698800
558104600
308076100
173646000
554163500
462837700
676367500
81589600
955477900
843286100
162077500
759236700
463900500
990003600
253926700
152666500
4732700
464210900
596086500
558907900
980528400
133322200
716906300
813364000
851047300
294894100
452769900
713163000
651883500
377214600
915030700
787582300
186954500
474742000
961228300
741118000
937579700
889231100
822707600
144692900
732517200
236420400
903929600
448052900
226424000
157856300
600719400
231156800
622067300
448441100
41699900
854230900
581763300
10241400
919230200
684445800
556770700
623635300
397608800
208654300
252485100
564274700
247871800
439439600
39016700
460735400
432192900
976596400
349966500
254900500
121289300
334118900
742956100
276854200
782171800
969380200
686345700
634526400
452172200
308413000
82967500
745507300
414279200
916366000
7384000
333509400
600811800
564154700
208779900
998420600
24444200
461265000
562695300
523951300
900704700
601712000
984686700
332897600
829943600
586288400
839433300
202868200
172042500
582389500
479722400
205849500
803404900
417703300
840375900
507212300
726116400
923343400
252719600
392030800
839709400
260103600
725540200
440521200
75893600
185955300
690577000
100337800
647220300
253272300
624289100
799560200
106619500
860611000
384093000
188198300
698534600
223526400
642701700
870577100
57551100
122424100
76426600
112591200
540127500
916802500
619803500
517879100
91781100
124158300
161545100
183125700
384262000
138720500
875282100
711790800
324675800
565859100
812128600
971896100
70766600
688053000
23091600
429021300
800299200
407184600
617219700
498833900
630711000
259921400
369411000
939897300
633980800
697472900
52488500
425743500
865910600
672292000
195257800
957691800
796450400
356802900
140817500
432347600
495523400
267734900
144138400
820199200
833594000
207902200
43730500
155995900
147590400
66822100
585017200
947889700
474006800
453872100
446723600
356353000
713793600
816134600
296250400
599409600
765242700
348738900
276788300
631153400
272666200
472046100
840480400
69116600
80484200
981297900
753099400
576007600
500668000
148873000
647842000
334262100
356775200
943207700
741893200
504365700
10029900
326910400
452255400
735671900
780782600
898979000
343660100
746211400
966748800
891545700
345621000
983626800
240284700
622409300
614780200
764586100
346090600
455260600
85337900
426574800
688193700
838437300
254217600
188861800
987310300
902059600
774759100
595720700
845267300
516652300
351721600
106932400
95197900
803977000
94239500
127615700
954591200
689534900
873827100
172975300
581080600
471083300
408237300
73000500
345127800
23017500
837586600
691218400
478278100
922924500
117793200
418107000
12997000
623646000
858604000
251942500
525705600
633363100
99298500
622608200
401650600
451020100
981175800
748483800
506632400
327050600
876099500
712858800
16585500
749926700
137469300
597666100
221010000
545706600
670666700
566137900
568724100
759888500
508991500
298637400
934448300
878420000
716744500
947445300
502066000
826983700
451023100
27771700
460346900
550321600
902015100
113632700
1341700
134826100
862116500
507974100
461876700
738216100
220833000
730097400
739778000
358302300
579398800
212423200
904009000
250065500
30196300
724368300
261589200
539187900
23005800
196037500
417607900
991385500
395118100
919673900
818369200
846141200
199080800
530351300
396462800
352731100
895619300
649439700
487557300
9371000
409049100
201069200
747587100
881517300
931166700
739000300
491454800
762200700
951423600
647099000
12266200
981619900
371467400
525490600
520807800
646108400
721528200
190050900
889129100
368281500
361360100
959133500
214422700
560440900
741120100
862520700
164807300
636739400
763595600
903999800
646110400
172644700
356704200
645332800
54162000
539506100
384333100
545616900
301706800
587391900
444351100
565608200
569011900
815818500
91098900
341454900
713562100
64262300
531505900
602691200
432543800
892866000
561824800
898601700
704942100
554580100
761122400
121384600
442954700
524718000
25384400
89065100
948998000
382088700
986033100
254795200
921594800
622001500
52047300
223301700
209393400
496398500
788909900
778405300
312217000
880008800
119860300
277414400
195906300
903001400
880105600
628450100
795867400
693565600
527051800
752444700
248145700
539809400
873829400
691100400
316162700
899213800
31800800
265160700
532937700
269469100
519955900
454532600
891470600
572003300
929469500
100864100
320037000
718379400
130904600
632254000
850023500
502400100
909668400
45929800
405401500
41409300
674380000
201268900
986610100
453067000
953713700
486391100
992876500
827543100
429126700
309039200
978392100
460927500
825835100
511329900
982031900
597426200
217497700
873502500
421064700
146967200
226001800
741101700
865346600
608541700
624991000
967005300
110941800
786294600
12935200
516343400
79339100
938950400
717612300
65949300
392017400
922961200
552340400
636529100
2139500
981467100
197203500
232166900
694029900
23038600
743496800
676061800
872100100
960994500
801199500
293164800
107961700
278836600
285901800
224943500
887378300
910892800
191948900
998320100
948822600
204884100
766298700
28161800
395469700
735546300
345746300
39122300
658507500
898086700
675651500
912282300
131189000
124490200
144449200
825218900
147528900
139581200
752915900
271264200
100575700
805750700
564429000
460172600
84587300
101966000
685116100
223600800
12858800
877065000
473556100
213316700
333584300
239854900
241478500
980689200
975401200
587224800
19811600
885543900
736946700
947098300
49461400
868135700
71588500
193910600
944989900
470752600
333491800
697905800
742016800
685702700
755291700
558081100
145875300
91514200
660047100
82626700
315115000
924541200
959691700
40306400
137857900
544911300
280161300
630971600
525600500
507197700
469831600
797047300
644376800
206778300
744145600
945473500
326549200
67369400
391019300
271539100
538122000
724511200
221080200
280138900
661849100
228007100
838220000
59359700
319521400
749902300
141986400
886271600
674443500
353313300
926578000
812301400
898224600
458374500
694908200
675460400
217207400
164739800
724142900
113219500
623153300
468288600
58693000
201337800
535658000
449712300
724512100
325415200
425858700
197227500
605554100
87707900
425234700
695409300
398702800
996391300
445311700
540689200
882662900
371390400
894002500
809241000
435327100
43862400
519250700
130235300
970958000
736458200
546610400
695100900
849677700
421398900
415024700
160005900
622736700
202317900
609718200
347248900
527733200
287212200
796111600
384922500
626555300
221346300
80331900
25258100
217737600
777278800
565947300
352035800
148669200
711585000
161276800
583996300
7082600
932162700
965866900
978040600
668620900
512477300
924776800
769933800
933876200
591436700
929939700
808248200
793754700
791293200
155497100
321487900
78505400
951608700
706410400
705060700
424590300
38377500
730318800
893963100
67291500
547901300
245998900
215960800
511121500
407275700
51592300
518204200
339438500
17459200
747880000
259694600
529936500
924292000
29628500
715448000
515728800
211203400
523696200
309483500
2496600
930828500
882606600
332637200
882437200
840652200
289333100
558662700
879029800
19651900
452625900
946321300
819188400
698624800
413917300
330310000
357535800
465509700
100149400
948609500
734604100
848029400
208304100
264540700
772321500
489567800
231623900
539685500
952406500
755320100
849169000
206538300
686148600
731775600
539175600
820221000
824063000
828508700
630519000
703092800
99795900
83144900
901049400
170619500
33404900
566601900
500929500
390940700
32111600
852714100
339550200
18351000
952378800
799489600
534526900
976335500
540692600
766150800
516021000
493099100
773106100
365190000
699637500
710889900
348600800
490448300
782746100
172663800
318957000
413265100
127391900
670388100
748045200
280076500
841007700
781450200
846678400
593572400
172390900
130425300
446286600
763576400
148776300
398665400
814701200
683303200
626636100
355393800
701089200
142657100
848493000
474195300
759482300
799765700
185085200
359718300
290214000
967831300
784017300
860806200
632731700
163044400
531194400
380776900
443120900
623837300
413862300
541434600
217409700
586253300
671859900
915331500
601464900
72271400
565632100
416166100
755574600
192268200
23195100
708299000
586560500
123323300
182494300
346042800
923089000
619214700
957396300
464938200
838681200
741413700
325744500
471412900
904458100
108574100
103825100
599214300
732411400
517687400
140648900
201456300
355575900
812508800
116787900
957040800
136415400
682420000
624842100
891990000
126323500
899672500
600289000
712884000
22995800
34418500
58926900
197720100
653633200
16323200
662658300
492314400
9372100
240038000
215362600
913830300
600247300
319187700
513044600
332658700
88510300
905328700
534115100
444086300
717837500
902538200
652762300
854252900
584958200
529239700
997878100
711281700
428912200
849802300
675801000
451908000
135856000
734727900
901263300
789489200
2686300
563921700
533438800
12058500
55594900
436600
177524000
655842300
319624300
942203800
988501000
659769900
847532500
774251300
103856200
817005200
928424700
8253700
922893300
765018200
537493400
172406600
727935100
218040800
22208900
403736100
921584100
158064900
138464000
822847400
199189300
392785600
638404300
984263300
404844100
693999300
984700000
834003300
349841600
555959500
776207100
589977800
215729400
623739600
615864400
571220800
692380000
544289100
579474600
615273300
309307300
368603200
787679900
37242500
586644100
61524000
440978600
759863400
471224100
831077900
582710800
922048600
223863500
472750400
906311900
880342800
166749700
891011900
714346100
768226500
446971500
742188400
609839500
914336100
617563200
225703900
485557000
309943200
21628300
65031600
176851700
582570800
685270000
216166800
871448500
523549300
529326000
564062400
283412700
550100
395140300
117758800
174233900
870639000
590509200
80545800
750981800
8894100
223193000
716963100
777120600
921799700
459151500
386960100
836135800
76714700
864299300
573328000
638293100
137562800
889994800
815144800
720133600
575264900
282946800
591582200
98814200
812272800
155644600
633862200
812822900
802420100
751621000
238692000
673059100
342130200
570873000
675676100
351024300
794066000
644274400
379780100
967500900
103425900
18375400
55272000
431775800
882674700
628600000
321704100
20237500
518594900
388484100
992006400
345495000
671430900
583588600
444309200
483703700
990868400
329806600
296526600
793288500
81427600
786853800
717982800
675193000
357726800
645294100
26217300
403428100
289568500
657632600
370929000
644629600
676008100
426201000
76405400
810318000
306436300
649744700
82190800
76666400
38228800
74197200
422161400
709659700
909421000
118105800
193363400
151924600
447912500
741525200
196848300
529340100
528379000
914831100
204533200
886105800
560125200
482385700
289533900
101328900
140018400
912098200
745958500
67661700
589934400
73999100
877979700
896370700
723743800
211805700
973037100
761972600
286002900
646833700
723267500
447059100
764939600
916630900
598983700
212852100
658156100
795832000
993827400
438170300
962298300
198360600
575911300
774058700
932381600
117080500
875387600
324035200
29178700
872981300
391696900
619113100
946980400
521311800
767119100
922359400
733117600
740156200
935967200
270755700
386990000
659234700
717814900
403564800
827500800
568433800
616416900
485656900
364265900
610244300
175462400
578199400
60240200
751373800
352258200
244257000
868454300
479281000
568292200
897633000
352262400
211624300
768381300
299242800
984571300
535500400
473237500
969324100
527291900
409204700
491715100
165917100
320074700
461165200
569481900
147575500
29599000
437534000
884867700
645500100
299413500
60330100
223699600
611288900
63339100
827593000
855545900
931793400
306874000
675473300
81061600
659136400
887097600
101078200
210014500
123304200
636578600
683252000
92628300
415505700
344091900
584343400
581422800
664166600
297143800
402539900
811742200
326742900
91709100
696609900
223878200
391122700
8575200
699213000
2411600
71914400
526806000
109592800
3707800
833680100
785066100
336404700
744451700
923799000
437482900
206101400
47103200
325696700
889353400
391366700
741202500
485080600
227345400
574260500
149247200
524489200
228435700
960989400
102867300
320144800
909234500
326745600
711267500
917809800
25958600
965314400
989724200
804399900
74907200
245067200
889715200
859973300
581471900
634166900
783772300
270590000
840268400
82510700
596286800
981257000
473877500
337489300
466337600
701222900
163385000
867220100
225712100
391820700
79844700
328579500
711965600
989079300
906960300
423233100
158524300
932918900
640182700
399883700
988954000
715089900
644950900
878669200
826698500
478058100
764471400
610470800
748648100
604739800
692981600
596570100
837632000
418494300
185694600
555604900
119717200
349079700
674460200
597064500
740900400
754304900
177279200
452866000
995019400
84239500
127734400
405178900
268793700
19552300
805062600
257747700
734642300
701648800
136417000
561340800
431342100
900888400
423446800
431625400
757263400
368063600
28195600
846530600
786557900
213890200
653770700
157910300
814605100
328230900
754974900
555505600
334171100
932254100
260006800
329190500
268128900
639376400
734369500
536922600
658928800
791067300
46305500
393571100
744351300
434357700
206547100
175693400
335246100
629993900
607318900
344144700
249692800
887149700
442310600
36250700
352675100
96081300
445796300
167280300
675947500
200771200
722785900
10118600
384660500
234427900
339309100
652789400
873804400
325313800
189712000
784368400
368016400
236017600
429574700
112367700
670375300
636121800
288061200
257256700
517750900
147015300
853036600
767443700
34165000
295347200
55329700
638475300
643063800
501126000
805755600
319011300
953532400
528541500
329129900
338192900
14604700
920074200
990982400
140044300
245388100
432329600
924412700
613404500
919982400
353987400
977407400
841993000
241744400
265468600
350884900
759495300
664119100
203921500
778574300
949919300
750904000
85539200
588394700
645603000
838300400
394150300
964614300
43468000
174327100
545379400
381660900
188931800
465453600
624278500
328976100
962476900
308243400
253388800
827516600
228225800
859011400
804924100
321854000
100755800
70392700
672738900
111886300
986147100
128295700
142095800
936066400
130834900
227635000
524461100
776437900
317570600
918611500
992687400
361038600
92938600
538066800
994334800
533505600
255155600
870248500
862481700
217632600
178491900
367505700
296784400
658353000
226517100
101708500
980207000
578908100
423736500
904581200
690794400
409883600
284512100
832890300
345950000
415347000
312160500
870411200
443420100
881366400
40657900
687742700
242405000
133596500
477444700
488375000
667102100
984235500
358623600
781219000
453503300
537115500
400359900
750287800
447103700
878512200
851996300
427310800
457420300
527368000
583527200
399849900
937251600
868039300
484375400
534836900
535021500
48171200
405248100
230076800
929537600
697541200
917819500
423577800
831137700
646899400
911952900
749875000
631134900
270576500
782729200
84638300
59327200
183089100
834926100
506431000
313236500
938557600
185377000
22292000
465925700
20539400
422141900
654812500
888578700
158152600
189649400
675235400
206323800
846532700
905312200
387496600
544073900
74766900
811074400
626846800
973301500
974662500
628357000
604436400
496874200
662721400
940709900
556201500
97445700
775636000
314267700
410682200
965828900
751279900
432974200
683389800
771819300
106751400
338202300
660398000
516539200
779487000
587268600
722863000
626019700
744216000
361994800
421728900
70618100
424704400
48575700
43919600
399367000
928568000
648356000
896241200
591289400
840701200
704077900
688735200
616337200
18345600
99417400
833801300
769625500
784026900
517191100
541444800
890778300
855393500
453478000
407317500
634880500
292381800
381815700
512535400
36597800
743810500
934264300
107215900
420150100
234475300
151135500
819517100
163043300
51126800
715758400
5967900
891828000
671471500
694703100
759800400
689817200
794120600
593601800
711077900
829782700
362428100
252522800
720561000
217821600
957636000
379513700
104337300
250017900
12964600
868508000
538250900
8410300
54407500
645466900
428560400
288882800
796602400
248077600
703561300
99364400
215471200
709529300
991192400
886942700
404232400
2628100
828395100
449988200
596229900
539473100
279770900
958658000
43631100
251967100
428114900
1267100
883116000
784087400
502920200
896080600
652595400
41171200
904490900
958638200
938273300
333051400
247521000
986510900
581129000
951082400
85875400
48235400
912246900
328703000
935178100
568114500
331331100
15208500
18102800
179196200
554681600
549508900
389489500
598312700
53111300
69239600
851215000
936227300
853327000
605770500
832308000
757557700
646941700
736798900
716195900
836850200
69850300
215352100
823361100
902614500
418069700
909236500
950849900
330316600
237939600
137663300
898431200
820905900
152871800
168169200
102200
959188600
717678100
389591700
557501300
770789400
458831300
660351500
707016800
563793500
266122000
539324800
321351200
164698900
527758900
289182300
1549100
597609300
504534500
824910300
500223800
922604200
985782000
702709000
504556100
223721600
92007500
654622500
296262800
496514500
822791700
296365000
455703100
792105000
937591900
264839600
814529700
396423200
925191100
773181700
960216700
442948400
564141700
533203200
607647300
91900600
74020700
860831700
689509900
578555200
937377200
441369000
752794700
923159200
395713200
508986000
398516100
487720700
163608500
694778900
984235200
238035400
991143900
439938300
30140400
928735800
704777900
844670100
576794200
881604200
617851800
788646100
324552600
181993500
573484500
183835200
273894200
647505300
44666900
215039300
477695700
982044100
908043500
482125600
156838500
303756700
991111600
555354600
43112600
406355300
250133500
27347800
644390700
492912600
718921300
674531200
673283600
675334400
770836500
250077800
556938700
388688400
38724000
133126500
822317100
612208500
316961700
347846500
511349000
613263800
814521100
989044800
846943100
722564600
471170400
3781700
277956600
713917300
559136300
321069200
120272600
60905100
600052300
764663400
553817700
570608800
690829800
227101400
245943300
461666300
728814400
54517200
101989900
19173600
439278900
175942300
631382200
756240700
523788800
394366400
621139700
589945100
383411200
468082900
312509800
106216900
471864600
590466400
71769400
282636100
163170800
192042000
343541200
763223100
208340600
897359000
585467200
150805600
376095600
831410500
612472000
104910000
137562900
966097100
124083700
576841800
393674600
7101100
584717700
169098700
401467500
457492700
759043800
36514000
925575600
71553600
394366100
649075400
913655200
466135500
931711500
76826100
909812700
526888000
91684400
118153400
424247000
677151600
268959000
51977800
760197300
133066200
156887800
149395400
350798600
532606700
726237300
744473200
539707800
562590200
913571900
192810600
20082900
672615800
480959800
197293700
995804600
875325900
846369100
161095100
341461400
29715900
489556400
251274100
556603900
832876000
621062700
232486100
510027700
141657000
284463900
521860200
274723200
692986900
671255700
877157000
225593700
649128200
621630300
16936700
211718400
786837400
461382500
483436600
711088400
942342300
680730300
706893100
69303400
527099500
119623400
662400000
556815400
609179800
165309400
113419300
442055800
786372100
345905400
203718700
928029100
882004500
725579000
454387600
574991400
648469900
331544600
52220300
297598100
204810100
69157100
760951700
991647600
530539600
244388300
702736000
724517200
176753900
661264300
793820600
703853400
780887700
456220700
512304000
390067500
621530100
877358500
83758600
659537400
474899100
287477300
587566600
356903600
264691500
293589400
931895000
913161400
625134000
235750600
462394700
81579400
304907700
474981700
73227000
87082500
971005200
27598200
811599700
147759100
688862600
857055600
103247700
721385500
313276300
615551700
363088300
186441600
492910200
446846900
845979000
967809300
734324200
685180800
576348100
250651000
978770200
759878400
415447600
855539500
995629000
877842400
937118900
300536700
604459300
261981100
639254400
575464500
289579300
450854200
974858900
230077100
307909800
78106600
951462700
872821300
693658400
566186200
310898100
438203800
13033100
156877100
406013200
998992500
93693200
233996500
249643500
324098600
993874900
665091200
431273300
989503900
794568800
368392200
541675800
399028100
882008500
180930300
226127800
171587900
883419700
200986700
653300200
442964700
530728600
856398100
315786000
224387000
422584300
878319300
662590800
435617400
35196400
320239200
434610000
380524800
554235800
935888700
704623500
548110700
852615100
135896800
789249900
647183900
755924300
330925700
297847200
889568000
763491200
775610300
312791100
646910900
228232200
966091400
89875600
758960800
822489500
657296800
983347800
245073900
535616100
897573900
680691300
822447800
217813100
366936500
202972600
23684100
554460500
159231300
823430100
407075600
546763400
612680000
305894800
302687700
195240900
855377200
443890900
958732200
630987500
756682100
857278300
859219800
722773500
198789200
618180600
545263000
856086000
853163700
41972100
643337400
750737600
974298700
717420400
220185900
592870400
920393000
243870100
147330900
331259600
67300200
806041800
878023000
931615400
111936600
432345900
126856300
967313800
876236800
337223700
598301400
632918900
446137300
709156400
607327600
644926500
578972200
152590700
752647700
432135900
446198000
395985100
434508700
420496700
113405500
906329900
13367200
285433800
150200000
160698100
868328600
469135400
966739900
746351600
652386000
330311700
430332700
30877500
297625600
306569500
368101300
147562200
191123700
814238600
856718600
798451300
710800300
687326000
202677200
463448000
119462000
648875300
859433200
805605900
69372000
224473900
711935800
334374400
761542900
113771000
495072600
629871500
834541600
713447700
376223100
486927600
43759500
806555800
517805200
593020300
364760600
137541700
740582500
807519500
203415500
848936300
857606000
914215800
536262300
311918500
377663800
907359500
960793800
488732200
712965500
281801000
964841400
676536500
616175500
726384300
790307600
362883300
356255900
624849200
327966200
984114200
111776900
623360900
42305300
881217300
216381200
658701100
18759000
208598900
466220600
473809700
309170400
575461800
639660700
845432800
887380300
268959700
4427500
99809300
757692000
717393000
381610400
974168600
393929600
249421100
700552900
435872400
863939600
56808800
60721600
443541000
292558300
424133700
66902000
334863600
305351000
534918400
993564700
575745200
743517400
459785300
49554900
52687800
286882300
940850800
149755800
174262700
209810600
154183400
274072000
219137800
123211600
907317600
193306400
768776400
408373900
893859300
204648800
272313500
202303400
265370500
715854600
494861700
689504200
34391800
829725300
246490500
569310200
74925200
822235700
312827600
786345700
123425900
617150700
73228000
64276700
766906500
247490700
274087300
172725100
521562800
493225100
295936800
428880400
686531500
64713200
837254400
832026100
269362100
361203100
34329500
786367800
328692900
780826400
475872000
614719900
610551700
973997700
184030200
685476900
796233500
748493000
723457800
171294600
617278900
796685800
235571300
635820700
44176600
761293900
808545800
817374600
254519000
104482600
246255000
192685800
420831100
335144600
24711900
941828400
947983000
310676600
728196200
528311100
91503000
455703400
143031100
953689900
429701200
578696500
890802000
477569900
327189500
614259800
648864500
196103700
410945600
884435800
831924400
706757400
645729700
640470200
524132000
151884000
996588100
22022300
596205000
417419200
357166900
620916900
359247600
556785100
183228700
339079000
336731500
274731700
794782400
479762600
228421600
224483600
58459100
370858800
702053500
637283800
985118600
350918000
833387500
647699400
486989100
665311900
354456900
384354000
557417400
878588900
787873200
554005500
900611200
384078200
223059900
509413400
256630300
833942700
317833700
439859000
173021700
654565200
966225900
967804100
134327800
446282700
192287800
444422100
817141500
145976500
333341200
53895300
748529800
418363900
701594800
235518900
335311100
56051700
619872900
892728500
934640600
407746200
698369200
86887100
43459600
173064300
596300500
300090000
7007000
914134200
991584200
180028700
568699500
957810200
399468000
954662500
404092900
843391000
650719900
221234500
989367600
984061100
275129800
737897400
654060200
228359800
225051500
989371300
284411500
844924400
133735000
470687400
504305800
83739400
557574500
799400700
256803700
405510200
99490700
263810700
319644400
91074900
695474600
139979100
48885100
94942700
346276900
452978100
938333700
996996800
925847800
179336500
232693100
452612800
168869100
886753300
680972700
393920600
127759900
965384200
490480300
261494900
687706800
994786100
345234400
245281300
794186800
602038100
902426700
145312700
117484100
473706400
236387700
812958700
613685500
536908000
159536600
211597600
241521300
349505600
460229600
419004300
528842100
692922700
871617200
949346500
831311300
552589900
343267100
959071200
769609300
833747400
472201300
708951400
80168800
817435700
205867900
874355600
671109100
108294700
271303600
40228400
582001100
759326500
104822300
447321800
296234500
264359000
658919500
789391100
865499800
119149100
208395400
645977100
63707100
331647800
595323600
895018400
135872900
938590800
105724800
905482300
772338200
577926100
866068900
104142200
646997100
71936800
978497900
569741400
180231500
501436700
609969800
13867800
260763200
714792100
461189700
556997700
230786300
371744400
598024000
96286100
742528700
806419500
993898500
806235800
138067300
589222100
952889400
273940300
779448100
58614200
431057800
803421600
636540400
297126700
907563800
535172700
620698700
137696900
104914100
800930300
639133600
714883900
814798100
899896800
681311200
527623000
708529800
912097600
899367400
306553800
260018900
641896200
364608500
253917400
699767200
754311100
94774800
652656700
28251400
874222900
711270900
710944400
929279700
599446500
259706300
836843600
134619200
880405000
974540500
491168500
932970500
613674200
206052400
747768700
765206200
138998900
527026900
473736000
51096500
426394400
31925100
562750600
319925800
396533600
68303300
19693000
150844700
414713300
672349700
430731300
540571400
635255900
393310900
469851200
486337600
653017200
306694800
872592100
533422300
532870500
363760600
466392800
398179900
821448300
465796700
163386200
960447200
992823700
888757400
263178900
670853300
172317700
825929500
990779100
820486600
145868000
262107300
971331300
560581300
186092300
653697900
101152800
72983400
47008800
822639200
559321000
951661300
129334000
431913100
736718800
913839700
47309000
454746800
312019700
868757300
920543600
727041100
829204500
165002500
867433700
92383400
87491000
39751500
169948100
329905300
860238100
315816200
592012600
83204600
128032700
778104900
988537700
480820700
851088300
35546600
303459900
662044600
238843100
684429100
345592900
975561900
598268900
392901900
430308700
161923800
261659200
350852300
888964900
90863700
767490000
756398600
183247100
854981000
47785300
604830500
436521500
908023400
920646700
28534200
242863300
300314600
58274300
231401000
781135400
160997900
266947600
336230500
823042500
505790700
20659700
168635400
732987800
870563800
561537400
163296600
32487600
823196600
765784100
173087700
165695600
533274200
929486300
600577900
639890400
977271700
205408400
76412000
136930300
377690300
356581400
379793600
678005000
414855700
611194700
710775600
575853600
129777500
298641300
398896100
887203500
570936200
819166800
620191300
441500000
380704200
783487900
725622800
455536000
549272100
898710500
621231600
334181500
828196900
221809600
225707100
57103800
678853200
553754300
194034100
56543600
910335700
825463000
986183800
576826700
436657700
948594600
404315500
818070400
247235900
54846900
705273900
818172200
874013700
577100500
511307400
506353100
360588400
236930300
961889100
161495700
135640800
583120800
747312400
215472900
56565600
973019600
272576700
735418800
526773900
718246100
43597600
688744900
543709100
29781400
517206800
232002000
978376000
921522300
50072400
477247200
976369200
6981600
295419400
850382900
584082100
58362000
356736000
196305700
295292300
570260400
357801500
430933200
153381200
105113900
646406100
461582000
329768700
170618100
448636000
108177900
140499400
492233700
48558000
935843700
522015100
565764800
167845700
752026400
487287100
469553300
229273600
715291600
728170100
776328200
565674500
563887400
834690200
174045800
760193200
129982600
744306200
369629900
812551000
149322600
474743800
710592300
862539800
56147800
132845600
311175800
164325700
273345000
803409500
212883700
209188700
577059900
778648500
628669600
329086300
517570800
349858200
809995100
232862400
78028300
586323300
50172200
641915800
421013500
475853200
402109000
802631300
220159400
771738900
615182300
621117200
498117900
577409900
483657000
554265700
710255500
46468000
970226600
983600600
101512800
434745500
444424500
678572700
465029200
73094200
259294200
982600100
422952400
69289300
467097700
752615900
907247800
517269900
394531700
579896500
244758300
48275900
382527900
464917700
71650000
249345400
337670100
821403200
826755300
821327100
627304100
788646100
119430400
849166000
23881900
220943200
283911500
468306400
899515900
748940800
541400600
410445300
731540900
215988200
731369800
450273800
220239400
638617600
967543800
614771100
218514100
212302100
914682300
852677200
928855100
237967500
102022700
518160400
59370700
180413200
591122800
938310100
220694500
710553200
787476100
244576400
931496400
71387600
712882900
82647500
820328400
505918700
493092800
803504500
721907000
224462600
253778400
193781600
863080200
472957400
60187900
333229500
936894700
974870200
185906800
117385000
464473000
539564700
635545500
775478900
971613100
226668300
713789000
192307700
937221500
752900300
436884100
868717900
824288000
149767000
203000600
896251600
655685800
696093400
699756200
629228000
172191200
205169800
823009600
35271400
678127200
883197500
620136100
866657100
109703000
806042900
984042200
574176000
597242800
619587700
349654900
568856000
846256000
315079200
12798900
35112700
67979500
449683000
155465800
143902700
851085300
358466400
40154400
506771100
306195000
739910600
387634300
478386200
196715600
462279100
765292800
874842800
597111800
385428900
741499900
958450000
443107100
977177300
532626000
40349900
596765000
133916200
860841100
694656200
700630600
873640000
981404100
768610100
574958300
136869900
912512900
426043600
746971500
204302500
184449900
53166500
944213100
823719400
783187900
392563900
285998500
548480700
267406700
134745500
933909700
260541800
93195600
628652000
237719200
877456800
920637100
86119400
263008200
781478300
32410900
963638800
906753500
13815000
983884200
733347000
402320200
148032300
159390600
149291700
352334800
343840500
454093500
548183100
167559900
237281400
940747000
705193600
785762200
208153700
839939200
971307100
720330700
184770000
599959100
209685100
62226800
520596200
295804600
325235100
553709700
328215500
540509100
712098500
593665700
524393300
445445500
995985900
672425600
856471400
396912900
276395600
200311900
851006400
824578700
619507100
88287800
765325700
576335900
125685200
225114600
667910300
348627500
945445400
852680300
948586600
155130500
166542400
720818100
702570300
743412700
526163000
30785800
283921800
489896700
876086800
59950400
186977500
872072700
984011200
43448900
268985600
260406900
495396000
371627200
336620800
114903100
459915100
101946600
691239100
837235500
578696400
610784600
185863100
775777000
463465000
386084900
182542800
630007400
358538200
885113100
373420100
884701300
167534200
908977100
374598000
43621000
968927500
813210700
167328900
204574000
856659600
436314600
464980900
352055700
807941800
801601700
718594000
519492100
155183500
661468300
608362900
733880000
272253000
794226000
761292200
735718000
431946100
943835000
617360600
790484400
828948200
242415900
926820900
248117600
403028200
553054100
291738600
371955800
366264900
459067500
828165000
222924500
147017300
544781100
574980200
206594400
598018000
293574300
726086500
753201600
955042600
586084600
738716800
478930800
380310600
500009000
214648800
63892000
443844100
83644600
854376400
524427500
577695700
781197300
772545100
980724000
334251400
315918900
604315000
952151500
26621600
432480000
175076100
173639000
977261100
1691500
631868600
575279100
295265800
357955100
580115900
501943700
944039800
570467900
980874500
575985600
322112200
447158600
891512800
765956300
782438400
745889200
542019000
360134200
778721700
566199300
340858200
364608400
882118200
945173200
316759900
160375000
629288400
491836000
585649200
606549500
493527600
217517800
433463800
40428600
827108200
265215000
794007500
22783200
835682900
26517300
598768800
157795100
725311100
741916900
175386600
507749500
487806100
717405600
867883700
518163100
535240100
460377100
134406700
668993500
405550300
451166600
829368600
34838700
194637900
415017800
893023400
939800700
884170900
326487300
231864500
711279100
591702300
25872100
734062300
679020400
304024600
584466300
836815600
29335700
326383200
12202200
537085200
65824600
981243100
404969000
583987700
768118400
865346100
718394400
437112000
522531700
421196200
518115800
809005600
615834100
184768800
702029100
807270000
68939700
280151600
39134600
780218800
123489100
316641900
765916300
54144700
620666500
602017900
890960300
650002200
928401100
154797800
187087400
245860900
387676100
843691600
829848600
155794500
960673000
799878200
592906500
734839900
472709700
362657500
543845500
340179000
547426400
497509800
147449100
616366100
29296600
438218900
648220200
404420900
754860800
665771700
458565700
627162500
267789600
601161200
277164700
196190800
7594200
715887300
442051700
395270300
811214200
523535600
802700100
23522400
575049000
647241800
758362300
299393900
9899400
553843000
639573000
557325800
302988100
38657300
173691900
583919900
476876200
73547300
239976100
483372200
739319100
950177000
362169900
7108700
551338200
890969800
454934700
558932500
606857100
148621700
205838000
669706500
923792500
8538100
693228900
498841500
655780000
703226400
798235500
665679400
508704700
689443700
223005200
63328000
728101000
648332300
647247900
456612400
973514900
138859200
191619800
712834000
89036200
553789700
971577900
892009700
444759500
678147900
450942200
303251800
826769600
908415400
972958400
750562100
916953600
917822500
501038800
824368800
621049000
550909500
741683400
381388900
491988400
964688600
444716900
471724600
864656100
343600000
928337000
838171000
482459300
119956800
802640200
571495500
925381700
25853400
463505200
370141200
704001300
166082600
673393100
782406100
74498100
897986700
784603400
243086900
815809200
285642200
319090900
688493400
88187000
60774300
69882300
580175400
277098100
766234400
51900100
393389400
109834500
231872300
483195700
592293800
603464400
285835900
163789300
528846100
563324500
878929800
150622600
267325800
296647600
75650900
49731900
622780900
225272800
834335300
865867800
41082000
371612800
436593900
981210700
711435000
497368200
302728200
543245600
774466300
68962700
595145700
419491000
178797200
78653300
902686700
771091000
682117700
188522600
186515500
462599000
751847200
317080500
864856800
270808200
613728200
940507700
572175400
236509100
165780500
658145900
354012200
458497800
281393900
790606100
691343700
992828900
539609600
994071900
536074600
565711100
63034600
382855500
985202100
493467000
713144000
887888800
516193200
646896900
76411500
702708800
109496000
79893900
271424500
225988000
602337300
885152700
166495800
174512700
121661900
583911500
84293900
475674100
42409300
365687800
517915400
985388200
610152000
57525000
979460200
397861800
623236200
294130000
780717300
608438300
39232300
745496600
496327200
555425500
392393500
824373900
509769500
753524700
155903000
781194100
979512800
758240300
666346800
397643800
184388300
39643900
981555300
520317400
766953200
275599900
886005200
284868700
260988100
747792400
342393700
492083500
145654200
217265100
786213600
178006800
825703500
825445900
923503400
573665900
632506600
567532100
398039800
142276200
321056900
553942800
923470300
300569700
563818300
841452300
698213500
999841800
881096300
931404000
520159200
648049500
207003900
657799700
184553400
719627300
405592100
778582400
211710800
802881600
995847500
249559600
980888400
73186200
326640700
156027000
646852100
959147400
723559100
44891900
101423600
296251200
850469900
276529100
596820900
665923500
117981400
546669600
665765300
250712900
729708900
437559800
150397700
188348000
95359500
334951100
907975300
500951600
113533500
371321400
555468400
109381100
872516200
536356800
182567300
199157000
944019000
81054700
158304400
667578200
377581800
511363200
963829400
228051800
787892300
812285600
145610500
157508900
610590400
811375800
408221900
340299300
248935600
558619600
528647400
595930300
145205900
688257900
348517200
258739500
311214500
903985600
619755800
183730800
440342500
802323100
382887800
384361500
135013000
792827400
303574900
512594900
555825800
519039600
740646700
343718100
331325200
137892400
752862200
193550800
200903400
161084100
533850200
449839100
971338900
314132800
297404600
116544900
254025900
645921800
626919600
565240500
549907500
246675400
748971300
241885200
300633700
383494300
877881900
435646800
427956900
181456900
948241700
983782700
952131700
940523600
579136000
283456900
78416000
331998200
477007700
279319400
744717600
262493100
980793700
967691700
828261100
278198400
335871800
82287100
924120200
962791400
899162800
725662900
461102000
899769300
967548100
761735800
283263600
97065300
197382600
962855700
530157400
397259500
198273600
482289100
337783100
777409600
17381200
667834300
361043000
746024100
198788900
357395800
8517300
179582700
576722800
88413600
709416300
912594600
170700700
885171700
127021300
69863500
610834700
588123300
969632800
830018000
601494300
504531600
927083300
798876900
467387300
457240700
447771600
917296100
939529800
785554700
694705700
956911000
705024200
307384000
954570400
903813200
916415000
214722900
83395900
493137800
303136500
44447400
657367700
473837300
929619100
36024200
795336000
540453800
624147500
16604100
370471900
225641900
521135700
549190400
276154000
240158300
6431200
723925700
157454400
197596200
761115600
103795400
406142500
717775100
662814600
360712900
621588300
579229600
575435800
956619400
324002700
130207500
1066800
233005600
855680000
930685900
269029800
651016100
722775000
144812500
667620200
344882100
622089600
440391100
894072500
149878900
932184600
152138900
125439800
341274300
349735200
138190600
445069700
7512900
855965700
359519500
619861000
477554000
190384300
195296800
434173400
766022200
577139500
435240200
999027800
432819600
617561400
519692800
83835700
340336400
664505400
3091100
685218500
538230200
443482200
579291000
688109100
627302100
983065200
65184100
968576400
332800400
203374800
665281300
591948500
59340500
24800800
211809500
788529800
215185100
658741500
474338400
981207400
235881000
161213900
231870400
668700600
778775300
751563300
4171500
119111700
667703900
7262600
55965400
205934100
702380100
886891600
145678500
329682200
869956800
462497800
549893800
454392400
665872600
215175100
46340900
976848400
491611100
258150400
17013400
706796200
168527100
491351800
939638800
404408200
652565700
423144500
324744000
431341000
174707800
328915600
802087900
94046900
587813400
858053300
551616200
541828700
744945000
948929900
871510900
614901800
411427800
673039900
69294300
77300400
888215000
367270400
305784000
379826100
877056100
322797400
338257600
45583200
814149300
529531600
449991400
718350200
952676100
26370700
401326500
379019100
355286300
455049600
724701200
194734900
313103000
276317500
736563700
309683200
225247400
859709800
176220200
636675200
532749800
497149700
965610900
672600000
864420200
271394900
52426200
741476300
845827600
642319000
38694700
911612100
171850600
740321400
629962300
376162000
766692100
31288800
6816300
373613600
486338500
731517600
568348500
51076700
7835100
304912200
612395100
484717700
416257300
40250500
121393000
949007100
537400300
338639100
621607100
653455700
861669200
925668500
646567200
707496800
567987500
685261900
870744100
991473400
677218500
500706500
367635400
443910600
783630500
374451700
817524200
521604200
105969300
637508000
824316100
365439600
194055400
688346400
850157400
610312700
728597000
223185600
810955000
265997300
813459900
684197400
171088200
675129100
609865900
69290600
634261200
429488700
6187700
505005300
672597300
683406300
257347000
40232700
127316900
292612800
666319600
196476400
65852200
23924200
833984400
890168400
389363800
279675000
578514800
491156400
889987800
307111800
965977200
952578000
824744300
779437100
636775400
247467700
454566300
498276600
316758300
340462700
179400500
322946100
845468000
851997800
257987600
354450300
143865700
385304500
647063100
810185300
833416100
712915300
85744700
919035700
603083700
726743800
198710800
433233800
217900200
340333800
991980800
183877500
292911800
816725200
963314600
181322500
315828100
669516100
931234300
632586500
9978800
110634800
207167800
107082100
962632600
465155400
461532400
106498300
102095100
108595500
168318800
935511300
73146000
254063600
854547000
927865000
232442600
304893000
361098800
450342800
645226800
353079600
885855500
189773900
421440000
100805400
371096400
988903400
21956700
302330700
621489900
31935600
664600700
80292900
390652900
627233300
545448300
852185300
985366800
899178600
212416000
405320800
834689900
285562000
911019600
940872200
213427000
143462200
245765200
826161000
845440300
142627300
430875900
982931000
332401200
103951100
335371600
703497600
92854500
357328400
257463500
965979600
640899200
922064200
46272500
31552100
800932700
843356000
883737400
786299500
742534700
347788600
443255500
828859800
633350600
354275200
769732000
846777700
497737400
267132500
924573900
594812900
409759800
355449800
577744000
742161000
459401000
913115600
697293800
552255500
522079200
954757300
769870400
162978400
128456700
816142900
194530500
929389400
911134200
329903100
967324100
905304100
677691700
410579600
734163900
562677600
764854800
755531200
661090500
514227500
274298900
585664400
360675600
684058700
192749500
938419600
677854900
652150500
103170500
626783900
456041200
625249700
833176400
225911600
788228200
961633100
293689800
234393900
142657700
204824000
815932300
109981800
110128100
745259200
772196600
95927200
307936800
537051500
851458400
220662500
302914200
125757300
806327000
663589800
61451200
999076500
853644700
739306100
902862200
956815200
617725200
610538600
833700100
450901600
836450300
873563500
412534700
381775300
107957500
555192400
586599300
175525000
916809400
948362600
172419400
689006100
44289800
480356300
477692800
147383500
952654000
780607000
273140800
10616200
695832000
586227300
261327900
801111900
577168600
164190100
757927100
194893900
774728800
843262500
645795500
862814300
716826000
58330300
244589600
824783500
865157900
82824100
251943700
781967400
31186700
424363200
470973500
327111700
156354700
948666300
474495200
109008700
980908500
999271300
371260200
928375700
585498600
632588100
729487700
162667200
48413500
739050000
609196300
74777500
582312500
254991900
937591800
299138600
564957400
433816600
375557300
430115300
516640700
627501100
463717900
799462600
303499500
186326600
126574300
459854200
386628100
852704800
820498100
619171800
851976100
191758300
547547600
437474700
824346500
528670500
851777100
872760000
267720500
460973500
947537500
101668300
715965400
136764500
652442100
532558000
822216300
27999400
962673300
590492200
907135700
678026500
389954800
210635200
864353100
768164300
922124600
250981300
620869100
742622800
870153100
724480400
186016300
669335900
161955100
10362800
198006400
265367500
134758000
717362200
726341000
333930700
819030500
693941600
722330400
471472600
226499600
544546700
751107200
440808100
135038900
909878200
370469800
776628900
120513400
234823000
796428500
294273300
737439500
668932800
288531300
859227800
393413300
474547600
528563800
807003600
736545700
978205400
72371100
122938900
695567600
50347300
456869700
766233300
995924100
430835300
489341100
474058900
975382100
240448400
166502300
362056200
150326600
536972100
390320400
522475200
771795100
186748900
816748500
760869800
855681700
105279800
620097700
500730200
831462700
148661500
307733900
568008400
378502100
631740200
690947300
74069800
933722800
399452200
91938300
929646900
830287600
581279500
403705900
57304900
73363100
570208200
670996300
475324900
107180300
61316700
997800100
130610700
499700800
66183900
891480500
607017800
423098900
511578200
107748000
254561600
911874900
667117100
74205200
290377100
298857400
16787800
616082100
232580200
416240000
708020400
413862300
498162800
540935100
817568200
555467700
614298200
639411600
226464100
89623100
998227200
539416000
339058500
128837900
39116900
405242400
271953600
646134700
79976500
35167100
5517900
586173400
947042000
672635100
660378600
489054300
223127700
928801600
356771600
455707900
345041700
316427300
121205400
94839700
857362400
938773700
901942700
471660700
829820500
128406800
561283800
828047700
919458000
900342300
208520800
958574900
557219900
480474500
856344800
637196500
515641600
113498000
475005100
714318800
786133100
387018900
455008400
260896000
315820600
811780000
968239100
912497500
128207300
89444500
7337200
985569800
28218200
909279900
708865700
109674000
289321900
270149500
937721700
208780000
422127100
146242600
418990100
979347000
878352300
526970200
868178700
393993900
640468200
343183800
359947900
678236500
981838000
66591500
939132500
297658600
130006800
907371600
210156100
258214100
248451300
469128500
495419100
276669600
378408500
455920000
637978800
919365600
726069600
575700500
379780800
399831900
973578300
798771000
630814100
851930600
577376400
498992900
497559700
469479800
93811900
857507700
147716300
75649900
175734400
338484000
624943700
305741200
497490800
86735000
815590600
745942100
555863600
562644900
274246900
185907300
18565000
912225700
105272900
744634600
739561500
485053800
396101700
713139800
535460000
26915800
565070500
112836400
777543900
314265400
582316200
871355900
423408300
981667700
198641000
599142800
320151700
75220000
904884000
69277700
161955000
720474600
815219800
717818600
283119600
89466800
903725900
301684600
253327700
8998900
297954400
992889200
745687900
694056100
706029100
281147900
972607100
522734800
393984300
750151100
837000200
227935700
873142200
512043800
209603400
323418400
111186600
781390300
398638400
267705800
850668000
560593500
988180500
665887800
278412100
522935300
6989800
433773300
76255100
511952800
694407400
374209500
504842000
440095300
319900800
462506300
721243200
544143100
985241100
366862700
294294200
73876600
846433600
419071600
585920400
56037000
742490100
948742200
89062500
392763700
216448000
939730500
953357200
456263700
857253500
483404600
979199000
115878600
917177900
55454100
627831400
863220500
681298800
384308600
303315800
252834800
846815000
276194200
796978000
83691300
894692100
342907400
409203100
741125700
761979100
246758700
797162700
756104400
195500900
137860400
148868100
663584200
77590900
102225400
119847900
934844400
837265200
350682200
302358200
6078300
657771500
930189600
869298800
590705600
566133500
424249800
843540400
412948500
700444000
892153600
748275000
595136100
235061100
157478200
336261800
997040200
404236900
385059700
753144600
851373100
522920100
153647900
766592500
852146200
507508500
138075600
38625800
344773700
488757800
340984100
350852000
398164600
522808900
471786000
988870200
88942400
896035800
84045800
753526100
596479800
976199500
501801200
443251100
211260600
910914600
31148100
459936000
566786700
667843000
464715800
669795000
442398300
618363700
436387500
294544500
125872300
574463200
584805600
470646000
314856200
925789700
73133300
713020800
700233800
544919300
953526200
40811500
692590400
37572100
794337600
289070200
13771600
547774000
983956600
225032200
458688600
266739900
684968200
277110600
934583000
149684000
946905600
628616500
19682900
383293200
923161100
145555200
957756400
759601900
616201300
524247800
937026800
940969800
237268700
637260600
737524300
190794900
678072100
430114700
480002200
724045000
970820200
493773800
271819000
954776800
970441200
982142900
221516700
907044600
259253500
407734900
308363800
206159100
36351500
328046800
841087500
211147800
473602000
798843900
970749700
341438500
574727000
159411700
282408300
811995700
796672300
271567900
254425800
726379700
701682600
734428100
702059900
672502800
479837100
225514100
878914800
450278400
207657000
100431600
608958200
718545700
759801700
917322100
176340100
796153200
245368900
17427600
258936200
718970900
67906800
481321100
312044700
642633800
640732800
846088200
706264700
689040400
117656100
212325700
415420100
819338800
946753800
117480000
491841600
678226200
342994100
622391700
380139800
802286400
974458500
989098000
520832100
734260200
906420100
948807400
782048700
403424200
966235100
292620100
374030400
285777100
773941300
686075100
928410900
414674100
532163300
886310800
103714500
649819500
98636500
770769800
720793500
45390400
139885000
464270300
975251800
734514400
86662000
355391600
536800800
61120500
596124800
309268100
47016000
754180200
258075600
829064700
157604400
475945900
121684800
531634800
761723000
147261300
217709900
941769100
561935500
1508500
828079900
917285200
902963200
926716400
939690300
623756700
223742000
79575300
339662200
198993800
814089700
677959500
806020600
602525700
739080000
653780700
911793900
37731200
407960900
421504700
866795900
565565300
149085800
240116000
97200200
162444000
387377300
566545300
104213100
200948000
568053800
183928200
118233300
722652200
110644600
309558800
598044100
586021900
389134100
937706400
36650900
454859100
615665900
842671600
309020000
606381100
496452300
472449100
644112400
156048400
893953800
762543500
721613700
294674800
2659500
70449100
457118800
641672100
888629700
561331900
842620100
708318700
745260100
212488600
430971000
107540000
522047400
29015100
693561900
162816800
218356700
730212800
869311100
85657800
824519600
178331100
692039000
572607100
650780300
587786600
728655500
796369300
601965300
701904500
91044200
604624900
772353600
548163000
497932200
660983300
361130200
340552300
369302100
106390300
553041000
51908300
465565500
326723600
80923400
159127400
489540400
299280200
140975500
610486700
636573200
965495100
788817900
580247400
538102300
691233400
168034000
518393000
739237900
21634600
220297500
830282100
626259500
244286400
630080400
375826900
156904900
991210600
716379200
526207000
349236100
521055400
578115300
814801700
847779100
910674000
225564300
588954700
461589400
366539800
199441500
98162600
583670200
239894600
678410100
373407700
182763200
98079300
891800700
922001100
119713900
363733500
752283300
997608600
608019900
633998900
373435500
764924800
625209500
341450000
542767100
226080800
862505400
372517600
292517700
961919700
534826800
769717300
550874500
996416200
136257100
1951200
346214100
971562500
493481000
276259400
344970200
676244200
374338700
236771000
598245300
745687900
852139700
602163800
994931700
460159600
236162700
620002500
476719600
113007400
961452500
271121900
339088300
75593100
643639600
883241200
37512900
178466400
652958500
840022600
426517900
40850900
93609000
772732000
12413400
587090000
48991400
357383700
263334200
674965300
845789900
113214700
672288400
697929600
715378600
918855400
409724400
951541300
538857900
138079200
64548800
751945600
409201200
655272300
827538700
52840800
538513500
116686800
482942400
191472100
208344600
909460300
483958200
301953600
933827500
496371600
140678800
234454100
853755300
404013000
161054700
951180400
768863000
84978300
900745200
484241600
3833700
562104800
435782900
542691600
700184100
751966900
294637200
109385300
658874400
373811200
413861300
197388000
490498000
148438900
640495300
950477900
309534500
124453500
252431500
243362000
620825100
644745600
477816200
726215700
300393800
890506100
929031300
69256800
975484400
829776600
553498400
979318200
391881400
240916600
522009800
92065500
244518700
68282300
453086000
903393200
693728700
118582500
352416400
435861900
267021500
992911700
386339800
576556000
369000400
890406600
71553200
241460700
535152200
549369400
219311600
835546000
691510700
148343000
904802900
666995200
229754800
458301300
897948600
621636200
950853100
671593600
965337000
195371900
739875900
670058200
98765100
433604600
788640800
451181500
869466600
307297500
695728400
507441600
883853500
316364000
397848200
955406700
557824700
933000400
756411400
28771600
768546500
699557300
177114600
924984600
366552500
658504600
634921100
264501100
280140800
585774300
187730000
497113000
781146200
927605900
418806500
131546500
612845800
459082500
834363200
733947600
766380000
530091600
493024400
901868700
846455600
890872700
108910600
655915500
75508300
116957200
684687100
95690000
816514600
113436900
20674600
434702300
771941500
655595800
950838700
303717600
241370100
138568700
52465800
274151500
317809800
471272300
657333200
182290800
930354800
491696400
167873600
948370000
21788000
660898100
850238700
119878800
551770800
210784600
27429500
627279100
327741800
963751900
722969200
144256400
77188800
995279000
578958800
849130400
650874800
781432700
404483200
143880100
920001400
456949000
669666800
237811200
928221400
327000000
420102100
110211400
818696400
587975700
310216700
92119600
500509000
160455400
463633600
52279800
622875200
491063200
931194200
950617100
454815100
905798600
346508700
783639100
901077600
177102700
884404700
803587700
958535400
288887900
199103000
878536800
745837000
868769900
367983300
925693600
447405100
39720600
287540200
266101600
879331500
597756900
609856400
379840600
9847600
73490100
683755600
632722800
816188500
614949800
583339900
522638800
772383600
181483900
557913100
925096500
358586600
442317900
728684200
317122100
731205800
179422400
195658900
728678000
48192300
815277400
654371600
747232700
854998000
941911900
13334300
734329600
791304000
874825900
365805400
801151600
948316000
49561000
433874500
16139700
916146100
268849600
790413700
688529700
450333500
348326900
613626200
808920200
790644800
593945600
126042300
773485800
25003300
573336400
502163900
73195600
388613900
408170700
72063500
495247100
350082600
85397800
481211900
393021900
960223800
847017300
194173500
160175000
896578400
628048000
427950000
812724500
148532900
218363700
752889400
598866400
566690600
366515700
659421800
357335400
212096500
785464100
130821300
237099800
610435800
884620400
561930700
250684900
292791100
633994200
745932000
894509000
971027300
227144000
287530900
182886300
74161300
481704400
343061300
222374900
361387700
771011300
35099400
509920600
989375100
787988900
360422200
807700900
406139800
19844100
416671600
869871500
56943400
799128100
106971400
919014400
683748500
920537300
169699300
976539600
554531500
167266600
871048600
777194000
646045800
158579500
960080300
971842300
891919200
303141700
194217300
253306900
325788200
480951900
14862700
566798500
520576000
375284900
374499500
178351000
646764200
42806300
48222600
703707700
841934400
406829200
874357300
525682900
327366500
44056700
502222500
133533200
462958500
624906400
910727300
109004300
783485900
870807600
80846600
675405100
425584500
526699100
180347200
3008000
259286300
195209900
569806500
31497500
822130100
195941200
209848600
468894300
238747500
509706400
424237200
332317100
916535600
298594600
858000000
495537300
342651300
611857800
629070500
57245000
236764200
791433000
166249300
271885300
913875900
498731100
947290500
339460400
277065500
379272900
594103600
536351800
574482900
415545400
567849300
648248200
611486600
29333100
117142500
101869400
539039500
541379800
685821700
707210300
839974400
543821800
454382800
434260900
155679600
83453400
491505900
392443800
126521600
657755200
664329100
40397500
408121500
863254800
631493200
685187000
494163000
225596800
473174000
68645900
641142200
292658600
716894100
504264100
573626900
85671800
857768700
112666500
627051600
543590400
71512000
467026000
339047400
525894900
152922100
494727000
860983500
644428000
138806000
987505100
302183200
54770400
279537900
961940000
918025200
911031100
647127000
412188200
388263100
371936300
732469300
281040600
664594900
700998600
785304700
489857000
786670500
894708600
854158700
665357300
438299000
925670800
384018600
28981700
703200900
536940700
523708700
564184400
181368800
914150000
803324700
735187200
968920400
82862600
697127200
886945600
245528900
595889500
550769100
885427300
219461000
534873600
166467900
135691100
235872300
203407800
625548100
274178000
98116400
479706900
191170500
788050600
405377700
575189100
817032300
360213800
363765100
592376300
924398200
545133900
506526300
979358100
531956300
475446700
62220800
480718800
614027500
559384900
76608300
164796600
444812200
547704500
951305500
862915300
683395600
438813000
66323100
308943700
712991000
416074700
40285800
155796700
204125400
697298700
982621100
272792900
57512500
346386200
865169200
981910700
143155300
623330700
961268900
675111600
98777400
275124900
407465600
712805000
86145000
735709100
129236800
782592500
283413600
80542300
897143000
966809200
519355300
963466200
527388200
483981500
379540900
567674000
639778300
835301500
264972800
874034600
108094500
322485300
220420800
224898900
556031300
363576100
848229700
768935400
290322900
198642300
295695500
697788600
911447300
381840500
685132900
292319400
416068200
968546600
372861700
313211300
186991000
143852300
528312700
714379200
627833800
159488800
533688500
519247300
994790400
798661300
393281900
354520100
372781800
865337900
831054200
928813100
480549200
679283900
949383700
22507400
129561500
245079200
971931200
41008800
878555000
657064100
584963400
294623200
625610700
209460400
859469700
812601800
353312700
387782400
778616200
232781700
547271300
312304700
3664300
793696900
362601200
648581400
148217000
735383100
765554600
230906400
915831400
246103800
910190400
865215200
520246400
39751900
110294400
492177600
332395900
240484600
149241800
168994600
786743100
26487700
378455000
646212800
90724700
983402900
285630500
120976200
216184600
84537000
433280900
471484100
878233900
47517400
120065600
278086100
782900500
885620200
508992500
698731900
383359200
670818100
815582300
903605700
962205200
177512000
395783300
546236400
417996600
796660300
715231000
204739700
74783300
345321200
102587800
417143200
328724100
639853500
538119400
544908700
724390500
223035600
16392900
854259600
270553000
388093700
132345700
305088700
273713900
892973400
255455800
657073100
563791600
71038200
560678800
777632000
248550200
208097400
323868400
666546800
256392900
290734600
122921800
331176200
636055800
477144800
999954700
964779900
116998300
538074100
761323900
93024000
12744900
777716800
947283600
534933100
165810500
331264500
840021800
691159600
224237900
95477700
599867900
39664700
418151100
412182000
817296800
666701300
871914600
141165200
584883300
128307500
431899900
959440300
711119000
319590900
436585100
711073700
284370900
553583400
500783000
45694800
646607400
765163200
75046800
845526200
300096300
492492500
176790700
391753400
183652100
401028700
738866300
35155200
440693400
157017400
447337200
509625400
75353900
319251800
902425900
660237200
699194600
585961000
619677600
410313600
905551900
56262700
121387300
189922800
861481400
873805500
487252800
759724000
638968700
562299600
605250300
190700300
306427300
33676200
582453700
490079400
686340100
321320000
776869900
378668800
729972600
224207100
888294200
805326500
795094200
790720100
465563700
494288800
376681100
336876500
904602400
282233100
393139300
277624900
723791100
506255900
151430400
462679200
517615100
42034400
24978800
122865400
232734700
331406200
408176900
815188400
73120800
94517000
388143600
849990700
473185800
118116200
325833100
361480100
175077900
372562500
152200200
640641600
866851300
780516600
977518200
23088900
314384900
622292700
300713800
38176000
380183800
703779400
500855200
897798900
745813800
777469300
272299600
230183700
360510700
680476500
297007300
685266700
774993500
685150900
786892700
499814600
54902300
112725800
861294700
229980200
485288300
265130100
122257100
603774800
45646700
351410500
626863700
360031600
225338400
179212700
649842900
605522200
134627300
150698100
754956300
880441200
179802600
278891100
362260100
791948500
959367600
659267500
477215300
985996400
344418400
264108000
485811000
650956000
628469000
598740900
132571400
365392500
863871000
254828500
969167300
161153000
857874200
847666200
521184600
83212600
26878900
171027500
940370000
161506200
573360900
946961600
293582600
4798700
225852700
655842800
796747300
185220400
566745500
273962600
422852000
162799100
789705800
908663000
813755100
669810000
507403900
946326600
35202500
622910100
452790300
256005000
784063100
310664600
103671200
556883000
645512400
382185300
979545700
585882500
795326700
804541800
784479300
88909400
809340600
10332000
996387400
857723100
195552400
563132900
131685700
870039600
725932000
173026700
30337800
791322400
842836700
789376900
989284200
878039200
412287100
693709700
385679400
196350200
4374300
489350600
4868400
901522000
871535900
984414200
739039700
666862600
788956000
523519000
7407200
598296600
533851000
255429800
707654900
981038700
70197900
839340600
851078300
47765200
264002500
881416200
839087600
106839200
670793100
80007000
236513600
83080200
773716700
622193000
531065700
29726300
363178800
535934100
931248300
486349900
771983500
670288000
404847800
560939600
445442200
663890200
410871400
979293200
919320100
118526400
960331900
989518000
209502200
63045500
37283200
473504800
944461700
128006000
831979200
866890000
208013000
320128100
201605500
981729800
193956300
732671200
11456100
557135200
520240500
942704400
295120300
292224100
864627600
699968100
104798900
310069800
363858400
515670300
540998200
283178500
885831900
501330200
524331700
95334200
816010900
561615000
820474200
760472600
941256200
904088600
878997800
149269300
224216700
80603300
130999100
418173100
813274500
394090400
226943500
585150300
588430000
522063800
129009600
453057600
473667200
233808500
14762600
837525600
1114000
555760800
372339300
886946000
308726200
896671000
233915400
124737100
709921200
306024800
885209700
651177500
210113400
15842800
800446800
685965400
96446100
183081100
355773700
161355900
577171500
834352400
746506200
165601500
356416200
127151000
870294300
830083400
360959500
885056900
919244200
613708700
440817700
291583500
752289900
749544000
188254600
237840500
874281100
149811000
543865300
11126100
800988500
5614000
26968900
853070500
691579400
123415000
287786800
298988300
284770900
116593500
133340700
282912300
533830200
741392100
410063300
404124500
571475600
22658000
289181400
742355000
888002000
981634400
33938600
640291900
982813600
473828400
878132500
108729900
623639400
673633000
119856000
676263200
930882200
398460100
780968900
874096800
773510400
68755800
173085100
309916500
185349300
306425800
844464100
719179600
47818000
254527400
374939300
870928800
528820700
664120800
613283800
416822700
897390400
898857600
308749800
880204000
372686000
438517500
988933900
247960700
112150600
360425200
924223900
43032800
10520500
956828000
917129700
35666100
25583800
341850000
345582700
462568400
648275900
441682000
181748000
947729100
696209400
556687300
70293100
476665300
472443300
935212100
893488000
621468900
834069800
202237900
753308100
458391000
640755400
742242100
706351700
4541200
354302500
882210800
299209300
616458200
839038900
467974200
652124400
116257900
809824200
249342300
578826300
709735300
691024300
12209500
909099600
638868900
820532100
231027900
115534300
544610600
166240100
260657500
166079600
309900
714530600
919387700
710336100
606921300
913265000
416687900
611462500
267567500
550533900
162307000
884025800
641208000
630281200
787785400
9101200
691740700
37127700
587927500
653111200
728152000
851772300
813846100
367020900
672304400
44874000
734190400
468550200
211114100
994848000
634629800
463059200
709378600
805652800
173395400
316299900
718917800
841718500
179397700
238120600
643887600
341704700
373781600
536730900
223621200
161567000
545832100
166997100
450329900
385394800
820108300
178481900
237167100
885589600
797138000
161106700
930463700
782963700
629657000
141577800
777811700
515922000
856272300
738825500
321574800
281302900
306760700
292127900
123021400
486158400
781883700
18544200
79498300
155665300
555275100
554754700
568867500
101107200
721751800
270832600
738137300
793495400
700949700
226939600
679085000
498087700
388046400
861183900
281051400
269338600
254397000
310498300
36895800
110669300
300959100
610105900
391972200
607719800
153869000
766628800
345513400
935752700
785173000
676646900
343053200
592083400
483036900
163555900
944825800
204788700
434388500
682963100
249919300
135338200
909902800
180639600
885061100
549584400
41823500
417747800
70558200
296220500
728246100
107454000
658525000
280840400
969195100
50497200
888560200
123064100
68761200
485708800
58816800
853934300
413991000
401870000
697652900
897027900
817061100
642478700
353451800
251449600
325441900
603371200
386787800
486979900
35646000
523484200
288199500
329104700
941232000
358757700
876960500
921113300
717846900
535485500
201953800
687042100
837618000
342149200
810106200
906379200
79493300
120558300
11948700
493484300
774063500
709601600
390512200
591124700
352080400
743964000
94209500
929157500
598970400
480997400
667772600
634616400
256116800
955972100
215356400
197348800
566365000
92316900
118462100
284211900
879437600
572051100
222889200
717055600
914200400
284630700
875070100
993693700
405189000
887018800
738813200
430887700
848255700
129325400
22012400
200336100
873289400
116222000
381128800
472259900
848854600
300536600
358511500
104971400
256508700
573867900
553955400
74508900
917820000
672417500
610356000
797257700
496103900
833245300
765948500
661939500
117876000
641018600
907268400
774700200
528037500
646081600
205587900
376293200
775407000
479235600
828264500
648696400
595457600
461028500
372591500
444312200
761565100
731103100
800918800
269709000
556606200
354874200
344217900
474426300
278926900
954573900
271684000
775030800
787819200
289267700
688605500
157330400
930286400
595873900
183665800
709959100
241955500
389253800
337887500
268997700
868489400
417787200
917694200
715582200
878815700
541920900
411529600
640380800
524659200
212448400
161725000
81265500
818957800
505942900
807327000
349519900
460516800
330646200
376186000
499971300
619913900
64791500
908936900
550200300
660665500
92602800
260159400
154256200
733491800
598046900
423254000
853616400
15834100
592583400
569198600
146285000
134504300
980728200
38301000
659163600
444811800
200026000
992064300
263769600
957604100
799391300
613289500
669756200
130037500
241110700
169727500
749951400
305902300
330299600
300151800
966567800
674537600
811946400
372459200
408029400
661628600
795713200
261645800
929097900
388296600
82479600
75383000
774436200
314843000
365319200
685235000
759654800
565345300
677299300
275059600
522949400
476690600
139984400
192705600
606728100
381095100
614068300
608314700
686997400
196003200
908466500
905200400
870540800
972048200
529294900
278570300
633676800
325008100
791851300
562774700
964940000
125966200
889792900
991011400
440809200
255112200
676246400
200464100
72092700
605180900
727158900
595042100
81871500
867143300
39383000
940234800
499873700
905086500
548549500
438506300
101089700
708651300
343706800
971630600
680699500
873001700
501836100
314376300
449645000
545322600
128786200
666220200
671288800
270214400
657231600
363733300
525326600
585113200
564197400
597419300
190294100
542991500
444096600
272165600
661770100
735114800
464035600
161643800
640201400
12585200
600150100
992926300
972871700
195492100
964556900
653571200
320129000
718028200
219582700
769774100
514986100
600004100
435994300
437910100
870218500
344861200
801643400
395545100
929974400
617476000
244599600
120268600
160467600
688696300
644069400
822237700
423811100
359740300
235516700
315647700
623960700
835666800
308574100
596832400
282794200
524766200
502038800
602923200
494429700
721621500
372697300
9415800
573260800
60326900
698961100
443479400
405188100
500604600
90659700
586797700
369715800
335259400
958701500
781818600
275590900
854406200
855691500
951037200
214146500
91208200
518320200
838107200
178510300
826894300
434939600
461304500
351660500
936978400
64227700
97725400
910235100
688560300
107141200
483495900
522400
57737600
926975300
657345700
558342200
269270300
244143400
179693200
856164900
202845000
961511900
383391000
57251200
817203400
586063400
523032900
908411700
104383600
361140100
86922000
931277900
47714900
799861700
534573700
984693300
864089400
632299100
146563600
804284900
991075600
630059500
804807300
48813200
808670100
462153000
858790600
329575600
706296500
38483800
185740500
160776700
999995700
569131500
469663100
817199200
406830100
992696000
977246100
511213800
605471300
64168100
694126900
653186200
864029800
228700600
637879500
979754400
112635000
36078300
784039400
355345800
666137800
588846700
404159000
726443100
302635000
514584800
56018700
260566700
804703800
493394400
421343400
804699600
314161100
142641700
873534000
720991300
386972900
850780100
232205100
992444200
166583400
926332000
645630400
282248400
406667900
535145100
262002800
519302900
571223400
297677400
126283900
488996400
138159400
782078100
215439600
440794400
296662900
523093500
701361100
101366700
16488000
374339700
157701500
330649100
768616600
31235500
51640400
155589500
133650800
535480700
148033700
300234200
713448000
793664100
834117800
120115900
328809200
347755900
891054000
900032600
645433300
17337900
389029000
35227900
799416000
856103800
727657500
347714100
379197400
680653800
700716000
395685400
306628700
858417600
977969700
75245300
141288300
281245400
230834800
274939200
816726100
378868500
826808600
530174100
172532600
660926500
650290000
752977000
8682400
792979200
904644800
654115700
810317100
293673900
940978900
861368300
149777700
668636400
209082400
780610300
600925500
909798500
176295700
907554200
19851300
405900700
982799600
161139600
687146100
465269600
436078800
503872200
844138200
262887500
285681600
268306000
175449200
187606800
272918300
184131600
980586100
177563100
89882500
42538400
722872200
30861400
903906800
872650000
951133100
364624400
904895500
552058600
526058100
332826500
711248000
545909400
738727200
945682800
958684300
425873300
410952500
394763100
181380700
506725900
909285800
718697500
26667100
84735000
906304400
299585400
520501800
138525700
728783800
610384400
181064100
451656000
641245800
336606100
575941200
844014100
952865800
480836800
647707900
478923900
813663300
358956000
276468600
552390500
304638800
235152900
229899000
967226500
881551200
411279700
473952400
790837100
129977300
500619600
127207300
287916900
51840200
647709200
426442600
780624000
509728800
859141900
232280100
150974600
195748100
808221300
246624000
148613900
540693300
894331900
879173000
354356600
253287900
155641600
158382300
809562000
642429700
388281300
776788500
523981000
51196300
502376200
566453300
432808800
254631000
693660600
720725700
306471200
593005000
398803500
338730500
102733800
257945400
822645800
505343700
453693500
882502300
751967700
853942600
423195700
646299600
984750900
777552300
151222800
392027700
935934700
212420000
34457500
324216000
989208500
558438500
627047500
743219900
124891800
59856300
997850900
70187600
780582000
555957400
663192700
179385500
894687900
17561700
688966200
968968900
522905400
394294900
851471200
526508300
499872800
274666900
424443200
484623700
52219300
827301200
876651400
239789200
39721200
911108900
815640400
28929700
469547400
442688000
772149700
846074400
502544300
21635800
916262100
534761600
577593200
831090000
965782300
723916300
848651700
906383700
692885200
623192400
300678700
544356500
401335900
800551500
819023400
825779100
285175200
122877900
653080300
413461800
362667100
692801500
324570800
429942800
973366500
45753400
872630800
997151400
891827900
626810300
18787200
59725200
413207100
596380500
890815200
630624700
320296800
739466900
537008400
264817300
614294500
837687100
809173800
15630500
889873800
628197200
841409600
175049000
2710400
746125200
840146100
617012700
438926700
164716900
46955500
663928400
462105500
171221500
661079800
605568600
49667100
679867100
665293800
462874200
527882800
556109000
345134100
99814800
547211200
882142600
364632100
161505700
971464900
425441100
428771400
861338800
305273600
270181100
288023000
307984000
267941500
128169100
924996700
958503400
544521200
223587500
622431900
258262000
394809000
283511700
863830600
444476100
215014000
529124500
158985600
994532000
336868700
504119700
345982100
884079900
637897500
710614200
297220900
860997700
136055400
725992300
973971700
692964200
247808600
261994700
948200
767385300
641799100
177580100
725888800
186320300
401167600
348320700
444582300
47611900
883467600
560048200
492088000
350116900
89172700
902708800
344648900
677676600
658463800
690631000
813391800
547996500
652880500
362247900
408994200
40571100
339875400
382965900
733535300
587684100
896595900
734483500
355069400
538395000
163698800
332593400
724715300
816501700
680914100
420932900
864113600
564381800
980981100
607836800
914498700
321789000
510545700
510782800
999465600
169009500
201413900
64492600
968641200
105929600
426740500
377635500
146500700
766616000
12236600
880036000
605935300
908832500
866154700
212639900
447227500
281488700
545233400
423578100
97990400
226147500
96146200
962104000
42164500
77127300
569940900
208298400
650551500
80486600
719081300
901652300
501131300
172130400
966145000
469772500
278060000
392885500
99043200
676195900
411136700
111279900
556231900
17072000
271747600
674021800
229712000
718975200
955510500
774945400
394188500
53501000
1092900
490334700
267240200
294892700
819097200
837181100
503191100
469648700
169302900
473907600
371301000
922069400
897673200
589081200
391842000
427368400
981966800
742520400
103564300
393103500
105435500
911431400
661810800
377183200
837088400
891522800
96158400
44234200
666468200
741982100
349370400
919196300
232316800
616610600
214089000
303049200
453791800
968915400
772697900
874729900
694458200
395634100
796799400
843766700
984715400
440276600
271135100
218317400
182797000
626334700
863056100
288232600
789401300
524866900
665415800
878125000
416389700
13209400
922359200
334493100
755191500
271729600
253689500
239143500
139975400
719413700
793827900
593767200
939964300
566525800
720132400
886057800
213795100
516931800
729824500
450145700
957208400
252594800
920098300
391640600
130564700
783154500
931508400
171601300
308021400
848559400
49726300
976046400
861768800
223720700
310539500
868595500
495450300
815864200
359374200
635425700
786913200
153202100
480828200
978512700
971363100
452595800
864570500
436793500
969527600
846030200
886939200
178371200
98625100
807037600
821647000
229189800
841827300
753155500
400791100
401483900
601714900
702152600
377530300
715119000
925873300
939705100
835349700
672958800
7204500
446359200
560019800
45752900
851196500
292483200
24265700
822559700
745079000
888836200
510988400
714606600
986501700
649562800
144613000
85126800
708235600
966260000
565951800
550062900
971050700
218378200
951546900
824400900
920530800
580712400
791155100
846404200
772052700
878140000
770998200
30892500
324499200
331018000
76645400
175695800
623501200
352546300
249890700
368580200
493017800
12514300
334822000
479519500
662077100
731070200
564646300
370312800
948965500
130598100
172010900
920016200
348976300
123557800
996052300
521142400
955905500
787207400
619181800
979593400
665347500
390180000
262121100
989846700
721198100
590401800
417177700
596334500
942948100
918703600
216550000
435965900
931217900
803007200
915485400
593295100
534077500
731766900
215243100
483043000
114000300
387254000
654694400
714611800
762447100
650746800
235754200
969987800
437954200
106571200
949581200
354936900
496751300
463337600
344783700
469584600
53739400
13596600
65919100
996687500
932300300
282469100
684288700
115153400
85476400
851409300
960083700
871189100
583176300
175326800
605867300
948811800
562580900
260561700
915058800
576663200
162943700
402448300
546651000
852533200
509019500
747867400
207470100
5770800
211205000
552253800
475355400
264944400
817485700
541274600
513267200
749786000
75378900
197555900
116574600
412490500
48965200
76658400
283679600
883776700
251985200
889546900
832588500
66201300
401743900
747647400
642864500
564687600
401730900
189515500
417220800
910750400
937383000
876326200
916521300
400223200
428580000
643511900
665167700
497700900
436421700
430070100
499122100
511800700
627626000
615696800
924291200
928226400
692355200
459606100
812003200
944340400
600788200
896226900
262177000
2532100
895509500
905041500
818855000
297240400
94557100
487711000
207990900
283575300
364037200
376147400
683798500
44252500
19659300
600601400
541953400
456081100
282306700
41075600
219517000
909932700
656772400
143808200
89794400
600762800
855049500
153432800
796738400
455837800
49659700
58915400
458369900
196804500
963957000
528860100
745680100
310149300
268206400
205306200
845359800
883878800
581453600
529158300
928131300
852748200
381395000
721720000
560464500
915336900
14430800
779981500
76904900
922838400
923789700
166699300
523601200
778839300
320132100
320339600
486312300
621427000
379255100
944682200
818231500
594847300
725177600
563911700
904996600
245019200
769217900
750356400
128898000
602306800
531149900
308664600
455055000
164180100
30384600
15519500
79517100
296450600
47136200
156422000
219289000
970925900
323121300
742890200
1400400
894888600
314865000
487712700
516315600
945755300
684030200
586182400
540602600
660843000
401729300
445599200
905862200
422582400
447590800
34760200
24889200
978740800
595060000
731579400
394556100
625444600
998734100
474073200
921895200
45870300
882130400
392819400
268431500
456886900
135709600
521467100
351775500
702209900
260815100
868091200
647965200
196480500
705908800
188567900
857323500
107638100
885802300
14820900
530220500
333393200
301216300
806745000
563769200
896276400
538324400
209960500
773356200
788693800
684033800
946886700
834564100
817799400
339706100
354630800
274686400
475415800
876098000
626461900
429260900
136913100
746188300
77226100
585028800
452097100
265794000
693987500
559735200
151596400
708808400
341591000
736624800
261659900
148336000
552029200
409571500
938295600
761989700
182927800
726989400
697658700
129814500
561553600
515458200
721155800
916184400
790144600
448206800
43917600
668241700
877467700
432465900
414430100
954693900
17494700
118162400
220487900
711482200
677897700
623719500
671925800
271123900
611979500
933585800
419459900
164008700
343157300
357755500
177633700
777720300
84745000
875292400
159170000
897933800
642385800
880325900
65753400
684165600
328532700
109671100
352407400
206000500
542137000
18472700
160694400
811267000
388270300
632817500
522749200
317803200
508172300
194675100
588927100
371787000
379896100
8387000
787431000
723053400
366142600
965064700
500773800
702522800
91992300
911579000
852091800
734378200
791904900
917845200
670179000
120437700
279151500
274221600
578073400
72923800
292694300
990403000
884190800
932599900
874855700
406940000
250403100
634663200
853250300
839330300
6450300
233146400
847717300
793881300
207835100
465495100
758946000
960244100
419653100
102573500
871823100
271744900
836951700
663728100
441225400
758766000
35801000
720376900
32987600
613874400
793300700
577317200
855912600
677491500
509917100
730768300
336066800
760320200
365431600
189317100
599650500
623517100
422463600
699003100
417398400
630298700
416133400
427979600
590542800
87421800
530553100
714001100
359166700
619140100
377729200
800392100
629541300
665165400
520769100
662528900
530675000
565705000
239846100
386587600
243196600
749763200
368991200
579263400
510083500
986058000
20215700
361369200
609575100
694314500
312007500
278608700
324613200
728141000
958223500
166791200
815562800
488776600
132427600
426364700
359551900
510156800
226756900
989093200
426957500
999161200
903257400
957632500
564866200
143103500
595855400
59698000
144502000
216481800
638961400
654585500
202539800
910812400
267589900
63750100
605126900
579597500
342358800
181375400
559373700
300582300
348166600
374936500
40994100
732229400
52936400
652181300
242386300
531328500
892909700
920979000
530489700
796167100
878611500
346991200
939270700
726102100
406689200
83772700
942583900
297285900
989993400
396758900
208098300
509218500
460509000
813225200
340451200
802867800
994600600
899824900
355085300
594402500
526396600
647714700
326631900
579333100
299896000
820653400
110661600
192805700
741632400
892786600
988972900
871879200
239777800
179878800
849616500
898102200
515286700
792200500
195388100
756915300
440594600
655121600
266133800
901103700
719982100
606585100
955606700
714582700
758045200
310692100
560620400
284441900
958406800
138887600
115410200
509938000
959541000
226071800
702743700
952808700
370493600
943351800
76323100
610271400
374865800
177574800
760008900
890152500
221410500
207032200
898703000
662005200
862153900
164836900
563108900
582136000
23057200
518715600
548353900
781102400
81042900
108974400
65544300
291084900
247862000
432589700
801022900
459038200
658661600
755401900
663482100
280790400
950388900
991440400
142697100
325254800
420650500
902706000
467042500
642061000
109738200
365745600
304066200
971892100
782217700
118810300
805663300
805274900
637526000
354017300
586377300
970204100
462991700
903556900
261289100
962488900
336146600
313947200
673162300
246443400
320984300
588279700
527233900
271373300
831355300
669931000
596628100
252005800
824272200
315305800
894066900
934010400
681051400
449768300
157537800
714904300
568578700
963201100
520179200
457739900
317218400
358191800
427944000
31845300
513383900
940868300
245969400
101165700
506450800
170767000
599244400
827435100
759046700
126478300
98808400
590402000
48044500
947071700
94043100
123951900
514012800
988110000
57962300
446699400
689513500
215500100
161603800
258092200
430336500
681783000
967467300
747554900
291610000
647046600
31035500
804993900
839550100
277004900
157794900
346000900
699407100
757039300
173436100
458453800
135152800
523879700
300491100
434832500
722586700
394534200
558784400
236599500
634279400
616746700
683298900
575428100
83882100
844902700
833520400
765853800
778321000
52622900
513408700
69931000
699669500
796079400
126560200
539219700
324719600
284355100
885220600
24126700
41394400
310291900
734215800
428182400
834171700
34706900
863014900
808393600
680876300
421799300
44993100
566790900
290181200
728292000
142219000
625698500
573194800
227374600
391552300
603151000
531632800
156596300
673082000
231302300
204310900
799642200
770522000
529030500
335632500
907377900
804792500
628662100
469305000
539008300
56844500
303476700
825350400
171494600
363505500
506226700
844929100
408498600
324652800
386745600
388425900
718507000
12444100
213255900
197516900
655631700
816406900
729149700
63863200
489488900
212087200
268174100
540766400
982609300
48839900
876398900
141622400
853632400
756696300
610927400
392640700
813540800
166039400
217991100
985035500
529544900
975853000
81599800
938043600
552141000
468345400
326469500
270648000
732424800
539725400
719800100
639691700
607767500
700585000
703554900
97256400
912672300
223364200
889658000
146916800
272204100
766057000
288539200
377471700
522753300
151101800
770112400
587929300
317141200
239738700
824600000
98321400
467226900
906199900
288000200
19367900
626180500
866104900
541651200
358605300
657465500
261451300
998297000
265233000
213671600
953487100
362489400
126343900
176851400
503782700
273260700
700690700
521474900
813435100
78162500
44228200
964536900
99910100
883792700
533313400
591284100
960028000
631634800
58511000
866227900
171270200
77879000
492408400
37375100
619530200
102649000
694840600
132616700
100946000
960073600
346288300
54433200
574198200
724267400
482919800
77980900
249163300
183610500
599455800
62598400
513408200
895319200
278770600
613318400
30747200
63719200
204602500
990775200
946989200
263113500
108638300
118259400
592627700
852681900
155634500
463793100
955330900
850475100
848045100
307912200
62183900
445968600
613980600
888017300
170236100
96900400
217633500
419399400
532146100
68724500
733633100
45554400
215679000
264038900
910508000
246426200
327758100
366745700
488836600
274747300
881494400
597474900
393006700
725757400
450156800
548641200
189550500
405487800
650751500
37595600
965035200
964570600
483564300
579015800
104223100
905435600
927551400
321856600
576470200
459697500
642216400
310103300
756887100
857895400
574142200
919030300
355956800
153535500
285776000
844793400
428282800
418905700
442268300
72924700
144663100
144060300
621565900
334213600
801183300
523952600
623444500
766218500
740158400
358644000
345234300
844381600
264079600
272785700
417873400
840549800
984118500
311725000
402288400
992640800
169620400
976430600
911671200
777212400
381601400
449082400
622005800
809884200
867988100
315909300
882809000
264286400
711604900
756010100
598500100
512788200
531598000
473579800
279006800
271756400
832223800
875876300
367773200
96303400
400297300
37281900
188488400
384415800
349006900
590776800
628691800
770262600
818842700
540363000
547475000
200444100
989445500
421116100
261963500
109068800
988660600
144772500
373355300
700265500
152417900
223490600
464689000
684015900
697070400
743695800
207407500
780929400
871207300
826816000
877232800
271504600
115733100
317356400
907555600
464740000
908133300
536247500
235002600
978611200
76610500
34112900
179055300
317691200
706864200
692654000
678395300
695524800
837426600
303385800
647425600
989844500
526876400
112114600
925495600
475582000
855810400
384538300
256511400
727017700
211354300
385379400
250157600
327087400
702735800
157713200
43462700
862504300
693960700
530100500
841115500
22206500
815848600
271806000
339897700
522712800
964460100
269928200
218237700
53521900
573314000
865663300
295001600
100190400
977777900
220497200
827407600
85223500
856670700
83919000
63876400
319660300
469298400
314034000
646747700
423669500
723382500
941845600
286173800
417343200
471946200
378924600
439549700
287794800
902365800
31082700
810507700
866825900
301010900
280380600
171983000
125960200
397679100
466984600
226150600
627092200
939117000
305193500
712315700
795787800
389112500
27827300
115448100
110046200
593496600
13831000
533715700
316879100
955676700
71524700
985857500
679258100
450449300
425407300
218688100
352815200
708125200
280831000
471276300
260771300
561211600
643259400
386731500
958890700
361879200
864517400
585982900
300996300
169710900
549933800
348419300
810458600
829396400
463867400
920504800
422893000
729333600
705855700
739772100
936645500
777380500
725629600
615903600
479465000
402672100
86227000
83915400
362432500
367058000
555191800
623203900
928269700
450086400
9935400
138795600
811965600
126088000
976413800
364597100
295798900
526347600
713016400
106257600
607379200
428519000
278397600
30272200
157852700
984253400
21679500
346133400
761633900
998944400
962037100
492734100
401616500
48264100
576649600
764049100
415322100
383476600
638888200
595227000
833563000
900458800
985657900
897163800
26546900
962071700
261761000
322345800
740054500
974777400
680238600
347433800
654931700
958636300
377706000
812784400
194524900
651020800
158917800
207794000
649965200
372590100
700528100
303216900
672489400
277177700
67266000
339446800
660654300
957789400
186309000
745852500
858248300
171966900
643016400
884795200
134038600
904777400
458776200
125728400
131190000
139014900
473162200
786121700
349286400
102503400
850541300
543811300
753524200
261094400
3240500
403489400
633684500
703768600
706706400
557809200
232581600
25607600
897256000
893235900
983397100
83565000
890723700
93280600
507167200
785375300
978075800
641205800
690152700
436852000
766934200
72977900
827502100
491731600
110734900
176788500
594235100
961276200
972235000
599394500
474005800
975475500
254519200
107690400
930879400
961225600
917134800
163461000
238468400
814390800
308332100
473500700
149591000
199055800
566781300
656758200
984431100
544857100
549599300
926219000
233344400
568168700
250832200
60846500
311535600
361567100
237635100
905770700
574478500
461505300
756800400
48484400
688616100
11319600
407810000
619495500
972545200
324944800
782956500
462648900
390970800
91288600
936149600
540561800
541979700
754566200
448955300
526410800
299423300
250189800
452629900
532767700
69993700
955097300
845249500
381529300
316664400
82884600
538935200
891142900
796025100
295735700
191262500
484641200
307055300
599072500
355771900
531235800
924017300
138728400
993884700
314988100
481652300
181669500
107185200
23632000
936235700
807775700
550042800
487294300
309600700
254307900
271697200
379594400
209405200
116946700
12759000
777704800
451466500
803329400
920483000
247491700
99065100
111745500
983768100
657755700
710818100
339540100
440626700
634835400
729903700
686146600
201458800
211556000
867816100
560279200
235188000
55687100
368054900
36866100
542981400
929290800
542809200
66313800
560520400
752214500
183260600
573279400
781554500
634727100
376608900
702037500
133854000
727309200
813783100
369257400
636700100
776236400
960432700
77326800
662707000
690336400
763473400
864165800
153527700
631289600
424445000
640350900
938611900
44135100
677217000
733228500
973425900
471661500
799542300
533946400
475511200
982802900
358861000
257065700
869165300
735469900
959103300
3019300
714414400
24521600
623911900
351114500
800758000
584344600
428441400
463465000
274681100
191914800
579266100
679844000
74839600
255346300
320194900
13451500
299481500
249047200
746680000
524542600
720708700
797857600
58489000
196219900
32295700
417350100
453285600
901461000
404455200
664024100
156115600
118869600
688545700
780027500
721619400
740938900
364372200
150060800
456039200
890688500
593610800
286940500
570532500
668450500
542286800
890727400
933537200
93403500
139774600
931852500
617946200
860483300
981345300
676435200
308338400
13641000
345420500
761624100
915102100
749875800
677283400
322852900
120380600
617464400
102880400
93635200
358403300
718887800
495331200
66077700
609576300
88942100
604653400
180108800
9027800
146940300
322471500
194200200
240343800
462246100
126052700
109925200
574364700
107398000
786360500
134338300
372674300
383416200
895962400
287776400
384927200
573245900
610629300
505307900
190710300
965144900
850578300
800748800
684032800
345909600
118461800
293609100
434851700
723115200
725353200
695514700
121690700
47824700
889714900
362034600
761706000
267402900
471959800
587705900
626436100
509955500
722044300
999110400
145007000
869641900
538522000
529934200
694523000
400786500
35242100
885233300
365931500
137455700
937617400
301599500
483365300
56079200
595208600
918217000
30829600
572197000
865366900
152520400
620021700
755081800
766190200
633363000
274119900
489785200
221068900
900556100
999740800
194748400
899666500
396383000
64390400
438188600
926317200
758913400
90610300
213194600
895782000
456541800
350650300
85034600
758141300
834015600
392749000
604985200
3867800
423578600
177182200
869234700
576099000
48839200
624316500
593924400
682202200
898436500
83709700
154906300
50627800
335085700
601290000
950294300
731468700
917315600
640118100
657785900
927864200
730728500
870980500
823646200
438905500
221630800
160316000
448682100
55646400
553065000
53667300
59514200
228278900
482484700
180384100
56013100
531323900
804700700
649937600
465161300
954772400
733647300
620067700
257035400
68733000
472992900
458964900
800201700
390308500
99083100
709622800
318172700
81446800
580603400
393454200
771987500
53869400
553770200
220669600
109515900
358470500
525972100
420665300
586749400
8456900
601049500
894397700
539780800
657385400
544335300
4942200
863793000
277982600
876645100
120828400
598350800
349638000
579793300
398552500
739946500
930511600
359810600
309754400
263593600
940414000
703208600
287216400
994283400
508614100
507886000
355434500
118719800
33858200
27735100
957104400
42315100
880419800
851502100
833731100
789440400
395837500
838673300
653233400
925455300
966953600
25697000
523806200
316591600
857125500
173993900
308173300
39272400
533804500
617927800
554501200
725853700
572771600
841717600
720137200
333020900
349603700
327206900
703375900
635097100
354942000
660480300
929047400
235361800
511982500
762778500
24802200
159455200
601451900
929670800
84910500
568405500
207003000
860351900
136632400
64128600
34345900
696440900
355036200
819785600
566003900
909537400
545639400
138775600
751255100
517411800
723431700
352494000
844618700
426807700
987591100
199560800
338923200
168273700
686557800
850905700
931052200
962995300
10360900
784139300
144301300
346906700
604180100
351304400
207258600
740812500
667068200
493239700
437253400
22104400
313025400
3257400
931641800
858664800
393668200
934532100
376076600
368735100
287026100
472330500
47178000
526252400
671891300
386101300
694526100
610084400
237007000
877213600
573079700
499003200
661352900
717381000
97545100
265533000
320320600
304803700
257980700
987388800
49678700
695234200
261128400
362704100
950126800
444405500
473004100
595430200
378937600
849080700
964165300
917599000
321411200
11343400
695486600
244937800
397444700
641648000
106657400
886086900
518861600
931372300
636725300
180214500
900388500
734270400
697382800
220709200
290709400
955363500
459733200
340388100
902232900
720861700
954727400
852359700
165267200
427731500
699425100
544204800
528447400
663590500
713439000
101493800
926569100
408925700
346431600
575649000
302208900
704724200
713371100
821070500
636096500
350096500
252920200
536485100
336002100
950303000
8829500
878346700
157301800
468562700
218734800
59534700
441059600
173462200
163529700
606326800
852828900
862954800
402166900
381276300
778180500
115605900
482770200
956384800
776166800
80837000
783669000
78375700
785561300
497040200
151081400
673293000
98771900
404001700
461413300
686409200
605939900
470242800
564756000
763241700
190440800
35126000
74411700
631500400
208588300
237941400
237827300
61417200
352531400
891629400
694328800
382347200
7235300
177099000
338732000
35037400
257936000
122401100
113413100
43497300
619441300
516129800
716790400
969848400
920131500
178203700
656257600
777706600
900081800
221013600
792583600
90522600
256139700
866995300
973658200
716363200
356571900
463120700
29415600
960738500
354750100
723744400
343085700
613620700
152478600
681817800
648658100
410414700
804218900
13706400
453912000
675295400
529836200
422337600
896779000
701602900
852176600
553036600
479309600
752258400
25685500
523528400
94416200
533460400
642158900
68074400
501458800
998730800
531195200
782509600
211104500
885945300
757889300
554190300
751201200
910367900
236008100
399859300
320782600
291862200
413565800
26329900
218792800
195037200
700302700
115571800
896640200
552479300
920243600
627585000
304737700
945929100
151113400
650789100
731024700
793272300
718863600
232483500
43638300
501694000
14993200
254742800
639274500
772882500
60568300
390475800
934885600
296576400
41970300
255668300
840073800
455536100
533633400
58866600
650573400
233936100
174438400
798848800
786415500
94682100
426433800
342788400
292246400
829182400
993577600
23271200
874089900
964076400
255754700
169363400
717405600
522383100
675741400
608315300
546900800
736309800
998791100
481786500
32886200
40761500
989090000
872960100
747932800
522723400
183461900
650141400
756659500
609535600
448990200
794710200
704217700
875424000
137498700
248099300
956241600
382711500
271370500
830331500
598423100
778760500
999694900
315828700
552778800
675436400
175779200
99679700
411746200
174570400
833101400
696267600
466967100
822191400
820862900
466535100
344914800
4324900
116676600
353209500
613860500
565666800
147919800
569713400
692726100
537053700
817812700
648967700
171400400
340818500
730934500
21458700
371214200
730629400
588922600
923993000
657701000
764701800
275307900
321082400
939272200
108409300
17350100
657874500
930600700
838213000
124409700
527150700
94173100
241086300
131995500
959668800
58388300
531550500
529382200
2749600
320239400
598830200
651717400
491639800
191283900
634287100
513098500
562498100
364916500
353656300
486491100
274252800
118358100
13434300
595335200
309265600
121843600
612685300
967140100
304079600
702533600
343185000
82865500
48341900
835906500
214861000
8010800
894294900
998046700
789028200
897044500
318286100
387858400
800397100
61561100
579142300
434684200
826294800
393275600
51236000
179951100
131402000
325488800
298309300
144836300
920824000
607574900
518315100
785144600
826350200
822394700
739313400
169535300
156895500
787655300
257077000
623391700
795666100
151371900
621438500
584694400
300051700
191359800
224188000
352084000
252921000
54965600
38403500
79215800
448241200
341274700
259167000
579643200
666763500
809111500
976114700
839222700
416686400
494429900
876002500
494671800
568459800
615315900
915842300
976990500
402971300
172919400
600382300
450272600
575926500
473456000
286602200
127613400
664815800
762425500
731332700
169372000
817391100
769736200
248587900
517267500
111010900
759390100
348546000
29409600
568501600
324660700
120267500
236823200
70725800
247905300
731495000
639185700
863221200
647337400
616176200
517827700
71892000
468193700
219735600
647818500
941649700
757973000
27067200
858100800
520398500
758399900
27472800
589424800
779771300
527695900
358327600
142417400
287086000
706873600
423462200
855587600
283169500
543729700
92410800
605530600
43270200
75541100
244716300
906491500
974513700
112527700
675954400
46405700
832356700
147325200
945859400
25641600
905298300
224561800
883742400
677332000
982961700
162850500
266756900
762733000
690546400
876719700
156785600
977632500
583593300
580247800
84855300
118398000
375612800
428901400
723928600
418883000
504442500
220280100
577009700
478956200
584443100
252964200
776997100
416799800
400289400
974491700
694076600
305587700
199053600
577819100
982919800
433650500
992304800
501311900
448018800
682851200
378031600
604804400
912118900
213260100
185052300
996974300
583293300
560665100
425875700
558857200
979548100
181953400
779137300
556557900
660909600
615215600
61157300
689541900
32015400
461446700
664033600
726092100
18669700
114722400
555546400
253224700
548373000
799486400
6171800
996391800
482337600
635838600
852831400
646091800
849098700
37883700
643066100
684027200
850184000
320577000
242884400
81367400
502530400
273657000
889560500
415075200
888872600
950717800
104617100
172523300
663799700
20285900
150250600
934104600
386643600
705797000
438964500
935016600
756918600
445136300
183043600
239256200
80974900
35875000
885348000
181708800
325394000
780049300
865736100
175578000
100626300
360255700
508580600
854791900
633912700
398141100
269867100
522785400
600494100
626119400
695308700
264293900
898040600
845559300
450033700
284684200
802991500
888998300
471336000
559910100
334134600
654379600
50801500
666744800
941889800
187784800
848453600
518919000
219469300
965824900
946132300
571730900
577715900
454712900
426522800
211628600
852854100
696390000
986049200
453348200
574144600
681357900
969277300
472185200
778552400
419311100
756869400
833179100
559944600
479840600
644724400
145714400
134220200
947161200
812459200
327745300
134946000
912548100
98299500
606050500
130008200
44431800
177781400
707724100
499144800
604304300
919352800
603634100
552329500
905402000
308617500
378109300
838395200
277894900
850294600
868582800
948841200
858799200
701762000
508785800
338639900
598121600
654500200
724495300
545282800
718594700
303875800
931864000
631142800
402175400
537914600
761151000
446607200
715696000
720510400
945752000
571635500
639863200
801021300
375600200
796900400
109638900
753709600
886930800
639169000
855639400
755513700
588010200
714438600
708910900
348431200
304713700
307032500
254566600
29209100
103950600
973161300
333084900
35814600
855939300
986895500
825364400
868725600
433502800
541060500
589236000
630890000
364331200
480734400
431911400
991566700
277634800
793185500
745276300
164565700
432354500
852550900
171714600
271999900
818624700
880625500
872066300
123338500
439293200
126632900
404182800
543243800
351429500
988902900
579058500
207368800
975798500
404422900
76094400
660936500
197118600
916965600
291826500
813085100
397700000
975373100
804651800
675334900
768558600
801563300
91535800
452548300
654114200
263250400
724548200
724374100
395511100
596614500
847712600
834804300
974882700
503530600
378048200
326312200
492433600
208741900
785316200
468232100
864800000
113045900
129168600
313553900
30011500
672630300
126639000
427711600
648003500
182926000
354681700
668197300
984489300
446217500
120745700
890238700
961103100
96929100
614612800
356614200
945178900
713960700
191418500
920061600
217491300
821101900
498009000
709924900
29843800
283325200
429792200
146279100
396371100
810596000
459833000
426382700
734861600
838107200
854094300
634500300
21033200
460411200
302697600
257157700
906628700
675078500
399031600
119367000
23642900
265279600
475981200
968821800
979240300
919034900
140518600
448366900
740136900
638527600
409927000
21615900
921852800
839719300
419530200
318224000
901950500
879363200
744606700
636812100
969105600
850336200
271312400
241774000
562382600
825645300
498931700
720646500
752359000
149598500
840013500
776001900
414878200
315994700
996458900
645753700
486664800
136977500
94120600
226801700
775505100
504047700
500052900
948993200
595402200
919583100
267217200
748987900
50581600
263459100
385800100
19687200
365430500
908747700
261461300
927813100
986028200
12028200
648459600
990022500
413262000
488473100
766024400
79775400
56103000
14118600
725529100
542767800
151096100
71285000
21204800
178236500
826967900
521257700
127229700
674005300
692476000
646082100
422993200
743057600
161176400
60428500
14380100
526606900
220811500
527476600
706055200
206839700
791140000
354514800
196862200
204402000
94623100
214521900
535812600
402361300
228640500
512977000
196764300
631371800
835897200
217969100
61243500
662865100
990862000
440108400
588505600
934973300
337825700
11498800
929666100
499002100
323562600
944046200
277244200
544374100
723158000
983299400
751213800
514298100
589449400
199711300
970335300
935707700
414233200
506148000
338069000
894508900
270760200
786468600
777515900
106657400
256072900
838759500
769522500
498570200
530503100
358028100
433543500
868328900
621162100
363209600
367331000
944724700
558891100
644575300
740734000
282049100
879509900
491947900
47982400
468959400
943294400
18317800
656302300
609162800
776101000
246006600
755306900
46861200
32475200
532822800
153518600
288548100
623217500
174676300
787118300
153720700
784339600
472297000
22049600
657136900
87141900
641015800
601861700
646033000
537226300
594230900
179717300
416736300
86178800
227699800
137330900
281108400
497652800
793633200
890271200
273753800
291275000
645578100
572250200
323750200
430036200
725768800
863933600
53253700
152080300
902687100
458609600
936419900
374984200
732294400
593556800
713761300
373310300
447053700
359794300
162171800
41284700
539511600
830543300
379098700
18846600
967874200
911842400
516499400
13142700
802113600
790253200
556052900
699327000
614138600
879803200
129363200
591542600
995372000
434252100
743622900
898059100
892861800
931678000
524678500
625156200
776870100
238439800
250101700
223923800
598234100
412273600
516843700
389381000
242816900
147577700
408227600
462326400
59420100
924727100
727104300
113168900
966615500
283157200
812495900
580754200
414595600
193494300
172296800
409967600
627746500
167555000
308026800
772243500
99233000
84340500
397399700
876103100
322780400
647501500
351662200
172649700
311410300
120141100
562030700
554227200
267718800
221893600
268188800
578774100
398255900
246928300
691943100
364871400
530085600
756074200
197260800
196316400
201203800
621192900
606284100
828950300
40383100
165946100
601193800
139616100
250286600
250228700
267354500
573067000
149365400
619016700
745716800
460775700
990793000
559382700
266638200
258511900
781276300
534827000
88921200
431167400
33390600
32499500
47674100
563476200
788573800
496570100
11427800
241412800
117763000
617711900
70363100
409781300
35293200
923192100
549397500
285579900
425056000
68387200
110282100
574421500
939039100
107634100
35197200
929832100
667016900
553470600
188344000
699928400
339932900
528900500
131095900
373323500
561400000
178770000
188434900
601609000
675340100
199862700
843021800
44738400
69209900
165020100
454519700
104503100
339847400
255552400
641718200
764903500
575574800
752000400
590960200
514613900
859634500
877792600
444446100
778286600
431263300
884425300
729850300
771196200
413325800
860946200
396154900
974725900
291351400
584589800
827970100
218326700
36087700
670992000
514700300
105297600
836012100
220855300
461436000
427494800
728042900
103154200
192398300
303617800
855154600
783358500
818231700
966424400
661151100
514313000
744711000
344049600
398738400
474561300
115245800
812064200
587142700
511400700
38425300
130129300
347625700
118030700
348456100
383713500
789022700
114791600
740646300
876670000
335646900
202082300
304164800
63689900
305236600
748198300
618942900
160391200
783192000
688809800
378450800
444343200
203122900
123161900
40028000
601861300
849358400
155273900
665560700
436501200
918309800
955621300
566630500
517570800
73652000
166721800
901284300
862674700
533148700
893565800
990979900
868795600
95648200
295144800
184120700
400884800
43343100
54698800
812911200
826535200
743508700
191362100
522513600
946631600
566159200
562541600
548492900
415517600
969450700
214053600
103654000
139395800
421310100
921919800
656966600
494962100
88641600
809886100
357636800
873425500
703451900
348616800
742221200
799100100
895396800
177977100
451620100
190375100
232676000
264531400
268545500
227819900
707528700
791059100
174451500
273687900
605236000
974579600
689205500
826321900
440268400
792859600
217352900
861578600
714779400
874319500
356540700
55056200
935840800
714177600
928481800
890928000
314429600
922338200
941663300
461461600
351950500
393283500
651836700
836261700
909450100
920382300
64081600
616978800
963076600
238533100
890666700
568312600
464747900
579872200
646269800
905016400
624367000
863622700
766595000
590781600
989577500
123135700
645837900
177053500
88948500
825954900
67981500
655013300
748293100
9644900
116474900
100243600
654563600
768311700
936505400
564013700
688694000
252222200
180992500
651770600
490755400
323294400
471718500
207138500
154801800
117988300
112154900
779168900
233246200
878749900
369950500
222823700
253520900
267423600
651512500
594104600
93378500
719494000
249118000
841671600
980774100
617228100
193550500
635337700
385539800
381691100
450986600
325869000
633913300
883614300
229274900
376303900
206908700
700993400
583442500
361710600
70616900
695597400
392514700
555498300
825982600
762465200
29957300
79503500
29888900
681469800
925243300
123267400
400963800
174361300
216574300
381738000
43224700
410124800
268710900
680399700
791815900
971332800
6268800
425729200
854947100
487178900
53668400
313491100
188172300
637110900
926836900
510424400
332708300
319351600
65922700
158690900
333452000
95880000
489829600
363340900
777349800
666708200
738243600
429948900
92704700
954817900
63322100
135929400
616577900
583668200
816329200
660029000
555001000
74233200
337393400
661583400
561412100
391061800
975074500
1219600
28172700
901911400
511644000
612516300
472898200
829201900
22842400
806350200
176717200
764307300
169691200
205702200
431015500
159570000
635651100
523720200
366023100
950608400
659649700
234236200
534276700
475978900
894265200
340912900
550212100
483293800
2496300
111624200
874355700
229206000
364479000
154163600
382752600
876123000
766679900
855650800
956960100
789522400
662001100
133677300
553829700
83327500
339379600
236480400
242897500
226665900
760200600
860555800
428909600
419850300
94792000
963186300
147464400
989057200
555734400
949311700
472351000
809866000
312571100
598341900
39072000
677050100
752505600
421824700
804808300
519185500
277475500
761768500
560343100
191111800
895445800
365808000
274439300
486460600
602288400
768972000
964761800
362489100
629527800
393671400
33974600
724319800
608492900
433074300
713377000
415862500
382386000
437363300
225728500
946592400
35705200
264800600
623642500
39846000
938260500
428450900
810666800
215736000
441854600
371009900
658483100
588935600
988453200
932922400
75396300
590741600
701894500
291793300
204865900
331422300
937099900
490475800
55742200
545592800
923550100
20754400
213090500
557571300
709752900
438819100
504163700
997093400
703619700
127806300
36939400
893515400
807892400
847606200
109251400
249747000
470251400
19369700
838682600
458704600
952292200
165714100
301081400
905821900
709142600
505947400
237244200
646242500
248058400
544621600
443470500
171608500
817011300
656561100
729179800
526764200
95380200
233343600
523857600
50635100
612785100
812432300
944150500
672312700
911673700
305037100
173694900
381925100
324406900
264012700
92264900
528334300
429726900
393346400
434156200
138869500
150929000
671400400
36747300
398987400
467657300
480217800
822231100
284668600
136778900
551410900
63068000
483794300
36389700
838560900
534429400
900810000
650993200
478579900
573122700
562666900
35252300
746817600
196227300
611294400
10830400
288492200
139628700
692192500
933473800
573784900
82697200
84402800
496820500
119444500
735025400
964477800
599662400
557256500
500781600
988076500
108667500
563849700
471870900
396692400
402410600
6300300
297502500
53403800
736515500
122260400
867705900
23403000
869078100
63933200
634697400
131543700
604060700
774326100
823736200
537534500
348111000
158068600
873572600
844931500
277513200
608598000
61044600
128810800
165854600
561826200
116887300
526157300
377311100
840393400
174484900
779721700
98329000
471987400
84760700
834844500
594247900
204101900
858247500
714961200
519670300
744580100
846504900
123731000
518906200
921876300
912900800
118652400
331580100
786473400
215219100
609093300
395071400
276263700
989539300
812561200
89725200
358061900
590353700
467036300
198455300
764838700
498393300
296784300
488461300
834789200
383264000
82709200
38891100
493146700
49305600
558561500
237726800
147445700
682292500
756633000
69322000
595193300
126920600
400902200
633301900
342139800
261630700
280008600
618403500
502805300
92569800
959763900
860867200
934558800
678435500
310957700
699397500
176828800
859377300
439494000
11618000
494276500
522203300
302144400
987423300
823144100
860705900
476785300
970589900
542998400
485053600
39911900
389827000
611974200
692449300
23128900
954114000
205715300
303137500
824152800
960155800
647342600
783916700
72658200
833536600
462352200
383615900
532934100
890816200
494628400
224063300
154069500
988905000
746266600
456213900
976328300
821046000
316919800
704748800
791635900
111553400
189802400
83183000
753015600
801776700
27267600
776144600
755890700
484618100
330917300
580043500
444773900
229895100
363960300
517432100
63431700
77947700
152683200
848001000
220399200
898946900
72064400
374468700
887851900
69966200
82317800
115815400
891012200
399237600
820564200
934283300
762426200
10366700
17466400
515441900
812143400
44734000
291586500
819669300
529352100
874139000
399712900
225761200
355669400
15308400
743193300
670736300
344891300
147511700
518737400
565290500
46458600
842437000
191394400
934310500
164038400
273712200
301761100
306685900
672949800
122325400
240969200
687011300
384327300
510070800
202453200
196470700
806440000
745674900
16140000
587427300
871449100
667488100
813188500
227118500
682796500
808017000
897854900
27687900
955528800
668227500
844613600
1987400
762299700
36008100
187933200
177973300
309720300
489694300
484659200
234305400
863654900
977263700
921316700
499617400
738969700
123769900
696088100
545409800
121080000
963863400
132837100
992529100
882986700
197660900
219647700
817418500
5677900
369137800
96741600
212841900
37365300
941355200
214829400
51300200
977363300
654397800
229273500
538718900
395727300
965568000
773024300
511017500
194466900
945976200
10634900
933436600
321381300
958358300
478846400
442461300
173856900
863318800
434990400
56843600
60979700
654638100
874262100
318292800
23775900
971003700
531134800
312776400
163994200
997599400
615711800
141357500
903632400
844985400
931711600
299359700
62188600
704735900
810377200
256655500
902347300
72647400
190092100
223728600
31005700
920573800
666189900
204862600
35527800
101180400
513341400
96507500
7453700
639238800
666435500
282864900
610242500
197570300
847276500
25871900
446804900
462988400
167229500
350437300
559609000
98941100
649797100
873432800
55312300
711809500
130088300
957659600
784456900
571815600
433023500
67097800
492389400
99213400
523595600
527917200
452029000
36937100
876059900
711118000
676175900
542495500
993982900
538053600
991701000
92894600
815560800
438506000
555883000
234425500
788943300
367127200
585001800
690375600
240560000
640314100
402185200
622283500
849609000
438277300
194099200
534267700
757010400
686488600
633481100
280606000
466041100
337145400
569178300
342101000
48263400
496989400
136231700
293881500
286678300
127932800
386776100
102239100
566438800
194294400
336664600
607017300
813056800
921666400
297393000
53616900
813615800
951213400
927535600
663224800
389490700
121634800
449127700
146501100
59758700
334244000
678742400
525799800
671389400
247920700
119536000
971288000
744910200
255767800
265169500
31588500
383700600
903580900
385462800
201774600
97875300
722127400
60427100
162567300
643793800
357820100
467819400
709044800
309033500
395355100
623904800
950159500
516989900
73032500
348295800
828383800
407276600
27038200
354183600
78666000
274959000
473719700
301589300
271504400
981122700
818394000
554728100
616458500
721974900
940190900
818233100
71485400
913953500
130295400
234052800
809382500
488115600
701872200
518427400
797149100
348862500
142332200
998943800
117487700
215364800
347239700
945871500
874276600
374277900
551690400
952942600
900872100
277045300
506167100
172376500
258168000
324561200
978739800
874626500
46536100
170565900
944494800
369656800
84519400
74790200
603709600
145537200
814541000
557217000
663964600
863325400
906079600
57932000
862269200
275202500
524932000
209508900
221074000
399208600
583786900
772764400
603786500
484659000
49809700
109953600
908670800
559612900
434514800
887410600
434239400
732686200
309611800
630369400
102343000
394131200
956794900
706052600
539668400
771335900
514904800
455268200
634661300
672619600
764835500
496930600
947822100
289767500
706439500
168896200
940611400
541861600
193295800
544397900
278155900
243105600
905986700
186826700
54353700
340501600
325872500
740228400
73187800
887119500
370597800
427166000
281250800
579027900
384853800
72554400
350363900
899758600
779457900
236660400
572378300
544293400
733591000
771835600
834060900
691665800
940731800
26307500
233527400
385662900
570705400
763318500
880403700
476692200
201780400
934757400
68829000
779288200
674985800
393652000
666407700
297218900
820818000
199293700
876246800
205671800
523483400
226610700
357065600
302941300
463271200
929443900
847234700
448497400
701279600
932930800
140163200
893646600
959238400
625325900
279309500
781579000
640279600
159713200
509906400
842060100
94470700
578735400
621348300
21091700
972387400
287756000
318310600
44840600
738685000
194557500
250512400
262168400
672803400
607578100
565109700
387709800
788657200
663979600
836207300
741572000
848545600
228005700
886853900
59419200
104966800
166163400
840998300
745246500
577511900
602539900
587306600
923617800
181275400
460290100
944709500
405298000
748046100
514655400
701773900
738366300
709212900
203921500
534700
633651500
63134800
565644400
21361400
851792100
481259200
857568700
844999300
329804900
337209600
731853200
640859300
442176500
149651900
481857600
187423000
978799000
336032800
26364800
154052000
517308200
486654900
350396700
174241400
486336200
865052100
876015300
224702600
825900200
79936900
225237300
459551800
394706900
42517000
732548400
246499000
523776200
841752300
343133600
105216300
178961900
326622000
746075700
872773600
476273900
479568500
60196600
706708100
815601300
86561400
860760100
584544700
824851500
211156900
758786200
311187800
327844200
886436700
535890400
153744500
218008800
761127700
864931500
612715800
803644700
597479900
110850000
579056200
690867400
453983600
684272500
869829300
780605700
681983400
742603000
508514800
161552000
54434800
466858200
228788500
392631500
327618300
813333300
217483000
790410400
823754700
528670800
118254700
961826600
64561200
523634400
179835500
77324200
388565900
44186500
880968900
237681000
155036500
711660300
928548400
860655400
647568100
50012900
892896300
329551500
44251100
653046300
742738700
98686000
119904500
971527300
742952700
699158100
784860600
960435700
741203700
860250500
740741800
859458400
822077100
805303000
634728000
253547800
882627200
274929100
297734300
15231400
764245300
704406100
978526900
692793700
816696700
626095000
994441900
961228200
955646600
38693000
614274500
698385300
389014200
985814300
669912600
383602100
936607600
706408400
344037900
677811300
566658900
84779700
537269800
640371300
141717900
423633000
893919100
275980400
698562200
191653500
542847000
462807500
147694800
521373900
407236500
964391500
147469000
401678400
925619700
354750800
692006600
791529400
304771300
332656100
28978900
226319200
716258200
965586500
932727600
311931300
643397900
751021800
396711000
432302900
391393100
790064200
855935900
285312200
66044600
554498100
728600900
608891600
268940900
127930900
381900700
676177400
343957600
529369700
329491000
521212500
135755700
273132800
312742000
440527100
857424100
341720900
666846300
573682400
558942700
851209100
137248900
202340600
602230900
785595200
634643500
245259200
575659400
742214600
782206700
893339200
548348000
762442800
502230800
817288900
890373800
884131500
745101500
485966600
665136500
74592500
7179200
52527400
599360500
319921200
493054500
456784700
913277300
411536000
282102300
472220000
262745200
419351200
926195800
116611300
204946400
812474500
361870600
780605800
554689200
144077300
673945000
103037200
158155300
427811000
920326100
300164300
563577800
917062800
786131000
480349500
243290500
793310200
532876900
842651000
364866600
25931500
299435700
529779100
689102700
833173200
1999200
951847900
252524500
179830200
68459300
457470900
992304800
681965100
489712000
546994000
826042400
415292200
901666400
235832900
843103300
73627700
535997300
658316300
990690500
322128300
138665800
233981000
115438500
671542700
76632000
480305100
949109400
627703000
10084200
638212200
460876200
263718600
590060100
965035900
695184100
910154600
422506900
687488900
592119700
163854100
486118100
669797300
579146300
387784500
905630300
422249600
461412200
441627600
80565900
703737900
15391100
470866900
937718900
130829600
142409700
265986100
862769900
343154300
145324300
124489300
233001700
606200600
388208000
74697100
571236500
83392100
984851700
245378600
22516200
828606700
409232700
508634300
498404000
988379100
148054000
655669500
662263900
861101400
348932300
994465100
564839300
364323400
465332000
502558200
495153000
859376900
20179500
609558100
454166500
165503900
734047500
687168200
23339700
373890700
761865300
846211400
457282800
998352300
343225300
731434200
826959000
752458000
491703700
325363000
992472300
639757700
232667800
906371500
500859100
581600100
900836600
65698400
945923600
617803800
819891800
692711800
728816000
840071300
302270000
182982500
257210400
287952700
870150700
280550100
661843400
883651300
126761600
370761400
882003600
469986900
102195600
708962600
474080100
593899300
285960800
718187700
485292200
770263800
624559200
986151300
351864000
525395800
303484900
549422800
394834800
123376700
242134600
123650800
215083200
796039800
306633300
472293700
335627700
428419300
4479000
997471100
312070600
382875800
368232500
445709400
104497900
722063300
154672000
578578100
567597800
692268000
296765800
52890000
462531900
921325000
290676500
66031100
698356000
594161400
615453900
93190800
969173300
109223700
216841700
435891800
905263600
775110200
159820700
240891300
203529500
164299700
489997700
515600100
547175600
109865400
961309500
651673500
831928800
367616700
481886800
651161800
311520000
30287800
955687100
25687100
951612800
246363600
91718200
901604000
92160300
958807300
246430100
312968800
68031000
714907000
495800
973294600
490017200
160316500
465821200
693546800
576251500
955818900
460782100
123427100
65684300
673726900
26735800
149248300
41343600
760257900
800410200
604498800
790545700
756097300
881821100
993793800
254096100
973539300
895397800
597891600
932346600
393463100
910860500
252012900
108370100
911356300
225307500
598387400
323308100
942763900
543569400
899559600
898582800
4351500
274621900
215902400
929713600
552992900
365150700
222692500
313250800
417196100
827191300
103796600
424928600
709012500
349225600
930660000
934187000
496258600
528551600
118168900
889721800
691047300
370181800
998091900
854038900
847124500
848114500
177347000
789888500
643319100
76906600
940106500
899305900
603163700
407644100
829019500
156156600
24430100
51712000
469407500
441626200
130538600
824839300
118190100
839551100
174064900
48850100
25373300
670323500
577401700
395177400
560045300
268449100
16994400
809772500
374123200
864119000
909522200
551470200
905642700
552841400
880012000
97384400
452147300
483175700
756663800
281166800
639332300
781093900
584514100
360375000
474355300
715052700
185214300
592545400
806239000
610914400
641395500
831612300
281238000
470432500
478425000
92918500
990516800
495419400
154326200
364640000
611173600
63848500
167745400
516816300
868325100
47757400
865836000
320472400
782568300
622499800
853274400
673535800
403593700
437788500
33910900
129584200
404476400
470760400
722129700
210715400
81674900
615160400
293963000
362912900
337228100
772388000
707466600
327744900
267807400
861792900
944020100
878981100
925641400
111765500
647432600
793966500
411158100
764903800
366074100
193726400
387403600
470983700
867262300
42632500
160407500
901173200
423852000
564883900
623568800
145981700
27234600
705243700
12777300
321197600
319791800
350005500
93585600
27258500
929385600
613028200
140686600
125041000
492009300
66328000
236806500
391077200
111929700
899599900
407616200
729639000
93326300
46655100
452257900
212223800
89287600
612665400
365032200
764774800
429184600
988601100
910756500
456419200
693844800
175169100
777616800
265271900
776809800
122837600
544165600
706195400
735865800
684852200
831236400
479510400
2815400
319678200
870587600
366380300
219278100
278203800
96019300
564239600
324858900
548277200
776463500
665781800
412577900
141495700
430556600
93397700
381732000
592948400
549816900
327212100
19752700
579068900
592484000
796562500
701906500
136649600
502757900
437772300
821501800
585629600
917282700
824317200
905307800
39505500
190697500
376221100
317709400
538352000
940460700
894203500
338264400
716924200
811620500
2477500
110055200
493812400
95875200
491787200
86760800
645692100
818999300
106513500
224761000
411483300
154711200
178302700
799768100
657469100
616075100
872905100
494733900
533357800
697222300
400041700
824498600
139555000
776262800
142208000
677907000
968358800
288046700
267806700
685283000
99667300
270284200
46973400
845114900
366159500
538760700
931875700
263486800
609395200
290024400
739883100
272513800
696370800
918185800
72281900
353839900
534260900
945187100
848573900
319254000
894044600
500250800
143752600
285234900
528148900
537595800
963141900
496507700
77277700
482583800
433425900
428580200
752868100
480399400
273695100
119027600
270795300
457206000
382514400
131825700
998865600
122397500
404339500
695236400
292218600
728256700
49076400
826479500
925079000
149285500
145733500
70758800
901171500
541121300
355993700
680955600
78717100
570770900
177463300
155994900
53354700
862524500
584575100
806222800
594559100
109905500
176885600
865354400
567111500
811035300
248815300
565977200
185068000
904790100
261213600
477286600
633046800
561925200
303766200
809761000
962845900
701134900
880519800
864017500
493891500
488148800
544973100
572608600
58919700
974071700
980238700
112274400
836596200
816449100
170132500
431155300
177989800
347018100
548144900
745101300
158053400
48595400
311078500
594756700
953385500
572292200
72043300
586432300
385852600
627444700
647828500
348698600
328579700
779983600
464351300
822471200
268132400
260959600
646715000
327052100
235031300
878589000
690961700
323262700
946673300
112729400
6053200
124663100
459747600
805833300
869764400
869436200
854428800
432478200
464192900
807814300
256405600
787871500
645881900
642258200
415316200
293710400
242592000
995531100
73694000
706943300
818002300
341826400
967903000
716352600
920513700
454569500
846576800
863110700
29467500
793250100
975840100
35520700
169548400
687222900
841354100
290948000
808294400
947418100
723426200
524122500
755232400
979831800
311994000
401114300
873725300
727310300
946460000
116317300
974476600
20154000
823260700
44114200
613615700
42798900
760466800
785764600
749003600
607043600
648875300
778471100
651928900
876350700
813991900
821477300
563573600
906981200
112425300
623503200
854399300
87486800
147625800
861266900
67318600
459619800
514016500
941043900
438565300
460476500
308996500
413042000
732265700
132257200
708791400
345881400
426691300
469258200
383281300
175694900
327937000
283791800
954166100
231501100
160142500
19793200
304613600
975351400
178409600
668674100
598854600
32808900
756160900
998115600
145711000
75114800
709370700
659727500
267793900
147936000
120204000
576790400
812613200
852469800
960682800
521404600
449986400
387374100
242298000
84902900
563069100
821870200
368694800
768870400
53371300
780472500
788663600
357984900
7459100
967073200
26659100
857949000
251517300
782820000
856064600
397228300
109570000
565435300
308591100
377364000
965006600
680430300
954154400
29255000
784535300
914837300
802294900
234521800
302211400
44592900
571059900
116915700
866463200
939754700
885786100
171469700
720227300
674449700
529454700
979321600
893158100
807749000
837270600
144675400
842204200
693335300
793539000
951774300
258770600
102130100
329138300
475412400
34195600
534927900
504667500
818731000
449765200
306962400
53252800
3611900
603190500
624312700
372162800
721288900
815702700
257949000
892758700
787565200
184033900
422213400
766886800
328827300
481597600
604157500
725137900
323801800
549128000
518676900
527211300
59533800
872442200
856349600
534946300
906637900
642912800
291249000
725368900
92678000
598211400
30256900
347925100
201401900
906204800
720088000
174326100
973542700
229672200
67084800
761107900
665341300
740933400
779630000
994168600
222531000
635422700
719306600
797968000
184550700
489618700
325179400
244084500
613696200
433164200
30666000
520334100
76077000
321915000
497338200
168755100
171761600
779230300
768315400
624798800
937070300
740038600
799124900
910613100
221346000
866209700
923356200
886687400
858778300
702986200
880856000
81309300
590044100
851797800
130912500
774594800
341416600
456091900
270314600
955112800
889256200
552615800
727082100
965333200
874530900
476055500
385723500
297927700
506921000
154039000
922726500
443991300
145712800
973486600
606239600
367058900
91331500
529595900
253746300
950109800
484217300
386237500
283054300
74261500
238035400
413966900
100491500
831087200
870058800
622441300
37835200
10950200
175057200
764917300
976283500
301223300
492608000
613642200
599151000
999529000
19316400
773512800
443520300
165029300
746999400
49760000
532088200
838331000
830991100
37469700
40076000
566843600
675342400
323130400
892740300
913377800
737097300
993231900
996100200
858791300
615673200
33935400
121376800
42365600
798852700
97660300
343588900
543095900
962937700
942740000
542624900
982254200
716252800
986145300
147283500
714887400
287540500
931006900
804853600
370166800
220111800
844929700
937010400
895454200
168060100
81386000
808832100
156792600
326253100
804932300
267219100
941926300
90503000
640231100
235927200
140990900
989526600
579516100
684086900
952464400
773891300
226711800
934718600
741779300
212857100
82002100
456666800
752032800
264644200
261520400
122199600
484756000
358085300
310845300
380210200
777780600
392231300
440677500
186208400
718484400
497245100
453427600
912045900
587748100
93658700
147973100
728739000
83185400
979124500
412825900
287285000
753015800
891173000
222003600
494795200
104030100
555640900
203097200
107698200
820285100
716252800
481533000
556676300
74338200
792378300
936886500
103754000
436244800
629199300
289962500
406364400
126444400
995025300
570045600
965827700
340319200
969653900
694566700
675139800
948778400
359027900
962424800
953429500
250200900
436063600
699859900
605866200
991704500
902957100
965199600
63624800
870845100
446732700
620301100
196818500
490746200
808822900
300572600
178626300
689657400
842170300
584990700
816101800
837195600
155036300
781929500
429150000
376325500
728131400
104289900
325103900
87159300
318349900
530168600
588995400
754413600
230028500
446496900
746118100
384620800
411696500
809743000
255466000
858429200
681679300
703919700
349175500
742137400
256127500
527801800
431794800
98297800
364427700
499531800
187128600
771099300
281461300
616278700
147424800
261228000
720568600
472528700
600022500
38918500
2697400
189018000
793332100
484361100
635514900
791085500
868982000
47211400
852463700
376083200
157275900
785778200
80002900
758086600
527915700
336130500
285888400
211345700
686063500
901951300
710877600
873192200
673050600
243974100
489470900
820475400
505202100
461674700
544639400
105224700
752228400
798972000
545877900
797195800
283333100
433028000
588281300
152315100
731874600
440745000
780033500
889150500
226523200
860036500
647237100
6074100
447802200
184760700
217419900
385500900
86712100
179932700
258693100
759762700
423906800
748164000
831873400
929109000
461473900
376512800
285968900
213702400
175484800
831846800
10898200
458817900
264874800
850814700
862768300
996749400
291559700
894437000
137535200
769718100
6108700
784772300
27427500
453910900
969533100
496482600
839411900
307880400
676415300
349740200
319278300
100322100
349539500
151151700
29431100
811013400
527664500
567035200
276351000
703149300
398882000
287249200
413602500
915392000
138063900
528006000
163776700
681258800
422443000
301311900
702612200
428551800
337719400
981674900
134097900
558887700
478157500
225145000
866768100
154572800
574885300
186046500
506530100
176060000
588833400
787596500
987073400
116498000
354631700
515059700
71282500
5149000
802308900
484885000
920541000
192008100
264526200
335952900
124902100
686969300
637264800
827514300
367156300
226619500
60824400
501254200
785507200
538981900
978034500
903910600
945189900
552919800
341592300
451720100
980615000
930425700
239316600
967688400
46923700
593948300
482748100
369841500
599097300
536692300
106361700
771273600
980335600
370888000
107226500
105237700
57857300
996126600
184387300
676648800
222746100
245211700
429538200
259888500
784193700
407572700
415434300
981018800
212127700
757026600
432738900
192742700
687452400
923690700
412066400
986011300
517639100
146449700
355852800
368371600
683142000
462214600
391280400
915112800
84737800
750142200
20350600
394230300
746268800
204737900
70879100
220650100
701584800
500417300
732173800
485778500
907990100
147608200
466797400
120117800
904634800
151171500
564495800
843722400
74862300
976562200
81369000
844136600
123011900
688857000
464143400
57789200
151071600
855423900
972902000
487444600
605566100
244887800
881674900
603470100
449625700
952554000
824120200
151210600
704606600
807929200
888624300
612596700
955537400
607056900
984349700
860172300
9863700
548845500
955529900
84726000
525407700
36898900
180497800
900054900
725756000
644641200
209479300
128462800
500065100
182381300
615907500
357266400
427269200
497582400
960736500
128530100
701771700
36491900
531375900
406378300
844421200
420000300
270610200
799958600
278692400
254959900
911766100
288556100
55440700
118931300
624917300
580848400
155830200
805415100
732538500
133221400
701691600
942017800
513319500
201756700
376034400
129227000
559023200
803303600
878444600
771394900
183468900
831851500
59522100
714844900
238229800
903943300
386480400
508840000
955537100
916808000
15435200
118938500
205364200
70875900
237869800
81916700
903359500
645335200
138967100
635898100
30191900
840658700
577915900
543511400
294050600
953950300
924373600
104709000
8889100
802818200
876104000
192358100
634669800
935626100
158838200
124534800
91204600
796953800
885010100
46741700
713761800
900445300
417315400
170761200
971321200
906820400
252678000
874680700
803790900
643280300
762214000
833982800
483939000
591765200
377494200
777989600
797350700
301867800
882698700
806239900
356321200
758802700
250233200
242626200
946064000
660706600
367161100
37268600
457660400
252171200
335645500
171422200
404251700
4596200
342183500
627208100
911416600
846496700
753524000
715207500
489777000
515738100
800825500
225351200
359138500
429954900
3340800
156489200
983457900
886039500
214364300
339779200
896477400
464597500
582405400
94176600
376939300
201201700
383080400
834599700
705008100
718726000
6022000
109259800
974957400
599840700
988103100
886374000
697972600
741627200
853216800
187749600
509000500
905677500
413100800
868139000
335632500
668076800
24628200
319090400
554116400
238992600
658869600
702229000
955225300
492910300
48040900
332164700
945747200
431121300
418399600
650755400
149847300
424421600
11650400
124804700
275897500
999753600
262814000
973870100
993016000
367666000
413254900
502016500
273343500
826355700
370155500
608976000
746067800
646418900
928066500
551819400
137046700
838571300
254048400
343907300
583116800
302089300
927707200
528864100
984845900
346106800
179619500
386328400
22163700
442905100
511133200
298061200
442658700
25582400
523566600
687309900
393248400
936821500
189326400
918227100
14812500
811117100
527203200
760880300
457536100
706904900
312699700
846218000
797111400
818383300
190125300
380228300
372107900
117832500
909092400
356953800
463939400
340347100
743282200
737738300
783252200
506050600
35799500
477546200
783268200
811001300
164856100
428151800
747822900
605817800
346379000
14270600
416934900
125217400
775150900
126106200
832122300
339485800
972324300
629233700
157869100
414084800
261097200
781612200
783552600
170189600
390201200
499127200
762171900
385118700
236865500
797059400
891169300
272665000
274605600
674437600
335301600
691096900
354224600
83124500
296914700
700603600
97395100
965484900
825821000
124181200
343226300
909578500
463667000
315550600
790447500
873171300
981270700
51544700
906418800
764823300
473369600
296620000
263950500
235541500
681738700
500816000
32600900
824543300
25116200
558841700
750616100
360417800
501573900
104840700
695177500
50123800
805444400
792572600
15608700
882900600
916753800
358835100
44114400
632056000
926020900
834561900
756862600
907291600
137741800
663281400
672114900
611111400
959901400
187700600
98288200
893275400
688516600
382524300
717818700
965268100
941366100
468434800
325685900
694575200
573275500
272498700
744699000
630355100
65071300
760307800
764891000
233460400
370778100
809005400
117151600
296799000
643567300
874014200
204090700
781309100
537295600
127840800
644055800
497197100
567176700
742344000
390472500
507328500
124868300
359926400
472596600
317869600
828361200
49917800
12444800
401636700
322416500
757143900
283627100
639123000
769086900
48518100
872583400
139865000
857523500
989735100
436664000
752726000
863749300
892389900
534035100
652680200
271866000
429726100
401512500
839042700
172070100
43620200
598006400
548573700
403546600
70603100
118078500
231907800
120520900
382158600
885179700
694572600
139302500
168806800
333695600
160024600
468960100
457914300
299889600
578118800
447649400
988188800
330844800
563033900
880578800
116515200
467349300
404080000
546241300
868861800
494757900
718311500
912482000
92764300
518520400
316028600
163367400
636598900
547936400
535523500
18757500
684751400
481731300
409695200
105193400
815427000
821355000
574153600
273341300
121244600
152272400
972625900
109433500
734752500
787295000
241647500
851267700
254644400
897362700
397509000
123506200
392120600
367455700
35988300
736520100
885976100
603652100
899887600
774210300
403223800
687046300
44603000
87975200
168777700
454298300
444803800
235839900
275653300
270592600
760816400
648533200
674500300
733442300
9601900
409252800
772372500
502884600
260520500
27016900
400247300
658029500
402158400
44003100
25485300
689781900
780523200
163096600
293434000
932046000
937306900
696657800
870727600
981910000
36268200
39505300
687843500
481072100
526980400
215132000
3299900
287796800
115300400
677800200
272874300
124902300
87053000
296882000
879422100
347573500
575534200
279669400
257238300
977692600
323672500
534358800
919109700
355831000
949090600
464178900
287877000
886397600
412472000
158604600
119942800
448740200
449745100
59421500
181447500
228360700
274553500
184747500
516157500
641489200
862547700
40667000
18026700
201236000
337549100
897448900
800444700
913083300
177118300
309318200
142411100
752426100
843677000
61520800
108257100
792767700
525699700
647769300
930800500
938171700
806374000
302378500
638547200
507754300
361800000
71629900
736115100
887988700
256377400
503907800
529477900
370560400
544574900
799139900
823431600
133759200
696588800
623876300
298477700
125342300
933194600
440888800
877768400
28506800
754044800
237660700
72909700
279744500
137065300
3710200
469551500
195074500
557723900
359733900
702828800
919523900
431363800
690579100
59147900
939376500
194487000
840261000
561572100
990697100
639400900
385003700
124456300
335989700
8880000
422934000
461332100
193709800
115458000
590735700
222216700
869502800
828396500
295126400
400882500
217097000
550471900
122069200
412171500
108195800
481803100
115000300
279355000
913167000
805579500
338502900
104178700
251701700
430399100
665750800
242398800
69800100
50754500
618490300
405789800
59634500
293059500
118757100
253344400
408517500
709492900
727196300
529655500
789524600
22322700
182173200
6621600
572794600
304242500
418793100
932625700
786045600
785428600
211980700
950847800
842643300
802118800
55026500
94345000
232517900
720777300
588379000
302318000
23167000
458504500
959743100
334436800
751564000
330135400
839416400
411716700
39628300
566612700
193007400
80788100
840570600
375180700
339044900
665000500
679423200
757838000
597626200
717104000
794901900
61242100
919587100
637545200
863360900
974613600
983525500
95878800
947026200
823539700
649832100
221828400
282044300
609575200
556265200
285243500
939710600
395681600
696960300
230974200
213929500
141602900
563397500
54500200
516783600
902442500
719500700
447842000
911915700
317126900
164946100
706817600
378369000
84533200
595998100
493365100
310782000
579523600
589243900
509443400
654698500
490711200
731271900
936742800
351921600
539172300
221986400
543267500
186489200
170581900
774241700
400418700
563820000
589274400
454918900
80603700
491716900
426054800
528445700
403632700
994816900
945027000
362085500
624821100
281195400
958083600
118186200
843612700
789242400
959065400
604691300
443941000
449776600
587598400
380683800
801698300
126770800
854305400
596601000
313260000
276522500
622477900
713678700
840342600
211752300
420232900
172581500
703469300
846287700
952662400
358737200
841104700
897689500
720822700
465925800
430520100
678906400
835747300
525768000
468148800
794812700
130459400
163725000
496224500
718057800
544408900
549558000
844828600
650349500
146159000
409723800
926872100
768636900
123402600
18849900
980389300
795270700
191431400
935493800
641558400
144093800
294231000
734298300
293418500
266688900
200224200
723938700
945595300
287606700
249706700
665379400
82419400
631801300
829104400
578643900
349859200
625148500
128202000
446323000
527133300
525996200
856046900
454005400
294633200
231084700
724490500
526657700
26355400
915921900
713786700
919549000
311650900
259652900
653847400
605069500
526341800
105706800
580643400
723572400
393313500
81985300
640587000
475732900
713786700
721326600
306012000
315281100
346475200
685849200
761604100
873608500
463480700
869286200
579249100
758113900
100370900
303739600
536406800
378361500
471296700
501828700
297910600
782947600
761481600
951758000
388017100
287823400
309100000
220295700
263031000
702413500
302281100
903618000
429781600
16067800
624944700
987428800
582984100
223055100
924913300
344588200
348298800
388394000
213874500
927547900
398143100
565880600
482922700
934549900
944242200
954219400
688013800
493788000
988802200
449495400
697181200
376819400
988954000
6281200
848750300
251985100
708694700
151031400
407238300
390111500
418734400
32183000
377540300
1718500
506873300
302453600
597942000
855172100
690847600
811816500
34355200
88990700
629332300
517277900
275175800
825209700
723132500
963189600
318997700
711934800
664320200
16178900
340389400
653274300
22460100
189139700
156894600
982790000
340171200
564132900
372901500
10540800
847951200
2077100
12259400
354824500
556165900
610201400
461631900
498648800
673653100
495987100
839274700
554620600
13265100
366085800
379830400
988032800
329275400
950463300
699967600
245230900
966642300
291992200
898505200
240737600
481132000
307035000
475162900
72938400
871167900
99699600
83479200
970754300
101776700
347373800
325578900
657942700
957575200
38846000
408226700
882863500
534833100
247501400
437484200
799733400
613587200
817314600
787766300
194497900
767777900
487733900
439728800
986055400
779726200
589869200
226793100
512493400
896904200
701956000
585431800
19707300
801655600
920546200
990461700
155067600
267920100
567675800
64645500
477130500
606521800
472872200
359994100
392990100
972008800
797478300
192723600
585596100
866428100
980489900
780094000
634206000
719859000
471458000
871896700
499585200
61327200
350325000
263713800
209866600
303916200
849145600
229573900
357207000
21327100
471670800
512274600
289247200
39346600
828555300
766377700
897503600
553062700
126371800
290493800
525071600
175485300
483217400
110667700
41913400
715342500
142396900
927754700
435201500
613854900
799651400
186422000
926817300
149976400
450135800
388319100
453892600
550916700
869528200
811099600
572243800
341199100
575009500
113126200
632180900
403564800
879503900
781319800
956627600
257511000
71813600
733334400
432996300
806666200
844002100
474909800
522008700
238034200
654299700
208845400
103524300
453951100
395267400
30341600
855562700
845403300
670295900
561090500
647955200
539824100
623825300
220199000
881023200
198834800
333325200
764839400
854034900
464464300
546159200
62297700
721975300
617972800
795632100
406606900
676274200
639634200
133151900
449918100
129303600
787451600
658763500
232827900
493037900
54031000
514804700
348600600
151069500
185100600
161326300
799024700
724924700
785151600
270858900
857583200
983986500
855819300
622422600
89656600
320283600
168581800
151954300
293894200
38189800
947586400
700501100
966099200
587220600
85288200
416017300
968159400
872739800
74780800
200987300
617412900
380447000
715792000
217648700
531516500
900892600
378975000
330541200
625817300
164126600
853035300
735035700
399748300
708854600
357458300
489404900
280773500
777675300
641359200
574667700
67500300
588945600
526804000
285234700
427801400
863727400
701252000
395960800
988102400
27668100
848583300
605515300
408115100
564375300
823164000
939631700
465267900
453774200
521808100
342720500
869536000
626478700
77756200
520919600
335333300
686849800
261959700
867742000
716160300
903319000
442409700
783660700
743899800
220848900
68895400
423336500
336211500
21782700
70932500
324313900
49450800
919515900
181464400
709201100
735526400
256263600
900468000
200794400
710037800
422276200
795150100
831209100
48754900
872906300
352128700
635723400
811391300
614088400
503465500
527551700
769042600
197510400
562847600
764577700
669994600
883378200
439549400
6206100
905160900
762117100
582155300
206246900
933268200
763619700
915448100
668794700
19883400
815916100
121224300
729921200
489827500
916374400
812765500
790217600
40915900
164894200
677576300
103942500
30617900
181041800
631494200
51295700
630187400
445977000
67508600
300182000
329355200
507058000
558023400
486151400
520810400
140178700
692398300
454078600
155433600
859481600
374508500
175317000
927033000
495732800
156873500
416860500
663742400
969639000
458713400
956293600
386168500
136289700
60236100
416786400
317331500
691730300
719717300
199154100
137707300
787226000
499336200
718697700
294284000
308994800
204849100
815094400
700808700
148882700
520808300
856242300
8364300
895316800
31559400
935397300
391049700
188432900
603893100
306427300
158071900
62606500
262720900
544240400
198896200
322957000
212662000
767862900
266322500
932379400
967017000
655665000
719605400
717988400
374362800
265524600
26983200
579211900
332254300
979427100
728094600
853062600
835669500
988094200
748379400
118864100
175126700
391064300
307297000
779019800
697491700
717004100
93261500
960212600
512879800
292157700
534804900
977177000
311655800
801127400
909556400
278672900
456792500
880797000
248296500
831155300
397956900
526915000
662002400
730211200
506342100
641732300
583273800
342011600
881461700
583288400
460875700
56588400
974352800
19807900
87243500
923479700
736812100
180505000
135327500
501327100
724298000
670132400
478504100
35953800
722895100
639695800
566261900
179687600
772128000
814558500
262478100
170084900
341473500
176115700
900296100
99450800
69483200
735205100
441462500
950944900
570128800
153973400
259168600
796116800
173781400
346412100
719596500
162228700
778552300
106559200
915191000
502850300
28326900
645330300
790439400
751222000
536661300
608336500
182544800
308789400
422895000
696658100
730509500
16003700
872773800
630805700
115454600
193892300
617646000
808552300
144837200
187774800
214160900
655641000
983891600
387942300
2053100
955123300
801806200
32240700
61682600
968632400
535091000
90009500
613962800
577165600
92866700
150624100
185502200
275411500
711048700
860032400
972069600
441558300
127671400
96478600
323999200
243126000
290370900
941645200
303313500
686843400
381055300
517474400
342484400
364946900
157052000
596172800
571705500
210493400
628413500
885023300
179125900
163504500
226668000
44723900
992305400
319534700
195348000
177807600
846581400
906396800
37840000
70286200
599590300
165511400
166764800
923589500
660272600
457135800
865234700
215221300
395614400
246290000
732695800
738098800
862872200
889747800
334271600
686212900
351876400
962685100
571236200
531002300
377824900
797904200
827361400
370130300
369074100
274344700
799573100
215655500
432376700
837413100
285941700
31967000
254559800
452706500
955556500
166467600
161477500
820791200
381689000
808727100
318716500
366020000
546826000
433223900
507403000
881097600
371072000
859279400
95418000
942308200
641917000
473242900
991847600
469278400
95008400
360921700
743623100
894581500
576577200
175999800
983629800
862518900
207966800
489824800
566860600
415158500
656292500
979973400
235949800
289616700
788700500
806301500
655636700
587161700
491160600
163039700
719894600
862232600
273954300
815312600
56176000
915871300
540190700
48023600
636785000
635199100
408945300
380408100
781415800
985522500
808043200
765045600
99676600
267645200
254870500
918172400
682803800
162798200
149781000
170388800
452414900
938481600
976690300
359686800
525643300
719486100
522726500
497173100
833353900
796680800
312485700
889529900
964187400
104311600
189188700
600972400
739510700
598134000
233015700
772561700
835291700
41058900
537607400
186603500
308704200
44113100
104775900
991508000
206911300
254557000
161896800
910961400
444673800
390222300
270648200
221952300
361343600
45009900
719125500
194697500
93325900
283246400
335862600
309148500
387558100
525051300
910120900
378704000
374820500
143136700
151265800
461747400
435830800
688873200
648350900
744535000
732986300
4762000
987678200
191532800
510954200
401210200
354129400
207263200
791432500
876412800
429215600
404411300
921422700
399976300
599108800
266383800
683222700
186606600
575532400
70780800
963293100
737288500
449484900
589748800
132060400
600750700
51496200
567891300
541259100
951482300
312426300
525880600
956244400
551739800
717413400
467198600
952950000
323178000
674461900
996017800
199590800
355312700
400429100
372648700
755289000
251173200
639032500
438511700
437779800
466200100
760927800
652708200
203488700
462047900
242457000
335549100
62798600
293953300
903440400
604057700
245435600
467502000
381573500
453315200
270877000
98986900
172149100
223827000
673800100
846611000
219844800
873390900
453558900
620274000
246039600
208847900
871447200
885072100
898994800
560862200
602907500
911557800
213570400
806396200
373605700
707662700
393580500
688039500
1616000
548656200
543732400
498686800
16158200
925305900
952002100
538670400
275928000
124151200
762497400
949728100
222397400
982342300
823119000
927591500
854251500
320793800
388074600
977333900
457501200
287069400
538196100
60408700
450262500
3401800
866804900
823868200
711064500
512020600
511907800
964315700
60676800
55640200
714637700
328470200
980946200
666639800
867140600
256874200
42426200
629638100
458237600
516458800
863615600
281356600
444050300
969502300
602150500
832124900
946836200
59651700
370829600
736667500
120060400
821092100
991704500
238500500
896595500
954404200
2156300
660138500
918719900
62833200
967414000
633357700
391303400
948360200
551632700
510079300
456869600
845694200
391352600
915107200
613788200
254968200
448099100
309473800
476105700
50249600
141598700
674577100
361536500
764063500
411244600
733232100
836790800
654584400
223367800
985021600
608988600
225524100
645160100
779343800
288357300
612574100
664336700
931296000
812569500
467604600
441375300
521074400
564934000
832727900
436181600
178722300
339331300
135915900
488196100
67072200
437800700
881430000
741649300
799337200
645493600
404529100
532569300
733919600
59113500
755937100
718941200
919737400
233096500
615736600
699081200
521453800
479945900
363417900
704385000
292515500
82657700
145760300
813589900
647591800
230123400
501406700
826314100
821089900
637322700
314510200
888162100
75123400
447575400
881446600
126095900
93069000
285975800
910300400
78623900
596724500
917872800
49200300
516461900
150969300
664936900
215543100
672423100
144882900
830596200
376808200
689033600
913254000
774203700
502623500
560845800
255962400
255665400
638795100
328687500
144623300
204940500
468484900
471382000
652515900
349931500
597477900
997220200
887542500
507778300
75844100
484267100
425651100
125044400
729000
576620400
41616600
216272200
500678800
438134700
298503600
129122200
127168300
211757600
903325900
881427000
24238600
410923500
388727600
663033700
739611100
533351000
867974200
459731200
4733000
772125400
809662700
602210900
769345600
697205300
361624400
845189700
181472400
787275600
221869300
182201400
615531200
515121100
650108800
116210000
204891000
200247700
245332200
332059300
412005300
400293400
465121500
687879200
811216900
853849200
602548100
802463200
387200200
722157600
262194400
643568400
494283000
71857200
245779300
263628600
20697700
859038900
360453500
453805300
646314500
833958000
887641900
261845800
349079200
789386000
378055800
553970200
989633700
875023300
137664800
401639000
275316700
602786300
341153400
338168800
708270700
943701600
140632100
347106100
917494400
402826500
990674500
411777400
726318900
488089000
927041200
998651800
347128000
287494700
452457100
245077700
373087900
591734300
506923500
722167100
381120300
136614600
527772600
370754000
263273100
917072600
24028200
538589800
771494100
365181700
876758600
731400100
560518500
269025900
78506200
729648100
923487700
69180800
141425500
901441800
808905000
320101900
900093700
156033000
607596600
604186000
401110800
980684500
195920300
159669500
954486900
577040600
547919300
733894700
947794600
811192400
902602500
223458100
601417400
674096600
588639800
729811300
405496700
400793500
998837200
735638200
130441600
922324900
56454200
523502300
823766800
865359200
843604200
975495700
273027500
702836000
831316900
925773500
683520500
27237300
337078200
889642600
855913100
884997600
875172500
55343000
947825200
29410200
278801100
549242700
955142100
119076100
279054000
360638800
771504800
277891200
347912200
901946400
451851400
404366400
425448700
527253400
269725700
520688100
502749100
794388400
223524100
585701200
720161900
158679800
612938500
57240100
299957700
720486900
193872900
175130200
27465100
141698200
456175700
306266200
942576100
411317800
676977500
221630100
23591800
448482300
751156500
371504100
602063900
203007900
775870500
279147800
981896500
297231400
799835900
736280800
91619800
274995200
321982100
63416900
433675000
186555800
372292300
733632700
907042700
566165200
160398200
934507800
959498600
616573900
492409200
902074700
27891700
421021900
123704800
51483500
121139400
126496600
674622800
723203300
581139700
450493400
2351100
563036300
999360000
53822200
299317100
342615100
328817400
621299200
406032000
762492500
807855100
29959500
747760400
966533000
847760000
159793800
152676100
807258600
28002900
896720500
709333400
55894600
317742500
84673400
359013400
438881900
462805200
33636200
413720500
43945000
735764800
416071600
606981300
986760100
721529100
157933600
329375200
50346500
779232900
987042400
64474200
838723200
17002000
812234700
56891400
116397200
223663700
209567500
923655800
251666700
106288100
884624400
559196500
675665800
220933100
918209900
366182900
683738300
203481400
779903400
727683300
190881400
447610300
334664600
177641500
169139400
744233500
507016700
219485900
775101600
745694400
535595400
613824800
14331600
599465300
922351400
130728800
823129000
131919000
54384600
74795700
489842300
190644300
633992300
417143300
411577400
803837400
783326200
95315700
7318800
563229700
822999100
449835500
10840000
409298900
627477000
431614600
153532400
386129000
902735700
928634000
131823400
438331100
794094000
146155000
37796400
716445500
276883800
860925500
99999700
582903600
187356400
589842000
773547900
821348700
258620500
185125300
625186200
41946700
280441100
884140200
856811600
355075400
333975700
119286800
764374300
213088000
550901400
169542000
599217000
705272400
349811200
982675600
143603500
143905300
380465800
181400000
111986000
908984800
293960700
211985700
491888400
732952300
53462900
517071600
554301100
312083400
702196900
431122500
605665300
234273200
566897900
462477000
589348600
900873700
833399000
605358200
365596900
635935700
774900200
216449100
341208100
124711400
199124700
484811600
520251900
579590500
917846800
632237900
488575300
463442700
844223600
232098900
196395100
149321700
749170500
2331400
461405100
451367500
433453900
67070500
937275900
351800
781182700
526624600
152860700
614581700
383618000
518457600
502152600
410153400
734906700
843360700
786500000
185666600
579807600
306752000
765257100
497654400
190625100
505467600
212732400
34848800
737566600
409127500
184170500
486737100
411458900
897210900
189739800
96548000
215916600
127015800
96899800
997099300
905275600
501395800
863316200
288893600
19853400
365468900
950682200
6395400
460464800
737182200
192062000
40272400
295569400
208954400
537926900
486194600
966057200
750659300
772678600
955259000
411422000
956849100
693631400
822880900
105695200
883371200
919428900
321611800
262022200
267963900
318711100
418933000
769359700
433662600
959461800
40848400
50766700
910144000
298879000
511231500
647326300
742576200
551504000
942895700
203165800
341066100
680725500
169223100
343360600
453404100
124482100
6417800
410253300
818113500
829298700
767583700
953120000
362800
89195600
215142200
519961900
659541900
634075300
540956900
93204500
593537100
581805300
395606400
755316400
880684300
906838000
402642700
874895700
709977200
597173600
78061600
302678500
277899200
247284700
646039100
731303300
623402000
652456900
393191800
693150800
733390800
160775600
646270800
985388800
501606400
113048200
756985900
161148300
998758700
297942800
505988100
843931100
879748100
901594500
599247500
12067600
808432500
1890200
886963400
770044900
850699000
216660200
72723400
380233400
463944900
970397700
363172000
338982100
874489800
756363800
32132900
859515800
168774600
930038900
844904600
670381000
43087200
601890600
83164600
41845900
151468600
589152700
137412200
31216800
490747200
736659700
294919600
550815000
990185100
433518200
320859900
840884200
650178400
645218600
472752800
365758500
615616300
835924800
704740700
490106200
843923900
988508800
349622000
12698500
170183000
446161900
934714800
213270200
299687700
17879400
506751300
451156300
607032100
644163600
734008300
349414500
632458500
280563200
900229500
622643700
714081400
472724700
463527900
615895100
117943300
187915900
981653600
985194800
23840800
938029500
726936200
867764700
178173600
328193500
132098400
348356600
774355400
318448400
813262000
325678300
336327800
571648500
28469800
194995100
467447300
14113400
544409700
99905900
294676600
696274400
722549600
260393200
168999100
437712700
876288300
286942400
625628600
109577200
272137300
901104600
299241900
999073500
20504500
729050700
327267000
152603000
329042500
353257600
722686600
142304500
930571100
59014500
965588300
959041000
505644800
433035600
973154400
301689700
532941500
519466200
997964200
507126300
779859400
166963300
944839000
907783000
705541000
822102900
268995400
977678300
723207500
819872500
228387000
743712100
548923300
807289300
147950300
877965800
412182100
870636900
271905600
342753300
181286600
237493900
301794300
938566700
670529500
526583900
240256400
455106300
46050100
238220600
962232600
77544700
656819200
158706900
985327700
362360200
232445000
505958300
340038500
955652500
325830900
820060700
950999800
126389400
627350000
350585300
255990400
39532200
472857500
527896000
633920700
654144100
765389900
935715000
844346000
687554700
462298900
84602500
394296200
759984200
574458300
608164000
837528900
231277500
18506100
74491900
593637700
250951100
580450200
185311400
458238900
157916300
5372200
660873900
284305700
884357400
11459300
540296200
175524800
484316800
319827400
809445500
390096100
336852600
996795700
234442200
24407300
710729800
570679900
670338700
470714000
145138200
278502700
308243000
376415800
297008900
382734900
221688700
547960000
214820300
407000200
257834100
372736700
412372400
918708100
908677600
548365000
930167400
700609000
975525100
666119400
20436500
784970600
56215500
357289100
33401600
542292900
633331600
744131400
112972800
303670300
214845500
509746300
582173000
774723700
137797300
130817100
157458600
359486000
678777200
623914100
766486200
936611300
996650800
430493800
106954600
156963700
230494100
37122000
857572700
206019200
954876600
878009200
242625000
262727400
486933500
276026600
56655500
120265100
20158100
421263600
423935400
235003600
931009900
257743700
9727300
68807200
388560800
418821100
679928400
318973200
42735200
698049900
507219800
291021300
380178900
614174400
447985000
610673000
902931700
557192900
68327400
109443500
435202200
310952500
372170900
173770900
586979100
428826500
294036100
858772400
850090100
969606700
93776000
781100000
478985600
355138500
101542400
119181700
25594800
33106000
438154900
319965300
731155900
197009900
610986600
111334900
811184400
310606800
973643100
965751300
867799700
41970600
75194800
554637100
352923100
447365800
728408100
191537400
127827500
274079400
50309900
977917600
495321300
395721100
10652800
225942200
750859700
363830400
345123900
28089700
396936400
783278800
348055000
379727600
980288800
210676800
491062500
43108400
521283600
716340800
8859700
640718600
758311400
335689700
195355700
111234500
34690700
175399000
302772000
162518200
701113600
604717100
392071000
448070200
438200
402723800
674012400
751297900
18189400
19136300
31022900
666761100
802415100
379077900
46488700
34339100
589754800
789186400
77447500
362673600
505527200
337942400
3392200
263838700
673632200
450383200
626708400
959958100
625782200
181115600
122476400
578531100
785832700
514547400
26601300
786271000
168906500
700613700
789204100
438731100
719750000
820227000
105492200
773800300
199305000
403616100
59774700
40695000
192802500
137222200
403368600
949965000
726799900
658396100
465438900
652067300
108779300
92147300
612025400
986196700
524898200
986137000
816363000
310730900
752319700
842964300
348637100
172861400
795213200
137841300
611592500
766598400
209703500
968720000
540398800
409008500
372336100
851808700
701338700
565138700
240666100
356342600
766738900
967466000
14738700
232177800
871168500
375153200
324325100
483194000
361349900
849223300
469331000
177713000
411589500
473285900
272312500
760226600
646147300
67525800
898067900
257739900
85759400
359406700
226459900
626158200
768415200
850431200
729602100
721389200
667205100
970268300
77731800
433944000
937734300
344105700
666121800
808902900
970894100
242082200
543732100
332244000
342940700
264698300
761592200
754530200
737984300
285540000
766392100
384131600
604701000
916095200
893506700
690460400
275501900
371601800
568253900
295552400
222033100
297856000
16941600
140873400
268124300
346308600
574817500
457493900
942049500
240939300
266396800
912943600
734656700
61764100
496822800
77597500
326462400
510050300
83762900
316081900
795590300
850155000
951848800
651926500
766250300
845355500
342386900
41752200
468592600
162276000
337304600
942260900
460132100
354246200
83134300
979891600
952190000
909587000
437385500
894239500
150526400
955417500
807183100
136818300
17181600
304006000
214415800
595279300
65691500
298178800
911361200
861281800
399969000
863210000
513208300
166219300
960200800
107230400
207971600
680428600
269506500
545276200
874324700
729638600
151157700
957459000
961165400
354982900
867046100
398551000
249222500
269207700
353968500
308040800
406026000
622785400
863682000
872077100
218064700
929373500
421891100
381061100
42290500
821860100
495906400
807134000
988079500
456107200
914364500
447686300
388171000
183871000
244597700
262495700
165144800
395755400
219954700
377945400
750738400
338636000
776496400
251596100
859478900
382100200
811272100
517140200
256520800
674954200
389217300
726220700
855962900
62743600
107281800
898253500
136238900
603188200
705387500
124318400
310930600
619752000
823639900
699101600
55258200
68237700
961597300
472038200
715628300
433187300
849983700
466366700
23458500
878115300
969598000
882937500
260215500
780870200
651712900
516736300
707459600
292565400
242957000
563422500
355309000
601874100
461676000
491547900
205062300
167063600
867501600
767628200
38450800
691141500
466729800
345344300
759379200
679962400
69017700
475007600
364784900
919001400
193009500
639878600
797116800
414242800
774451300
308967500
446748200
426164200
77339100
154207800
718729600
571931300
717630300
325673800
173805400
430941600
68857000
630503000
849640400
936358600
398131200
139726400
879135300
116496200
485070700
890149800
48093800
554088500
616792600
664513900
724725100
61437300
304392600
773477100
475680100
78843900
334079900
174063500
756643400
411419000
328271300
727008200
234985500
297536900
52682100
660426200
728478500
121539100
290929200
829754100
309532900
940695600
969480500
188668200
57191800
706186500
330453200
356920900
511910200
947245800
21434800
236635300
8683200
577462600
261747700
735998500
907941800
847462800
910062100
664585200
510517000
238333400
391593400
745502500
787505500
695910700
405928700
515984000
69085000
948493100
597373300
630253100
889188700
566853900
818921400
198015800
273040400
149374600
554936700
36585800
348255700
828006700
273221100
356938900
405469400
786604000
92937400
313411200
634066800
2999500
977996400
144583800
492968200
621225000
141721600
280473700
568771000
547650300
48093000
637856000
747778700
645466300
268109200
636967400
463955400
338665800
834983200
988631000
739675600
641555100
25216800
339566500
469561900
550073200
696505400
875031300
336677200
41078100
440077700
222379300
44077600
669709300
618598300
788681000
290934300
760319900
320790000
111340500
559605500
368883000
749196600
307384200
265984500
268941000
195986800
729940000
859242000
282605300
718571000
850552800
924160400
743787900
190119400
645357500
545496300
138260000
772024000
882173500
179338100
212101700
356188000
475051000
881811000
974786400
263732000
424380600
986741500
584522000
535721100
797982200
205040200
536552900
105366400
471024800
805493900
552988500
452600000
916371100
835593800
422806200
18559200
759754200
418229300
208678600
405111800
963725600
598573800
177135800
97534400
777912000
640872800
453722400
504598200
522683800
680144000
768330200
947064400
666885600
604487500
482785600
464867800
61162900
270973700
821869500
783822900
76467700
374858000
236422900
244474000
210451800
659229200
263033200
221841200
329093700
723347000
626953000
292819400
321920900
55724100
390353800
99832900
696596900
844076200
604431100
470915900
524220300
624396500
417980400
442741100
480519200
152401200
159244100
793317400
423374900
981113600
577140300
751477800
607606800
65198500
247587100
818058600
976062900
510620300
291535100
305156600
233967400
918488100
597976000
807523500
225847400
988329800
158991600
174079500
84041300
15057900
644995500
859896800
639454400
314611100
302637900
371608900
718647500
461882000
164926300
393657600
694630900
993701800
145135500
302237700
58900300
644357800
371931600
34963200
154978100
663466700
340119900
640580700
833590000
189731100
699739400
311072700
429696200
858731000
485152200
513737500
873788900
130147700
373634300
764878600
444758800
927907400
136487500
163406300
389789400
553049000
808699200
336055500
546750800
953834700
638293300
857286400
849827700
261860100
143884800
4805800
176962000
735639900
897021800
262187200
925371100
596761200
573259900
355067300
707127500
58412200
868804800
580916400
188559900
494074300
345795000
884954000
421981700
733917700
299995500
63406300
286966700
108694700
399461900
85352800
314164600
289390400
194274400
163992300
551250500
338159200
420433400
728212500
73799200
569090400
990399700
999170300
417486800
815294900
605872800
124614300
873707100
726312800
705530800
313902200
220387100
302961000
450491400
642368800
36878800
2122200
705775100
575480700
110816900
356872200
660833500
676616800
646262600
855107900
92244300
197513100
444902400
764312900
177360800
518701600
333403300
419395800
769507100
2525400
234690700
375379900
127139700
360033000
353327900
84305700
673935200
573715000
387266800
124426700
467719000
424145600
126548900
425129300
999626300
489001000
782001600
912095100
417253000
428264200
767203000
509497400
877412600
463740600
525445500
54773400
982442200
858848900
725804400
3584500
861374300
960495100
378964400
240149200
320528100
983927500
324455000
246098600
557642500
711721800
622160500
276996700
135867400
748709400
702126100
387128900
489345600
484127700
299224000
906598700
164027100
318062300
667731300
41439700
781802900
193176800
347848400
15880400
303660900
325288000
19464900
416670400
537418400
650064600
656819700
857946500
633992100
981274700
355680300
191634700
944631700
977840800
468631400
332134300
978185400
422392700
719263200
467531100
158155600
270122500
625765000
322182800
839820000
545131500
615257700
621622900
738308300
214741300
637503300
293604500
540029400
908603500
710274900
77447800
558668100
367094600
187029500
192660200
600004500
542709900
635930100
796271400
772185900
356196800
128405700
750371400
30224700
99304200
469537700
188380400
621061900
346937900
762198400
460881900
892069400
377456100
82504800
882012900
592197500
971643400
175617400
132226900
131882100
137527600
461309900
690550200
756257400
648339400
134845600
356262000
442684500
22411000
404168600
214870500
630243000
532574400
216877100
660467700
883513800
686414800
100483300
504575700
284987900
862681700
965457600
428692500
240137900
299597600
310705400
83970600
522876200
737958100
467832700
654758300
875485700
929142600
596943700
631743100
577482000
983424600
239640300
20166600
5835600
643809000
486672300
887713800
428018600
703549400
548181500
311532400
641599400
648664900
67743300
926587300
762981800
33200900
355279800
3119700
584433700
917620400
87090300
107310000
655578500
554923000
13703500
531064200
735700800
610647300
162807400
313182900
594071900
654082900
584984700
851542700
297891900
71657000
739256500
725910500
775206400
539073200
289078100
668441000
439373300
356821400
846663500
202355200
390022300
201943300
457110100
226091300
371198900
795835700
333401300
26777500
602393900
598740000
809476900
338094800
461022500
223919500
651277700
306729600
878002500
487897600
158272300
175894400
559554600
149164000
153440200
586396200
939872500
442518300
254837200
630881000
799339800
101500700
84871400
440997300
555079200
541981600
667088600
177913300
589452500
252125100
204690800
191846400
850865200
265803000
529941200
311887700
489722500
181218900
618617400
367725000
920751700
28524900
795254700
480306300
429324200
948694900
318337700
369196700
642848400
824810100
251712900
442188200
177946000
336584400
883185600
733025200
130201200
550274200
162573800
719653700
54034600
367264600
911500100
904899800
884702800
441441400
468422700
374425400
874295500
338675300
993785600
795047300
618835500
40675500
526988800
48159700
241005600
845326600
668991600
883854100
921771900
920704500
326042300
99718000
257288900
460863100
84378400
639125300
11137400
246952200
358779000
316807200
865852100
270279200
221707000
750554900
963355800
941764900
376615500
89286500
532075500
370401200
135969000
150911000
662711900
662957900
199070700
903717600
759919700
868062300
787571700
933326800
40402000
365249200
33044800
549326200
826112400
369058500
188451500
88885000
616010700
547230600
405692200
481862800
69145000
627399200
484053000
284136000
820799300
860668500
373422500
352874800
482704900
761026800
755421000
145416900
675619900
954491700
49134500
435539600
74189200
88341400
620501600
366226500
453590600
653546500
915552700
279703000
22605000
104004200
620223200
890250900
902870000
25915400
623749000
972015000
904949800
107802000
507786200
725749200
968470500
132844000
330259200
702810700
893870800
85680300
848227600
569490700
291807200
148997300
256665500
617631700
488973900
877167100
983858200
942564500
530713600
899410900
473902800
804953800
255050300
94126000
946840000
157920400
120041500
570589000
381570600
276626500
678391000
889356900
2375700
898496700
22200900
332635000
852942600
167706900
669950500
701170200
737197600
961757700
101802700
993863100
579389400
590776600
871030200
563247600
784976400
653379100
714293700
258879200
709968100
969344100
604640400
656808100
378899700
976317100
227397100
760470300
252943700
157423300
901462400
506954600
307555300
175298500
91224800
160497900
343005400
761175300
113303400
331838200
974568300
215106100
325701300
553957700
805882800
448366800
368840600
842494400
101745900
334769500
353008800
63349200
555748800
957649200
720157400
934648500
185601600
199189700
946754100
690180500
356613100
99851700
448770300
915803600
275150300
539995200
327936700
869790900
552805700
441240100
201629200
527374000
907981500
778965700
332967000
965499500
227332500
701807600
807993900
580713600
288212300
161002700
644062900
843961200
370287100
615855500
30244900
807523900
815045200
976999000
497704400
423293500
76850800
946474800
590732300
603636300
738105200
918669100
725062400
290910900
611544400
178326800
818285000
519525900
957292600
151252000
736660600
436260300
104694800
544654500
268609200
392907100
705657200
164307300
488503500
327579600
780162800
518748500
135103500
595208000
747382700
884443200
270136800
824233500
830918000
860869100
679505000
569023200
31173400
656202700
111569300
642717900
834529500
929854300
413879000
43457300
332741500
150539700
731352900
437436300
695194200
999962100
81978700
652486700
164269400
822117400
980066300
196067400
340865900
366805000
42910600
88248700
251248200
313047400
164117400
333801400
425551800
843622500
154459800
456725200
751460400
266029200
99443100
585989900
195883500
513322200
629447300
528625100
915497100
360800200
217696600
610691300
612397500
551310500
514813200
28302100
373428000
746514700
224369500
714293900
113319800
267280100
54177800
616203200
580327600
218295300
950004700
5879400
313553000
104464500
714239800
65013400
370493700
813683000
902638500
818012500
578640400
783721000
598272800
494137500
396156400
67604600
356464000
8553900
618915200
871277300
36856000
992343200
869427200
261225500
958272300
982747000
528505700
12450200
598950300
360468500
482380700
800590200
617983100
47568900
905054700
332222900
112582300
527183700
397541100
266856000
345196200
227816700
50577100
195104200
973589400
446733500
262708800
330053500
455287500
881624000
452966000
743778700
125602400
322393200
256639500
83874800
556775500
36780400
347960200
407361000
397248900
830340900
207951200
266867200
877909800
364641100
599090100
242127300
891824800
248266500
508983300
488656200
476083200
559560400
683760400
449672700
257929200
198104500
31361400
713216700
79728500
735962600
708630600
205331000
309991000
965270100
540841000
866766500
2050500
888801200
525762700
650934600
719142100
985349100
917801800
848687100
349990300
768527200
342449600
493450300
16793700
851432900
982106600
744512100
662628600
917502200
445820000
920557800
115606700
728816600
885409700
446970500
464779200
845675500
903936700
774770300
810945700
444777700
893172000
812996200
333578900
670570000
463930900
304356200
655919100
633367900
404678500
5909400
401895100
747128100
750995000
670324000
850196200
984736800
666471400
512824800
153874200
112291400
685017800
521116200
92743300
822062700
968086700
557522500
667738300
872023400
583928000
478684000
568436300
477100100
543315400
153650400
147670100
258881500
709641800
803589200
892249500
114320300
61133900
545779800
861448400
63764100
467739100
711644600
48500900
134210500
476104700
202375100
498137100
412757700
723491300
590880400
234820500
943213200
148403000
902558800
66871800
732331000
632878000
635308100
461066300
427828600
788958500
860371600
686710200
498600300
915596100
830594900
864555800
228365200
376374700
977639400
292129300
844113800
940919300
592265400
229959500
417024000
46275700
728096700
81416900
769767100
318977100
316237400
964615500
719015300
470431400
31487400
702981600
103309400
918430700
415683100
531138100
959024500
276054800
469483500
709260000
191650900
300078400
573815900
420016100
928088300
551455300
963780600
23837400
492374600
556046000
253796900
161033800
602321700
981893600
242450800
623724000
552506000
810323400
588339600
523156500
280754900
871462200
226138100
384064300
41528100
641821300
166837600
552600
169511300
636321100
709812700
361162200
188034700
283628600
32813500
116123100
86719100
996594100
139960500
830729000
804275300
645392600
243398000
406597000
878921500
737484000
30321100
431427500
547807500
870295900
206219200
80197600
993393300
432357400
715897100
34921400
325813900
882734800
35474100
746960400
770691100
996922000
359757800
958725900
532185800
392571300
326484200
618904900
640800600
718079900
701269100
445075900
363472500
196302400
103308100
242394000
933786400
385264400
925456700
733229100
255560300
131676000
813426700
500588800
815668600
529323900
535510300
393117700
663693900
822619600
140078100
434385000
819541600
499835900
644746100
351727400
144042400
971230300
222267500
784843000
940945400
175171900
229918900
304418000
371474300
333227000
798447200
305260700
718491500
723904000
38489900
225687000
107215200
103551800
977911100
174519000
632875700
513421400
567636700
296569600
587676200
707714800
982589900
658853000
459185900
627336000
10580400
603228300
850201600
484483100
388071300
791147000
659655000
869625400
347200200
31129300
454487600
145647500
588025300
424614300
121186700
878150400
901936600
480037100
981702200
879847700
654556100
866213200
644904300
222192800
414418000
232580500
181542800
397007900
891433500
640728700
275979200
153649100
243957000
126180800
889767400
632028300
168963000
549422500
753288900
516163300
832187000
207776500
913446000
671847500
884026100
34632700
549997900
785962700
766305000
783335400
665810400
420861100
901183800
562349900
643053900
315601800
46565600
76231900
964245000
937999100
716960600
240224200
343283400
960917600
366405000
233050800
844581100
787003200
34108500
849505200
303166500
117930800
57281700
468247700
789778300
941307800
502880400
591411500
978905700
520820600
626382100
644716100
941681700
527565900
458701200
836370800
94802900
505266800
912602700
59047900
694901100
629563300
299272100
38184500
842116100
917312300
522870600
938332400
704315600
808614300
787837600
259117300
926545100
96754600
727365100
967958700
38062400
481880700
559370200
268603400
2701400
185752300
164954700
196018300
964953400
623656000
32389200
59756300
128922800
196627100
118804300
823824000
77825700
418076400
113643700
919941800
587024000
888149500
109909500
542974800
948399100
897747100
802092100
874944200
994501700
529457200
94538100
284199400
262973200
905543500
552802800
265674600
91295800
717757500
713328100
307884400
593048700
745717300
367640800
721971600
942344500
738080300
797430800
20170200
407791900
162709700
191747200
994815900
50859300
301656700
537790700
999258400
451039100
591518100
125837800
445540800
372610500
472011200
981375400
635583700
377554700
534178200
152893500
720485800
503571000
866221700
28370200
96619700
863574200
647646200
70226500
57553900
385726500
867657300
329359300
793518500
282002300
521106600
39969600
332861600
74398500
829395600
583755200
525437600
420913700
961228200
222613700
793524200
433239400
203989100
680743200
62429400
989802600
833636700
782915200
493373600
951493600
62920600
841628500
815067900
710566900
911855100
872621800
96293400
31147600
201981200
141447100
313149900
974723000
433052000
897646700
300756700
262447600
733037100
77829600
934996500
694265400
300443300
728520700
379140000
756067600
409263900
441569400
745870200
494535900
476119800
490879000
446029500
539040500
332507600
512732600
249607400
495997900
385354500
597536000
778780700
838970900
990618400
343565900
65329100
423670400
241212600
366085800
937753200
225885000
443915400
872749700
920150400
995993900
852905600
550925600
752061600
513804800
244130300
497931800
8340700
720250100
988810900
706005400
259290600
572953700
218738100
760533200
320586800
855727800
609704500
351002700
946333900
600322900
694568600
263298200
275628500
187416500
629384000
213381700
413301500
324934700
337766600
333451900
320928600
190672200
136012700
324625400
704477000
380143000
822557300
964452900
352028400
63003400
670458400
862954200
887592300
140831700
875122700
459814300
248194700
484827200
810817000
194528600
336785300
505385700
457826800
612413800
692802200
338846000
77430700
106103700
915415900
666832500
691190800
487979800
857504700
78838700
812605200
813617000
458981800
886797700
29705100
62645400
949801100
700163500
925599600
89028600
92630400
800722300
548842900
340825100
537184700
359660000
786988900
873970000
116680900
496450900
738019000
61118300
835297000
815449700
167222000
2348100
482282200
110048000
490327900
591422200
188886700
554568400
656674400
899503700
441366100
686379500
962149100
642802500
638178300
139384000
731831100
730808700
191741500
532309300
323269100
980561500
143604500
110258000
854531500
260285400
606709000
592550600
321403700
693641200
659635500
740260900
947624500
393553000
101944100
437952500
984975200
290830800
992520900
893284800
441969800
685522200
579664300
404118900
328324700
217842600
795138100
60155900
200286600
238514900
844100400
523555700
219076400
987704900
633813700
325243100
499625500
492157900
917793700
72664400
437434300
577429300
64560500
385058900
970982300
166504600
74646600
207592700
457335400
318802700
100877500
899305200
4324900
932177000
555059400
332649700
150019700
601832700
644440800
350306300
91982800
488541200
125497200
311059200
727881300
10946100
636302400
227506800
503104100
805731300
551806400
192173600
634795800
616366900
577232500
857413300
782871500
903514300
65006000
491842100
222317000
417518700
642782600
226642000
601331000
449477200
810926900
751350700
51309900
455367700
353292200
143292800
195544100
478789400
705987200
923425400
489735500
593924800
402567400
244474800
399656200
954373800
688283700
34452000
822375900
517151400
891865400
856882600
420665800
208506600
600359900
894618000
877660600
243142500
121260000
478991600
692619700
183822100
481977500
995564900
639189800
86904900
390492900
86369100
565694300
348115300
9794500
307065000
942040200
663997100
803175100
341696400
870006100
491458800
627783600
692382000
8610200
771284200
800899800
680911200
231426100
401259800
575529300
109086700
896037500
948424500
839713500
588657300
132246700
321691000
835857400
23071700
408595900
477985500
109440900
225925400
826100800
370870600
784625600
768141000
34867800
839435900
361472600
156509100
330894700
240891500
100526400
591140200
12175700
901426200
272051400
243601800
554321200
99215900
604323700
450358800
47640500
444037200
290651300
431522400
765728200
126508700
454594100
425959300
856129400
815670200
651884700
682230200
438176100
688145600
702006500
724679100
527581500
63479100
881188200
110111500
556005800
981714600
701251700
819816800
134776100
224938300
63418600
689097300
324154300
919377600
139456100
623430000
363414800
681742600
54952400
380778300
808251300
761181700
806737600
664380700
828487200
710257600
598246200
266663300
398403200
300252700
991342400
925984700
615367000
872530600
36096200
171372900
105880500
988983100
991189700
240656600
213921500
306243500
181389100
789711000
225621100
572480500
664776200
840671200
254223100
971363800
473084700
314109700
732545500
279822300
230125600
561032700
241715100
828371800
79331200
640118300
380259700
70673600
817738300
995626800
194839500
853834500
166999700
300720000
842817700
409824600
793011800
308374400
967703300
226036100
349720600
444959700
798516600
14496800
285630900
304375000
237495800
758715600
618484700
970041300
290173100
848610300
782709300
531888300
928617400
113675700
423641800
308877100
184349400
241380100
304503900
379188900
346849900
723138800
931544100
441302800
384598600
724555900
749677200
352302000
950592000
351033000
797261700
743900
617165000
334527800
305118900
854660800
344878600
923603600
76337300
635051700
23849100
110681800
418575200
952466500
224357600
93852300
261343700
408707000
335232400
817482800
39531100
682082300
540621700
971075200
375020300
925220300
695631100
124697500
529157500
897858300
727365700
326419200
898602200
344530700
912582200
203721100
199191500
257460800
378959900
275528900
144147800
402809100
386210700
814358200
606910800
862203500
908210500
868254500
270910500
495078200
937372600
562076800
428795700
477994300
533152000
803816100
654849800
480418300
180148800
435642600
629911900
907514600
762061800
528514100
252045300
926279300
983870500
702872100
183740100
614465600
978401000
327887900
268909900
616246900
393881400
875820800
478450500
302091900
995710500
996200
48805300
933083100
563073100
477601100
662712600
347860300
533052400
317562500
828278700
713201200
4840300
458190600
620715800
766902100
238339900
124396400
944816600
473845600
827268500
128556800
88311300
57304700
708079900
608856400
673551600
101961300
484677200
403637300
655688500
480387800
404633600
956129000
665106100
219341900
685365300
327818800
567202200
218417700
897016500
395480900
183254200
901856800
105306700
55605200
920394100
595281900
180001600
865210800
69127500
258905300
245402800
409074000
316210000
953482700
17930500
241396900
307079300
754242900
645034200
214403000
486265900
301303000
170532000
151372100
772280100
107532600
479190900
339482400
325950300
627842600
986598500
509204500
781334600
343540500
564809800
701728700
938822400
996446600
818574700
7949900
255352000
63977500
417024000
571562000
269095500
686589700
64594100
576174800
440832600
709628400
42213000
927098600
262566600
464380200
78470700
34846800
571912800
809296800
625964400
149498400
688774600
612562900
910338100
470109200
956103400
475147900
171837900
146561000
723229800
242047900
154511000
978581800
306025400
823170200
801779000
575120900
761395100
866373200
402930900
202227700
827636800
696779100
380961500
90203400
161159400
711067400
376685400
984707400
771999400
2649800
134205800
460774000
866848000
44544000
182518400
74586600
771327100
354356400
221147700
494556900
596404300
375658700
473138700
154064900
450464100
526553000
729185900
211859200
392926200
383752000
665722100
220563000
80531200
46683700
562401600
241690600
9386300
939087100
478033200
781385800
941736900
612239100
493795000
60220100
908418300
676313500
134806800
679745400
30669900
355954500
425937600
878709400
983248400
150711500
284409500
685347700
677264500
13595400
897206900
321825900
648982700
814564200
542388900
729513900
112883100
104790600
222839700
122269500
43877700
700872900
903655300
237249800
564747200
397450300
297470000
724800700
73763800
432276800
656181400
356068900
39866500
82119000
486413500
23114900
484465700
770823100
708462600
161730300
36053700
857304700
735191400
685036400
923504100
277580400
414550300
36387300
634006200
889025200
158656800
929519100
841533400
313947300
166768900
406280600
963032800
715874100
131081400
288431900
399786100
38898000
896136000
439652600
121017000
382549600
714402700
605482700
405007900
674500500
18848200
441061600
783440400
754039700
377733300
706944600
283255300
43918800
994967100
917261500
932944100
405259100
98415800
774477500
719206400
265184700
432393300
933874400
232694100
815109900
222306300
632480200
854007900
118442400
323768100
226660100
752627200
38170800
83778100
157635100
964306600
354261500
850331900
747747000
359936400
479700400
706326800
643191700
523619300
701293900
812088400
708198600
106553000
910504200
734311300
77394600
427324200
166704600
262904300
660018300
233449800
485210600
544133700
87457700
855288200
867901800
565753100
607915400
157707900
649531200
17185700
122014500
3792700
119152900
121396700
363729200
598853300
827723600
258556100
122472600
780652700
70644600
82306400
138841000
232784000
816617700
467870800
911743400
234957600
730775100
571761700
468407400
215985800
367530700
807500300
322909200
235432500
373253400
182459900
644775600
274419800
199645600
766790100
278212600
318798500
888186900
893577000
169287100
967545700
152133100
291759700
999833600
474412900
374066200
138674600
707197000
442319100
606545500
618940400
677276700
337320600
442337400
397319300
804941600
809868100
456454900
127850900
296935800
81343500
310310800
941711500
355763400
761591600
960136800
885611200
332025400
99958900
779188200
501312500
319139800
931321300
44707400
318973500
657369500
670408800
457648100
364566500
112728000
315828800
235142100
41639900
904784700
677479500
438959300
961361500
738982800
147049400
340847600
287553900
228392900
902793600
480900600
584156300
664385300
441037400
469767500
248045900
540996400
500590900
749358400
860136200
683547500
794065800
430744900
340917000
716109900
140028300
705483500
828837900
455857100
192260800
122113000
612277000
121375600
812707500
573638600
860358400
959756900
914486200
399547500
188149900
817279900
880448100
23941400
733300400
573120800
745344200
981346300
365752400
245935100
982339900
477523800
929482600
28040900
908268800
270399600
744150800
48297100
227518300
824623900
755789400
419779200
946737000
619701700
541154800
759444500
193340300
653148400
970836700
359461700
52696000
158986600
428376800
184779300
434563200
161677200
9535300
179907400
394658700
375287700
425842600
376998600
852811600
355325200
405039600
761080400
877360100
149190400
61012700
104878400
973814400
68437300
776292800
172186600
688139000
317447600
183266300
133114500
970596100
154103000
492576300
274927300
564724800
920953100
711341800
999288100
334265600
720877200
179195500
728924300
96164900
605038100
105923000
200611700
211998600
762597800
213327300
89358700
911788200
525975200
445872300
137237800
594412600
222165200
309424400
282551600
791248000
492690800
667301400
761844100
646793800
159877700
288406600
463153900
332466000
251383700
462442000
918366800
223896100
641637500
647291200
571696200
498310900
4849400
772308000
710309500
767447200
237270500
51303400
930870600
763245800
748810900
68108500
357658400
970976100
629168100
891845200
762224200
373494100
559146600
775703500
271923200
970659500
315745400
735077100
554760800
818764300
197519100
473127600
42660400
839156600
120418800
614356600
589102700
376903400
386664600
299412200
144350600
623935200
602350800
75221300
387181000
351161800
143329800
996474600
573773100
24133100
139955000
587632500
397627300
699101700
363336100
669550500
921396400
930716700
404627600
476157200
749481000
602146700
949284900
792141400
692938500
321338900
406498000
282041300
698242400
44797900
833088700
842593000
920368300
435439600
917814300
559184500
38236600
312779300
555659100
612009700
588547700
695614100
199642300
986175000
646351000
814613600
655725500
567747500
745330300
311988300
43904700
494811300
914135000
993189600
538587900
858708700
314528600
945085900
140750000
264406200
241519000
225474000
106999200
161887300
660913600
276448800
721071800
950785400
840863300
528366100
814430300
429411000
223980300
14072600
415586000
121966500
80321400
322946700
689714000
825651700
634935000
985254000
572098200
800705200
978443600
362321300
659414000
544607400
559042500
51799200
809013600
800561500
277273200
167648100
962448900
189822000
444096900
935155900
140607400
536595400
463522100
955037800
966006500
939137600
220745600
633227700
312739300
301067100
207809700
2453400
378354000
842744700
987707400
202087500
895085200
217786200
816044000
554499200
14028900
375086500
857933600
74677700
175648100
386842100
242325800
389732200
576664100
938057900
576523300
968906800
474653400
291680600
175579800
692295100
482453400
396325400
325522800
795192800
949027700
533332500
797646200
579017000
627712500
36988800
32739700
774432900
506410200
848783700
580567300
520439100
223870300
438500900
595116900
651153600
825343000
837442700
292521000
402007200
27135900
869044300
622549200
501789300
160725000
798129000
194084400
643178400
446089600
771242400
690006400
395117400
556210200
487652600
225769600
183922700
776276600
510144500
209990800
282686900
358928200
790558100
54761200
834433700
229059000
901513300
737222500
306037300
990591300
29743500
959679700
17727200
898787900
582228900
519516500
311148100
380357900
965236100
205961700
826447500
736478500
895968200
473200100
292688700
635256000
698969700
728246600
411532700
209114200
938237400
945854800
819677700
980430700
252251200
905746600
209489800
153764600
642969200
515527100
144355900
672712700
475206800
413718300
823135800
309070900
184870000
134283900
689428800
150106100
340245700
767511500
138219800
487849100
240711700
682543800
123105100
191316600
662425600
786273000
652066100
852298300
983763000
471743800
832729000
236014300
377490400
42218800
641414100
272094800
809381100
37405200
944807600
536223100
451123500
19578600
845294000
635993500
153862600
786358000
37734800
745743500
553869600
175954600
233592600
46216500
858498400
608332900
237533100
520924100
394606000
141234400
624857600
378369000
612978200
457586600
866018500
242103900
751440700
507432600
765833900
560821800
544837800
710641500
348680200
247596500
981855400
445609400
883590000
135718000
231967500
172960000
133096700
37472300
348914700
618324500
83688800
459048300
226657400
572857100
979972400
872898600
714091600
604830000
251267700
578705000
314051900
368921400
72444100
65492600
876354100
838278100
877949600
672827100
800554800
478265000
172058900
782410200
923874500
55648900
169763400
407477200
480244200
302860100
444949500
829158900
172819800
780273500
288207200
399477300
604765800
519814900
524011100
570492600
376280100
775278800
400832900
690332000
395835500
473277000
755824600
272189600
563190300
885409500
196651900
363745200
363674500
368710800
397790600
287549000
675995000
567554100
946661400
156239200
122049400
643246100
237033300
546504500
423519600
525240500
197617000
279920700
45055400
721628100
102048500
421335600
748542200
502881400
363302800
144377700
976158500
370762700
668202500
790984000
256172200
864854400
406364400
619846700
485200500
804155100
159031000
412830700
623344400
105692400
569069900
997029000
748938600
806103200
543533500
424093400
582978900
741150500
955649300
879669600
462778700
57697900
552640400
211320900
560579300
915943200
355698600
788373000
286705900
23901100
579357100
794513300
140390700
985721500
414360100
877226400
789876600
573391100
290057100
664856200
930718700
859127000
661885300
679657300
916865400
205418800
355386000
751479600
946569400
311035300
631149200
660983300
368733200
183789600
872304200
180947800
351368000
479638000
969320800
889709200
755174300
548677900
684222500
895565000
786034700
98582600
772791500
827546500
923608900
314483800
492402800
105962900
425246100
154288100
785620200
593746700
611342100
392641400
345226300
809546700
703676800
228010700
470530000
324045200
411800300
594469400
504993000
14803600
74107400
474313900
904512800
80916900
274627000
588735300
228117200
60661700
938953200
252543900
139843500
114197300
567027700
632246300
220160200
992273800
38169600
257415700
586020600
649511700
650057100
931246900
710693700
605369100
159257700
181223700
929414400
822693200
775693200
434407400
89132000
101435800
160356500
993644800
433988000
434983600
834015400
662105200
495645300
24603800
914649100
635488800
390436300
481676800
519370300
610596600
725585900
809175100
119647500
311606500
458686900
21339800
494488600
421015800
878344200
905381500
602239500
807758600
979710000
629567900
493801200
68842000
982639000
654157800
314122100
416627000
89141400
148137500
78732200
836421900
424376500
993381300
723546000
814812800
726693300
494551500
677044600
452279200
303726700
48327300
15520900
14048800
69667200
510009600
435064600
199646600
415391100
37304100
7405200
395101100
918507300
752841600
715578400
152781500
406999400
29700500
569408500
747776000
429473200
899775900
584198000
853849700
144792400
559379200
920297700
871485700
53930700
597342400
575400200
357657400
645669700
590921100
371706200
966972100
352565900
58406000
166618700
767957100
347345400
425659100
414693400
265852700
178500800
381907000
418634200
837135400
411607500
239677900
584911500
92715900
139453800
169109500
198200800
284246200
980123900
118498600
407367100
34054600
967476200
234402500
643347300
864781100
825323700
266688700
831753300
177889600
325094800
250007200
197481900
672440200
927301600
863810600
189928100
105802400
245717600
860197500
194573000
908960400
351510600
779484500
1676300
490964400
200229200
199877200
26845800
180353100
318375800
685848100
466043000
537487200
920250700
109390300
402268300
997209600
627714200
485656800
426734400
204444200
987299300
624216400
128519600
914600900
739662200
318447700
272038500
237015000
430280400
466611500
145975400
781791000
246096100
399287000
524390600
446325300
599164200
551236400
626678500
169175200
488719800
344356700
706662400
408970500
453747000
360565900
406180100
333096400
846222800
832914500
537540700
833522100
708766100
666060300
999758200
700063500
236143300
271796700
937078600
666423700
738408200
334689200
699850000
236139500
733976200
224240600
934100100
584775600
775477100
812413800
753950800
264196900
156770500
712248400
924802600
862152700
72814400
582617900
195249100
170672400
415532400
732789800
255829700
375933800
650485400
255587900
75997300
886628700
527384600
264711100
804687600
517428000
599400400
504537600
5202800
585011800
728778300
939302900
169787500
755890600
751716700
175373500
271722700
160122400
139257200
196525300
22275100
463706800
779143200
217524200
634379200
446310800
201949300
890208900
73879800
104069900
145796800
401512400
990698600
924816600
666223500
795386200
693879800
517259100
299923900
699082600
102271000
280337400
890020700
523693700
36228000
893372600
950702400
559585900
53495000
89959600
756111200
327405300
805301600
786889600
796564800
691316000
484835600
998514100
581524900
558715500
102584000
978956900
960227900
344917800
155408700
878086600
140304000
100923800
395345800
691863100
800006400
749252000
972200500
941662400
524580900
260063700
835035000
726918500
819649600
140165300
68513400
827396000
467570600
873815000
865920800
264135400
565131100
350756500
514284700
398291200
161107200
868503900
628883400
372970300
213421700
784292100
502692100
605361000
136851100
149673100
548859300
936857600
150560300
772695100
130155200
675141200
284394000
216825400
653695000
104043700
356990700
722208400
183074900
76196600
596023400
48995800
340332000
412789700
651387500
106252000
62716200
64129900
974755900
691599600
688735400
439812900
727526900
191427500
296809100
864378100
341100700
97303600
52870900
743296200
869998700
183026100
670072700
154392800
399851500
323767700
510071700
8477500
45976100
693146600
84674100
893634700
993777600
676641300
558059700
896800300
782893300
620775900
960930200
9284500
312375500
649665600
449097400
291537600
92728400
997541700
155915700
685464300
94845300
208786600
428760500
964844100
643447900
98833200
370872100
294934700
674236100
132579000
555047400
971847400
825725600
639721500
865482200
71138500
567998000
675177100
967938800
350891400
295953000
928869100
611811100
859963700
830169900
312543700
151501300
922898300
310085400
559052300
859997800
404930700
767838900
288758400
621410000
662922100
639226800
243917300
209492000
565098200
376496300
764539400
536945600
202222000
655896100
654063000
524995700
223894100
329240100
492934500
826420700
625193100
673438800
689867000
736792000
503608800
2410700
888293400
678142300
312496100
447345700
538140200
969062100
466819800
78533800
590472100
381377100
969395800
834389500
590869100
534494000
210885800
607043700
71439700
664743000
262939800
725502700
441373900
738469200
306378100
934308500
816525100
931571200
607747300
506392200
919998500
362991300
760438100
59927100
292768900
72934300
758908000
830909100
293631600
225727800
161078100
884103700
858740200
382109100
970128400
701244500
916603200
432649500
308288300
988042900
349027700
822863300
965180800
790401700
812967700
271558900
724710200
629492900
454765400
584092700
387520300
374763900
198719300
147958400
686326200
491488200
472527900
445234200
574032500
766159500
922597200
735110600
901898500
781337400
117219700
872026900
482582000
285458100
556311600
42505500
525136200
156974600
865368800
490317100
947376300
678336600
13511200
923721700
559464700
468276600
759449600
946985000
94675700
958168900
346578600
32637100
449657100
819106600
477871300
23689600
836901300
400468600
10435400
738799800
433441200
379290400
862462000
167658400
664748500
670408800
210163900
189884800
827383400
75532800
931837100
774759700
5504600
945348300
950116600
564969300
665260200
709566300
763589500
11571100
919370400
110168100
44208300
369027600
180909900
522079600
644352400
269446500
174183400
906423100
8246300
607624700
285713500
122343500
775283100
950462000
792752400
237082300
140346800
620135800
564250300
72183900
646530800
569754900
269167500
848282600
134724200
934427700
809484100
149948900
945998800
728854600
511752200
241842300
349517400
692662200
763922000
245505000
962108700
189740600
151928100
221990200
797365300
437641600
344333800
824283700
388103700
388721400
313001200
780085700
260492400
877251500
103904900
158658400
447006400
373072400
6941100
833365800
559135300
816425200
983314700
756769300
796915000
746702100
998611700
146432400
439364300
762533700
391937500
653108200
203909500
543865600
126733700
1274900
233142500
722702700
77193800
872881400
111424100
390195000
652967100
371916500
519081700
8507200
782210200
966088100
381579600
789151300
51089100
192350100
857211700
286039000
949119500
654126800
32741100
947731200
52194400
723740700
961900100
695767100
628484100
165809600
491268000
755217800
418719700
724410500
477920500
747548700
597291900
840979800
389378900
501894200
464531600
908460600
510401500
246741800
126183900
143616300
35893100
177273000
335966500
144740000
463312000
536721200
798866800
747688400
484452400
102696500
471429100
697987700
798463600
99913200
863797300
289731600
106766300
534152300
265777300
584686800
281701000
863069200
425666700
671080000
616598700
890198300
831175800
127000200
136940100
957359800
522251700
424468400
134632800
858218200
569208400
849580100
394939400
619710500
597268500
131027000
722407000
320332800
829014700
772505800
671881200
944447300
62237500
778647500
478599600
579650000
614969600
11935800
694354500
40636300
934651000
310953200
182469800
765826900
437953400
571045100
723186700
960205100
247148700
109454700
70058600
816357100
959034800
716633200
687702800
807938500
847660300
410109800
379906500
928310200
182615700
51787800
124392700
496488400
82070500
854627500
76138400
697040100
866563400
770492900
989311600
52849600
81446100
171781400
818676500
771034700
994461700
793498400
982875100
241610400
902953200
304568900
57967600
113623200
21202100
745670400
921561800
120497600
407415500
301468300
300443100
841666400
604891300
424835800
338154800
686961900
279463400
665928400
635637200
397662000
688056600
624948900
450511600
21137900
796730300
520823400
43807900
791192100
314321800
278318200
32802500
217275000
582887100
342405300
330898300
855724400
339711000
504095300
227857300
998761700
57198800
528300400
840428100
662090200
204771400
430218100
600687300
735870000
347781700
236324500
133532000
35838300
861273400
835678900
56976300
909639000
356502300
100784200
952466300
670824100
379102400
236904000
888099200
213624700
830944600
218997500
320984300
170655600
974728000
548841600
421052500
31926800
328777200
513115800
694017000
533548700
943333900
546339500
269418700
542750800
34299300
654586000
578589200
895572700
490264900
887200700
56846900
98402400
239620100
9313200
769226500
870357700
246217300
657325700
83982400
77161900
127958400
404966700
499452700
102686400
205443600
920505200
134613300
534220800
685256200
80265500
319404700
628590100
878240300
840458700
422976100
912539600
495044700
253200500
808112300
236944800
140401200
116594500
335347200
380021300
125907700
104573700
250379000
623760200
13534700
585996600
952557300
393128300
990963400
452010000
747450000
196407000
624150400
133698500
982263000
309406600
465599200
301667800
189631900
343839500
142126500
864243300
256379100
888806400
117443800
316126700
125751200
257845100
432721200
712733600
889501600
810264100
68942500
391515900
434024400
82477200
977512500
386581700
727240800
220111100
90227000
474690800
668153300
966012600
860024500
650416400
527054500
325623700
203719400
968321600
669463300
345845900
832564900
925842400
234652300
950008800
493604300
612038700
459489100
926325500
324772300
348990700
736589700
393714800
992141800
422249300
727827300
969654400
60466200
455068100
441400700
402328400
181394100
361189300
368341100
41418600
263240900
147030800
367042300
466960300
115352400
288140800
64441400
947917400
465618500
550728900
149561400
959222800
414402800
609050500
885548400
739175100
209676400
873773300
384525100
201818300
296022600
363987600
423107900
356488800
819055700
864508600
10452500
252085000
477333100
378793600
293503600
740574000
525824400
912181200
459169500
892812000
451957200
775246100
840729400
917575700
577610200
241926000
876798600
992013000
850976500
13982200
731188100
60653000
887755500
367348500
262471300
435413300
731336100
685579200
43537300
802027100
801723000
53989800
54112100
530691400
684418600
599251000
522900600
210243000
763067400
233705400
354690300
215024600
8951500
195419700
132600400
586561800
688981000
261034200
578574800
539957500
275016400
561398200
600610500
162771900
180381900
114717000
849820400
163353200
51931400
893357700
965380300
105289700
947347600
271127700
635981100
631766200
122013900
410516900
93644500
885081300
644222300
448334800
351741100
904809100
895389700
484341500
491370900
584370700
745375700
321580900
375963500
20392100
134614300
976574000
434799200
314996200
342926300
284619600
478349500
646492900
429612600
695365000
751782600
628595400
966492700
639398900
260361600
88506600
49915900
605641300
225223100
945773400
305611300
576964300
850582500
201001100
312941000
593588600
37007000
58316800
915169600
412970500
330344100
301419100
641179800
16778600
616415400
984106100
553033400
346400100
882234200
982646000
41765100
634016900
611241400
259893100
525051000
123238300
348399700
826602100
728879600
825258100
772375600
34491000
402222400
874593300
487127300
715163400
468182000
524134300
25115400
383351600
188740100
355459600
684770700
829919900
623873400
552821300
65661200
176906800
899221400
947895400
411188100
192621800
833547500
274064700
452514900
358598600
397303000
52549800
436835900
377817900
877807900
209211500
663944100
280030300
83804900
402706600
246829000
803622100
178476100
271944400
186973700
367216200
879039200
123379600
197136100
754547800
927836200
514432500
931454700
78692800
462328000
594278000
271314600
547510700
868342700
975464700
157744500
517281000
28014600
594580500
146734100
905822500
55427200
810678200
437488100
390867300
213384800
935952300
194489400
391860900
207896700
633098300
10712400
338571200
8113200
207848500
93119000
935949400
973916300
276208900
266277400
436244300
870486900
789227300
235390200
738829700
764692000
393134800
507745900
44341800
239350500
654480000
950164400
294777700
716793400
639287700
937280300
930178200
575240000
131769700
573674300
34771900
16503300
836021900
373343100
24616500
43870500
718097400
212201100
269422000
994306300
478478500
705666300
864793300
519341000
192691700
855258200
284033100
585826500
363004100
328374900
825177000
269119300
530174500
371590000
985912700
421097400
308870300
167726100
996337400
692275200
993035600
282744600
708778500
829057600
907722900
733395000
124563300
625820300
197231300
393985300
620126700
927345100
351286800
484920000
446686100
543978500
591813400
730719200
381440300
206452700
310729400
206617300
475572000
840903900
829842500
713119900
513636600
138712800
880846000
509974000
830988100
873881600
44353800
791401800
954574400
952076800
524796900
79137700
577897100
973663400
473123000
198023800
901008500
824409800
934579000
347694700
368388400
778027600
330049100
749828700
236115500
640778500
208081200
711687500
733317700
289559000
676442600
246954300
428271800
557288600
8563500
510895100
682805500
304552600
302297000
637379900
256629400
78729100
968152900
834526500
52392500
441275900
284185600
953401100
517321000
470399800
552731000
137344600
248427500
882780100
138808500
484543000
775193900
346889700
447865800
760146800
636448700
375943600
258736300
316355800
184867500
518935000
78886100
119308200
823487600
381183100
756688100
80117000
711547400
724841000
166278800
15575200
417752200
702099600
968976300
935073200
172499400
773342500
72417800
672562100
907757800
211226300
408740400
682951700
809751200
108241400
694733700
697835200
484185000
953470000
265826200
920687700
724040300
344712300
39995900
547527900
977530700
48319300
879280200
689078100
24795500
297194200
704653300
442547700
999293800
925264800
629256100
423428400
950242500
701673900
347625800
858000400
164535400
8001400
792587300
225921900
116242800
487321100
175392300
852063000
692426300
441218500
772750800
668101800
785930800
64381900
215629800
15096700
112701200
346545200
955810100
137496800
643739400
912098600
580044500
894668400
88998700
460935900
318096800
39241200
414245000
917357800
897241600
830415700
925359200
941464200
56337600
293237200
680420500
231729900
145300300
372846800
924583600
169686300
292583900
962149600
234068200
508213700
977246400
598404700
854758900
933056500
735901500
750133500
96790300
567581200
644801900
185789000
28517100
214533900
225030300
442762200
131891800
373907100
273177900
57251000
315371300
581150700
350488300
995791800
64515800
747423800
620273900
989099400
917110100
912857800
951249000
402813500
672706700
928495400
1218200
779100800
113187100
988754900
529234300
461612700
556336200
425671400
647401700
836488500
640205300
124067200
530885900
772097100
497974400
55699000
829348200
64980900
888484900
431471700
312408000
953000700
178895500
184317100
942100100
96005600
97174900
144984400
750454300
21516800
325115000
3307800
52252800
689937400
992062700
833122300
151550100
800034100
258793700
798951800
636522700
898999000
174654300
419043800
922731400
924263900
474742900
3714800
989244800
614863000
435186500
301652800
567863800
614082000
485969900
761599100
710087600
834780000
906583500
712177100
107932000
231698600
715484900
160184800
921636000
707547700
993307100
73186100
507581800
503736000
123773100
395739700
654370300
298427400
66418800
577101700
222691300
792796900
580816500
463571400
407659900
16003000
765224200
975523700
630085000
502829400
737122900
591807800
589244600
643706400
555620100
697176700
127040200
271105100
108996700
48676200
230288000
353939100
373497500
989505000
857675100
497270700
385244800
512045400
47333300
703298800
89147100
270024700
496095700
921598800
985231300
903755600
189237000
2090700
130914600
819322000
504920100
868037500
662765000
345800000
763379100
218385200
294611900
890419400
741125500
655243800
190730800
971413500
9182900
564228400
960918500
866858100
313134300
346163300
378903500
360467600
49462100
719685900
882127500
797193000
892919900
867358800
700948700
82157000
869449600
831863300
901479000
626004900
951536000
815879300
223440100
714915100
285899700
769687200
856969700
27025200
424931100
299335800
998438700
434114000
115199400
959357200
552607300
428333700
557155800
931510900
40436500
858253100
902832000
922564100
655446200
795751900
41558100
608030100
877908900
162642900
439893400
31023200
40283100
391429400
98537700
263723200
357979700
384437400
285045700
466584700
411462600
709976800
765920500
409901300
144090800
132755100
620893700
696698200
561088800
178049500
879844300
601525300
287937900
34311500
775724600
943384100
81698600
817282800
551414200
959607600
231560900
242942800
242266000
271844000
886007400
340803700
787202500
495622300
976876300
72248200
962207000
388338900
33860200
979762700
49875400
429586200
112517800
922404300
377919600
925241800
100453900
509399100
526767200
388391800
543710600
554127000
583411100
625409300
371409800
386460500
836652100
854606000
629403300
330553300
126450000
767045900
671357000
165287700
262668200
648233300
489171100
476510500
288207400
523031300
707908400
589718000
952617600
820426300
512122300
330537200
997303300
864211400
839936400
775705700
252603200
635282200
329832800
87649500
512326700
701242600
474110000
348978800
807483800
355148500
931167300
933933900
122194400
854159500
350856800
636497900
502392800
840028000
113008400
42235400
363059300
820916800
631953400
567312100
892978300
395711000
149484600
890281700
259922400
989421000
665987400
764160900
876338400
995820200
851810400
388665200
948698100
577555700
989279200
756181900
184339400
920446600
941751000
558169100
774606100
292607900
194667000
528634200
132635900
307675400
822504800
747330400
128592200
706093500
566277800
273205800
101804500
715762400
163487500
361726900
956818600
81110100
377523000
833157000
76930400
229333500
473457400
277263700
58524400
462736700
33445600
494499000
634818500
226831900
52668100
661059800
519439800
247335100
441329200
903710900
806645700
263834100
902676500
186873200
969927600
468954300
460079000
323367300
184716700
875201700
936729400
141535300
956311800
314252500
226327600
33242200
795221200
699785000
310505900
853745600
414156900
595586800
348244600
300610600
74053900
652548000
961670500
593493700
899883100
402999700
748839800
958164100
918469000
651516300
145037300
140031800
372105900
605116300
463399100
808457800
731953200
651763800
949993200
688265000
966016300
427956000
721507300
761237500
127741000
283648400
866618300
793533200
130870400
466498100
94143800
204924300
119046100
55814300
50053200
270564500
710449300
50528200
228728600
628918300
702044600
625401100
20585400
325785700
482152600
483984500
134243500
214105800
387383500
335871900
902370800
353399800
763827900
875513300
366272500
143204200
410797000
484526000
936737400
541667400
202659400
282516400
998227000
321705500
589966000
299915400
843905200
300415300
350443700
324269000
180968800
304123500
949670100
201554200
629909200
431822700
937174000
764152700
645928500
324557500
351659900
548299400
677957400
367123000
675447900
295865100
510327200
86244900
32026400
698699800
627912400
234685800
981216300
877774600
808026500
571182300
177690000
651931800
123232800
528133700
227836000
304201600
832257200
177506200
505755900
713801600
609328900
694565100
477954400
506892700
19122600
81249500
306827300
948715200
448372500
982275200
244580400
958699800
68520200
276606800
909034800
948067800
762927800
141886300
825842400
570954300
964703800
255167600
474521300
87936600
783301400
702357400
392138300
867193800
879863600
149529400
580995500
740827700
844094500
310585100
499355600
114852300
391834600
806182900
63567600
840207100
788458200
559783200
50542100
108613600
88025200
211212200
56681400
850953000
353098500
134159000
421907300
317802400
389326600
896428700
405739000
424263200
598786100
49512500
543092300
730284900
450677100
124087800
722747800
546406800
686308100
222103500
661259200
329777900
28286400
724826800
421620200
68379800
536245200
723797600
176993400
624270400
935009800
233674800
475223400
288108300
619469000
148765900
857545900
260430900
296829800
514920200
684694100
147251100
816067900
479421600
129171200
266745100
855144600
851919100
64787100
541452700
74022600
726046300
871230600
102309000
702508300
292850900
422324100
238753500
16648500
599317500
863023900
203293500
84627600
589882500
743037000
704096600
990283700
600583000
216162700
538748700
367138400
900856900
685999900
183206300
631913700
815171100
701586600
487058400
667090200
766373800
28511100
992748000
744055300
151377000
346692300
446563700
695863100
769016400
936952400
964146800
619969100
51611600
167440300
704596700
893129300
910477300
660328600
883413000
762695500
876491300
422161800
129833900
28983400
359796900
564675500
660897200
426603200
517897300
147955600
345328700
535906300
428101900
338076700
279961700
579478900
684769000
978160600
275342000
705420600
915113000
239488800
325389800
218359800
658564300
281621700
111489200
820676900
941950300
246537400
583372400
70076900
920334400
964841600
350695500
531766500
781152300
11592700
958369800
299049600
411183500
555333700
834956000
839285500
893410400
366552900
670399600
829814700
344713500
945741700
535235300
511461700
436865700
112260300
981456800
347065300
393882100
344581200
167742200
587467600
591118600
2749800
657544500
763088300
219226600
8240100
294854800
378900
271468000
504859800
551063800
934286800
60193500
637655000
773572300
205239200
4207900
443971900
35053900
600556600
641348800
821924400
363653500
329849800
185820000
345110300
676915100
579702100
689691500
844657300
418804900
532445400
847407100
76349500
547168900
66633800
336224800
93658900
318647900
859328000
598518800
869711700
793614800
910347500
759001900
818822300
115586700
763209800
262794300
402275800
615401600
155778300
475835500
979055200
485628100
661655500
575800700
414178400
492992800
517127500
510470900
911797700
301208100
357878100
239782400
848377000
676147100
827642400
193671100
246430200
686970500
43825100
367777200
732220500
954172700
126779100
551042900
321394600
889989000
65472400
975305700
757025800
221250700
451141200
736081000
958514100
364431900
563517000
372692500
109059900
80644500
883163500
20857600
633487800
492676800
512275300
481864800
420459100
339917700
927171100
666889300
278523400
970996300
34666500
10744000
176804200
161445700
561786900
498198800
303069900
627259300
473504500
60095700
100145200
176280900
47812000
58659300
792348000
611329000
682987100
901407900
943608700
817785800
173900800
577096500
562097800
686176100
310596500
982556900
277729000
237767600
901081400
556252500
208763900
187383200
566996500
385568100
348828900
128783400
135402200
903534000
7677900
860541900
215264900
107823100
288458100
263076900
166482500
80806100
874405900
101104800
233849300
69649800
170525800
407750100
646746300
732623600
345561400
957342800
966815700
623290400
446745700
867897100
431178100
655509600
55280300
998174600
292713000
655744400
378593200
428115200
810913600
386271100
288657100
26178600
745729500
577115200
289255500
163847200
909556600
415296700
264952000
143405900
484946500
435477800
551156000
383328100
168101400
148352600
592306100
134917100
771643000
39051800
254449400
202821200
694561500
561365000
452631000
238909700
217109400
82859500
667024900
28023100
469130600
207317200
54201700
466495300
36067700
595092400
630342500
945624300
10389100
895294500
89030200
746970900
582407500
891821400
130299000
2144100
40174000
722605100
388696400
63452200
761657000
643145900
517908600
707853700
456146100
222174900
198398600
673255500
305034400
865423500
952913800
25800200
324375900
258750700
492295600
360443600
853843200
122638100
306067900
115867500
269567900
395098100
862838400
851975400
538554700
244772600
105754800
830363900
219013000
494451200
893816200
232305200
389232300
663360000
940158900
845378400
885534900
390192700
770269200
190569300
255616200
723183000
216369600
579992100
233569000
708665200
192071000
87412200
82938500
498138900
454914900
352506400
144872300
569388600
456117100
683427000
814161200
561871900
765426200
33174200
56323100
659242400
265479400
697190700
574237600
457273500
542569100
459772600
847466200
312838300
901977100
354717600
287656600
369981900
186345000
521225600
330282300
378416000
860273000
413220900
128190100
315187900
765727300
273062400
884576500
221844400
208124700
950373000
783716300
973550900
983547200
91674700
884428500
500661900
788865400
710301300
209570600
583069700
421709100
57036900
147543300
323686300
663389700
435199900
693668200
849734700
208060700
275585800
479785900
68333700
688806700
607976100
635156800
706169200
132673700
771368600
179648900
592433600
721741600
963365200
817619700
956924000
306675100
702048200
457585900
347175700
663984800
667156600
930245500
85693900
975828700
77788800
409380200
639218400
764623900
354683700
740588400
972684600
630269500
220374300
292653500
570711400
79985600
179445500
276880600
212659400
950814100
456529500
805093000
672555700
671530000
622712800
629479800
229840300
576396200
338700900
577016100
240381000
5857500
507261600
326075000
981686200
836685600
987090400
872539900
601309500
593409300
613128300
825629300
475314000
833502600
118282800
46025400
165123500
549363500
322906100
377782900
500177700
31070800
434511100
172733400
954236000
308859100
53848400
184076400
885255400
392549400
761092500
377271600
650042100
519989300
954981800
883363600
608310100
193707500
755903500
461254800
787116800
369031800
286884100
262430900
454169600
656802100
560091500
619293100
206165600
134632800
248711200
706343300
165703700
683222400
130712000
119939700
243716700
436195600
555651300
128972100
80380200
316743800
757879000
730422400
88368300
712860800
865421200
696678400
906568300
621324700
409568400
693685200
241991700
696452500
207751300
947796500
604889800
767842800
818724900
811055500
902475700
319071300
769034000
319814600
253928900
151381200
691389500
497645700
839212100
247040900
626617800
919592300
815419900
384496800
901649900
903788300
348992900
767071100
852101900
255561200
640031000
261670400
200881600
133657900
209758100
408632900
81454500
814648000
428111000
151814600
877338700
330586700
470885900
898007900
902036500
724814900
49389200
593426000
222460600
888601300
840466900
100713600
59828800
655886900
736845700
961478800
811310400
85838600
980185100
915047500
341399800
871851400
428353100
793916700
5509300
638111300
202549600
338599000
704394500
882295800
742048800
581733200
464517700
212934800
479741100
366554200
189384900
780765500
959980300
663480700
921002000
800447200
764194300
980830900
707969300
501040000
193944900
519279700
838513800
425765200
685962500
431548900
297616600
114315600
225465600
554761200
752426900
679650400
144995400
456821400
561946300
887044300
290189800
26464000
99979100
769931000
393018300
289364000
802331700
352998600
952844700
723333800
405081000
968674200
704164700
364685600
721349500
149744800
883965300
559863300
575510000
569927800
991412200
124761900
935878700
468513000
931158300
688305600
148163500
76153700
396762300
710109800
963198000
686952100
988209000
314812300
708518300
632862500
855811500
510850100
237496300
808656200
234183900
642577400
28965700
189983800
7263000
750315200
339728600
142863500
561813700
166873800
964426600
804861200
543270900
900305300
273374200
474429200
840246100
673172900
802218200
237008400
634917900
765416200
175595800
623127000
80228600
884114100
255989500
936040100
394964200
493485900
996331600
880783300
387698500
276932500
70767100
394961500
27247700
662130900
789460200
840696600
80640000
5522000
645557800
623910900
905827300
170567300
349975400
997708700
843740200
152193600
234717100
478658200
169245000
661948100
353420400
501108800
546062300
609409900
437149000
192661700
354531000
685115800
73445100
742229500
962048300
144212200
388826200
240931200
806343200
429921700
81627800
886983200
435443700
978820900
762529300
341271100
149388200
364139900
338979800
244763600
516333500
825332100
723421800
937213800
487280300
328477400
438322600
284977800
937887400
127106800
477639500
544053600
812222600
551084600
286283200
774270900
695296900
926744600
266837300
753275300
356666300
348465200
891893700
792110100
327286100
654423000
385016400
728309500
270198200
975631400
224708300
38166900
52598700
199765400
975380700
539879000
528242800
413703400
76492000
717765400
540810200
554131600
261819100
604668100
105216200
548102300
378939000
52148300
726482100
897411600
57058800
83148500
245876800
948952500
875258600
824798100
855010800
260275000
804742800
125209000
487541600
29451100
163375900
540140300
229216500
390391900
331654600
757459400
804095300
408146600
475224800
596540700
213913400
737043900
201208800
319129700
536781400
831783100
622913200
263263600
729194700
931607300
598047300
226706700
880559800
473305900
303140000
987205800
985216100
107882800
364050000
724392900
137333900
779061200
264533200
618185700
169453100
596187800
375645100
225183600
4334500
102505100
73359500
218247900
91184300
274568400
789012800
627965700
357986700
663561300
142864500
338816600
595168600
740911800
565523300
727363600
465852900
868663300
966204700
702704200
228181300
330254700
427097100
617150400
109315900
691630400
235336100
530404200
539453400
610981200
755587800
795423100
965121600
828947400
13671100
56305900
355151000
54319100
935906800
964772900
969515600
330406600
555224700
816319400
322953600
372383200
543683100
788806600
492681700
761523000
743146000
720863000
91777700
170243200
338013400
452728900
113508800
573349600
983133100
652962200
435966000
990356200
448385400
652722800
70938800
713691700
709028700
677725000
19646000
896570800
894133100
989161700
226977400
449357800
57116300
549931000
821741000
852434600
590372800
314422700
613957600
333518900
286920900
705735400
503762100
624934300
158464300
617270900
449919100
393232600
521868300
137520400
383588800
970253700
790243200
706162800
935580600
499272000
383887800
955226700
395842800
278020900
196023600
874455400
727378700
253139900
424386400
800754900
105574600
14759300
366812800
719532200
348278200
653733700
676902800
103675500
530303300
87002300
972581600
980222400
480235000
494449900
369378000
115459000
716338900
159621300
821621900
651919500
910528500
457144900
858781400
558006500
735165900
54805000
432461900
714179800
307945000
108483500
514934800
665154800
123242800
133382800
636322200
723156200
787116600
313225100
78466900
317419900
400227400
51048500
549277500
132097600
797133700
918655600
247556700
513472600
78276900
320813800
417027300
988805400
777958700
275808800
798447100
764759800
582249000
230909000
478939700
141829200
339392500
245509700
806984000
714270600
378892500
443306300
437426800
417644300
756531400
767529000
986699400
408394000
818577500
535977000
540491700
615711200
706267800
39683600
380819000
36179900
360497400
797846400
276620500
390091300
325290400
75067600
154851200
907539400
305976600
885426100
49368700
897004300
130935800
856352700
611274900
761463500
551294200
300337000
430743100
559460800
67866000
417442500
967854900
138078700
205054700
759981800
5425200
911322500
799665400
386244200
199137600
411798000
435725800
475758100
801889300
761016200
550825700
956740500
668555700
108437500
842166600
969559600
257077100
224737600
825912300
868352000
237836400
628841800
420324200
668579500
188302600
739825400
337657200
156157500
877904200
542712000
167774500
883329400
705669700
967439900
521208800
904807400
379237900
956934700
632200700
432762500
717950900
434661700
389503000
638141800
543099200
483304900
607701400
800176300
959677700
685249000
920163600
197514100
314090800
592123000
117728800
502393400
331948500
455386100
910186200
209852700
998098100
77960700
344817300
703767800
297035900
866026100
860210400
927909000
822960800
492411200
360671500
792547000
927072900
1809800
430688800
721807300
485114700
290025500
773618900
444792400
975274500
693782500
893941800
289365300
285905500
11670600
43393900
869489200
467056700
205215300
79341900
716790000
534811300
424159200
672193100
831847200
290185400
532403500
11391400
364781400
24814700
372063000
157328400
203522800
373872800
839652500
925330200
110622700
129678000
698949100
807050300
104952500
644366800
952627300
645953000
181907500
964298000
940982100
51396800
682989900
146197500
130738700
399780000
681008800
806533200
71973100
764491200
348353800
856011800
775882600
713135200
880826600
147945600
122098900
84349400
773453600
961751400
261314800
135711500
91429400
960263900
194397100
448017100
604630700
147024400
345605300
786538300
362957600
286587400
89570300
45947600
432784900
471944200
697362800
113793700
278477400
769335900
129920100
878466400
625347700
905802800
843236900
757809500
53748400
965335800
93794200
78837300
178722400
355109000
466184000
521787000
567008200
660581100
969804100
171638900
59240800
315409400
209812400
422198400
853632000
551017900
468146000
286417000
22962200
165508800
651845900
553074800
186479900
781766100
431541300
63462900
687568900
526413400
72907600
992952500
743384400
166701800
323425000
922106800
773446100
789609100
443893800
340454300
701825400
665333100
763728400
761066200
232377700
973540900
183264700
86009700
776194000
903045900
372426700
799156200
320190000
275907900
352231100
758305100
309309200
35407600
821768000
248513300
561821000
894675700
241465800
305205400
313012700
816526100
478947400
86458800
857770400
922841200
426913100
559595800
588174300
442276800
320662100
820552000
667452900
755562000
158196900
443646900
910243100
782258900
242803200
230433100
58166800
595034300
240373500
367476000
882077100
313776700
615989300
443898100
208452400
109090300
738700
773100400
177251600
479686100
111194400
35022000
402527300
789742800
594617900
242336800
232019600
166915200
314524000
899472500
922477200
472720900
343119400
832720300
254979800
585922600
314788700
564781800
432592100
806797400
183893000
314669200
120574100
51517500
10202500
329026600
412243100
10941200
353762200
589494700
490627300
464956600
624516800
144789800
254699400
219134700
638761800
486719000
637685100
204921000
386191500
560162300
929277200
729311000
644517800
435892200
566868800
210941700
674100
999461000
17739100
184567100
565765400
138313300
487719900
575968000
718975100
899963000
586909200
324372500
489457700
329171800
789329100
113974500
725596800
295663800
584744400
364358700
782382800
222429500
569279700
420209600
34227000
750192100
401155800
930380100
186084400
968024600
141321800
186758500
219120800
410696200
622960800
784886300
800644700
362315900
360854300
519619800
262278900
947763500
95627500
751736700
528570500
884956600
117346400
254167400
180620400
953726100
870161300
214638500
176155600
439441000
886483300
462017900
441268400
287639100
392398000
627352800
255663700
785355000
65746500
726419800
447686400
940342500
511306100
248331100
302658500
872160400
19586100
564937400
71559100
115213600
568309300
600129700
251805500
685655800
105932300
684061100
891017100
976093600
898699600
67172700
667169800
785182900
529190600
108438200
324457200
173223800
735791000
831756200
958578900
53172700
558176000
657900500
993515300
69482100
906231700
547809000
193277700
925817800
364381600
516472000
292666700
932691000
368236900
544472200
869982000
474169200
228533300
760999100
450262800
378868200
79807000
369067900
415686300
860632900
477506100
740143600
33856700
464932400
571899800
244070800
769740300
130075800
901971400
763255600
451193100
808203100
562699800
644470800
985656100
927081500
160942800
278322800
859772500
529179800
74430200
981389700
254984200
302963600
742388800
956882300
681831800
822195800
325950200
97518100
682828700
55091500
837661700
968320700
520023900
661196700
212391500
541399500
42907700
365998100
304655100
494100800
425836400
118990200
390206800
411492600
46071700
802784900
941450600
157479400
583599900
15880900
138869100
838584100
570479700
881257900
47101600
252311500
955088900
373051800
601464800
637917700
428143400
439126600
857873600
199802500
351958500
321900300
741202000
394866300
687898500
297492400
888967100
365370100
416482600
530809200
28497900
714189500
333594100
969948600
871668900
168829200
237464700
10538000
259048500
807944400
891795900
306150200
311891100
98520000
679202000
913355900
988072900
358980600
604117700
845946500
558783200
956076300
167846900
551620400
350942600
107380600
100748000
491544900
472750700
768865800
273989300
501248700
483055300
859218600
722832500
354724200
28047800
960297200
365262200
287096400
19876800
508693300
593246600
331767900
607213400
524083800
245123800
846921500
883064500
849241600
692868100
693482900
56953100
112350200
496738500
407895700
219730800
597486600
151075800
944116700
366352400
425065200
697000600
101043000
535919000
419833100
455767200
563966900
631765500
72664700
102698500
903277500
581358000
947580300
235045400
440206600
471664100
731804500
287128200
606363800
832681300
231631500
551481900
889634400
343981700
48220500
549165300
815347700
897342300
951876300
11099600
515329900
376941500
708100300
616372900
912860600
379568600
72140200
728462700
262969400
396440100
831161200
166246900
229433300
30376700
652927600
669640000
753676000
384732100
208403400
360039900
217413400
691670100
163157000
358683000
287287000
463012700
907848300
354269900
360355000
859724600
365369500
127320200
488301400
325105000
743693100
652797200
956308900
67468500
632895100
219278300
463908600
715691500
637160400
693342000
746068200
290088000
614617200
499744200
674820100
74655800
111419300
143868700
766325900
274576400
502551700
305248100
737589100
662035200
659518000
349579400
521759900
276522700
476899600
261696500
853263000
472227900
914493700
809571900
539696500
547388800
280485400
3605100
514715500
917645800
948582300
260783700
207733900
563199500
760527900
882554000
889490500
123582500
278058000
907451600
398158900
780609700
212699700
387383200
442645000
123852900
736962600
216040100
652010900
465497400
477736600
505273900
937725400
643865500
566481000
729057100
442889500
846966400
732662200
957605000
16247400
932879800
218388700
223981300
747714500
230551800
358170600
637205100
354134300
636228600
544656700
3928400
416838300
8991700
391311700
111118500
384479800
379909500
327158600
36490700
845407000
804895200
793399800
34767600
700395900
359880800
763824700
143285400
458482400
496486900
100890400
474729900
681001900
319279100
950346400
428716500
801466200
308517000
317556800
155600500
944745600
862213500
159529000
613219200
122840400
550840700
975972900
507320300
930750200
303131600
795446200
27792400
359662000
588846100
62560000
60058000
200362100
826384700
203343400
910479800
574506900
555869100
636844900
255508800
875148200
587191300
935860500
676614400
895708400
253417300
83850200
92089200
367266100
243379200
956943600
490106500
45855100
932916600
249062000
228240500
487683400
44508300
507668200
847345400
884989600
570228200
159038600
85351700
648248200
362382100
247466700
222755100
169886400
884311600
729899100
45034600
471503000
917394900
973284300
618846600
170812200
308769700
710935800
789713500
803784100
919514700
279820100
101274400
852431300
780517300
329514900
340114700
76660800
837183100
439095300
961650400
659046600
598134000
298637400
307294800
212151300
546104100
781685100
382037700
430415800
763219400
678707500
153554000
680614300
903627000
772400600
103061800
212396700
734971600
892775300
16180800
654486300
424230600
117455200
758552800
204748000
698605400
350302700
281408800
787423700
789398100
494694500
698105500
639167300
793331900
5400300
851318600
591071200
38720600
484991500
273122200
53575300
415334200
426676200
734189600
318961300
450712000
837251400
782993200
185683700
981662000
50809300
91805200
405892600
168264500
101993300
610640600
118505100
452296000
143684700
157564100
493329300
890014400
855669600
132496600
683346300
112705200
235450400
526052700
151425800
972077100
799175000
205001100
387411400
225851200
190826000
706372700
928198500
279712600
741001100
113882200
261374600
791810400
457322600
667267300
211710200
559315900
529543100
330215300
11612000
924863000
487779400
756576500
814877400
595084300
889073200
749858900
707789500
376158800
275911700
110850500
348236000
75086700
567486900
735647400
552573100
758312900
693655300
480771600
38025500
434656400
846289000
299400200
478102100
303611700
218302700
689812300
862927600
999481000
271662800
126174800
924344100
11077500
882751400
739221500
606161800
23459800
740715700
313951300
399618600
16627400
424801800
999489800
343349300
992288700
986772400
895922400
2236800
680427700
628329300
291897600
366719400
474618300
842933000
96456700
29865200
61235700
786269000
144428100
60716700
57931800
270602900
236696000
69009300
404989500
227552800
675171100
680084500
968268500
240757600
79703200
984895900
917194700
330828200
328245200
161118600
317600700
475802800
163355500
249663600
104132100
455253100
868018200
830385700
298186100
964474900
860250900
611057000
750743900
4679000
671773700
60311000
526917200
160105000
129320300
183541900
387657800
56126700
863626500
355926300
548519500
194964900
592457400
465714200
525793100
920702600
878468100
843393800
648140600
41823600
93057500
3908000
748711900
961075700
834293700
46898000
925550700
946179800
657955000
927929800
950858900
581363900
988240800
729411300
993104100
369196400
912953200
380761900
425323100
776579700
988323400
225477800
971544600
580780800
942827300
497337800
753118600
821295400
592366800
401259300
863119000
685424300
405167300
863466100
898135300
491096200
910364100
75321200
437276000
819954300
3251000
639770100
652953400
991491900
369181400
646057600
360688300
533769900
278454700
37646600
310349600
266778200
263124400
533529500
847559000
205951700
282502500
852312900
278882300
874869300
253572200
142001300
811928900
910374700
5467400
961699400
401470900
167466700
37020600
90382100
239056200
40271600
730152300
143644900
283398700
99333700
41337700
644087000
633103600
319792400
933368800
195088500
838205800
196493300
980253200
937400100
654080200
262755700
789713000
932962600
389260200
294920400
326599100
452824300
205295100
583701800
414523700
858401200
2803700
703179500
948783300
241860000
995086400
678935600
385504900
278485100
29904600
426842600
174207400
914643400
998270200
107576200
361367100
836476100
555704700
341620300
773876200
461420200
856011200
815224400
646018000
496906700
110144800
224252300
201366200
567075100
807954100
867525200
425476300
62393100
570704700
625894800
304253100
565791100
556465700
941393200
95911500
838005500
619871000
521754100
4284100
869776400
629330300
365651300
706252500
436670300
958906800
731763900
149725700
66553300
798623500
795743700
563460000
908768300
271631200
764826200
727478600
79585400
632351400
404590100
141978500
454691400
30485000
697866800
272117700
838585900
890895200
619664400
676591400
762401400
141418500
680875500
632177800
22384100
298162000
590065600
459054400
257068900
573464700
860415300
323622200
372088300
907794200
138717400
532491800
179425400
155178800
259970500
259010800
39165500
664560600
652624500
493856900
946680800
602126500
765974600
785266700
493021700
385639100
713493300
507058300
778692800
394368900
139236200
801076900
692530900
729301800
511766500
201235000
554401700
372181800
776492400
926490000
279976000
915209800
458981900
459401500
70388700
970587600
970047500
109554200
886783400
874307300
855046300
833464300
476433800
872656100
870366200
221090800
509930400
583859600
728149100
288623300
229863700
119020500
89700200
174029800
848322300
601466800
375264900
402724100
225283800
151757300
580849300
505259900
318602400
291466400
964661400
640626300
513689200
186344100
1815700
400472700
60651400
856862000
485572200
788720500
981153300
355938400
9811300
491083800
939798000
989595600
31342300
421296900
108616200
372677700
595326800
208573700
974144500
970591700
862933000
451063600
373984200
443782400
956323500
944221800
986884000
172620100
584848100
500573300
358964200
838299000
901046000
671250900
946796200
386618200
459971400
927949600
994191800
721417900
670668600
933989900
711013500
702010900
355286800
819629700
74688600
202248800
28203500
300468400
172840500
891136500
751532000
798460000
586554100
959490700
742681800
573438200
132110800
579165200
325646700
742710200
417464200
226692700
665596300
364260500
864946100
125567700
543845300
859137900
846985600
214513900
44763000
809634400
168160000
651685100
629264100
242848600
853933900
909102800
794952200
278409700
51874600
798119400
76869700
890063900
757610100
71186700
715137300
141356100
650351900
40784000
884066400
319451400
519111900
549662700
683711900
384058000
926865700
227557200
494831200
25486500
693706300
791229400
835120900
861866300
442914500
464385100
356350100
296848500
625123100
151302400
826893400
928632900
949421800
903763100
818696900
707032000
226585000
533834200
100023300
876937000
574618300
984089700
196388400
345365400
785387700
131735500
981058700
712253400
610927900
475889900
989375100
304634200
267119300
824496100
166500500
961669100
540516400
774485800
510152800
165639500
177423400
337046200
94272500
126845300
492444500
164604600
85512500
719029500
950074000
185535800
847601700
524692300
421260800
43990100
121693000
458283700
427360800
102751700
422172300
38288700
830276800
411547400
342922900
349031300
236043500
761058600
310700400
776559900
535544500
72488400
942199500
712967900
409534600
288107200
91448400
153614300
704347000
428596100
872643900
654421000
865767200
720245600
430748600
287028000
15871000
552441600
745311700
443231800
655193300
167484000
481520600
485470100
579031400
76078700
834501400
815075000
88772600
396837100
591634900
875952300
469325500
785469600
840555400
130495400
325212000
932003900
284109700
29559000
612235200
156753600
683980100
478002400
128634500
114728700
765030400
396140700
667170300
761977300
91007700
573998800
929461300
824163500
59468900
760128000
900242300
145605500
826838200
989014900
794077800
670108300
864967200
263403400
455578000
957157800
393898800
32425200
889161700
678008500
61984300
753032200
86397400
745964400
231034600
466667100
112328300
247700300
862807800
779498600
9677600
953815500
605132600
190774200
777979100
916236700
202537400
929856600
61842200
29375600
170506700
855920100
951119100
287109100
370958700
406697100
244266900
764857500
690757600
385063900
694501200
752741900
138096100
780898600
750341500
620765900
499200900
114305000
868466200
362008700
893803600
129779100
567459500
750571400
572188500
597073800
666808100
774725900
526930400
980285500
55736700
949072300
87840800
6855800
236181400
458799500
665188200
480448300
475292200
355945800
865512200
169793500
360322900
3608300
202327300
362299600
624374300
701528300
476604600
744475700
315172200
622043400
874254800
134266900
372614800
698078500
731340700
39422900
724439600
509906300
19708400
780176300
458978600
107549300
38667400
946795200
817984000
955490800
427243600
293276300
563071800
292755800
714705000
923394700
547999400
168667500
285694300
424008900
121831000
762298900
420119800
688638500
384342300
546009900
822905400
756957100
244088400
805881400
48015200
968528100
567422900
67723600
339600
278036800
426908100
290642200
224832000
496527400
246133000
903710800
789803700
809204800
448101900
756143900
984234700
996101300
924811400
269929000
671745400
298277700
283863100
91865200
986916200
668205400
637875100
61456800
676797700
133598800
867338200
724812900
353762100
686396400
44171800
354101700
964433200
471079900
896379200
440900400
967607300
394147400
344611300
9046200
454987500
792713200
16825300
439222200
40449700
193272000
709151300
963830300
491549700
993014400
55695500
730101100
912855100
945205900
791557900
589652800
330439900
910531400
314465800
684202000
596927800
610272800
289938900
812996200
81352700
186318100
505531800
300595300
832100800
101778300
561276700
287088300
894491500
578102100
726310500
186576400
771374100
687097000
150406700
514559000
931746700
457737500
244660100
844601800
654578600
36218000
685889800
985018500
946749400
251990800
669220500
795312400
862263600
959159400
859943800
195251600
397112800
365475700
495846900
229213600
467254000
308758800
516301900
613380800
886860900
242612400
799957200
909870200
181344700
201999200
424429200
113091400
659736700
920724500
209328400
565950500
208577800
895218200
550969000
155327200
398844300
220189500
202274900
261107900
430984100
62218700
707994700
828096900
427694400
455476800
57310500
146583700
764235700
825247600
759964500
902731800
319495300
811556900
812602100
500840000
13556100
488666500
865566600
924928000
409391100
74895000
490878500
617968900
221748400
293482700
24931300
620592700
513672200
478841400
133335900
944656400
541060200
841330600
24388500
220389800
548442700
333334300
366973500
312678400
158581900
378573200
215410200
729712400
190130200
279647500
230552400
455321500
768314100
96119000
631884800
429340400
422649200
374398500
298944500
644397700
667881300
323875800
516625600
433188700
802717300
649961500
629480300
595412700
742927400
653868900
815802500
291370100
987203200
434411300
855683700
397420300
64619700
71093900
127132800
506385100
350741500
609320400
961706700
370690800
957074700
845226700
800031200
631359100
219625200
98975700
275756800
139141700
674486700
792382500
572330500
728839200
693979200
201810800
324251900
688541800
107314900
391689700
979911900
346153300
77736200
835595600
743573700
142355900
158324800
122341700
648741100
760701500
983297300
862083000
131392300
192007200
958944900
183058700
823366400
430205300
533669600
99123200
569347100
459791500
143140900
393312800
188630800
88755400
846758800
764517900
777297200
954073800
407842800
757209200
300227100
737214200
844440000
295436000
879570200
2764800
669412900
779946500
763466300
904345500
893664700
146493800
96352700
104244800
581187700
919719100
534450100
114857300
270477600
355432400
826284100
665253700
748745200
14914900
754009100
595504100
31068000
782941600
801213100
438910900
791786000
101440200
176125100
636226000
648511500
307330500
890626100
569559600
338912200
905727600
473905100
484212100
52221500
570257900
588456900
885044400
741612200
122907100
999901800
263725000
478339500
826185900
928978800
478720000
92736000
934623100
74224100
375439200
717564700
127072400
65985300
509350700
480147800
242110500
397212000
128659300
801076200
287838100
698219000
391623700
445200900
423759300
875835800
497422400
994017200
715928000
382466900
987264700
838835100
634003900
250989700
568809800
711825000
179968500
47529800
56196200
366226900
373389100
431635400
83791600
500461500
497620800
844777600
232244600
991366500
241989600
360903900
44077900
781462900
310758100
687336800
226663800
734517500
563172700
975721500
980169900
279100700
609823600
967434600
369571000
495462700
218424400
190016000
458922900
650028100
489181100
515119100
16255000
862570200
198389700
351681900
614667000
947645700
196459500
846911600
190647400
690084300
459450700
234725400
471547200
21844100
922062200
949846200
7996800
736870100
925567700
988166700
267606000
535391300
207236600
888812200
282489200
425661000
78828300
741412100
327324300
568009400
256531200
343579400
682214800
706556200
695261300
548517000
654201900
891720800
647063800
844849400
581805100
106514600
331210000
304987500
379993900
504907400
254833700
639625900
493412800
180401500
627792600
12654000
967428000
86664400
901466300
249917300
763960600
231929800
242964600
91285000
51574400
499495900
434864400
733789200
457687300
381760900
282306300
111889200
273481700
929370100
208373800
106922000
287519900
791219000
663544700
919149000
547761700
918378400
558774900
41174500
350415100
438202800
53828500
569478400
524867200
206930000
71030900
288827900
438859800
313995500
380112900
490434200
65126600
66612500
475858700
774449100
448373400
758165000
886338400
721855100
939170300
346347400
80412300
478325500
389201700
995592200
397474500
936963400
913970600
207884700
978137900
516021000
646087500
283601600
337134600
170954700
490531700
659800700
711417800
929391500
225431400
91530700
671461000
290558100
158143200
147319700
65007200
858151800
157119900
202980800
580006900
96290200
800963500
912054400
826250900
190165200
907646600
223725500
127128600
73252500
683245400
356901700
840908700
329332900
640503300
429678500
751922800
131035000
89479200
463340700
312061800
314910600
806506600
983522800
857103900
216285100
130842500
173746400
74436900
287962400
628362400
906079100
635887800
429325900
69768700
462138800
871126300
229050600
937499500
998254900
302303100
620744900
606791800
394847000
201713000
247295200
824525500
953635800
378330200
165639900
416976500
690392000
480550500
475118400
925550000
337654500
691403500
56392500
511400900
765840400
595990100
391398500
923554700
483513200
820724500
993323500
197287200
691850800
222374100
134786700
941741000
776312400
7166800
548532800
171159400
208879800
795828000
247320100
162515600
425793500
412960000
831127400
367820700
893510500
306245800
293370800
482800200
249284500
601398500
245836300
266760100
449023900
637234900
190314900
932537100
709594600
183638400
381459500
653080600
657647700
516246200
594821600
433960100
775048200
394989700
605119500
235563200
442452900
104074800
398078800
119881600
517034800
480841400
487702400
662180500
38722400
32708400
396616000
539642100
885742100
894087500
806402300
334766000
531322400
996717200
518938300
492552200
431990800
900397800
145632900
89638500
668279200
992089700
523598600
694962600
387079400
380353300
930525800
81167600
736063300
580239900
201049200
504733300
312716500
940386800
166913800
351439000
973095200
815165000
891081100
858837400
709252600
949118600
445238600
492210200
945835800
215812200
984762500
629461800
367845200
382030600
970735500
287759700
374120300
745969300
982722300
12835000
126322600
164883400
345637800
114021100
745123300
546687000
618754400
57839800
738709100
37303500
660914000
711804300
852468500
803630400
822276900
813356300
752749000
519150800
557201800
950220100
734963000
541964300
579681900
354443400
175630100
550417500
642203100
801385600
296386800
876560700
65855800
674344700
41444100
411493600
788365800
786567400
209815900
658755500
96042400
948525000
696059000
756956500
911964500
800162700
560586900
734241500
613519100
313335900
505027500
170720900
263556000
239990500
964320400
94873200
846069100
391585700
896925900
488272300
192971300
444947900
616468200
510462400
119292600
657912300
921956000
159293700
696114900
383407100
818049200
43792500
583567300
765743400
800749000
495531900
565906100
612971100
481408600
431060400
177942300
986436100
853416500
441498300
478061800
69372100
788006700
324130900
460957800
684932600
64038400
905564400
129880600
932141800
416026800
500808400
590054100
589618000
911737300
537804200
224660400
729786500
581596800
808227700
747165100
633981000
303759600
313071300
246952200
36803400
995766900
424894500
23239500
849183500
118028000
752936500
918555600
906034800
77067500
631148700
842602600
392741100
788348300
224118400
324883000
456010300
724926900
166572300
45628300
636664200
704376600
521923900
618086000
537608600
330151700
365251100
171589600
885546500
929957600
418541800
922350000
925724600
843436300
197224700
774908100
213099600
950161300
945098900
119134400
278864000
827882800
213372200
923240300
616231100
437490700
248123300
323876600
414052800
666330900
369505000
302352200
370707500
143064100
920438200
159951300
473215800
537324600
331540900
610397600
467282200
1718000
784382800
393006800
845154300
981607500
419550100
309889100
183404000
616284300
680658700
462268000
444167100
894031000
385508400
312033500
583156900
885266900
635910100
997209700
551597800
257050300
551197100
173940500
400114500
471635400
333891800
124965500
260595200
917068000
986998300
727877400
918786000
771381100
372519500
15575500
4623900
792069600
325464700
188027900
659989100
6123400
901931200
104156300
151789600
539074800
667825000
734946500
424341700
555370300
983791400
227574800
812420700
534988600
653150500
464170400
258259200
238677600
840771100
518854400
155745600
827769500
246731800
326166800
599150600
619251300
341742300
855409700
662956200
918842200
43437700
322945300
924965700
945368900
678736800
328390500
736078900
598197000
63337100
160420600
153567400
47128500
639630600
217623300
833752300
292781200
681793700
92011500
783094000
774200000
610865900
190474800
601969500
109233000
516641600
452755400
728484300
110019100
308165100
643075700
28861400
603238000
217656300
205462300
548606900
148028300
533852800
536321000
746225400
597189900
696741700
899792800
895953700
588007500
369051300
729706000
132423900
50845000
821717600
915517900
825045000
684218700
105992700
678649800
793451700
622634300
131405200
773571300
732653500
691205500
416647000
13150100
294443600
885938500
218612400
94685700
33966900
752465200
631006800
780192300
601290400
579383700
931620300
748879300
167391200
300671600
730220500
551450400
603151800
551938100
466968300
679832000
487792100
824596300
610117000
281243800
698865800
993157400
54815100
683154500
684363000
723097400
696304600
230441800
609035900
914917000
325127500
894638000
919017500
207769500
926465500
771943100
38788400
858085800
520822400
457814900
410392600
251042900
9265300
265179600
54616300
727868800
945011700
542408400
552465100
806763900
823652200
251331000
799921400
130102600
934485500
484284400
853200000
882425400
966361400
713871100
48977600
543124100
608509200
967995100
750893700
534974700
991573400
41317300
644695800
512395800
499132200
55088400
15074000
508397500
320268100
321325500
236266400
516915000
863733900
40366700
323678900
939021300
543332900
375235500
320759100
729453700
111155100
173959100
611879100
77516500
139465500
660856700
620640700
747974700
880487100
623169600
282949400
872060500
664486900
927645200
636091600
163619200
234368900
651165600
923651900
806272200
224126300
411553500
574822400
87860200
451920300
150136500
278516700
995253200
525372100
599275900
724706900
636527200
24870200
588221200
965679000
164335700
249078000
586319700
912310400
381200300
461124500
446895100
253260800
377246600
626175500
889352400
540865800
112179600
792153200
716153000
918451800
16279500
127706500
744909400
355774900
579626800
895046000
885926900
826515300
672053300
736838000
551222200
308580500
761708200
391078700
525894700
177679200
640156700
112214400
341624800
21357000
824974100
788519900
526253000
202220800
666330700
667240700
994721800
778510300
459393900
710874800
948597400
727308700
838581400
693506800
334718800
669843400
840188000
220645700
496358700
512241300
957483700
299216200
72457100
970827200
690294900
598351800
400141600
582086800
962201500
741766400
855079000
38810800
781921600
381332000
241031600
448252300
48572700
235753500
478397800
759601900
198263500
678630400
738545800
36844900
372137300
73264600
958323600
463960500
545545600
454682300
227837100
754664500
753898500
551929400
977126900
695828600
401916400
377268500
277915400
615753100
119035000
384629600
654564000
900956600
765961700
147230800
600844100
66169600
634619500
79241900
825771500
832883100
757872400
815952500
121363200
381644900
889217200
79686800
97240600
686398000
534369200
325077700
441062500
539902900
128642300
669824700
487366800
530558800
47093200
16917400
146311900
166128200
401547100
52511100
318720000
167508800
199742000
919564100
485313600
834361500
250441300
562720400
918879800
259948900
378672900
40243100
893229000
519525300
371565100
990469600
205923300
157569500
567182600
898621100
697472500
695824900
568445800
436474500
478018900
867174200
453391900
875966100
284937700
106574200
928477200
603657700
525718200
379854400
774857100
11031900
465851200
276933600
573752300
384731000
536882500
204060400
676609300
681746700
723585800
48174500
923851500
181144300
205744000
742669300
331400600
154851700
690129500
151481600
842961400
168148400
18655900
296353400
44114500
303593600
402927600
224227000
158886500
180281100
604081400
185378800
191313000
69932600
462312400
765065300
454663700
250830100
220760900
382908200
932576800
944346700
431082700
108063600
377126300
888462000
850732900
708526900
294948900
540862400
860008600
137910400
960646100
130299700
434263800
256395800
685528500
88826600
480622800
844415000
269107700
84704300
29793900
712055900
406272100
743741500
728756400
112571000
994571700
949517400
495479300
178783700
893864100
178197200
286847300
270990400
66659200
389215500
231152600
361608200
930077900
91161200
751153800
142359200
473096100
437052800
398755100
158624600
777514600
879377900
254674800
46622400
215717400
284468700
10313500
621989600
279845500
739070000
986195800
274417200
940222600
481675100
704836100
85721900
659872400
991683500
356712400
978166800
632534200
839500200
591410200
562612100
182296600
342564000
956606600
655392700
31252000
355361700
65652500
808766700
486374800
320327300
107024300
702092300
856431300
117337800
575717100
136276800
108043000
561912900
662329200
48265600
295223300
367165300
133987600
206730900
358848800
742335200
436532900
991383000
581835400
279578400
805630400
764132000
873777600
13872200
671159900
905029700
369233900
736812400
713796400
107243900
57139700
820820700
809336200
165206200
938158500
636688500
301483000
46201600
450236700
963812200
94467200
745460000
330977600
228454800
203826100
941461600
970790000
640359000
184479900
804260600
919937400
241745500
568392600
793715100
255617700
491187700
698744800
876486800
228000100
412541200
983730700
536775100
233361900
44702200
701981300
423155600
933025900
255099600
469357200
383262600
218911800
815459700
380357800
801524600
295549700
584183900
994621500
517975000
476178200
179101400
322235600
647750800
672482100
142263500
693101100
179735000
633451200
391845900
56221800
113086600
56022300
291587700
649861700
541019400
336289900
603478200
964175100
269315900
858577800
685167500
904213700
329124900
752262400
284571600
130649500
47812200
120390700
376906200
565787200
848204100
807642800
139658000
495955000
480124900
281921500
189056100
659859900
167008000
832537300
967716900
531729800
140194800
259304700
433226700
681214300
847229800
36704900
897024600
116545700
146918000
833827300
20759500
476042900
586089800
556966300
858327600
885537200
928992200
486869100
702959600
28831600
294511900
842617600
524786600
774636900
376174400
965477900
686132000
794817600
798015200
905484200
578182600
189845300
164788900
11409300
871059600
12018700
299749400
19719400
380199700
446667400
853546700
652594400
174345500
691271700
461195900
284308400
576808900
390188100
771177500
531403700
419019700
317324600
625656600
195441500
91961500
253466200
412554700
29728800
48283800
462205100
935213000
626466400
652050400
351637100
889510900
523110000
615291000
189260300
542829400
247125900
887563000
648011400
899720300
61908500
339283100
360916200
597852100
167727300
2739600
620664800
699131000
673394500
937989500
576422800
120471300
281586200
829889000
533026000
311315000
129808000
995231100
498163200
7909600
898916800
101435500
897420500
422026800
716726600
338316100
216491500
215487700
225879100
116138100
115208100
287787600
707056400
727759500
137275000
874783700
982134300
757939800
825550000
907164100
695929300
401972800
27635400
229150800
483497100
812296600
792101000
613305100
59162900
290264300
621214800
958079700
643335000
770270500
631741800
611696800
108586600
99868500
827184600
334465700
216006600
194027900
873888600
923063000
921787400
11163600
49482000
155557000
20738600
875032000
62721100
968303200
528640000
341991700
197454000
12137100
154288300
989555000
877077500
465086400
531454500
749927500
423166200
174789600
520198000
306543200
38121600
628784700
406411700
865306200
214885600
874053500
59334100
88774200
48751700
232756800
351573000
98233700
388313800
623946900
224900900
451034900
592250100
753541000
793026600
41339300
17313300
198950100
30894300
894390800
664036500
813984100
644318300
338837900
240408900
416151600
897016300
278530500
296571500
303428000
143836800
511457100
429116700
454806100
851866600
477868500
687562900
455074800
576102200
75876700
79021700
52638400
778546800
922907000
57814600
571573400
964246300
75127900
22158700
246775900
221154000
937830500
60760000
117107500
528303600
301168900
784894300
425320000
831334600
81465800
980383200
975171400
844558200
409500000
429977600
948060000
139003700
369175700
403134800
966741100
445052500
733791800
19379500
223599300
908334000
77194100
46808000
872580400
403957300
68966700
370991500
876746500
258432400
683386700
993854000
786736100
236190800
30383600
212056100
67525400
111849400
444074500
294332100
956407600
853574500
975944900
156102800
244213400
345120600
810872900
210954600
790173100
544664700
230334100
265407700
704633900
559163500
312215700
577214300
963120800
632817600
199841000
839867300
142885300
883227700
85356500
929621400
119418500
115740100
393312700
186944000
479224800
837387200
732911300
687267600
942597000
708856200
843370500
186810400
53976800
654243400
649400200
95785200
450543300
879734400
361192900
155177200
690533100
925043800
984026800
653653900
809496600
183867800
745156400
952381900
318730800
82148100
133638500
438149300
449523500
526951200
876728500
928748300
615973700
861275000
867651100
810205900
570131200
711021600
248651500
624108100
616900200
898051800
719893300
67443500
29421400
332721400
474256000
719954500
509400400
458282800
625243600
318897000
893785800
370400000
271279000
464151800
704183300
656552700
153936400
153706800
435139200
282300100
334090300
51112900
143575200
201741500
112954000
713706400
164398300
613240700
589449700
781298600
762927700
560978200
100377300
792349100
893699600
826268500
763938800
403100000
536186500
389182400
973632300
681607600
11217600
244911300
145759400
967036200
153099200
299695800
120743000
588238400
581996000
706468600
639351300
725571200
908210100
3940500
690912800
72608400
617181300
280362600
105542200
380109000
841340800
457554800
424093400
986675700
283823300
188032200
389775700
71645100
828849900
363408000
753252700
91702700
859954500
899012100
58738900
13053800
198708000
179482000
601292200
32339200
885950600
492278800
757910400
45795900
747854500
448823200
370039500
365035800
980821000
727217000
996780100
822161900
184771800
420873500
808837600
720230300
860540900
450248500
791875400
689390800
65291800
545128100
32728800
176881500
444140300
91467700
189935300
894483500
270949700
42862800
926822700
408535500
786776800
936368300
705966600
534631300
636826700
76006200
151302400
617647800
803223200
399717700
439809700
239630200
72226400
500282500
959860500
932767300
950531000
751736000
873793400
15822800
548499300
906522200
192704400
244274800
997989900
634274900
390393500
520574900
928772900
317216200
180745600
715549700
505219700
886712300
501816300
142046500
214353700
904753900
759694300
17576900
304471600
451139200
257207100
376698000
951421700
217067600
561100500
153587900
220438800
434893900
169410800
20573400
593051300
613750400
264848200
842676500
248025300
655241800
363251400
428433500
224093200
795632200
395618400
980948200
933979700
897434700
122994700
148333400
53823800
134324200
165910300
358295400
837098600
674752600
986628600
788520300
143455500
547729200
193743400
363894300
234258300
363154200
636102900
827309700
228539800
152586400
669986200
476565200
807828200
284872800
156633900
283556600
332140200
552252300
264504800
266120000
449687100
639134700
414453400
755146100
773458900
831999000
365076800
610557500
506751600
351705400
650713000
650207100
151069800
96091700
265736700
385328200
459245900
901839600
464273100
939421000
54426000
385894500
415986200
113889400
922402500
824255300
649081300
254542700
376507600
913586100
520662700
77829900
552720900
186751400
832976100
577815000
18750400
198052900
440007800
525502000
801393500
342356000
427344400
952463400
438447700
693081100
589426800
149328900
846555900
305335100
88749900
152617200
691229600
756371300
518141800
613632100
580626600
167223100
119810000
957134200
80809300
892108000
34964200
885165400
78859400
867940300
462980400
97609800
317628400
154623400
874747000
119021900
496979500
553726600
71485300
187062400
246807700
912547300
336391300
344998900
217882400
676776400
497616100
909112000
433147700
267393100
774379300
265409500
434616300
145824600
222543800
515425600
37932600
509143200
652226200
116792000
377083500
366841800
466037000
946347100
521465300
592419200
65369000
270080000
146145900
388489600
708777600
644588800
301036900
296804200
989587700
518919400
973580600
738839000
679666600
658363600
6232200
705681200
923773100
440848500
851505800
146316900
207909300
889438400
655460100
111770700
257865600
284178800
478612500
723902600
482161100
251713000
567957000
547530200
773428200
714102900
187655000
482205900
358691800
488691900
779010100
599914700
259246500
4225900
590389000
938913200
662589500
596621200
896229600
586362700
289104900
747735400
984314800
748649400
888809000
891410200
860420100
146674600
427224200
590667800
122212400
909385400
842380900
690169400
708550800
615809100
404272400
896205800
349650200
14599400
384897700
380295500
866149300
895779500
384521500
456538300
86327900
47111000
304794700
982557500
633473700
593899600
730292900
617788600
594184200
619101900
760834000
706239500
17411700
188058200
296907400
139624100
97443600
390923500
829793500
805994400
258367800
485701100
702200200
608018100
500300500
338733200
988313600
366449900
234512700
372835100
74623400
320840600
671581400
379418200
555033300
305055100
224953000
285326200
174478900
819137300
156063300
935312900
777012000
173475000
123371200
73919400
313099100
472450000
716478100
394527800
530079700
974846000
880229000
483915100
834499300
632164700
822648300
74448100
250249800
308796200
698918500
324873300
881272000
370499900
704291500
436305300
927190200
929244500
973266700
101669200
17000
129330000
288617300
777029100
554440200
663623700
102583700
119174500
136073800
819061900
765337600
666153500
45543100
645566600
150068600
131677600
529366500
224352200
206125700
779616400
784783600
156679400
356124900
666055700
527179300
312051600
102361000
706004800
241296100
327263000
807674000
492948400
708228200
347926500
269977500
262668500
11550300
624196400
633478200
147624100
443258300
398815800
65412800
740436600
296017600
467116600
872114200
77019400
691468800
329875200
108271000
727887700
486554600
464395900
393943400
265369200
776447500
747939600
971374000
269378800
75202600
30683200
762327200
35066100
378609700
283939900
549369800
390160000
908136400
182848000
789419300
603029900
833299100
854832100
595101800
380951900
321948800
718851200
457971300
265052800
48726400
817877500
992940500
786916300
282273400
638519100
52285500
310356100
638094000
275294700
831370200
964931800
305977900
593697400
999997900
684587600
129272600
549367700
326382900
289044200
732215800
115802200
143709300
817150100
222269600
738811100
449737200
795853600
457662400
159343800
312541600
758024000
977221300
557117400
544940300
511130000
195636500
597225800
821486100
833730500
872520500
652856300
50297600
430133600
498189000
50295500
114721300
879096800
599663300
692739400
168141000
583514300
808541600
311850300
400664400
30811200
302296700
850401600
78300000
759959100
9745400
390841700
517983100
238602000
947959100
62923500
749732000
143595600
911784500
822853300
228961400
35940300
727344900
279259000
466073900
225533900
329554500
832430400
356265900
180853000
525169800
524406900
764367300
585346700
87892400
416666900
867793100
390189100
518703800
946093200
401783400
780084400
336934900
171401800
18686400
284894000
485960500
768418400
428489600
649380200
842907000
909086200
685320500
570251900
439980400
403029700
47421000
769535000
487095300
403686900
950388000
12265200
179729000
966390600
849247100
267621400
383057500
717040200
909445800
901761300
663133400
311229200
933481000
68300
734266200
952167400
284962300
220226700
972221100
965087200
869607000
815128100
125808600
806562700
637015200
565789100
209592400
684436200
586959300
696687800
339758300
537347300
960588200
519487300
755373100
809835300
38743900
138430700
526875500
948189700
291827200
441644200
511054200
476943400
441712500
245320400
680746100
978310100
717182400
652967200
195032500
586789400
719730500
320841100
393352100
608380900
138265400
854579800
292817100
725224700
551267600
632575400
514207300
763491000
403697900
269580400
573326300
442441800
659646300
351837000
642266800
203108800
793481200
404956200
680052200
486829000
901911800
360798300
716774300
619094200
265400700
911806800
457518800
236766400
484283100
102506200
845147300
622548600
957086000
137964400
347773300
759988800
22175000
861980600
523479800
677508100
383196300
348441300
119950000
42842600
700278300
13852000
245951400
745394800
418808200
177638900
232223800
320720000
538437200
200633300
939814300
803838000
364075300
397333100
292239600
848358400
499839300
137387000
722542200
708560500
526986600
321950800
468549300
800796900
435566600
243664300
478305000
818762900
592105600
849890200
861605600
544019200
863742200
359192200
289414000
282550400
536831100
773273000
854905700
326903600
973906300
794720000
382376800
589616800
443688300
674616400
437975200
195162900
812003400
412152700
903723400
338990100
734103500
623908000
139787000
169670100
867572300
869727200
240068300
459678000
719617500
353309100
255332400
583359700
712501300
544746400
117545400
500967700
569654600
972451100
827871300
795196100
18806300
210248100
384812900
462494600
884864500
74423300
909292700
948503200
486576000
813016200
539128500
472314700
436924200
678915500
893620100
556131700
548642700
133688400
15809700
519895400
486997500
271142100
354890400
451134000
67523700
472435800
952101700
888813500
696522100
31608200
684009600
715328400
493491500
68822500
429458200
629991300
394881100
338751000
578494500
881457100
403402400
117623000
605407100
91961800
48173700
499027200
648093500
848451600
632715600
915538500
368347100
371348300
438315800
723237500
74117500
505839600
447308500
26219300
394653100
143830600
309462700
330298000
110794200
802954300
650755700
540252400
432945600
45636800
130638600
11440100
927094000
534041000
380698300
784136300
626002800
428872000
283163500
274096400
277323600
167514300
441270100
897305900
538862600
879585900
620543400
612980100
637060700
319487100
890834600
283349100
714952900
200297400
613647100
825747100
3251700
264402800
617634800
687832500
310039700
999908600
699272600
488768900
533949700
79970900
272905200
411587700
760478100
556068700
937319300
37801700
975218200
378589400
935107700
765716000
258175400
807286300
378696100
146871300
126773500
521166000
430220400
93361600
973098600
43867500
170744000
227985500
308270400
788378800
915818000
869945300
39922600
615090600
610349400
825507500
946696700
883254600
237095300
958810000
690958500
426049800
996611700
666176700
804639300
183354600
431892700
314449900
242276200
62224000
461321200
369049700
835025200
891541700
714046500
808123800
187044400
884790500
36109300
495314800
924804500
951927300
616895300
964727200
818653100
227244700
790234700
16985000
362134500
278965200
975795000
53093000
705015100
224042000
970904900
509654400
407396600
654432800
75739500
649672800
716656900
788695900
270357700
551682100
680237600
984404300
611441200
118917300
120830000
647550500
865867300
45634600
599477900
482762700
261997000
669766200
710007400
52231700
686751300
323777200
331197000
662546300
376870200
36212100
886588300
599410400
797501700
545620200
253843200
873241200
195293000
222135300
913572300
717286000
25452700
593810000
701690300
636893900
712727300
74155500
284444400
830229800
119790100
135557500
312992500
381787100
56959000
274635200
685654100
743710300
598412400
16851100
657891800
226917800
304698400
796115400
826328200
102200100
341735600
80171500
227076500
788663800
302306800
140648800
505949800
579394700
986094000
459275300
216288600
950456500
533430900
752368300
780686400
653221000
139561000
345314100
286643400
196520000
619949300
972297500
940230300
469996900
989148600
849757400
696914800
545482200
645872800
523243000
899317500
987608400
855049700
126394000
776272200
157356600
518678000
282222100
988386500
756407300
993132600
204675200
958499000
526563500
208678700
990820600
179784600
348239700
336134800
718063200
544759800
207719300
690360700
736625300
677716300
931144500
586382700
374631100
476626700
232255500
149509300
375944200
471499100
4559100
753973400
247771400
413550900
524286600
781628700
401937400
532329100
774761300
606612600
490828200
301324900
66926500
481648800
732744700
415166300
69418800
450807900
959926100
277138200
392803800
948186600
206489700
323948300
534569400
581120800
800575000
18460100
730630100
176519200
489959300
986824400
182127800
989365900
400375300
706414400
22629800
802312800
238743600
797391100
660560600
981207000
350351200
727487200
714491000
334731100
142653500
783909900
37174200
354214800
312683300
429978000
302401400
519173000
753926300
88606000
351929000
806136500
107066200
334194300
982655700
848660700
321018800
416418700
838026600
721394100
122833200
112291600
523706900
613212000
909682700
435902800
594419000
511669200
163390000
308910000
98035500
306043500
92819900
386845000
911893500
657138400
816823000
214294900
427946600
822384600
554536200
779875600
628521100
913237600
365705200
862812100
761898300
938359200
279230800
851560100
911388500
653699200
963851700
686730700
266911200
125169600
122633500
861330200
888474000
286023500
170240300
238144800
592067000
514695400
624989800
503960500
423469100
693448000
969890600
851415700
515832600
776062000
882926600
395989000
689299600
248631800
258801100
702833100
438626200
789667100
806028400
350014700
695001600
21515300
36745400
961912800
146685000
159378900
74878300
286794200
445402400
496753800
524939000
289104600
11449200
149928800
44700300
434918300
843376900
266226200
286334100
610844700
42288200
420895900
6833700
983223100
669527700
517270000
686056200
108153900
558572400
492084700
458168600
253574000
765235200
746549300
467122000
163555400
905928200
542000300
450349700
602965900
38754100
226923900
892070500
301838600
628488000
188406100
988392100
471864900
454632300
526361400
334344800
496920500
947257300
592813800
480143600
868420200
361719000
417835100
976574100
920291400
161555000
686378000
425500600
926790200
432927300
892622700
90345700
590490700
686258200
792330600
193456600
725012400
19254500
85527200
278486200
647742500
525568500
266878300
371242600
980200800
793239800
705587500
728756500
740497100
298401300
460535400
608917400
660120300
878370500
837126700
832047000
291560700
775139900
509182800
218350900
459702400
401805500
560331800
50193200
339699000
352662400
243649800
64711400
371917000
580812200
343197600
19659500
106380700
861711100
642537400
338216700
654950900
348124900
66973300
647083300
898161400
779143900
507635900
809916900
909149600
596397800
893599100
200710300
371537800
402782000
670696400
831240200
56222700
231028300
133068600
395921700
835325900
628353700
712268300
207242900
209165900
55465900
478537700
567181900
168812300
372710300
157033800
75398400
720835200
224007100
722481700
870631800
254786200
481752800
680548700
163935800
78150700
574147900
364646100
701323700
228565100
286977800
784199100
284787800
518006100
917267800
680709600
353332000
545621500
392977900
812210200
6422600
700079100
542383100
825239700
120526600
915093400
982273600
195925000
887563800
457915900
170042000
758195600
712702200
651794800
690379500
876638000
729945500
516162600
492919400
682904400
996362900
779897200
467103600
281150800
297903300
384371400
213495600
902870500
181628100
858108700
966715900
188050700
809823000
760734200
13290500
930349600
927462800
247199300
126274700
66661800
705115200
296316700
76492600
417817400
199746700
766872200
294455500
181327500
534670000
787374900
864231900
531033000
567272100
331335500
63819000
116810600
967342100
277314600
271316300
148970200
135423300
489667500
588656200
196881600
250401700
853581900
127231200
177864600
100781200
253505900
496161600
805896400
801457800
572654300
475349100
1204600
591161700
769804600
182532100
125831700
808814700
298399200
908499900
627722000
629734800
972318900
996167800
848712100
501268700
267484100
997682400
888327300
757151600
837973800
85208900
259188600
691555700
212440100
688688400
43972100
717581300
184850000
101503700
770674300
757504300
576852800
771878900
348666000
598292600
206046200
726133000
407107300
504445500
634632900
286464500
385815500
858587100
282632300
234527600
359855800
801751700
483845200
248183100
558903300
321819000
333392000
818091900
265009900
797467400
506780300
560617200
515048700
691630400
662121000
285723000
700769900
490609000
309237200
49436000
88901700
766918600
27204200
747644200
522999300
661837100
34108800
908814800
772059400
568376300
394977700
131915300
370128000
878822900
631733600
929031400
452277200
216760900
998758500
968922300
14228300
757174100
781174800
780912200
448804500
443295800
318270400
401209600
933904800
879142800
450645600
274441700
646061500
729485000
22086000
420696000
642957400
307830000
329510900
415016800
876206300
976123800
798567300
246334400
106581900
430301000
427001000
810494300
898697100
425759500
779416700
164560600
182933600
812226700
945472800
883373300
255522500
263743200
284583000
441062500
394521300
986863800
715504300
40582800
716348900
737590300
461278800
359306300
297055500
42424900
774323100
173261800
270183900
824525700
671231400
376765900
506461900
98232400
187260200
405159000
775627200
218312100
569719600
210196000
30538800
766827600
345204600
537696500
30570800
629787600
978759100
425092100
868286600
945898600
717310100
584635500
935124100
430224200
195577000
232179600
724284300
221535400
405441400
994468300
46061100
328308100
371234200
804158200
426540500
810129600
209317200
453802900
28441800
30672000
663999000
58980600
797499600
260838800
596677200
79705600
890626400
827071500
756433000
10548200
772970100
473743100
846819000
708094200
155602500
42396000
191909000
879886900
515566600
848985600
125990400
813262900
177293700
748859800
617421100
603834300
558989400
826738300
309272400
587431200
109045500
224906600
646411900
906545100
485745400
494724300
986250800
628007000
573431000
742683800
638555300
346401100
468062100
485374300
306130500
875299900
779405500
498039500
6822000
546607400
347025100
132812400
359870300
775954100
881672200
977291500
631423600
440661600
55665000
940696000
28092900
416345800
165602700
926140000
322890900
902983300
672499500
560776900
530990400
245930500
303460700
421180900
843966800
23158100
158190400
401732500
898458000
937595900
151407200
905280000
735838500
750067500
38092400
95708900
526021600
171399800
324635600
157445200
612061400
631935800
98141300
891789500
48281600
515379200
69564700
622807800
418362500
993699400
183584700
200988100
491265100
738680700
622169000
335231900
761838800
780359400
988599600
660296800
969590600
140006800
565576800
705429100
890074400
855304400
52773200
416096000
26704200
629044000
573541300
890400800
260979900
923317800
33825600
560896700
438697000
355025500
183704500
108694700
600360200
367289300
309682900
91625300
357605200
931851900
678492500
119444000
963846600
667092100
779740800
933437200
807099000
596952800
638866300
697173400
703892400
943274800
113269400
982231800
572318800
938445900
124267800
833298700
861763700
158093400
645830700
552095900
764754200
829535200
912425900
365114400
448459700
222108800
456739700
806064900
405595900
386867400
925508900
621077700
53959600
956884900
554514900
861058600
805472900
445016500
809867200
761000500
388291300
923136600
743232300
960610100
861582600
867500200
45544100
974981500
277228800
691374800
778712700
41983000
520910000
691138600
407097400
221005000
164882600
115472400
27069900
822113700
502339800
204214100
443191500
807934600
412734200
997706400
668993200
469842400
694358100
478860400
230842900
82649400
653632300
974075300
43259600
766850100
93210700
88803700
993466800
370439500
31813700
772179500
664057800
552723700
463318100
322790400
773728700
628200700
438262800
52433900
450314500
192237900
508283200
145141200
172500
921017400
394482800
920801000
390859800
88841000
651296600
873338000
171490400
304928900
847413300
466385200
323414200
940624000
806824100
316881100
562698700
838637800
89060600
226756500
642996800
804014000
801182200
668360700
432214700
491080200
720794600
134164400
683318100
480713000
530940800
935125900
653365700
925423700
855926900
295860700
14264700
758858700
169198700
437390300
315422900
16612000
903775600
638837100
208871200
962234900
955718200
23205200
800872800
296414100
501596900
695504800
100428100
302779100
363865500
784278000
793859400
336295400
170077700
728812700
817008400
701018500
663938600
470374100
626442200
771500700
17870100
892342100
530359500
187068800
329732500
845782400
203680900
485143300
736254700
664187300
699013400
943608200
939027700
499886200
491657500
440624700
447026200
592085600
743403800
810891800
627998800
788898400
147187200
798076500
517711200
215830800
750730300
433285000
937840200
628807700
456421000
955710300
521149900
986780500
142779100
102517600
84198100
598095200
839296100
72088000
513917800
538309500
15696200
452945500
289831000
507353700
893570200
736857200
351074500
888609300
547749000
979073400
929142900
946571400
28785100
446854100
414037500
31150600
880139200
351877700
659958400
336560200
307588000
432743500
574975900
702002300
535261100
910809200
551732800
374557200
982897200
65650600
164501900
250228700
770231300
454332900
9217600
915436800
191190200
360292200
804046100
990574400
591000800
733189000
188781100
871421100
431678400
602818600
902571800
563452800
954696300
814165400
151648200
513919500
246908900
978259300
467557000
33805200
889068500
19289800
659997600
123600900
336575600
824499500
625464800
106807000
530467700
634682500
22243800
721657900
246609900
77925100
963867500
837610700
811114100
152648600
960667000
494427700
7102400
114874000
57880500
213433900
929039400
209528700
978988600
427583500
187788000
446545700
461388700
328491700
717470700
373021500
703727900
54046400
197521100
329192700
160853400
727988800
963875200
434732400
701281900
210485100
512657500
916784600
299731000
323771600
321068500
512033300
69834600
579806100
626907300
127715100
793240100
807582000
588879100
772228700
486800700
28302300
470409600
199824700
356794100
187880400
572846200
60522000
493562000
22002500
389714700
906050600
1626500
605225200
340783000
954543600
67345500
853440500
122963500
618711800
428847300
444032000
130745100
498681900
23838100
9287600
626397100
68713400
68504800
466911400
92577400
806940800
495213700
562987000
6765500
103643000
2502600
831246900
164165000
747699800
104884700
805515000
653750400
106511200
662375400
994533400
312690100
729720900
99609100
435653600
348432700
528456500
131320800
730813000
27138400
406794100
991735900
905170700
475507600
311875900
623717300
819720200
118816700
118931100
382707200
377217400
222574100
636845100
460099600
638374400
384544900
564984300
443889400
38295400
923130700
106264800
284464000
235820800
87620900
635708400
923109600
687688900
164164900
306065600
670137100
442938500
712859800
913508200
599744500
440002600
225384200
223461800
259722800
595836100
594028100
894065200
224688800
816602300
530910300
684788400
706611900
167090500
249772700
402136500
457021100
172903400
760036500
741485100
660359500
847657400
628828700
835104300
786981500
792993600
141170000
457118700
487567400
105665000
370626900
87311900
797302800
596011100
562408900
308660800
443482500
156437100
202726000
668171300
224674600
985271600
352959700
931286500
152362100
854367600
333423000
861018400
27271000
93459500
854138700
939265700
192752100
482967500
774370100
979733700
275961100
915540100
436852400
763528500
272840300
807479300
102475600
70143100
655125700
664884600
378803900
350243400
821321700
833165100
18414700
297631500
818436700
371374400
228918000
222434000
477377200
813976200
83452400
504648200
159070900
937591200
695549200
351823000
420558700
469919300
331556700
948155000
637094600
20044300
963318800
909934900
79158900
317429600
231713200
985919800
982314200
610517100
336163200
55271100
695317400
606213100
604537800
513754200
229222700
833455800
987823400
706599900
899067200
322911100
211248100
58138100
512137500
158432500
661596400
184331400
628351800
244788300
132486400
517081600
264832700
347440400
678651700
595626800
664870100
910364900
581546600
898819500
772517200
169345000
205725900
467834700
775558100
810263700
233224100
4780800
895354800
472682700
711380700
46057200
795593800
174264000
104195400
307731300
332696600
765791800
492062700
212683600
10580100
876184400
729765300
527048000
475260000
660052200
122674800
391765300
822052400
704221400
290584900
846204800
125201600
747946000
565674700
900759700
809844900
798898800
905540500
956834900
271581600
868556400
2892200
318810600
42820500
107087600
878177200
375517100
124514600
370239900
839835900
135094700
498059500
821236400
913778000
973319600
481288700
36452800
365084900
303341100
992309500
907305000
401181100
117511100
906886200
966855900
269906100
968366400
765754700
175446600
925201300
288971500
44003100
928093500
859417400
338458800
286816300
737594600
965611100
411330900
359469700
805447000
798060900
857529300
626683500
711838900
82484100
107972200
748291700
699204200
662948500
992236400
858144500
64129600
361382800
765030700
282620700
631288900
985032300
48375500
58370700
910233700
588982200
102373800
838327200
700034800
692467800
125143600
437629400
658078900
788109700
797099200
463526000
586170600
906263700
90209500
549644700
988747800
449816900
549571700
939587200
364400600
541808100
797731700
680165400
903190900
814397700
962786200
786115000
799430000
262796900
844485800
709663700
103414300
198494800
799626200
803449200
890962700
176405000
241078600
549041600
964514700
289813000
264202800
802320600
196076700
606047500
603600500
436459700
307499600
153172200
376047000
671900200
946615600
173778700
603700900
101441700
239811600
566487100
887556800
39241700
829284000
732042600
540600
184333500
930537400
800166800
987782700
73135300
228207000
228861400
873812200
444357000
770309600
138015000
498312800
966386400
995697800
101913300
402846100
303197400
255085600
778893100
226732900
201701200
204307100
830433800
554778100
444118700
396920900
442334900
734995600
477840100
426012700
735536300
662173600
608185400
787338300
901591600
681320700
15545400
382088200
555132900
711537600
152397800
944783200
209850400
118784200
192116200
311763700
773265600
495313600
818484500
803793900
973681700
271820900
259736200
804115500
826599100
703855000
452671600
520569200
690485800
182146900
946582000
677657300
95955800
554767400
464995700
249182600
236088100
732176300
631270800
42856300
443713900
783668600
239274700
905199500
154088100
431390900
216963200
927353700
178339700
35447800
982782800
152021500
558903900
242519100
207772200
385503000
198009300
912079100
906072300
888495100
345861200
104289500
566152500
441817000
659056900
282783400
690999600
146780200
14959700
573905600
441271700
710308800
357574300
680546400
615508300
763297600
363572500
84106700
690651300
793547500
371189700
925069300
197204200
930093700
167588400
404976400
567231900
365597700
568690700
473304200
505728100
914552000
829228900
323515800
608004200
488285800
606299200
550639100
886701300
621258900
124544700
327973000
583202900
733754200
260154700
450346400
497051800
875362400
534453100
439338300
668909900
905642900
364407700
866114100
87371800
783631300
522725800
654603700
149229100
343051700
379543200
906592400
257603700
208772100
230108200
117243200
948693200
836407400
667882300
835394500
709301500
44062200
415002700
544139600
29451700
926792600
994486000
526503500
802155100
528939100
217477100
722700200
686217200
581884800
840449600
773589000
617151300
363175400
428192800
18015600
957862300
807736000
924608000
467101300
268143300
154716200
584344500
216836500
242758800
503862000
52231000
203695500
799559400
718869000
747835100
829011100
645661600
742321100
355514700
447816700
271260300
824627000
170517000
957477500
406511800
262601800
982701800
23663100
625777200
410894600
41678800
835274700
470265800
217922000
302376000
738409100
624273500
886720500
955245700
867032300
642217700
259111900
70727900
441777200
977980900
818563000
522423500
875277800
560884200
877938200
323094500
83779700
954200400
745246700
292892400
612347400
7848500
275594200
636010600
885260900
938124000
929324600
972170900
408389800
398881800
274546900
398434200
23155300
412902700
605315100
890187700
55120400
864427000
212550800
748532800
94043200
282749000
270956400
969321000
843633200
400529800
544050700
179048100
354730300
540932700
723575800
967077700
800416400
999170000
854723500
937312600
937294100
35683300
909483500
597319100
434565200
184030400
995753300
709355700
596933100
601068400
851178600
903688800
717130700
63729400
903856800
62809100
346478500
174813200
283765300
441746900
826978300
79451200
872430300
181708600
620383900
596006100
400421500
672435600
846811300
506780300
609748200
35740600
542463600
519231700
633059800
228664000
954897300
880448300
938019800
803465700
481516800
40833600
958789700
450282700
104563100
862646500
513091800
702676800
289095000
796857100
396058900
116073300
876308300
268489200
549417100
748327500
116130500
949838600
420763100
962941900
456618900
282146500
250317700
250717800
53013400
883377500
731017000
7910700
15461100
920672000
811376400
496977900
961505700
770166100
198895800
317704000
884447900
711987600
272016000
173542900
760479900
668074900
289616200
888423400
188199400
90668500
888386100
555965100
40507100
309149200
770542200
748761300
842930900
20860000
251114300
895944300
904237500
982131300
903855100
171333800
902803400
966866700
668311700
864309100
988668100
118842700
433648300
873116000
82465500
705664300
46658900
842945400
373739200
587910300
983004100
813573800
678578800
871390200
369539000
970721100
180539500
140081200
971117600
275105600
160941200
222231900
171050000
316814000
204363300
74905100
488147800
107166700
293407000
408094800
223111000
282075100
778572700
656759300
406826300
861038300
614058800
705120400
703983700
987798000
293030700
686987800
53007100
223244700
558378100
674181300
193965900
990552800
65897700
165083500
265658400
478474200
387315500
688343600
46923400
843314000
14883900
786706400
202115900
308291000
446436400
676862100
590366100
225009200
333621400
248827700
86047500
947680200
953948100
41666400
187113400
246978900
980289500
491755700
721858800
790302800
165937000
915824700
780855600
231834800
332543500
298149200
710309000
971494200
238128100
8867600
814808200
253012000
795574000
16924100
561303000
242010500
693786200
403304400
467019700
279042800
652132100
804702400
478358200
606080200
846368800
917106800
104694300
826658300
408862600
826553200
616961100
826434800
994013100
649451900
309904800
578191800
199236400
271849000
549686000
437364500
280716600
364494200
690376500
76290700
633053500
251679600
318301200
578474900
906619200
36956100
109152900
810386500
841658500
839146300
416466700
688027300
756253200
772796300
766320900
416751000
850984700
383282000
243185800
96633000
284369200
804725900
674824900
483605600
76574900
224510900
172605300
357291600
840640400
862981800
433582300
725329100
366296600
3518700
303804100
272915800
40474800
664592200
83302300
133768500
503738600
751404300
73431000
511627000
775835800
839751900
928378000
878455700
474669200
423199000
975088700
759038400
227924900
649913600
494279200
556135100
126059800
666884500
913426700
966700200
529866300
598644200
692029300
147798200
853798100
247468600
672349200
145908100
163696100
7286800
279676600
667434700
10326300
353107600
430696900
786162100
192859600
610710100
916253000
919164000
285544300
891341700
678202400
765104500
792890600
172481600
321239600
918950400
91001300
486301500
137285800
620867600
84945700
80950300
20301000
190379000
580054200
692650300
336287100
743750300
699937100
867598900
662820200
961898600
220706500
93517100
748060700
665201300
704227200
915948900
584365300
989771500
807290600
514202900
754876000
851816400
938319700
327750800
22402000
29321000
814052300
411323000
901823900
150633200
492273400
922124900
341012200
72327600
866410400
677299300
67713100
566347500
544898200
730533300
779881300
17240000
75685600
779577200
934076500
779912800
695526100
770077100
21319500
502816800
284280000
27830800
606268400
222599800
355581600
628670500
503556000
421269200
39993500
405379900
571902400
783902100
327504900
912914700
107864900
445550500
841849200
175578000
11898100
386747500
157746500
43414600
655622700
233432100
822991900
589699200
264980100
518518000
359776300
537934900
272970000
895691600
817400900
879238500
369926600
172982500
759544200
873482600
594251700
799537700
530497800
166154200
835075100
858002700
330704100
942940000
303553200
172553300
370153300
567086500
810936000
779535000
862136400
466558700
12967200
685128300
56258000
529582500
203646300
667669500
67517400
476616400
563361100
884918300
607490100
184922900
309536100
367034300
58405600
155423000
418207200
588903400
573212400
253282300
698541300
903916500
447857600
253729700
76469900
69646100
72451500
887405900
849181100
934587900
353964700
862148300
619716200
661857900
643366100
823362500
581162600
710883500
551614100
396159000
847437100
159104200
581081900
408608400
526138500
639487500
564031400
195981000
480026100
137243900
700898500
430202600
292795600
148756100
683932400
620900700
218402200
8019100
508306700
67583400
942607000
113906600
181366900
813958400
27399700
824733000
888956100
608562300
787251800
440570300
256356500
886324100
851309700
837438500
294932500
629083500
728561200
110599100
825064500
208587400
499478200
525963000
638790000
792273900
926354400
574357600
413174600
144756600
582376700
173116500
463975200
776618900
538658300
645342200
590577300
817693200
721710400
479533500
677890800
760597400
171739000
934247300
646921500
23048700
771685800
193489200
652132200
500247100
304088400
728831900
960469700
55201800
254795000
850894900
99110900
181149400
425252600
512285600
577541200
7629300
937037300
41516500
784248300
727330900
938493900
626460800
545024100
911839500
105994300
222914900
672437000
277733300
157162300
570993700
552417300
180483300
764483000
204549500
680730400
320206600
185016700
892835300
375408400
439811700
743730300
474519400
872596300
168982900
238440200
701772700
428247400
427112700
994924400
464130900
154443600
933418300
90591800
699467800
96893100
448221300
174017900
769330100
725954700
331180200
591959000
278372000
511663600
356442000
734556700
444029200
928283800
919573400
336864600
555327500
611020300
332230100
29846900
735251800
501213000
519922300
437024600
181095600
198670200
431949000
896861800
353113900
617002600
987453600
304216900
965530900
435674900
478234800
734861000
413264800
61050300
578455200
943272000
824349100
934897300
929464000
268378300
114816300
100672600
856878100
670143800
711693000
189108200
951625900
698580000
941956400
471548200
135604600
123052100
921853700
819188900
19913900
526602800
687826700
259002700
830819700
653357600
946312800
560689700
639853800
359577700
621740000
218309000
554484900
697724300
404841500
483948900
966102700
519657900
584621600
822980800
189801700
547949800
12089100
393062900
246529800
205680700
864611100
633769700
328732800
38100000
704593800
600281900
564702800
392420500
110919800
395522500
45778100
57232700
207847500
937267100
668445600
81222700
155576100
222930500
778947100
812052900
958514700
745049800
331710800
794771500
819665800
773147700
342721300
83390100
166210600
840886300
289070900
282457000
474656000
869438900
320557000
179249800
469720900
885259900
823305500
832275900
532417600
120718800
889508600
740265100
57985900
809589400
73123100
465197300
32520000
852070200
277250200
242669900
848755200
608961000
37441400
920056200
382108700
631797900
3446400
799954600
472684200
544152500
82411600
198975500
413591400
402968600
629860500
134947500
539863700
453166100
967223500
72281400
573884900
108367300
64181700
883506100
917956800
137304800
348703400
202112000
241010200
625953600
444781900
341400600
486549800
733858500
261456900
120293700
365656400
264903300
920248300
89975800
60691000
254295100
288951300
474282400
908899000
918811900
609230000
448762700
623613200
828088700
772679300
197498100
936456000
88496300
332639400
106048000
477436300
681342800
308160000
718446600
307296400
4577100
59847200
45481400
990070800
572939300
165775200
355727200
89477800
337658700
445703100
150168800
591953900
986289600
624451300
500852900
905101500
485316500
949615600
528714700
313405200
973930200
977848100
501496400
62426500
310487500
607544500
539862800
991830400
167339700
258309400
550762000
171916900
569791900
847878700
161987700
142731200
13653900
769350200
483844300
351312600
466688500
634013100
194901700
452978100
258464400
695754600
358079700
995416100
897005500
138429600
560456500
870935700
367912900
61953000
933362200
678400500
921132700
473225000
921866100
88472400
983169700
724263300
512024500
804596800
572142000
674012300
198963200
837431100
694997700
682807500
440379000
161686200
316820700
635280700
614664300
826920300
331035400
224379200
822336500
228040900
614444100
634428200
98976600
982357000
696381200
283974000
912392700
617513900
8834200
834258800
705986400
243639100
810157400
218010900
48235900
633934600
143658400
498834400
471365800
838656100
433277100
911744800
251977500
750097800
547025500
118277100
828653400
129696100
594291500
902625100
357737000
208735600
537053300
708348800
442727900
233434600
992322800
355120600
102583700
252792300
441014700
60205300
496431400
502807300
529851500
796302600
136741900
673509900
295137000
608107700
763801300
728414100
771487700
267414000
730147200
318513300
385691100
810435800
448209400
979982700
713060900
57581700
440353500
501749400
17565700
134716600
986819200
261523800
489837300
89403000
514316100
182487200
149608300
10747500
685294500
931095000
58685300
73671600
604605000
605457500
681779400
620041500
333871700
453267100
139090700
315654100
23415600
524781900
126089900
723260300
756399800
90786000
32477200
448388500
592535400
50042900
583105200
579354700
311566700
324577700
668757700
825882800
507064900
70001200
88265600
443994600
1096300
398586100
517666200
857336500
4043700
451080800
729013200
589550600
904348000
868103900
905204700
179398800
644521000
282929800
902659100
652556000
373715800
935136300
100944600
217886400
236814500
684049800
797241100
548381200
8627500
717634000
625899300
767327600
39270500
965800100
211322200
292002000
364386200
980623600
149338500
368429900
431704500
129986900
209615700
587687700
249726000
114820400
18721700
894247100
649385400
173016100
546803100
274736400
359787600
899382900
492622900
596602100
583432700
289864000
396618600
843695400
259133300
22517900
611023000
298403800
239953200
73980400
590405800
855974600
306239300
991379500
476039800
989579000
373001600
685655500
577266700
622727600
52111200
847623600
768609900
701496600
20639700
315413100
976233100
380427400
214796000
468856000
977029500
49864000
10355200
373648100
893559400
521123700
647801200
756217700
819527500
139389600
81833300
661568500
995364300
388072600
904583200
471404100
377651600
529220000
157059600
206553500
151947700
460806000
54177200
920557600
162302700
74816900
487605900
390171000
706879500
954037200
110662200
683909100
255536400
121017400
309192400
400731000
893776400
208628900
156948700
964939100
348018500
238782100
626507700
343382800
878489900
782726100
66422100
256141600
311946200
475117000
714330300
715529100
935923000
20142700
887721900
98225700
94959700
375327900
740031900
53474400
581000300
850694100
989018700
836536700
223346800
298211200
488902900
117123200
758475300
645851700
82062300
106493800
136269000
960205200
701511900
266394100
742931400
19569200
774170900
306512800
494686200
488501300
22041900
682244500
508644000
909763800
780470200
855238900
536726900
772137400
908713400
369362400
622831500
897732100
457534300
846178300
447578500
946437300
963301500
457689000
843924200
45363900
815818100
231828400
5569100
768965200
498222500
135700
788534400
272393500
306648500
534855900
760894800
580325600
217100400
521174000
741724700
249205800
376413000
278451600
21343200
536761600
899449300
644174800
686128900
356983600
490353100
385342700
555056100
705289900
843031700
398980300
2289000
658849800
630808700
7858100
427815000
129031300
259629100
467984700
401424800
817912800
2840600
413954800
398238500
219941000
935128800
139963200
469146800
563177000
670050000
490490100
99938600
569499300
386300100
37702800
926483000
128288400
423045500
733174300
833578300
266077200
132154700
835867300
176562300
762963400
95360700
856012500
143629900
354989800
323997200
796689900
172902600
326837800
210644700
822776300
546778800
397408800
962739500
267560900
960585800
632789600
9686200
312159700
202288900
395986300
601497700
380407100
524274700
24543200
113581500
357853100
542255600
497371400
445355600
718817900
511970000
540716300
574830500
655600000
147341300
898827700
452289900
571879200
477300800
914569900
394655500
24079600
311978700
357395100
543275700
524199700
990184700
552961900
87994600
444108800
200583400
689492300
76151200
724858200
714035500
441367900
334346500
507926400
938739300
779702100
226744300
450709300
572053700
53210000
106309300
971030200
203673000
810234500
542909400
680973800
724804400
937565000
956688600
288418300
546595300
499964400
812618000
788415200
304561500
152247900
484159200
505145000
841740200
560310400
230003200
807411000
1678300
815984900
315337400
192052800
847322200
542081700
642762200
671011100
846927000
706700
642041400
50600000
810941200
436586000
983209000
787380800
625786200
939897600
75799100
172381500
691497200
140052400
212431900
996058800
292300300
696591200
752839000
134040500
508536800
234477400
193086700
761850400
50462300
508424100
953903200
149419700
302141100
848300600
820430900
149068100
849007400
462472300
451303300
911583800
150693500
434512300
698964700
776479800
626045100
26399000
200496500
569177600
418086600
412928500
816871600
710386900
361154900
569710600
96062700
869691700
804188000
289149400
631542100
854650300
797573600
585445400
4070000
99714700
433746000
76136100
500418000
534388600
790243600
951721300
697607700
940937200
637868800
648207600
717417000
515549100
674606600
917913500
84726700
92693300
582477200
901598300
54715400
943632100
471308900
402413300
813323900
275496900
691562800
696501200
381782400
740771600
533581800
637487700
92121500
218963100
713623800
844174700
753351700
503867500
795896000
450959400
444804700
685400000
99167000
413856900
200949100
25408900
583405600
285675900
369737400
165882900
438909400
676088000
109515000
910218400
78501400
174474100
437350500
21699400
870975400
70768200
14106200
404557200
708255900
106227700
623520300
673514900
202037600
628507300
429017600
997933600
331101900
873822300
934968800
681904200
539314400
135917900
958948300
122720100
673229000
328685700
288603000
112138500
256408900
649753200
273992100
334910300
824227400
711342600
608244900
946838000
782110800
622351100
603030400
742001900
980214000
478186000
667152100
182251600
358328500
96169700
431820400
689430400
221627300
366789200
622969800
760941700
754342400
581918100
135297000
427571400
910603800
423900000
791345100
167012800
325288500
65337200
753558300
401151100
776679900
361803300
347989100
810425900
235789600
202654700
804063100
216003700
680840700
471215200
649890500
290804400
567384900
81711000
980234900
789012200
700135400
603204700
801589200
454477800
185122900
936886200
133684500
347361900
612421500
925029600
766009900
937710000
990366900
519568300
338861100
18682000
133006800
938485400
80743100
368796400
392775300
136441400
584800100
325251300
607656600
486325900
616055700
426676800
568036900
847925800
467324200
268172300
451130600
268913400
974285400
887888700
457434900
107969900
486885800
69856400
284634700
252895800
259201600
275001600
24099300
849697900
545318800
157106100
788183300
877697200
777537700
180958600
14138600
613973100
506209900
621795300
100299000
373900900
300107300
668335900
221826700
767431500
188143400
924592500
287980200
414064000
812481200
745415100
773669100
551002300
815271500
58303900
55533300
326108300
584940700
79632600
175806200
130259600
488373900
963989500
7956800
265911600
396583300
22095400
879884700
154428500
895525900
980183700
779964600
195633200
900154800
1791300
963064800
339933500
926383900
502680200
753997500
990500300
248095300
527666700
541502600
315002000
585970600
848671100
641110300
422546500
928303700
816916500
552806100
668312800
32541200
812398100
185859700
680759700
86128800
317379600
86823400
233289900
297563400
866788000
680558400
449353400
868579400
643623200
789286900
46598500
146303400
543284500
37098800
646033900
322586400
830236700
961035900
908557000
678907800
853781400
331103500
858846800
670697900
135544900
778794800
954874300
199578200
964654500
887269200
537342200
282034200
974092700
770632200
831232800
92515900
451190600
280586200
212730500
346449000
321508400
259329000
744387600
864792900
548063100
642056700
187379300
629935000
603092600
347571500
560478000
708509200
930310200
670960000
630842300
317490300
449754900
585716600
517068600
666044600
724621000
306046000
199714000
698713700
328313400
30946800
42864900
779504000
563168300
255595400
377588200
136311900
766559700
373611000
1104800
566258000
15667700
440119300
196193000
870395500
39326000
8306200
578904700
969636200
679266300
209747000
538761800
380656400
47098800
307465600
46701000
771719900
613511600
498050300
722068800
941825100
780632300
764933700
972964300
595435800
272164400
602187800
731747700
38724100
975798800
984487700
604982100
243101800
424607000
52810300
365132500
715568200
61116500
195672500
936839700
740382800
405419500
475601500
121039200
704153600
783067100
419375500
475873500
648213900
917425800
449577500
590039000
949693300
214511300
814638600
545129200
738310900
416826400
276876900
777035000
644260400
261364700
633652300
138997400
937606900
686462600
504130000
653175200
999214300
699802500
590014900
739597200
356857200
317251600
112271600
61010800
100318700
783282300
788519500
167800
952343300
238097100
590206900
902036700
704243600
656480700
447165900
442554500
73307100
724042800
471224700
969202700
237042700
356512200
108200200
174649700
42974800
612330200
827824900
42189100
563767900
669475000
33421500
920625100
986726600
397328400
233271200
338680500
180610700
21790700
338848300
384589300
511523000
180690400
286626000
215766600
837171100
985427100
909956300
910478200
961105100
632816200
131316200
198147900
989328400
239516400
372797600
283938400
103481800
452257700
326127600
667249700
121732700
611184300
839510000
108459300
8512700
72781200
698775000
440758700
346207200
37623300
825348000
857730200
218313800
363609200
325132100
55484900
349036300
486723600
217598400
310141400
119539900
348914600
759924500
360503500
840066200
132722100
644442000
195183200
584979800
222204800
114068100
958347700
833389100
953578100
318442200
93537100
277994600
17217200
785931000
624201800
54840600
611279000
733567200
273154400
226523400
58699300
580274500
827194900
797058200
49508100
137336300
168233300
650057900
148896100
528736800
741759300
281618200
173178800
936942500
118233300
395383600
51010600
76581000
228772800
256224000
395023300
573945100
534218600
663875700
359876100
410055600
718716300
222790300
143622800
243505900
449313700
453957400
75415700
528143800
251015600
124923800
665480100
419248900
26617000
66011400
947985700
768376300
599264900
372799800
705318900
717498200
768183400
7964700
45714400
248591400
264188700
692372900
822536500
50042500
356248700
434047800
460098100
326600200
656838100
603721000
570106200
357787000
309313600
645521900
885930800
560329200
22080900
803046200
231213300
48697900
869057600
430834200
817074300
468322500
803634000
774028400
437455900
823452700
781993100
734805600
72044100
46181900
678813700
146215900
96224400
286697600
580263700
556322600
613297900
488737100
411678800
435039300
98159300
972627600
80561200
984090200
532956800
354277300
38771600
15805300
402975300
159464400
698274700
471684800
879422200
501908800
245713200
568513300
325361500
279341500
554954100
649040800
325523400
233767900
795256700
673383100
520465500
375520500
481340900
133763400
115892800
144654900
568802700
214052100
117282500
900999100
449777500
901874500
255276500
740184300
917679800
909887000
899648800
867589700
633207000
30706200
621133700
878920200
850854700
946495200
158261700
405808900
847171300
735420400
639576800
642428000
408803500
160042300
269583700
141779600
545441000
385476500
286434500
114243700
599528700
403717000
266878100
300941400
557226700
773789800
41125800
726541700
683676800
940774600
594131400
316883800
223116000
215265200
447439200
73970700
413395600
857336100
479779600
260566900
844391700
370991600
902995000
504830400
782669200
424213900
646610000
328110200
809690500
184679700
693989100
660854400
840031900
960867200
961795800
397258600
734657000
2921600
123800300
669969000
195331400
717931800
238488000
670082600
184832200
937562400
744053400
598227800
794898600
475468200
858794800
639290300
98095100
13425000
144120800
880764300
689274100
42366000
208874500
498964600
227045800
902863600
411454200
67077700
115366100
373250100
464336400
850023100
627806900
839771900
771627400
823138400
809338900
10115400
744856200
994171100
947677900
488909600
592399000
994211700
216013100
702829000
885137200
314108200
967889200
29258000
194872500
657163300
323259300
655382200
407763200
550305100
809881000
819217400
869018000
925247100
444102700
584989600
26905500
71909700
424761600
798532900
146683300
234100500
60283500
891539500
479906900
259596600
632084400
323941100
253808300
99732700
26770100
138945600
665476100
246294500
419838800
111983800
155093000
743098100
767366000
814491400
545038400
577247000
885344100
414056500
754129400
329446800
999046100
781034900
652991700
675442900
579567800
51310200
909543500
891486500
194485000
641085600
151083200
78204600
965026700
404891500
177937300
991796800
795472300
843413400
489726500
215311200
207032400
896454700
210044500
974398400
710946200
755083000
803280600
847925500
420774700
557410000
429007500
671456000
338444900
81999300
346899000
169647900
384944700
508077700
61134500
579429700
149163300
463852900
657634300
114190000
868744400
87206800
357622000
915852000
182255400
98983700
382798400
389287800
995438400
592842900
615321400
958019800
599561100
670237300
805945300
20335800
479282500
234952900
691791900
69362700
568587400
290326100
490645800
205167300
798403800
551780300
784597100
199202300
267268400
693866600
565027500
387648100
32708700
922649500
303500100
466599300
273268400
686298500
855887200
268706800
279141400
722843800
478361900
130337800
644716300
284307200
402308800
123998900
770895300
345735900
444996800
591117900
636062000
935642600
796285300
686101000
739058200
832517600
885303300
6326600
526384200
701966000
393974700
810728100
624615500
697474800
277327500
897883900
383773300
384849900
418226000
914550000
359328900
896587900
296523000
4045300
432530300
698831800
379679400
455060900
44567800
824676200
46178800
680629800
760318800
842464100
618366100
499377000
674981700
755304600
505703700
453001200
457270700
899678400
263729300
333521400
848788500
792692000
483040600
484197000
177541900
901266600
650382200
788506100
49489700
946905200
792551400
733655200
645737100
172230800
440351300
690304900
996907000
486530200
622569900
8861000
580629500
240936000
508238100
255611300
996240700
265577000
960247700
705146600
416890600
475612200
38668000
265679100
268304300
521708600
749876200
697481400
674610400
400258400
485987500
975735300
598798900
530174100
961025800
244536000
954040100
401377100
186476100
950947100
887907300
809046000
211443400
720172100
301617300
971316700
975783400
297858000
236893700
187666300
254639800
653784300
663278500
293307800
171098700
183218000
66651700
920974900
880699500
992897300
572868500
618322200
968632700
171667400
148496400
929658500
667838600
102536500
582670800
854314700
305118900
722213400
663360800
768197500
442385500
964978100
739514200
669804100
514471300
976407900
857470400
20746300
881827400
520748900
314054100
52926100
703967000
632341000
225536200
836301700
625238400
50040000
706259100
845506300
473342600
854755500
26800000
141181300
208927300
609470800
995496000
765681400
331684200
910492000
533878900
25704900
127105300
273393100
695509000
893211800
501436200
552979400
913958100
383263600
325363600
479647500
436189800
280965800
111988500
913361200
117267500
988862100
963401200
823526600
834368400
436743900
929917400
861168400
829560400
390479900
470639300
825056400
407796500
53958700
987183700
941675400
79663700
365924200
466703700
775172700
510771300
968139900
579787400
424729400
603038700
905151000
156012100
290863700
186116800
519635900
204225000
555019500
508498000
419261400
630181300
594501700
856005300
811733900
455670100
685565700
453849000
177944600
762257400
861645500
483538600
1076300
54956100
563202300
367000500
521659800
590010200
129407000
741434900
169797600
554136500
596108900
326583800
961783800
886972600
764335800
481419700
342832800
319355300
241553000
762094300
201171900
87689900
869734800
12905800
794995200
806935800
466754900
972939900
569193200
580035600
708113700
821904700
634991800
271316000
440540400
156651600
112961400
569947500
149721800
534394300
375719200
745830700
860978100
337503000
884438500
876949200
70558000
227271400
196304500
563746200
241000900
649111600
651436100
362370900
662017500
446431300
169306700
380407600
671006400
990135100
960443200
379120100
812039800
847070200
902071300
252580300
3721900
15032800
74163000
405078900
801062300
449882200
402544800
662040400
39020400
286983300
538989600
109578400
765889900
986929400
673324600
258526000
636041000
576395900
620897000
549693700
274462500
790203700
181736500
945468900
780338900
393815000
576224300
844013900
240885200
729930800
348229400
496242300
744963600
422392400
901321200
546025900
872274600
555501200
459701600
911295100
842484600
250326400
272508700
860009700
488891000
197468600
118535800
124932100
25499700
991068000
926261000
299962200
781271700
107997600
497066400
813245800
501812600
324925900
657259800
994333000
54856700
257124400
490575400
51455600
679516900
643531800
849116700
803426700
199033100
308818300
966357000
41517700
810780000
238865800
153162600
299671000
687969600
523333600
676238300
713469300
514401600
602499400
13431600
295673400
962132200
762133200
360554400
715580000
87059100
269449400
709913000
141915800
526573900
200488400
193371400
206090800
844020300
294123400
261152700
43053400
602941700
227509800
336206300
665356900
718010800
489368900
965028000
657615600
12702600
641266300
371084900
778739400
243765700
636151700
326048000
457533100
649920100
686602500
173113100
736979200
956051900
883026200
130530300
482625800
83514600
575536900
940351800
179170100
869660300
201504600
473858700
724237300
680649600
810065000
389594200
650295600
551069200
354622200
307911200
563771800
247523800
678996100
342511200
742924700
566783100
668559300
200457900
216703200
606797000
373571000
205317700
814484100
508232400
335848000
297110000
843382300
911384900
489097000
22552400
32680500
942236800
496411200
756917800
622886400
558111400
146512000
273182000
109180600
752769500
581093200
924587600
293300
511724600
518734100
994853200
330142900
187293400
195311100
546846100
45725600
820517400
752163800
860209700
328749800
339647000
408954900
172132100
502667200
898052000
446319800
535347700
840288800
942731000
292265500
714810500
500842400
690412700
239627700
861658300
443182200
72356200
786245900
695110700
584080800
304980000
689964000
914223700
743908600
885275100
712705000
789634200
705792500
716504100
649844000
286177600
56151100
310434100
458309700
558818300
208486100
904629500
94166000
300410200
98995700
386431500
266855900
851473400
328479500
506483600
713131700
771661700
578839800
499377600
466772500
414555800
804357700
408371700
580414700
548266300
293646800
293119800
589535800
251074600
9623900
491015000
537252200
317410200
801449100
247197100
876228600
261570500
151826700
222029800
813615900
250822400
860096600
80471800
353931000
188576100
838590600
67062700
960237800
417430500
566440400
678645500
83621500
622433300
87017200
664036300
422334800
632299300
957156100
11870600
135009100
218415200
754520800
923896500
535825400
807605200
171093600
663689200
69175700
574555500
885719100
134426800
77013200
745815700
466533800
430944200
934391800
305124400
498007000
894629600
974190100
316082600
824910400
57811700
938515900
163562800
973483200
612485900
795862100
182274500
624356600
182506400
400689700
630512600
106402900
188150300
438117800
529131800
851839600
758928700
103687300
737558700
144990700
180700500
483374400
611524500
611644800
417766200
168284200
361287000
564031000
142474300
677369600
640576600
451921200
867520700
804139500
425404400
480006600
851636800
859314100
355998400
34143300
260003800
986511100
392181400
699789400
676264100
921313200
551629000
435192900
25000600
540822900
831818800
457336300
24197300
443343400
320616300
693598700
611627600
681903300
509264900
5737100
359272900
401476800
457658400
226793600
205616300
134698000
706800300
308888300
245647400
62798700
594666800
505651200
300945000
986848300
457075800
977209200
159796700
8704800
664037300
184797300
549527700
495856100
893768900
825360200
939199500
214385200
770594100
802462300
896288600
531494300
808199500
507196700
932971100
517493100
733990400
390222600
903826300
692425900
699110900
149473700
6859800
293777800
906760200
307804900
280626100
363836000
536649300
440422800
372540900
200686600
876855400
173703800
696542700
22259500
250699300
887377500
236644700
21293400
941475000
132933300
804422900
749674500
891765300
737394000
518802800
625755700
127616600
422629200
569816800
78362800
823738100
576676600
372140600
730498300
136116700
904401900
94334400
672766000
596459900
718510500
873452600
473315300
143849500
821630600
747210000
394548800
960643300
983854800
667477500
902118300
368423300
471900400
903428100
260188600
209294500
422230900
137579500
588546300
96495300
707396300
666909100
920233500
535708200
290684900
902367000
671824900
195086800
248336600
344591000
791546800
218482300
469678800
516497300
362331900
291309400
263707400
8515900
251952700
499197400
927628600
405706300
867620700
399529100
309134400
379444600
860458800
983000500
517024100
700640300
331131100
476055700
367549500
251364600
263399100
909869600
405366800
935224000
104956500
905338700
531450200
148138500
123821000
1129100
664635800
737788100
544073700
179978400
997939300
796026500
679175800
925567900
453368000
798431800
325097000
762502400
177876400
437191000
997138100
946535700
137831400
328269200
674226600
757016100
831269000
937625700
666885700
236635900
124485000
771842200
141974600
655935200
171615900
517430800
657064300
836251800
255219000
201138100
267865400
504793500
248799800
947041300
430361400
702167800
997108300
7093700
716305400
174984700
444284700
713443500
373155600
833751300
41712800
47382300
590767400
872981800
236643200
509288400
361252900
361128200
532765800
754862700
17063500
704381800
272293600
925763000
792268800
779147800
378536300
60134200
283941300
627336100
7175500
714302700
581139100
255919000
973031600
549079700
430903700
417316400
262523300
55694600
502702900
555871300
354712100
93470400
680488300
591355300
854394000
293376500
952483600
387159800
48239200
221182300
343176800
572168000
146945300
135445600
351315800
525481700
195579900
635257100
404453000
454390600
601195100
237227400
710309700
574226700
786307100
392848600
243178300
300465600
448543200
745881300
107972100
803255300
90986900
40095700
646245900
945380900
333472200
598729500
584175900
381711400
819911800
927352800
953879500
966857100
314433600
556830500
743974000
761648700
443722900
400062300
216039400
44918000
637289700
177984300
870779900
675232000
822468100
113958300
975697700
271011400
111474800
335305000
325901900
202461700
375400700
972147800
399477800
708872900
822512500
235288900
342219600
642424300
414276900
547734300
860916700
728710600
104564800
856525900
490359300
548287700
256588200
958033900
844840900
145513100
136018200
715620900
820745200
958486400
81214400
48078100
481133000
192689200
383383100
58670100
646786100
10419100
282453200
297899100
970927200
104965700
533188000
313146800
999025300
199100200
112516300
111577200
927810800
217081200
968103100
669805300
17004100
476326600
627839300
861845100
873474900
15492700
829101200
694220100
225614300
161950800
993933400
958382500
354640000
628951800
268687900
253061300
639370900
551141100
550960400
610298100
907742000
335783600
175080200
906767300
534883800
287596500
269979700
714329800
756312900
489718100
384135200
773317100
217679900
263609700
886797400
91154800
530737600
967533800
37010200
7987200
129484600
30943600
966369700
735759800
911530600
486692800
988821100
550901500
37833900
791416700
412834900
945576000
127200300
839550300
103978500
913719400
127146800
625593500
879684400
135095000
115311600
263819600
160047300
332991500
779064500
298479900
424146300
561437400
266013700
461156500
821059800
395498300
743735400
39064700
382893300
655266000
525757600
371714400
457802800
563591500
414766300
122272900
760802700
793601800
961823200
116416500
707321200
340605200
742010000
587005700
475700200
857321600
102460500
887382700
441948300
133160300
185862600
866094600
946232900
703511500
578886400
767292700
350645000
574257000
806357400
733538300
229523000
332115000
356887900
938961000
147341800
771654200
61233900
908144500
565256100
23057100
24561000
524212500
363662400
18206200
362853400
90997800
875527800
716949200
230015800
569111300
101744700
415878400
686841200
47977600
119390000
517362800
815270300
470035000
91619800
873262900
203573400
572778000
205378000
560461300
511739100
604355000
583750800
572973000
512499500
149006900
847665400
788695800
924854600
462963000
806902000
287708100
553960800
934065100
256292500
783976600
503176400
358037200
451490300
441652800
406014800
570880300
959015600
472920300
292550500
50635400
597818400
747759100
623413500
54831600
308220500
135152600
659186600
143606500
959760800
171686200
292613400
807426200
212017200
469103200
270389200
18919200
756811300
75985300
204619500
13103800
111597100
959431200
622776200
814722600
401084000
280426200
637238100
360099700
753346500
929788700
662370300
351165000
677547800
285783800
405996600
237403500
672571600
316818500
381010000
632332500
488504700
925258600
691393900
952157100
394361900
213418400
971076300
402808400
541038900
427331100
667547500
904271200
386762300
290323700
718993900
39481500
570750000
356232000
399581200
575731700
286020700
61951600
178531900
215203800
599370600
584528600
452607300
271942300
901347100
85252600
155910000
641487000
10511200
98939100
593644100
404873100
563992700
816355600
59316800
105031600
495321900
726864300
9302900
882084200
17188000
728296800
173201000
839573200
84528800
572782200
415305000
622184800
886369000
593836900
837388600
737374900
430000700
541631100
260952400
582983000
878518900
668497600
476105200
889030200
767436700
69749300
545538500
331429500
137740200
604855300
688096300
633062100
331719600
697399200
766781600
600542900
677331200
939982600
440116100
13495300
764400000
107056300
635680100
902404300
700893300
724703900
639779200
382529200
517970200
900731600
965512300
396489200
569229200
441617500
537154600
336665900
763002100
82693100
919730600
152377500
939183700
607827000
785439600
522538500
556861400
803856400
123081400
234192700
743839000
814832800
247688000
759874300
921889100
883368100
662278600
874417600
859707200
302057800
256946900
377677400
454424600
222459200
25801800
23653800
915711900
562956400
611954900
678714000
897284800
783320800
831091500
836468500
391147800
868166400
359007000
199644400
672022800
733723700
433837100
667497100
548556500
681525100
427371400
722080800
816528400
341285200
596498500
927870800
894978200
105080600
557183500
349402800
327539800
582985300
373056600
494886900
397577000
236646700
173601000
294861800
19967500
256327700
131330300
662750500
124494100
741972500
862395000
48152200
475696200
547867300
715649300
275887900
481027700
394655900
249604000
297556100
735941100
97737700
477062200
630919300
202818300
34245700
980322100
781993300
868866200
605013900
276880200
266443200
93295800
702116400
561305000
113263400
210079400
692635300
27649100
334573500
686243100
141679300
634360900
161939300
689546700
601645400
689462500
170574400
996301300
939066500
719765700
983877600
36804200
196827900
866432100
239622500
231073600
98389400
273251000
99939900
955038500
550131200
618018300
48334400
503882900
179323400
413233000
713962300
123593900
440882100
300171000
809837000
582561500
934532000
223411600
523743400
787812600
912874100
694317800
784114000
851940600
414083500
19626800
140380000
610911500
886059000
631637700
93620300
236083600
904888700
445195400
191122200
706655100
63213800
239456600
210538000
242537200
652689600
176135500
617766300
345206900
476306600
427603400
179403600
662473800
902650200
703147000
450286400
815524300
397464800
486035600
919100100
63183600
505662500
59480100
674095100
643356700
691117800
19350600
879440300
847641700
464546100
322197700
805932000
779395100
561654300
268105300
21932300
465979100
444240800
891333800
811186100
172182600
570572400
990589700
834656400
473222600
693736800
536578100
288746900
342836800
22613700
459482200
406020400
779911400
518962300
331750700
674903300
461715300
351101400
554343700
560992200
67282700
128176600
366924300
846677800
689831000
635029600
120245300
407445300
79270400
11579100
218631400
251453100
582151600
460856400
337744700
307009400
406228400
874322800
595756400
749065200
896936600
55238600
406720900
928483200
825836200
738471600
603386600
287551500
341208200
409365500
848543800
408490900
537542100
467103300
506803900
227373100
102132900
627049200
634818500
181403300
890263600
105085100
684491600
472415200
817576700
22236400
779424600
475440300
896559200
626816200
224505600
45131000
933690100
882861700
973614300
759526300
872968500
577000900
298713000
214176800
986366400
398892000
622667700
775543700
865995300
129471700
2916900
968128200
8156100
889370600
401166800
898419700
246090900
337293600
622470100
63667700
359530000
653530000
790743200
507724500
280346200
15248800
552855500
465671500
149745700
778105000
225197800
22714300
355105900
775546100
236891100
593107500
426073300
111194000
368651300
292068700
492300900
623203400
511832100
500457100
764209200
164634100
398876800
10300100
501927800
272982200
325603000
113093000
926512200
116346300
620817500
458493600
383230300
425308300
924165200
784611300
203413300
400998200
807325600
810154500
428179500
295851900
654897200
854252900
407045900
275183700
146321600
150982100
898387100
909788900
651439200
914231500
74423100
301951200
176166900
576350900
574933400
753405100
941079100
753080800
121386600
561896700
211574500
756252200
987205000
135739700
540863500
442253500
788373100
599824300
252408000
216552700
895676200
907305300
70805600
554357300
182489000
468762400
705339400
332511400
378551300
608413800
246742900
704609600
910365100
674545000
280960500
736933700
427950200
473674900
490014600
549336800
35571600
701589100
305589000
274411800
88964000
98087700
716665300
128972300
697912000
220708600
345525000
845223400
128013900
667965800
399580800
562138100
136728200
356555400
146284700
766914800
964969300
644662900
471524400
126969600
319207900
4120200
863903300
998793300
477795100
353917900
548130200
513366700
307142200
105354400
787778500
647741400
203442200
756079000
776713800
901354200
976787600
373874000
746577700
356436700
293475100
397793700
170210100
430203300
754349100
316494800
197118100
970953600
212792900
668642600
97923200
783636100
924398000
213461800
782429400
402193100
819014900
330559600
915559800
377792400
687549300
954973500
25533800
890991500
962687700
53882800
43980900
939475400
427756900
42193800
547547300
972867200
691622700
717757400
403070500
445971900
285887500
851823900
668560700
750315600
772101700
18119200
533951700
696499700
231581000
316381200
98692800
50595900
898576000
265887800
428388300
837760500
472496500
705557400
728752000
686819400
759440200
24368200
877930000
438832300
66562000
425477400
411699500
758184800
143234800
66405300
455791900
680757500
169864400
375987800
431073200
941966100
394107000
216660100
890101000
625688000
784676500
240429000
927919200
683252600
506316800
607942700
521013100
230448500
313500100
501400400
917267900
324575600
525768600
46833200
15043100
843965800
472310600
678377900
602150600
867180600
744783200
309577700
547938200
914647600
685565600
230646600
108248900
79672600
447306700
998349900
956995900
231983300
238778900
136550300
166871100
996730900
744493000
939519400
478814600
309628400
440919800
647717700
885839200
218323600
694550900
152517500
313924700
166861500
830895400
167710500
34042200
827313800
477288300
833615600
993596600
414489100
64262200
101845500
494161700
763204100
351830600
702792800
995187400
842244700
839343100
413693700
838975600
835471400
353213200
569425400
396735000
45768200
217143200
282574200
515727100
163329300
435091700
829651800
330190900
517622400
997362300
615868300
344936200
474650600
701119100
338532900
889139700
17016500
692013600
634936700
780220600
43844300
589364700
27043300
886089000
428707900
440737000
976699900
515814500
45585400
546125300
912549500
91353700
14903700
446758900
607080800
178233100
881850600
688367800
760059200
651108200
685730100
627562700
996044500
412016000
328681800
586212600
301155700
597333500
278226200
187727600
629189300
573705700
777092400
656232600
459794800
457435500
348604900
688129900
973250000
645825500
234255200
137434700
988814400
500794200
584193600
847530400
679027300
717679400
535898200
690721700
368787700
221628400
318284400
364832200
633644400
898601400
202680000
186435300
495934900
480906200
374163000
125124200
54612000
402890600
32992100
766042000
860326100
633232200
705807100
85211300
279057700
191697500
222646000
267872200
692491700
806839600
115402600
371519000
524519000
651300900
62240700
893306700
124564500
632160300
509774100
758208900
530761700
712454100
944644200
26696600
444995600
570442400
403456100
499607600
973333000
436448200
517284800
85294300
69680400
223091900
170505600
348738100
666424600
393151600
868245500
358916400
199991200
983648200
982070600
724510300
886584300
44311400
869452200
11148800
676471700
379226400
20992900
458868700
343315700
217272300
485565300
788311300
787714800
889021400
539554100
12683000
577104800
56838900
97977400
646785200
531566000
268483000
247158600
197990700
913269900
367039300
808542300
113261100
602322700
790612900
89406600
488907000
86559500
210494100
751691000
763031300
589720500
772683900
473535200
184671400
989956300
959100500
972982800
29306300
99757200
512536900
41989300
676862000
821011100
391601900
575282500
604212300
660085000
74076300
53838200
573354900
441115600
862380500
938251200
43438400
652993500
27657900
783980600
739553000
489787200
535671700
754219500
79507700
559990800
227754700
264179100
549947100
438490500
488797100
830888600
538247700
1334100
872878000
466744900
822345200
264479900
293662600
426557500
176200100
619374100
480395800
1190200
312125000
342776300
939441500
355563400
247405000
218734600
391179200
986958100
708521800
178486100
992812800
39664700
738477000
220567600
555479000
288424100
910693300
44276200
119312800
700576200
45610300
243826000
167321100
119590700
759941100
712619000
797783400
936141300
331993100
278179200
937331500
644118100
872590800
128408200
251316700
371631000
598778000
894131200
610224300
558935000
72617300
603037200
598599700
811094300
75240000
405714000
351153700
985933300
449990200
722101700
686509500
747235700
217562900
105465800
866826400
977504000
69720000
664609800
165280500
653348400
194424300
354247300
549101700
318650300
482655500
800418500
690281300
81433600
946184900
300505700
640368600
18802200
155178100
490603600
81531800
230418100
896317600
432685500
216351400
597943000
406422400
154496100
345178700
623985300
511597100
463640300
601489300
581317200
379885300
766769900
234665600
825944800
121017200
783767300
144595100
855307900
835821000
86511700
188376700
782005900
387017400
80380600
52443400
793830700
570984200
133975200
24248800
718937000
566660700
492235400
316880000
224718300
898366700
913693900
848703600
409963800
377334200
450192900
991281000
8854700
468598000
477581800
834799600
589615200
261349200
979394700
696558400
97170200
65906400
884935100
130811400
704559000
965315700
183254800
498389700
787935100
317230000
774273700
506872100
135525900
518144300
75387300
360244200
416511000
989081200
208947800
826474900
618050600
910775900
69391100
626905400
631009200
546973000
461705000
472259600
808322200
692734900
168818000
157127600
758641400
53753200
539574200
714835600
270704100
722829000
464860600
58639300
291694200
490769500
817146600
678855300
8913900
892534000
39099500
677060100
133250400
499682500
755170200
751301100
662093700
824561400
629841700
293102900
371534400
91546700
765362500
431491800
784281600
934180600
840254600
794558200
239569000
379828900
761029100
761908300
354293100
225889700
820547600
645987400
968294400
889329500
324842700
977208300
33498700
615577500
905903700
166749100
366895200
661073900
169685400
28988900
485635300
799527100
573727000
108804900
142709000
339089600
791931900
926990700
524905400
632186600
973184100
16109600
12015500
734213200
778017900
617943800
960102900
598565600
263931200
180032600
739530300
840409200
157240900
773029000
707621900
314779800
191413300
74517100
975853800
612734000
355141300
461489100
663896300
928868300
821929300
806605400
519593100
613861200
985231300
296133700
246047800
958415400
312243300
509698500
692628700
90261300
127642400
904366800
940462100
643208800
84399400
679992400
735253200
493275600
704656600
694510300
808055400
147705100
769027500
783909200
760439100
375804000
497033600
424335500
556307500
318962900
482576100
75900700
932824100
467807400
372034400
178872000
426222800
935913000
940205700
370486700
26174300
67848100
274853600
966636400
962692200
359253000
646628800
697945400
104163800
602920600
392455800
912219300
750625700
413118500
696128500
511064900
40557700
193162100
187035600
596865200
763760200
921246900
924401100
696584400
389054300
548070800
127091600
66912300
483983800
67297300
437399100
510158100
386780700
712252700
728429700
349472900
323140900
375058500
299053500
427304800
977979100
943144500
339524100
980240000
607898200
287287800
491304900
648455900
732085200
929975700
496956400
495845400
851222600
672992700
444065000
491912100
472698700
571156600
558824500
956682500
638454000
247858800
718475800
276869900
960111500
698540700
626342800
534887600
73599200
177031500
962192400
303213500
120176100
553351700
535088800
728074300
92274800
278028900
628165500
75995200
208004700
125121900
571840600
310862500
49749800
267540900
54409900
522448600
838697500
613234400
730766300
728786700
861093200
700877400
257291800
72839900
399418100
883634600
607727500
724652600
312301400
821555200
27866100
432477500
626542100
562954900
412187000
718816900
840983900
291987700
794812100
300623800
668744800
618288000
863121500
718494700
885828900
917531400
240943300
976161600
782401000
223344800
956583600
643494200
924222200
465510600
967969300
323640400
349145300
827332100
48293000
913081900
648887300
327794300
597194600
275429400
142384500
9381600
245881600
235003600
301369400
40693700
787262600
970114200
910616900
650384100
940244100
48081000
567915600
432822600
275877900
350316600
656167500
484096700
245446100
580389700
949607300
465050600
155665300
550387800
292382700
203958300
463469700
192905200
783387900
60664300
719969900
925772400
70046000
965851500
160776000
623050600
258180400
948038600
844800000
168797400
850057900
785044200
468513600
669608700
217866800
744391500
19925400
874034300
228488200
517006700
706059300
178095600
982057300
861724600
728483400
526075300
65683000
191953200
718980500
849070900
252617500
438950400
26478500
574298700
656437100
438889700
448984500
914617600
638563500
293784600
335050200
488621400
330464000
55199000
158230200
548330800
799590600
429790800
674000400
28078800
946797500
380059700
457809600
180490000
241784300
437928300
706565300
559102500
629881500
677181100
659808600
134134200
116131500
686287100
960068200
24203900
125176800
409052700
938821500
763740300
954472500
525506900
503997000
284936500
580705900
662227200
833267400
631931700
92018000
758903000
911645800
290450700
138962700
369455400
722575900
632382200
807383700
429141300
191484800
688900400
106322400
851293400
74669900
474089100
789215800
34738100
498293000
166027800
695426000
688749700
181403400
649898600
465891800
685400400
934835100
298233000
599262800
19737700
930164700
942916000
778640700
93445700
233366700
169238600
714536400
955942600
801620900
521920100
636719100
993105700
462455800
994676700
96034300
537125700
468765900
136885300
823499000
218694100
302913200
518925000
159079100
484316600
420458800
624970900
169717000
606929200
174839100
768979800
878302100
356639100
711895800
656942900
450084800
196897700
77816700
164621200
404475500
879437600
938176600
292829900
124178500
400632400
287506600
471848100
189393300
7907700
608733400
12892300
478237100
911646600
783452500
637316200
647598400
455546600
513922300
817315400
62475800
688761500
837930400
940777900
45400600
801461400
849356000
747120600
249994300
927172800
911741900
654469900
58245600
849918500
198935000
182424200
502186100
486441600
654272300
691579400
745984600
514640900
956106900
224221700
677922800
991194600
113173100
325521200
446741200
627095400
394471900
509217000
567492100
484037500
701630200
864527900
285499000
550986200
611648600
787128500
729794200
523390500
441598400
788039900
624944200
892168600
222099300
127130300
378610300
128006800
70344900
376230100
642647700
278087000
852087000
320570500
269281600
965260100
646091800
716022900
843990700
292198900
476875100
663118100
776236400
178505300
527646000
313370600
981126800
390929800
100499200
710921000
165955500
793732800
498960900
790899700
685901500
721060200
169665200
316147000
100702200
491645300
692377100
743350000
769732300
544464100
63920500
39014000
761359400
961647500
6672100
605350100
505481600
483547200
520103400
281718100
662052600
47749500
595088700
894814600
690314500
695587900
605735600
856270100
489320800
356331800
898805000
175222300
329027200
320105500
491369300
429729500
811750800
435381600
173079500
581483200
231480900
488635200
872132400
992840300
701918000
878804500
849825600
207399600
362351700
369929100
740752900
276039500
669313800
335841700
170854100
359628300
283064800
28225000
467533600
772385600
384556800
617973900
199243100
713584000
189714600
942247600
394948700
253100600
629264400
568028200
86219000
860745300
308298700
958351400
853585600
261851900
837155900
955046500
720886700
451142900
324975600
461639700
978817600
245924600
49116600
149671800
605552900
332181400
429532000
324721800
356202300
814088800
194330900
807080600
779308000
635680700
749328300
174256800
888781300
378592700
993920200
975000400
490973300
553854100
933351800
596194100
815706000
22143000
551240600
536592800
724921100
876216200
249867700
703738700
122140800
298984300
105045700
979329000
882800900
534577700
555686000
239003200
600301700
1652100
46083900
379609800
637332800
47047400
805501800
526114100
677275300
799422000
752749700
168248600
604911400
937736800
764442800
420617400
959879800
567318600
208845400
936436100
443534900
710348300
640174800
817310900
260967800
996855800
48275100
143768800
783068700
855596300
634407200
383370500
857248400
932126300
14615500
746216400
230808900
820117300
523965800
908084300
871174500
276715500
327968100
476085900
214452300
344046100
148338600
425967300
911364800
608819200
362403400
354899700
570802800
254213500
423845800
831770600
251069300
723756200
975539400
34138000
830987700
861581900
669143700
688236200
793708200
683759200
686087800
276152400
503876500
210053600
184236700
626686300
486769200
512204800
354407400
701221500
856251000
502746000
378824100
767615800
363200500
741227500
374150700
934003300
995441000
49631700
765773900
498145500
25023100
992948600
532283600
856010900
106165700
453062500
795882300
151509100
136821800
481970100
427661500
892333500
692023800
611898200
519019800
430428200
375738300
873427300
383284900
483624500
627808500
762109000
502875500
991009000
503336600
128661400
176647500
750412800
429928300
194056700
248558400
454951500
187005300
32477200
310962400
544806200
485539700
106844700
696315300
622361500
588814800
123976900
766330300
532473800
987510300
285350100
962902000
614883800
410412600
346187000
350143500
38221200
108296000
104654200
280865400
863267800
233315600
457513000
613680700
663244000
651569700
862239100
369830700
90210200
146351500
932428300
635016400
631891200
39273000
582966900
505888000
879723000
706943800
272218300
663832100
946089400
809203600
626734100
812608400
219616300
224556300
162752000
257837500
584487600
267406200
538702900
447755400
752357100
247851100
313071300
667236300
899420800
426945600
37067000
241266200
573297100
969495300
876282600
456823600
260403500
459249600
214346800
391761700
417828600
486565100
55593800
363918000
547403900
933963200
428161700
767020200
410154700
590913700
276492900
994642300
109955100
66831100
694033000
862312200
566317400
7104300
529548500
465738300
434050000
818250700
707004500
7347100
39381200
834922400
715805900
551419900
545807200
930152700
943181700
963635800
668353000
250410700
579189100
215757000
184373900
7350800
234412400
846163900
598264500
762540600
840806200
959854800
81006900
534839200
822167100
647324300
793578800
603350800
364697800
227628800
673236800
323337600
486611100
712618000
158260000
202417100
264038000
955702400
384205000
458854900
919338200
52558100
709265600
498527300
519950300
145274800
757513300
754362700
991438700
607413000
768538500
832244900
567267900
849545400
618719400
641070200
748505000
663933400
244421000
113202800
891562200
917657800
688175600
629808500
630275900
846435600
83860800
145949100
802138000
468065900
604804000
973111500
520624000
565704800
723274000
40574300
710979600
480787400
46572200
702418300
88200400
815110800
786298500
907103500
916291400
656653100
548173700
664796400
320586500
792594800
29634500
463783900
961887800
717810100
93592400
843798900
815881000
429088500
989748000
869654200
897154400
846187200
842765700
669413600
411892100
566039800
709987900
374506900
298462400
8195300
328560500
638298000
823306100
366494200
545401600
991232800
23147300
345210500
656029200
595369000
389440500
685663700
310788100
351328400
655109100
656015700
195127300
470990100
85104200
436510600
340644300
982258600
534333000
435045300
651672200
946225100
252720300
613295300
572367300
551182700
621490700
900927800
441115900
696432000
267422000
238152700
687664800
542204500
583363300
595329300
389208700
972803800
532628200
699996800
324132200
187737300
356012500
770894800
658727400
441116800
207405400
251007000
675010600
741738400
686052300
578318100
939598800
938772600
191613400
763601300
741590500
64739300
664529100
434341600
761171400
183586300
672494400
700471400
977426000
255857700
295800700
366634700
480296700
828429000
318266700
56064200
16166300
674279200
826959000
926529000
367031200
285999600
177536000
293677100
279373200
115223500
871995200
470607200
305631300
315243800
234208500
298857000
631618400
150372800
733198600
644425000
585594300
405693000
344896400
563020300
913185900
640697200
181290200
645117900
469126200
499556900
701182100
736927700
425471400
779776300
663456700
792502600
317411100
92627900
337814900
848419500
459486600
461445300
319026800
765117900
28324400
804870500
315610100
659942800
206878600
48808800
304367800
792472900
706137000
900899400
607128500
870958200
541596600
788418700
767711300
262358000
287975700
720528600
250921000
713447100
500304900
166012900
757584900
69351200
258640900
95399900
917770700
969762700
808480400
236797500
986515900
836804800
293303300
302126000
496747600
500181900
602570000
52750600
292654800
560342300
953650100
899783300
682935700
746881900
939837300
450647000
9240000
227813000
171175600
260161000
192895300
923115700
426173900
202115400
992466900
936450000
297515300
910237600
157848000
105995800
398670400
144363900
194435800
691973700
698125100
691183500
192155600
300695200
995569300
736445600
112672700
200854600
887864200
795608400
947736600
827701500
497890600
208611800
307149700
669066200
468772800
500045000
843817100
146581900
702160400
836284000
334667200
251311000
746521600
492515200
608942000
145192000
888514300
803377800
88800900
586639400
746196500
280956500
138969800
741765900
17402200
503277700
942620500
905266400
298886100
141992300
984603100
796776700
350604100
291752800
717478100
71012100
791797800
561295200
469229300
745593400
649214400
55531700
248539600
395736100
548046900
857481600
792563300
688196400
912494700
881364300
526471000
658691200
413956000
917076100
652092300
682993400
420353800
846348100
588259800
970875200
988340400
572862900
19287100
590579800
116250900
736765300
661591900
159683900
549695700
130821200
905277400
198910200
186352900
405452200
846281500
986035000
262933900
890480000
925866600
427063800
23479500
452337700
85755000
437435600
621049000
989482600
120429000
41402800
835830700
960324100
12278000
75806300
784822200
31565200
666386100
901073200
19965700
579613300
60757100
821296600
962069700
217669700
20206800
400057900
623122000
118123500
386092900
137691100
8603600
563594800
564754900
283718300
267567700
902145100
972789100
888616700
143262900
344853400
181654700
230728800
305177500
193932800
306535200
341634900
477133200
224556500
494343300
748734100
804169800
806735700
570030700
17874800
24405400
841872800
417932700
899162600
959996300
55660800
288488900
220235100
619255600
104879000
503953500
886823300
7024200
476742600
27075200
401922300
73231200
208730000
632651200
378408700
654298000
190821600
971678900
383066400
415378100
717657400
131800500
471183200
524393100
953466400
489058000
800433800
46974400
906990700
699596400
258606000
962651500
239720600
730476300
833542400
344599600
234429800
972000900
603259000
962807700
999076200
5181400
36038900
207806200
637832600
666082900
113739400
828654200
889397000
496805800
495667500
607054400
880241500
966850700
131447600
85343100
707543900
183516600
132317600
614534600
134748200
642558800
828821400
374468800
373035100
913999000
719068500
859100200
885999900
322327500
73543100
885076100
579144100
109582000
344517500
216976700
27300100
709892100
297266100
168332300
206697900
792933700
775386800
338574600
11419600
158469600
423917800
718963600
341986200
807870600
585133400
476734400
450429400
665590000
851203300
823464500
579589000
821907000
682564700
465589000
395869700
756107800
602300300
975013900
117325100
198453100
443625800
396260400
908345200
740892000
564592800
366678400
785460900
591614800
705253000
796880500
1719600
129170800
515844100
343705800
188676600
352612800
72075400
639106000
18202800
174913900
714205800
597791900
996820900
648405700
315016100
644325900
656148800
917316400
619339800
773473900
367404700
62965600
421369500
275750000
55492800
237597500
642428400
840953700
829212300
347681400
637834300
82567100
728487500
405313600
426272900
168799300
757926400
749983600
59540600
27764500
924897500
773746400
625556400
173353700
422152100
192207700
817679600
78300900
361159300
688654600
103410000
728564100
3255400
776414800
4314100
310383500
14012300
898377700
151337200
94859900
497694300
40806700
177427000
226181800
446120400
855335200
646616400
455682000
605318800
706157000
483446500
781851500
479903400
360638100
955205200
153690700
804481000
24520000
483626900
165640400
964809800
838672100
894204500
219700500
615086900
150153800
530084000
629099300
48531500
681421200
975594400
546225800
722228000
153021400
24042900
419983600
8356600
670659300
127300800
865310600
376816300
862382600
647162200
108354900
474655900
854002600
513680800
279137000
130157900
997307700
444777400
346602900
835979900
590617100
566303400
702702000
740770900
96387400
331801300
40937600
29443900
559030900
838798600
3307100
712052400
862841500
423290700
972044200
785136000
802226700
88990100
413587500
916244500
736152300
521942400
390900500
841790100
35623300
921672700
971948000
284566200
618085300
318551000
372181300
208702400
136489600
74883400
201108500
232877100
658319900
242046100
262321000
217350900
80844700
265628100
181038500
195321500
940554000
153082700
232092700
994415900
493708000
645680300
910660500
481495500
419257900
553196200
323285700
706516400
474868900
546868900
991082700
92954200
117055100
363264000
553291800
253544800
689782600
754400300
738057100
348102600
248081600
378100
565453500
580561500
517641400
998127200
27518200
709830600
402845100
259611000
704246500
896553200
156926500
614907000
378048700
576184400
168103200
701334400
282700900
894607300
499838600
525418800
239196700
616893700
140318000
792488500
122073700
81735900
798524000
860130800
429838500
298240800
112144100
246927200
878802400
629785500
245054400
157955800
591251300
899534700
417566800
295497900
796087900
574493300
162040100
174136700
402313000
581778600
127106300
936649100
476385900
626944900
713703100
715582700
495473900
854021100
759706400
617547600
935757000
558230500
729313700
617230700
856471300
841457800
115793100
986908900
722878600
612482700
144864800
314129900
512017500
814066800
861263000
308105400
640195400
23303200
733877300
42508400
856717000
860983700
979157500
333102900
739563800
692860600
300320800
486672900
798516900
60027300
355855800
985909200
869893000
85169500
854775100
977999500
178262500
970568300
216543700
901141100
583051000
361408500
466906300
95068500
427110500
328169300
654809200
67305900
351472500
388686500
109814300
459824700
501305400
340607000
792927700
492504500
285102800
344883700
979177400
83619800
656546200
586668400
321164200
778074400
671837900
175939300
7709200
850100500
398142800
224252900
2876800
981193900
837296600
469783100
327897600
264407100
797952500
982706800
331713100
401060200
623028600
693162600
860885000
124334000
33769700
905447900
616838500
318872500
501966800
847651200
654127500
158513100
685954800
226926900
188222700
357792800
654501500
195931900
459528500
52644300
420184800
462405300
285473400
257481400
932188500
613371100
773523800
981776200
847713100
105236900
382836400
470741700
50034700
495356600
595075800
335439600
652439700
463549500
654312200
154406600
562835900
560074900
312919700
248790800
787001900
501142400
858218800
441503400
948709600
317747300
745782900
368894400
31787800
31256400
878011100
215611500
644627500
651534900
197387700
492340600
8407000
831859400
214717600
58441700
578851200
809793400
393881400
231291000
524978100
299828800
385697600
339449300
859903700
950252500
588240100
898540800
703030100
446458900
591679400
651739700
15841400
589097600
20634200
47629200
620354000
898645300
514876000
516616700
550180200
963898900
260592500
558587200
795758300
475310100
868664100
374609600
536738700
262545500
857535800
61716900
562374300
243233400
401166200
673913300
193485900
241041500
824089300
896516000
939135600
667404000
548255800
954977000
256501600
820525200
254241400
876855600
970805700
20752600
645107500
520985900
984651600
905700000
331208300
780409900
381010200
451507600
406654700
169384100
714053200
264190500
231101000
528062700
759059100
883902400
453611200
952545000
376579100
529335800
100696300
315714700
448375000
900587300
522326900
704876600
721112500
28203600
833367400
943553400
48956200
478474900
464539300
33607800
635810100
47382800
65653000
268455500
750525600
723942900
437839700
716214000
239768700
920575900
244276800
998827800
56113600
949523200
203008100
432692700
730494200
555339600
42700
178869200
707562100
522369600
135381000
680309800
802208400
220383600
623863200
851164700
950493700
340037700
136407700
586303900
387420500
453695900
854759400
389581300
429274100
544234300
105795400
920678000
464810300
601707400
171141000
520923900
551230600
374149100
205251800
533360100
181123900
205294500
712229300
888686000
979299400
99245600
568995800
781507800
319629200
192859000
884307700
270123000
532896700
272350700
856426900
171952400
977681800
962821500
561533800
406955900
507055900
918964400
327633900
971866200
520671800
498775000
744425300
323537600
124559300
949677100
856897700
557318500
154971700
820762300
446004500
134271100
920007900
266635600
167414100
239637100
711129800
51721900
509760100
495661800
575707800
617822200
919249400
553389600
580643800
480783200
960345600
339334900
651382800
539614700
562836300
172054600
290024900
307261600
495592300
414584300
256938700
352490000
223538000
663545600
173252300
669542500
49451900
93260200
187813300
216866100
584532600
898943200
520223200
345927900
394605000
95931000
963750200
313854400
649320600
796029200
46272900
861301400
135364100
697655700
652551400
698200400
121345600
942576300
257097200
616937900
608795800
765671100
969427900
832333800
429216800
394315500
753511600
478668700
739210900
941324900
947170000
323743500
91903300
719028400
669671500
738143500
814959400
885056900
303633200
715915300
681086100
349906100
828851900
816450200
299197000
481403300
766285800
420542600
675614900
23383000
289115700
284410700
40689300
510178900
368379800
469906100
904494400
121891400
200210100
895340500
314851500
399015300
470719300
658390100
118043800
392026000
396533600
184638400
277082900
700166800
900553700
958169000
301708100
981040900
26254400
852540400
462444200
44175400
524718200
389694300
319193600
813834000
674105100
359882900
324012900
294120100
81424300
480142500
667646700
281634400
627118200
234133400
932284900
97837500
892523500
50328700
489863500
540692400
234967200
766946400
492494400
387156100
976750600
45837800
368197000
254640200
150013400
82276500
298815600
674731600
471970800
618009200
740200800
397711100
229527400
315848900
691831200
310951700
47626600
359477900
844221300
674744900
845246600
776506200
772582400
737770100
78470200
262446000
530097700
313437400
281027600
274227400
952228700
257778300
320065200
320425800
512418500
470078600
402702300
62869400
396445400
874673100
932513800
136646300
272384300
162041200
452495200
215850700
724628100
500121900
826963900
568849400
426502000
672210500
596990900
199084400
661615800
675461100
713165600
191713600
240533700
994193300
717576200
444397600
503606800
37641400
764823400
267660500
759355200
167525700
582165100
155800600
293834100
514679000
544082100
817853600
676720200
996577400
33704300
652983600
748334500
860668200
221833000
426471700
784513900
70459100
625556100
446129800
997555400
590357000
889478600
489724300
836185500
607054800
934122000
339792300
644696200
698945400
859088000
655686600
118106400
441253200
811487200
663575700
955932200
355569400
481429300
884287600
603782000
515133600
537271200
603751700
627437100
10739500
30223400
411951000
332833800
907414700
858080800
330389300
497771700
999194600
820113600
333957200
606249400
5870800
925384700
502580800
704816300
36108000
158267400
74557900
477361200
221389900
738133600
684928600
828594500
219562900
820851400
684011700
986331700
609757900
539398600
865404000
620497400
569622000
277355100
204966400
728671900
387071100
535355700
226443700
386265800
607104600
812036100
244150400
612975400
989056100
746731300
569426900
25164100
156633900
895620000
754160500
378023800
633753600
690724300
458253500
104951700
511575700
142265200
91283500
372968800
681663800
956687500
993466200
502921000
485677800
450067900
231593000
124384200
985423600
709671900
510650000
844163400
773343200
754800400
457138900
14034500
753166900
278201000
39198600
909800900
173821100
44994300
539459900
807574700
735718600
997713500
164161700
498929600
139978700
507080400
871898400
73277800
715403100
116999900
827834000
201081000
567067800
59427000
325465200
804126600
20734100
87750400
648290100
45712600
94186000
357064200
59747100
847353000
635265200
350581000
757153900
809086300
395575300
296613800
868296300
382929200
545962500
284093200
133494000
937576500
791173600
5392400
10854300
506576700
374027500
838688300
707657700
192730500
149750600
284758100
996857200
422119900
624143700
896782500
467832500
718329800
253846700
779214900
565682800
140747100
129795900
574471900
201468700
525371200
122720900
321400200
159935600
668683500
605493400
293429600
857895200
396667000
550457300
868749500
903243700
924484800
959073000
862536700
368850600
108823600
147294800
365707800
782578800
23073800
262490300
250411300
741403600
767972200
281261400
558721600
908719300
411057300
384828700
110188000
188063800
507549600
683223400
347999400
427868300
288716800
893064300
285763500
685383800
443521600
406148200
588627600
619641600
365221300
702799500
988492200
725680100
101729500
605835200
508258900
124803300
119960700
10305500
866206900
887932900
291566900
676563700
48287500
702624300
61392400
410110700
142323300
568942100
93334200
741957900
248445600
382051000
635022200
785844400
319070100
330179000
191992600
159332900
949820700
557213900
862132400
189948100
534529300
963861900
795783400
42788200
340300500
915744100
53093700
206507400
55312300
344660700
883071200
355235000
298920200
944463600
765345700
441243500
765040900
110315100
183201400
265121800
744001400
69858900
50966200
63071500
400037900
242958800
222404400
349858600
51808000
336172000
539806800
837972500
300033900
587225400
880760700
640334400
502969500
185489700
98477100
809917000
781785600
233183500
165152000
80705800
429282300
182133000
773584500
445958500
292448100
208421100
711080300
36449500
278280000
762046500
351156200
678318000
256640500
825195800
279811800
560083700
161367800
71253800
398056200
713037000
658479200
530452200
605006600
413084000
715941900
955118900
223001000
497727500
188302400
639788300
830068500
869220000
821921300
603653000
315178500
366004600
812074100
277894000
402454200
341989400
291575700
5245600
271942600
548216200
830441500
551754400
359935200
991809300
623008300
9626600
704846300
533122700
540078800
309853000
946206700
507655900
264971900
420843000
5383400
704909600
312266500
87087100
574129600
134187800
942375300
140943300
500192400
6084700
418837300
154281800
348074100
710413000
159527500
620016700
510264400
989969000
171771100
121834800
233413500
46414600
131461500
938259900
831172600
923175500
499748100
29014500
430831500
16355200
449857500
687850100
972900000
762124000
26572500
798664800
147947000
968947800
939608100
648139500
975032500
610080600
802421300
323106600
320493600
213584000
194758500
82393300
203553000
618164900
204228100
688601800
664579500
587324800
626861700
495752100
510500400
378245000
524766700
192967100
646235400
226259400
880817200
619135500
240018700
159024900
417800300
387965700
127972800
609043700
287740400
103005300
219124300
341797000
426112000
791253200
555381000
620870500
873646500
10569300
490670600
329509800
699171100
155250200
916834700
577668000
902637500
427335100
207548200
679039400
620302200
853783600
156934100
752754600
724554300
396952800
911779600
393989900
36553700
291387600
3033600
324294200
394392900
473793100
917726400
72140100
265046300
473107400
944645900
390328000
735311900
435316500
719837900
686118200
842201900
636672600
515421400
744839500
315642900
722969600
675514100
935945100
828388500
832448200
940334900
804578000
481036200
103749700
198567900
517590000
395137300
453236700
93519400
41165500
927029900
11245800
113305600
192076200
735988400
57951500
834039500
722935600
493268100
553877400
409053800
335470000
190550000
176110500
331944700
506192900
899080100
7458900
693773200
979103800
91542300
885743300
783681900
572578600
241128300
982249800
341803800
887900800
435486600
435323200
929066300
614151700
698204200
42372000
57863100
434192600
100323500
891902600
157128200
845226800
445780000
817817300
432332100
887965200
993927800
764276800
645793300
144643100
23370900
591201700
375382200
114913300
728580300
159064100
939127100
969708600
392949100
280930900
857609400
80070900
716254100
786675800
694222600
666093500
80683000
3721000
100286100
432641700
895623600
509049600
277868600
593038900
578502100
961835900
481004100
824065100
977747900
378432700
968708200
252754100
221269600
595725600
367667400
949849900
6424900
558429700
171193700
651009300
839360600
280438400
731080200
807249900
318749400
676938100
473343400
399432400
680659100
825264700
832074100
827917900
585949500
361577900
420956800
164451600
575049000
901961000
988516700
552797000
532028900
208860200
805551100
753298500
804585800
424853700
703148500
811010800
983283400
125977400
462020100
74279200
406415800
444735500
133164300
725165200
373308800
858142900
124597600
53967900
683407600
208307000
881885900
520992400
821520100
554477900
685444000
396569200
456438900
673960800
949366200
240103000
882821000
6552500
993401600
939042000
683041400
948185300
1688000
666324800
325797900
463708100
992239200
732213800
160078900
377038700
457379000
533387700
235181600
833611900
838990900
170224400
41918900
972512000
691216800
863439000
526989900
376660900
511643400
235064100
302256900
712644800
475167100
436713100
719197300
720203900
375755100
402238700
920024400
377443200
320198700
245822400
92786500
564073100
229671400
504500600
941111800
687050400
37888400
427928600
772297500
128514500
598153100
814216400
101026500
541005100
929290700
879651600
169301200
692569300
114715700
723193300
405214200
841518100
159906400
376046700
561722000
787296800
778285500
733381700
416375200
350119400
230839300
509161700
914192600
460510700
13662400
106939600
147561100
303186000
534868300
171493900
431700500
384656600
985710300
784362200
925661700
166636200
664013800
346598200
110840800
778729600
69791500
516055000
620247700
229698000
892101700
433604900
16994800
922022400
418621800
433370000
272141900
649461100
194166900
437969700
109971800
459464500
796544500
509168200
762650500
331412800
680662100
194351000
716069400
918007600
230348400
893366400
336279100
894362300
239964600
447119900
673091900
309756100
214810100
544974800
791089300
106911800
230214900
59719300
280569500
648836800
493089300
804346600
549933100
938891500
493951500
911540200
398356000
290496000
420708400
161006600
621908900
353005700
606992800
589613500
522648500
837341300
482979900
110562800
983338800
974579700
557682700
656430700
535971100
24128000
453040700
327060400
131039900
934890800
386779800
663244600
835362800
131504300
467591200
385296000
70395800
213177900
548471400
468751900
503673900
220815000
881393700
377218000
573820700
740021700
966831600
348104400
828998200
701446700
458667300
812337000
927661700
267985200
720402900
463632800
292113300
425078800
790693200
674788400
359969700
429108200
338033000
195332500
560612600
57259400
832263700
882643600
270437300
380735100
603030700
774111200
601550100
736059600
151329300
427006000
476081400
369796100
26745700
305079600
71242800
485413000
369051900
998904500
753398200
89454800
714172500
45511500
514533700
756501000
720299900
874503400
185609200
309968100
321471100
997857000
367227500
405370100
132135900
637664800
37740400
735166600
663411300
890925800
471226300
814740600
317931800
198942900
436171900
596312700
755657700
507414700
81725700
124709600
757954500
835124000
465799700
472127000
132270700
231968600
228628000
104205900
106472000
665872500
414174000
679578300
915364700
781401600
336583600
47500600
670701600
374324100
34302500
334112900
265249900
757164000
400488700
834816900
956106900
836660600
431129700
963399800
595710600
512855400
339744700
353665100
599614600
805544400
77427300
731885400
37513000
306055400
87726500
395620200
223563100
501900500
326833700
138927800
283302100
663417400
186428500
205639000
37741500
220731000
539751900
302991400
977895000
191875900
137808300
185637100
28536500
568938000
149036900
875882300
333428700
488781600
229547400
933043300
545961200
306974800
916563900
835109400
864665400
4290400
230729600
339863700
757826200
557563400
478791500
292763500
472616000
916855200
498402500
510357500
137586200
289789700
64984100
367116400
481665600
202792400
804388700
761837300
23365700
205060900
637719700
608429600
945477700
118902300
793108100
491439000
677512300
961307300
326548400
793812900
217232900
808913300
133676600
975059100
618111900
612468200
267822700
90727900
780958600
766225200
601085400
170180100
307650100
666069500
537296500
789315700
120497100
593320500
802788300
395498000
798381400
440508000
3927600
743859100
559410300
797035800
486933300
236922700
758343100
813481800
282370800
975576000
874030300
416047500
950635200
492142200
280150900
470093100
582870100
61109500
487953500
435590700
231289600
795603700
101660200
20221400
584919400
473792500
613541900
639342900
869290600
411923300
79850900
873218200
407417600
890896500
921889200
894351000
379454400
680232300
707832800
661825200
907443600
833498300
77872700
109714000
325640500
358023600
579807100
908510600
670768400
67760600
344101300
902058000
863364300
697396700
922279400
699919000
171189200
535821300
339261900
40479800
199379800
670748100
165333300
606797500
561644600
87222500
501148500
192734200
19090100
460616500
854559400
926533700
294114800
184067400
36247700
619755300
793726200
616054800
779901100
464494600
935450600
375637600
366552700
50450200
73034300
288832100
2004400
495858700
76288700
341266300
787973800
275668500
263649600
953307100
134101200
76929400
292164800
635249700
269663600
311254900
347501400
124223100
237788600
641616200
559925700
525671500
513006700
353651900
141726300
292907800
818146600
328812200
920180600
436334500
379262400
993214900
976801800
381266800
740708900
53090500
974168300
528682700
580394300
237818000
733625000
714495500
566382600
25789800
349745300
836046300
337044800
697246700
211904600
826468600
590498200
771830300
352140200
355140100
377117400
745501700
899683200
446899200
74313900
819863800
883233700
705211500
813078800
111670800
338113500
805422900
164761300
312281900
334105600
745155600
801735100
67730600
711286400
368117700
93520400
312666900
204164000
682200400
261548800
667703800
760304300
852047000
691169300
112444500
207187200
68286800
857946200
106870400
515186000
183895400
178369400
650055000
889106900
243083400
761725800
227220500
48506300
178122300
791137600
382611900
174913200
844507900
701977700
886199600
212625600
47133400
198866500
668424900
729333800
460415300
587763900
489638100
564097600
278933300
853717800
22920000
347220100
963299300
381425600
114041300
147194700
559795000
15731500
287936800
802878500
29092500
766792500
103020000
207214900
809565300
485632000
633763300
654073200
439244900
519962900
118334100
486378300
970464600
38394200
215712200
682515100
626158100
956985500
246612700
905091400
810703400
521167900
503946700
25637900
902593500
869623300
172832600
714023800
885354800
712404600
768537500
914447400
730832400
871557500
373297500
540397700
608824700
7060800
446106200
48069700
527023700
564440300
534448000
749123500
854469700
1795400
431638600
732263000
210416200
929886600
888989700
21119600
702689700
392936400
298392700
856918500
514194900
471225300
570942300
399549800
435265100
339479800
565632400
166097500
462672500
938929900
958130500
71497300
945990700
404236700
119567000
724649600
220312200
905650200
725408300
326417100
907445700
408682100
58680100
117861900
590203900
947669800
390616700
292893700
592241500
689009400
149812200
106436400
411869900
720754500
757621400
98770200
311869500
323253800
516503000
26177200
513818900
474633500
97674500
711444800
130505400
468876700
436094400
602452800
626162200
413137900
180505100
533607900
821820100
239185200
903105000
412024000
438490300
545356900
704917700
30731800
486001500
106365100
388803400
897871400
78754800
146424900
248276800
390624300
721313900
764779800
668436800
235132900
491048500
766111300
198212900
873189100
486623300
885942600
475641900
112785500
299080500
656147000
898028600
120900600
146967500
801133600
784559900
585457800
598125700
741112800
867824800
84127200
847478000
256628200
981998600
926232800
654688300
481910600
568492400
627637500
246690500
236929200
114405600
737739000
254675700
312618500
862563400
741299000
198561100
338205300
105719700
497641700
245987600
3748300
870177500
644590300
56517100
654737400
230048100
654642800
395850300
349508100
738770000
494963500
606136300
972403800
421196300
512459900
454314500
989688700
140097400
952640200
226617900
254503000
942014400
732928900
567121500
804577800
725863100
17317900
394418400
831582900
514959600
892041200
86966400
636772300
536631500
395118800
291509800
766679600
49761600
938995300
116187700
40166900
433958800
973959200
264205900
106790300
738054300
970155600
96479100
878151700
922795800
574732200
384289900
116445500
307661100
203046700
921023300
33524300
220364600
315441700
116742400
986959400
459118100
203708800
623731700
995749600
850462800
166876700
762429200
900224500
357507200
130252100
192026600
43101200
355846600
456232500
149891600
93900900
426388200
246370700
223687900
600819200
72738100
859613000
717264700
380399300
62659700
889923300
665558800
534659500
457000200
33936400
773254100
916118400
237645200
396985900
911868000
88108100
815497800
925932500
239967800
173005100
307819800
683629600
216106300
663666400
391497300
365997900
9202600
69520700
864003800
232890500
670340000
936742000
344138700
639239900
568776500
406798500
529163200
485970500
193093200
986163500
519906900
966347400
153917100
9187300
614968500
65785100
348930600
430466300
991717600
840533600
603471400
299537500
524163200
71213000
214839100
915660600
437210900
224041700
985181300
552850000
708567400
907156500
489592000
52706200
798031700
310003700
711139900
327194900
795974200
904233100
564993600
567516300
122215700
718910700
576703600
737184200
784695900
177269500
167650600
28048700
17803100
22757200
579221400
541966400
93970200
794060600
709262200
531181200
269737500
946078700
84031200
978305000
853235300
825258400
31011200
651267000
386897300
742151100
230097100
182871500
898019400
795090800
2023000
20235200
765636700
830361800
9054600
801967800
7631300
176705200
830016600
25434500
199462500
660873200
567400900
545067900
454933800
528298300
327884300
724671400
474377000
663550700
954611600
327612300
488809100
237258000
230514500
875706400
231044300
460611700
310213100
129063700
507337700
312236100
400934100
524609600
142598000
409988800
326577500
150229300
838329200
408229300
427299000
289426900
69102500
994699900
834494900
775671600
774633400
162379200
751978200
249010500
825930000
958225000
576622800
566374300
195483000
58772600
693716000
426527300
771019500
3929100
807226200
278357200
567800500
208160400
802966800
962033700
869784400
381179500
363898200
708113600
789408800
791197300
249175800
110146600
37532400
83670700
137453400
812165900
497685100
889431600
61176400
575250300
847656600
889434400
393259900
294774800
948207000
86975900
721302100
719226500
90905000
528528300
249218900
910340700
988323900
303821000
124009600
858108300
936635700
487907900
817857200
726044600
530740400
318668200
87826400
568272800
653974100
225279800
632073900
403294400
366346600
944885500
978544800
465638400
834320000
371804700
760413200
34162200
458780600
733350500
5024000
801320800
261878800
505878100
963296800
501838000
61334300
87306400
611581500
997970100
575214300
681073900
975649900
105954700
999742100
63476300
925862800
653716200
540391300
557936700
57010700
158373100
502822300
287190700
624011500
588777500
910630600
636059900
874574900
621046400
369410400
879598900
422367200
882924400
385477100
637299200
636397600
446811400
724605700
247979200
696416700
551455200
180688300
672066600
909045200
180430500
735542900
86543200
85781900
527569400
896115100
394427800
685942500
650572600
933253700
561589200
239350100
843884300
449284300
365560300
464930700
70329900
245159200
138933200
204889600
882271500
776232400
841287200
580718200
752473300
340901600
277134900
555563800
521590000
949201600
716244200
702020500
936379700
802787400
39437600
715584400
950537700
685500700
401526900
601110400
618754400
214751400
92095700
462638800
664035700
457656000
179204700
734365700
702815300
569773100
939255300
836722000
597640800
32177700
669075400
350114100
373079400
946210400
157313100
894669400
147047200
873557300
848325100
335062100
927979900
887762700
50646500
878517700
824898600
452173500
479628100
443653100
918560100
823359000
157927100
582595800
281015100
337131800
568596700
235465600
158540200
507852000
72187600
756181000
791665000
741263100
357930300
164744400
939108700
515243500
59413800
86155900
640436000
159374100
672853200
568416000
298772000
723499800
698568900
123670700
427308500
429832200
567323800
345868600
253191200
976886100
180099600
534206300
565653100
748696400
769671900
724193300
508183600
93494800
480374300
299848600
86393100
838304700
464593000
25501800
605183400
775642000
363292900
245619400
935016100
36146100
65670600
233788200
11281100
15874700
609094100
438589600
445706900
176417900
784458200
698898200
404939200
964557900
484739700
970592300
964889500
254411700
694785700
473073100
599541700
426795200
24557000
685934800
516735100
489150000
711436600
121918500
516427300
326364700
619173200
703078600
614146000
936479000
188502000
625427200
952353800
797596100
64016800
649695900
225649200
100110300
348594100
630588400
316303400
84969100
601180800
281192900
591016000
547601700
5901200
190557700
226032100
30458200
876492500
742767300
771243500
839564300
864685800
287670800
417564200
735494200
990749400
31710200
671973300
430886700
657137400
875962300
228482800
972789500
525658200
454132100
72899800
125887600
336355700
640838400
210856700
189171700
922031300
801872700
988408600
927932500
244065600
214440800
210026000
120558100
957208100
981269500
211757600
73529100
520575500
629321800
809023400
762960100
661032000
732631900
193846800
569804700
608594200
422329700
542594200
385887600
128097000
867129200
763410400
716087900
507967600
225902300
905259700
429998900
279410200
893668300
609566600
523475800
108109100
71227800
895669100
65317200
52497300
107426700
138846400
824708000
736748500
199505000
587668200
649415800
932136900
781515000
219220500
792366300
455479900
13449900
178253900
835212100
880579100
193299600
551300100
388546700
419201900
708195000
70180800
698612200
601863300
679747400
222088000
961607700
2610500
117757200
26924900
55107800
225183900
417406500
879815900
213567700
616911500
719119300
114618700
800683600
500634300
333839200
593049900
207749500
347289100
22939100
294596800
479503400
216238700
97532100
868050100
635440600
805727100
938230900
585688000
407590500
869613500
807776100
369198200
872224000
177168500
647758300
178967100
653987600
316800100
310418200
119190500
185346800
29537500
233809200
986030500
781807000
567648400
830715600
241191700
166572700
853654700
535788600
646076100
321528600
633320700
765761400
208604500
439047900
703992300
794292500
98273600
825241100
853703800
719107000
949100300
30872300
366865300
128067400
936495200
935300600
690120800
55685700
120647500
719658300
289495000
358313200
501465400
108778600
189028800
994292300
526986600
294318800
530080900
173062700
615847400
415036900
938824200
824451900
854084800
894451700
618744500
203993600
971328000
472448300
923100600
920428400
754955900
541601100
300131000
691451100
476901800
990251900
747136800
849184500
709910200
36631800
207497700
463010800
397045700
648161700
457303200
924032300
942480500
239019300
97095000
558328000
654056200
287554400
634415100
759776200
433641400
253159600
215405000
656604600
977243200
138505600
577033000
732199100
931742000
877164100
423650200
660279000
119051200
422422200
509463500
80596600
459054100
968596400
543607500
107735000
616758100
252545900
31767300
810873900
743200400
380497500
620837100
648891900
668052000
255252200
408668100
353328600
760047100
624073200
9933200
988925500
14214000
838601500
721124600
945956000
967400800
396410000
857870200
86452000
70467400
367333700
167048600
781156700
587565300
962291300
888891700
455958700
214837200
920659000
266832600
209672900
301156600
139304900
858564800
220843800
646192300
518868100
574172400
406239400
394576500
835740800
395164900
408790600
674342300
367924700
606381800
641743100
15969900
464252100
728195100
86437400
83221000
146879000
867594100
922421600
109170300
756485900
630015500
575642800
928780100
896848100
785315700
229936700
287788200
643880500
450780500
933980500
414383800
276588100
591855200
808960400
112329000
238655300
469386200
38306500
858215300
327403200
680049700
874185200
43290500
659880000
212257800
378146800
806759000
331487200
300568400
167564600
339608300
930583900
743207400
268388400
79067200
528523100
498325200
366855400
424038800
200740900
552471100
838422600
477329100
144326300
647383000
841293300
382981700
116769200
131235000
241197000
444172500
62919900
367017400
487463000
722800000
579275300
865609800
781194200
162397700
417813400
948758800
502006000
348397300
691966200
22029600
679099700
472124500
771990000
297590300
896163300
972731000
850061500
734586000
701695300
246023000
381969000
794623800
629004700
750373500
925858800
121836900
446181200
988778800
488854400
933644200
963214000
319764900
50889300
744408200
482162600
720337900
944802300
235803800
320370500
888403700
257833400
999470200
360528300
281458700
548695800
256691600
254189700
398757300
242912800
207520200
644780300
624881900
2144000
525420300
626890600
179638000
647257200
73071800
168416800
387746800
6716000
131630800
707511700
309240500
127674300
441309500
29578500
324111800
677113300
349949000
212515500
186582000
601054400
824679000
468040700
149750200
333005900
973865600
800142700
575918700
181385800
696558300
452435800
435165000
221978600
79326400
614803000
120871000
152398200
34855100
508617900
410749500
166485900
467764800
719990000
545795400
909074400
1203700
869907200
837822900
602787900
334058000
24404900
203842400
158737000
744080800
605227800
491742900
969581600
405370600
67661700
150967400
101928900
520097500
837767600
575542700
599424000
704205900
696413700
3457400
739061000
456666800
414206900
905546900
924431700
385832200
702977600
833506100
387035900
572884800
922964200
241459100
906942800
947369200
696936700
65679900
943085200
302164500
809058000
912666900
959170300
128354900
315269500
61099200
900087700
404672400
888277100
751146900
108878300
836326100
754604300
847939300
292992900
168811300
5121400
469059800
554643500
708099000
554201100
193314600
532619100
477165400
686408900
439561900
676169800
383345600
756877000
619255000
685510200
565935100
783557100
644680500
945925200
98826700
957415000
846012900
503499100
845692100
597159800
864012600
933653400
603399400
963587100
226646400
772210700
968708500
695706200
578489400
928442800
501542600
23439200
461061900
978708000
709848200
152259000
654877800
93193800
909136100
525768000
30339200
726706400
309325200
926655000
672631600
408151900
135705200
518644600
163286200
233032500
367439600
27298800
166686000
970839000
242521100
393332400
994684900
211229600
340673800
824809500
391307600
842216400
99884000
104004700
820924400
809732200
256263800
727437400
154561200
165399900
253205500
436535700
892106300
562530700
614825900
816373100
222317800
750531100
586652900
637239200
983563600
954092600
916173200
150249600
176566800
158694300
795217200
422887000
369923900
135891100
247696500
12866800
229742700
347580500
116871500
302302400
408947900
373135300
29739800
815144400
790170400
282945300
503315300
682276700
97111200
118141200
750285100
319429000
868672300
336938000
956668200
103871100
542665800
872841400
254120800
719232700
31535700
49338000
142119700
653094900
436864300
641451400
665961700
666607100
240667200
34468400
968909500
901250300
407603800
250284500
716394700
197774200
784865100
471345200
131686200
881976300
589486400
881971300
453040600
709793900
470544500
661344000
813665100
13210400
785820700
319421100
732443100
68991600
368759100
126198000
722086500
805623500
767649400
639683400
723865800
8316600
674151900
944410500
909567000
333390900
194695000
877596900
531165100
979560100
348942200
914486500
113171700
190063800
48093000
817847500
151493000
518637600
479191500
216793300
531848000
265012200
536214400
264291100
334003900
156608700
390489100
307725600
962232200
409773700
199044300
937733200
418090400
124831400
882143700
579292600
458222300
76838800
708524700
241022600
308034100
309102100
407144400
421205800
499166000
455237400
239053300
902294200
973875000
969880100
370722700
505723000
234892300
906937100
21649300
820531400
63545800
663773600
379892300
277413300
73547400
578936600
215146500
743273000
703768000
97290300
574200800
413625500
425764300
282725500
906283300
733798400
591827700
313427700
406639500
342628900
768665200
897328000
496558300
994175400
118843300
867281000
751533700
353735700
774218100
773183000
425902300
89399100
688591900
805794600
366812400
13774500
384731200
833594200
8682700
340134400
930884500
582883500
5395100
356648800
117244200
911678500
342082400
709071900
225106200
357100
303336000
245406600
149320400
799894300
491217300
268163700
667175300
242751000
873534600
441393400
267569200
299437000
782427800
207796300
356866800
149240200
221570800
741598100
982834400
481888700
333367700
165354100
64772200
338762900
773638100
182016500
250441400
367355800
142723600
727182800
367712900
446059700
224224700
517033300
245954000
967077200
785197100
913129400
209828200
658731700
606158000
729032600
209803900
640221000
936829000
566670800
789461300
410035000
559904100
23930900
891923800
893271800
440920300
208331200
483669900
214558400
641982900
985746500
581914200
784706600
964564600
201262400
482401500
188789300
718295700
728355500
407501700
755128000
893120100
617329900
665495000
750913400
597997700
875298900
391134400
786461900
441969700
432230900
448132200
1873800
707797100
340056000
146780900
148717400
800022400
630450800
614911000
442005400
616197400
196825300
478347200
832397200
398087700
960748700
21186500
368018600
940739400
428688200
123146700
833859600
297653300
788641700
836408200
147286200
663940600
479177800
933748200
357545600
163044000
381880400
611054600
870841100
973571600
9470700
271193700
25229200
639921600
886104700
467234600
507754200
82930000
197217000
340151400
732652900
157965700
612973100
100671600
98705200
293296500
475453500
184200000
842585000
264095200
272243400
989871200
179671000
751421200
175254600
788851800
166100400
808770200
399906500
36941500
33977000
409377200
308135200
59206300
300934000
194240000
778076100
60323400
528805200
975293200
652110000
513093400
384894100
516718300
613765000
735234500
61650000
340853700
171069700
904235000
856584100
443313100
145741500
36255100
446369600
572631300
76742200
612470000
633036800
476648700
901046800
667013800
137661100
209182000
977855300
690230400
655057200
7566700
2189000
435497700
234495100
905934300
948591100
619389200
422652600
813991300
606259000
735937900
154845000
777328700
891808100
11429100
220641900
37549600
299319400
918646700
861816200
376061600
531116700
494853000
104345500
683798700
161866800
493641900
892980800
391357400
435507500
799673200
398924100
437696500
235170900
633419200
595266000
435397200
504443600
269553900
249388500
110702600
5491800
655868700
888031400
897299900
918933000
360308500
186484800
218252500
278955200
48301000
845949300
61707100
794789200
201930100
745505900
208291200
695572000
890121900
599648600
131079500
689795100
250207900
820411200
176601300
883627100
415677300
611998500
639706000
936866400
113022300
750408600
942358200
768891000
638440000
91293300
687824100
998748500
277778100
157711800
529338900
577714300
255296300
591046100
624138700
457226400
588187200
832430000
152798400
478309100
683713800
535513100
419739400
933921800
355924400
596340700
69184100
23236900
459974500
708890100
211738500
572996800
459298800
154096700
593523000
349374000
497025200
532982300
599757800
26438600
942329300
129096700
855788100
197625700
971778000
479926900
654852100
559965200
312356900
807650600
38274300
247705900
343163700
458013800
181627700
950723300
305989700
502447100
225595400
765964200
211337200
437333900
590596200
922271200
843065800
184119300
271645300
340091100
968736800
123038300
366529700
911066200
252135000
222317800
108691900
475548300
953879900
763544000
35513500
517872000
822829800
325423100
765578000
417628800
35072100
947205700
619987300
592697000
701288000
97218000
358661300
912625300
534551900
200892700
834896500
629253000
636647200
358177000
220979300
605384100
481215300
839144200
768085500
984985600
313097200
876777400
712169100
266977200
640321400
999317800
784849200
714786500
324740900
550427200
132415300
611448200
749268200
752402600
204145300
450556200
849620600
814441800
614816700
635807800
15334500
701348500
516696000
651981800
59525500
737675300
509001100
792376100
828454700
277086600
28996900
141551900
153864000
741166000
408529100
45820600
740483800
445013600
760607100
316860000
995440800
144657600
928308200
996344200
897060300
384088700
698535700
998316100
198530500
313352400
634123900
213865100
14700900
402455100
117482100
325861700
140130400
626483200
369873000
968585100
903569800
650505100
361772300
309069000
643306300
21936600
606524800
635425300
466950200
618767200
952285300
714026300
763424800
132228800
710370500
912120300
516317500
660541400
910436500
966483300
973893900
796195600
180348400
240230000
450286000
549465700
817726900
590416400
427584100
439235100
810636800
331153900
89740200
424044300
891858100
733046500
445980900
750018100
620107100
912931200
368785300
572392400
626957500
383845400
956256400
588963200
295965700
724209200
249504700
458037400
690692500
475033800
505868300
122676100
966899000
956154300
923777000
784626000
798205900
351361100
475496300
860477900
934150200
816871800
284522200
826008300
801553500
982138400
576026400
421660600
895069600
196447000
994053100
773662300
580292400
201944700
614260700
127893300
926153900
863765400
585930800
868481600
590434400
343434300
242792900
557333500
551223800
166569900
593594700
349429700
517931000
69091000
461542900
452081200
885962800
997700300
529724700
687516400
979838700
357386400
109177000
126543500
553833400
354865300
900205800
385761000
808445300
766101800
513654300
986234400
629867200
351220300
854716100
220301700
694654600
349144200
29270400
497513600
515714200
622865100
846943400
285280400
691956100
560121500
988996900
829554200
557821800
518721600
517070600
789295800
127743200
877882800
915839300
933211800
484383400
67680400
318972800
292828700
833782200
84262400
279063100
715284600
435482700
385414400
187221500
381772600
734558700
216491900
879286200
501908100
839357000
977864800
787188500
531313200
537986300
27820600
360867400
347443400
546542300
129573200
136739200
674285500
259091200
304213700
607497400
743474600
623529300
178105400
36303300
708946700
262367800
567001700
424231400
697850600
952416100
611452900
331258400
938610000
827944900
210544600
692153300
918937100
440044700
730977100
701885500
229666200
758797700
314388100
828744800
305340000
443961300
965484000
231260800
703052600
521333000
90393400
698162400
396497500
520134000
986101000
105444300
782501900
553102700
529675700
731987700
757154000
392763800
63246100
947399300
472343900
525425900
639552600
391281100
217105800
370529700
93166600
446772100
129327500
407554800
275516900
686302700
103151300
492636200
169198700
57839100
265604400
511227300
756001600
662101900
31361400
742102600
767546200
813863300
295205300
548857100
797486200
303994500
941621000
860732300
251393800
413964900
637793400
890946500
56881200
854899300
513111400
401683100
553306600
642438900
809237900
828823500
580376900
912389200
573094900
749575600
221863600
838699300
260803000
977865200
500801300
292164400
719967800
268347500
357662900
266808300
68839900
155149100
570802800
10460900
267516600
73831900
676061000
905310000
964778400
984577500
11844500
729525000
386260600
565151100
371964000
195498500
393974700
203976100
359522900
967069600
953551700
581386500
57404200
465989900
810886900
558205500
758154300
530854700
78188200
367452400
49298200
147028100
522601500
871736300
409124200
41753300
945568200
336820500
947063400
161981800
321398000
958907900
891506800
707658600
524059100
515106000
154792300
169669000
719082100
514315200
388373800
924269100
347337000
445778000
390259000
158223900
255618700
400048600
940713900
585442200
767501000
990012100
732470300
541737800
861748400
393229800
583491100
807316600
730050300
782189700
969298400
51448300
992732900
112440500
759106900
768427200
627546500
913899200
938096200
598263900
679849600
578105200
522533000
278821800
275518500
912792000
437045800
531137200
312840600
377759700
116579400
331976900
619407000
100685000
873714700
732790700
493914800
708841000
540107300
475600300
491030800
761041000
527048600
735398900
125116700
537790700
503826100
752663200
703325100
693557500
350927100
383174700
271662700
125095300
661996600
547181200
37887400
350677600
78318500
602363200
980072500
446533100
934340100
599479500
547218100
59690000
332270200
292768100
20166300
124012800
768368400
762832300
136689000
547052200
498231200
261805700
84842900
2057300
266104100
788168000
695614800
868666500
171342800
967277500
993761800
84974600
766094000
283284400
435652200
96047700
885647700
415724700
542580800
819987800
266839400
341434200
131313100
599109700
885837500
151479400
974757700
654206000
914311700
111446700
201258200
412542900
624887600
537736400
666235400
142626900
325904400
361850200
11293400
748882400
580762900
256690500
833857000
598492100
539974900
521144400
694539800
425622600
936869100
488755900
497245700
455343800
81825300
880194000
54453500
967662800
31673400
280846400
873504000
945985100
643928300
326397500
610163200
268815900
864133900
276398600
411442800
441673500
889884000
674371500
190556000
470646900
931062000
276048200
69139100
722672100
797192700
15314100
399930000
985697000
755705200
897175700
441040800
837530500
29004900
747129500
56828600
60678300
279611100
181967800
258298600
923539400
508365300
868461800
443990500
624134400
396495600
107068600
317443200
286379600
781440100
759634400
8661700
964137300
35682600
329436000
686809400
84510500
344750200
86739400
321842800
352090600
235550300
762883600
189621200
264555200
761648400
498085000
576868700
41259500
680052800
835167300
964799000
440053400
955264300
660424700
64187800
603395100
767493300
633266200
889774700
548933400
392900600
150071700
764705900
680218500
479507700
451515400
16364200
75893100
789890000
338207000
427983800
277075600
352725900
869240200
793266000
114374300
367325200
370134800
407269000
47378000
456937300
623703200
487431400
412201700
284128000
803254500
267232000
51621300
688155900
157006800
852190000
81056600
558713700
616895900
12910300
289856600
320046500
29274500
365749800
361571800
367481600
45368800
638647400
720207500
166244200
683548600
86217000
533569400
53683400
745121200
832582600
762256000
368824500
571649300
174457700
904587700
374903800
693324900
956209000
63059700
101966900
60034200
395751500
660680600
928565400
408661800
950537300
500247100
689571600
567922300
861818900
57053200
864926300
752101500
28895900
31170500
435650200
366748100
816375100
740968800
111869300
648957700
503224800
732329000
220607000
929317700
636916700
847146000
622642700
844761000
161841000
724609600
156430400
809227700
636925500
84995800
469524800
587462800
585243000
159096400
407020300
698697100
467784800
271946600
702433900
748315900
303117100
389719300
115064000
371127400
382323300
478568500
20085100
885548200
462532800
492327400
66501100
99449500
591108600
940779000
195845700
4584800
917023900
352276200
813812600
553949400
437272000
534972600
393047400
274150200
694069000
800067700
224482600
161853800
72014300
926916500
161804900
626766600
316635800
528504100
997894000
698959100
258707800
269614300
836142500
721240600
13576900
154278900
72325400
604685600
346693100
268171100
860905600
263717000
620447300
674718200
69301600
309354600
209690800
462349000
835140000
155395000
514051900
59622600
568884000
837701400
238174300
730688900
464468000
806445300
259193000
713997200
505404500
517900900
235246800
593182200
490776700
248823700
999096300
563102100
105144500
345789500
831273300
966050200
609506500
703355800
892403600
930443400
264345600
353729700
644427600
351120900
509124700
158479600
410743500
329644000
996181000
900553100
60332900
712284300
706998400
571161200
677916700
464038100
340697300
913163500
57220400
831474000
413622500
56316700
394576200
518767000
653741400
477484700
736452400
514883200
432475700
880491300
445326600
948456600
234221000
89754200
299577500
994980900
248233800
961956200
324624900
496050100
862509300
636593100
208334400
569507800
207754300
137886300
33545900
548451600
51049900
342401500
631560800
716307600
650353500
26137000
486709800
304094900
503621700
474797500
818978100
187732700
355288800
515939900
136189300
589509800
605694200
435766800
836125900
105563200
397723000
412386100
601613300
511867600
48979200
61582900
333010600
508368700
451104500
366556500
308455500
753789600
960593300
940016300
470097200
610946800
966153400
956807000
166676900
721410300
431604500
985655100
160778200
38528500
753230200
296967500
879673500
358924400
984369500
715799500
716122900
633727800
128185600
569371400
145595400
428800000
882589600
478606000
937168700
333694100
96797700
245624200
87483700
57391000
437275700
557580900
668337800
403429100
766023100
835014800
376474700
449262900
72305100
537252900
487791400
825535300
85855700
367465000
436095000
70225200
334899700
403853100
703953000
463085300
973224500
101183600
891885300
107449300
579789600
80689200
441143400
928222600
326313400
780262300
985613600
763589100
589478400
905586700
418653500
355501600
740601500
46763400
56399700
64541800
835651500
795826300
141712300
173142400
163291300
577807300
243367700
498191000
233295600
198955900
212911500
458155400
551774800
356432000
565604700
383199600
437121200
258383400
311422200
15069800
38645700
297035900
30294200
879759400
454257800
700582900
486896200
194859300
747346300
543295900
511036300
834633000
339122200
652748600
7775500
754048800
482191200
502778400
503875000
715486800
953369500
716786600
425277400
505144300
73218600
990882200
888344000
510339900
249265600
451401400
525409700
539546500
748437300
807339100
419305900
454330300
507922000
906202100
649189600
255268300
701133200
411861100
341536600
291890700
64609800
600947300
45939500
798436200
103725700
549814500
765558200
308730400
266601100
190835700
813874800
591455000
181717900
953854000
353430100
682618700
405255400
130475000
473800400
405328000
937814200
144741600
859658300
445736200
302578900
760483200
952639800
3712200
172344300
294176400
295602900
488589300
895123700
593177600
287025500
250484600
142992100
304219000
559215000
661228500
495054700
624725000
504318700
676772600
578579000
857748800
611026500
235469700
988223800
84826900
640797700
177673200
481203700
752091200
623409500
783782700
512574400
576049300
787494900
936554000
121860900
334733000
425143300
16984600
927910600
963804100
519104400
322537900
268023100
78319400
983766400
763077800
954679700
488085100
691485600
533258700
597469100
554147300
20363600
837328200
890609400
661161300
15001400
371813200
413252600
638410900
155595900
177462200
466095400
194726000
114016200
587956300
529459000
790794800
856576100
457369600
754598900
375680500
31542700
274257200
705635200
15309200
288970200
660314900
755029500
232091000
445208800
604133900
786238300
465572500
441462100
928482900
378369000
456463500
300296100
43256800
346509700
707527200
220719100
64240300
902253200
586370500
652196700
431712200
628800500
760408000
140717000
635034600
136088600
172259800
909291800
93359000
439204200
449897200
5309100
445868900
681988200
450517900
50002800
719861700
167725600
743100100
648344700
546094700
199563700
948640800
840986700
797708600
656168100
313341000
861948900
558421300
899711600
765780800
241768800
528512100
526188900
634121000
163546800
913912700
58016000
324473800
7271700
497220200
774371100
12580800
943089200
707994500
714733900
244727200
427856300
882459600
987827400
76201000
680189500
439026300
276477000
521176200
236734900
932645100
834517300
350319000
742701700
985864100
116099900
236105700
766011400
893924000
121861900
929558200
807836700
179878000
505667300
66743600
677098200
280038400
330959600
871822600
988032900
297328700
116549900
667524400
431423500
104377300
743725400
111613000
543403600
20202500
884424500
31773700
204482800
970577000
633727900
198819700
208076300
749827800
686560600
974087700
895387000
808422600
155281200
703223700
988300600
660948500
21602500
665398800
192622100
604197300
537221500
432290200
901526100
905406600
99814700
332949600
261419100
843540100
696197900
804822700
115377800
832257600
88231600
571495900
802834600
721959500
770315600
10910900
723422600
456876300
984998600
618809600
265298900
391915000
573668600
505234700
52863500
846906300
170633500
497120800
451103700
959490200
929411100
352629800
116532000
29225800
937214600
377951100
124401100
633412500
434409000
491414200
717305300
522640600
62910100
520139900
496235400
84860900
531050800
219658000
793372400
767684700
90102800
310306500
159599700
663771400
815541200
464098500
510677800
986174800
961219300
213416700
197300200
142265600
566046500
313832300
423126600
754896300
691783400
547527800
639944100
126192500
290577200
357249400
900468300
605122500
877389400
396703700
689983400
660075400
867996900
734991100
679395300
958099800
45297600
90630300
873506400
860838900
554728800
384184200
98648900
767583300
597600900
547584300
909849000
415282600
861416600
332975600
421814200
804835300
132138600
61758300
182663000
674351000
670642900
83131300
279473500
548032300
731470300
221092200
459743000
851102400
956083300
390773500
809202200
1380900
733039000
682708700
113855000
287767800
318528100
212503900
306986400
167764300
760088300
216835400
834682100
873140100
801446200
256496300
929610600
933584900
318254600
112273600
607935900
240532800
447040200
139044700
40200300
430145700
360136900
499943300
281248100
567855400
142352100
342085600
569236300
875391100
276429500
934726600
414794200
594957600
398865700
721780600
14357100
410589200
190251200
849039300
283729400
243332600
105535600
464975200
176917500
675425500
577248900
36488700
915958300
275924300
175533400
956158600
706070000
787305500
707737200
238953300
355160900
101724500
581038900
176032400
977115600
109103600
110759000
643545000
704061300
509624800
616960800
718418400
920214000
58847200
819092900
455578600
302179900
924628600
920553900
730732600
851689300
749438000
18856500
19282800
276997500
194389900
975441400
234702700
233330600
934813800
473656000
588491500
36538300
306330200
764524000
265289200
415433800
126918200
908834200
371130300
888178200
777430300
341184000
808392300
836277500
160276900
515606100
390092600
336540700
687795200
120825300
439865200
437233200
139681800
459148000
965865900
585707000
434589500
200568600
819037600
621038500
674224700
659164400
657576900
232190100
675323600
174501300
899259100
802241800
334970700
522024700
942055300
112401000
863208700
2082800
200313800
275120800
517688900
590406400
863296800
205484200
962866900
303162000
894352600
102548800
762310100
860218600
939891000
448534800
312422400
758928600
69573300
986647100
669728200
978785400
470472400
345051800
404921900
369731600
398928900
739892700
891756300
340984200
103928900
6600200
343067000
555877900
533356200
112391100
146284400
396653000
569510500
109151300
699815100
715498400
463335300
713760400
827352200
403226300
162295200
139774600
413790200
483503700
378057000
83518400
713924400
848529400
680205500
118846300
469896200
79134400
110374200
613287700
671753800
214303200
619887900
14820800
770181100
404879400
378847100
168100700
801532400
948357700
528887300
752982700
663856100
243857800
466743100
491208300
647084200
880673500
630982900
312509600
615812500
260675100
647663200
329736900
109204600
327868700
700218400
579100800
658638300
810592700
444023800
330392100
276531100
315546900
596848100
298347400
720426300
975695300
718083400
773594000
924053000
498605900
526576700
839544300
742463700
244955100
582387800
641183100
377263800
465005900
953692700
993076300
725681100
601356000
574448400
834885700
180859900
526302100
665621700
839498300
588530000
361280700
169890400
116696300
676827700
766738600
666678900
397254000
994069100
384762300
170848000
169757300
883368200
949060000
9301600
877467200
194015100
843324600
518650300
822914100
308330500
723978300
67625700
34011600
576969500
893709300
120532500
757829400
420011400
37789500
597327700
260176600
399070200
18853400
376872900
327533100
37227200
295187100
724787200
31296300
679949400
147270400
452688800
814952900
96330400
713625600
692420100
541980700
556950200
462705600
616530100
116915900
438319100
684155800
402562800
15288600
577865100
523095300
24753300
249511800
812520000
873716200
761323600
463225500
892569600
389831800
790758600
929796800
685018900
767181000
212728300
616603500
914451500
665417100
431556400
262417100
630677900
375611700
56033100
187628100
838317400
672563200
304544100
276636500
356719000
707106900
543560400
186219300
481837400
568313700
687366300
545992700
442029900
700325200
9218200
586234800
90157000
51612000
767666800
775175900
818793100
980395200
391779400
984879800
897447500
74971100
247296900
779760700
450582800
303330000
967388800
288900200
227528400
523568100
817172000
584247400
482310200
360732400
22102000
964147700
929046100
961103500
761775600
622711200
661428700
22629000
208946000
751585700
74241000
976612900
778396800
893034100
208643300
421811500
877913900
357726000
496782600
376846100
137486700
947365400
931811300
356510800
487900900
159339800
880078900
305072900
995222400
362389200
917440500
17324400
578172100
98121800
230063200
339947700
720833000
891491900
362576700
929779100
894712900
688452900
158027200
673109700
833122300
618305700
346556400
962671400
976031700
843339000
339517500
365153700
42339700
271328900
721664500
781875800
682303900
601743400
338583900
677526300
215767800
256024400
946486000
45575100
354146200
176549200
637158000
326614400
68041100
251369900
508028700
962754000
939822900
666055900
887499000
772945200
284361600
234055400
735616600
512028600
329029700
326769400
877182300
371369400
598098300
850482000
404880400
532037400
703860600
743464300
209563700
919628500
999488700
156049700
216838800
605270100
332598900
853996900
931884500
652275300
105366800
439913300
866664500
296824900
357604400
754163500
69770100
893601300
239854200
57022000
405629900
568883900
383791400
534447400
191888500
233524900
636564600
596768900
765562300
340425200
340233200
975126000
511688900
591357100
382811000
728527800
196627200
715409900
582524700
380146900
619320400
939526700
71695400
485985000
236351700
429299900
491783700
306121800
322901200
731637900
363143800
980166300
552157000
998570400
766248900
744045500
232095300
402813500
592449600
997657600
994873900
184318000
972783700
506562900
775675100
355594700
235090700
223937500
322639800
69250600
855719700
193595500
8777300
927415100
679580500
245129000
356715000
171364200
802886100
931251400
903002200
417665100
163052900
706794400
416235600
180937000
450840000
648330900
835385700
294924800
897623800
830259700
479242900
870407500
336822600
506553200
477637400
823548500
982126000
51912400
892799100
837845700
245507900
901576400
765260800
176723600
398340700
373611100
348087900
452862000
556497700
502725300
122162300
719550700
209519700
790033100
152122900
911994900
689999300
987508700
458555000
587623100
817768400
937797900
709665800
406226200
695986300
438938400
229774700
678112300
742486000
122573800
515958000
239629200
275785400
532854100
416352800
925761300
906465200
16075900
630258500
462962900
770436400
752420900
434148800
979956200
794089200
586271800
143586300
484088500
825415700
602141300
323346800
643184100
791574400
284647800
301045500
739196000
975221400
530820200
417308300
717707500
905029200
184901600
208971900
180814600
969390900
625324700
358211200
127491300
893035900
988469700
842089400
663472300
740890600
276238300
895063700
786615100
114145300
290285300
522338800
939561000
892426600
845685700
834380300
935636300
381968700
135425800
926467500
357190200
917881200
343775800
74897700
822910400
780312600
535504800
255360200
1338700
160829500
613571400
128830000
305500600
602041200
970919500
968973000
594567000
247157800
115671900
381182100
612938300
405957200
903521000
552499300
550019100
841900
638514800
737290600
382810600
773940600
663758100
740000800
943457000
259169100
66533700
766367400
39481800
602038500
273362800
292455700
14503300
886934300
421285800
320003900
740610700
392205300
540612100
586812900
890998300
656284100
219630300
755571800
313876500
374786500
308071100
863895600
375628400
946585900
601186200
10074200
972161700
264944300
750075100
915618700
524113500
68244000
933621300
815230500
921917800
206984100
107686200
936421100
345553600
780607200
508060200
337799500
172812500
300307600
924612500
315446000
956591700
144242800
71017800
522103400
519029300
630724100
385999100
146292900
828945200
238820500
156367100
801106900
503764900
158077400
968360800
279513600
226321500
153617300
346379300
399874500
612236700
454065500
336295600
957790300
486308000
95991000
295589900
659120500
396298600
471837600
226201800
604525500
867715600
297219600
126629000
638380100
179579000
764263300
36308200
8524200
3083800
192675300
61266400
758483900
602388000
281262400
37997500
80344700
434879800
384376800
480219200
47116500
90077600
816514800
256542000
576385600
164141000
803767100
487141300
560439700
275604700
964978300
164965200
394955500
262198000
543229400
33335600
441777000
307492700
69643800
701936400
310576600
513954400
763202800
69060500
116342400
44465300
358693300
196687100
730980300
994705300
676906300
778096800
336418100
745056300
34638800
912803700
909197300
838406000
651580300
469637000
365645900
616558600
886237500
760601500
130391800
429466900
45572300
823804000
988594900
366851400
525740500
299171500
880805800
540578500
619867200
248783400
836679000
978560500
445470500
567659300
973265900
374012000
597391300
561319200
119068300
632030200
725758200
279900800
722071400
377338500
1173100
87717300
245532300
139045800
99954000
375924200
568512700
397161600
451363400
808742800
764013000
228739100
107914300
896454000
769317700
979416800
396872600
857631900
957977300
93978300
425291300
182878400
467990300
22682600
744197700
838693800
906348000
469955900
370229800
628419400
98929600
371402900
967772000
344461900
510448700
319361200
972021300
330596700
716522800
423384800
139339500
732171000
652123900
498889100
880260200
673076800
478305900
277132800
530708800
687918400
371111100
207635300
122432100
90736600
230317900
118265000
181065600
136666000
839856100
551295500
16720600
938785700
174333600
236127800
534882800
936417600
555489100
758539400
267014300
523647100
181924200
657989000
255818200
85683300
156878100
136078400
10395400
635184000
664846500
541104200
574737700
287592800
748739500
697169800
378329500
230692600
815434800
811030300
618993800
655290900
613961000
635714500
845711800
788294700
871842300
380594600
724712300
678966600
139134000
243361800
202613800
572693400
901350800
458432000
910012000
58229000
846145600
920407400
945048200
762627300
713146800
771421100
50220200
713521500
468590900
680184900
944214100
535660900
491215200
814843200
190951800
356811500
450557700
288298800
145106200
574035200
668893500
121453700
504637100
59662700
364815500
707250900
883991400
266166300
417318100
794003400
576030500
515098900
966046000
772714000
277726300
679192800
544135100
327946500
392714300
264361300
259766600
588563600
800022200
2617000
403406800
242609300
359428500
105599700
530908100
504534700
931270200
451436800
877623600
435907300
511099600
242439100
394793400
646726200
508605500
812111500
440729600
336271200
327210400
658410800
108985200
604936700
337603600
904755600
184518400
981953100
169116900
695920200
822151900
969139100
698537300
477194000
211748400
57965800
582793700
994291800
814135800
765699100
445728600
691759400
453241600
208463400
934198600
848035000
855189600
694439300
911781700
547554400
282345700
238992200
205965200
391331000
95564100
795204000
547721800
531717800
777157100
716838700
227638000
850944300
937613000
926175300
328138300
400996700
235776400
162567200
395288500
301547400
928266400
92652300
993306800
633143200
301115800
179140600
481178300
407940600
125215100
392960000
955495100
407560900
883587400
413095500
50527100
979151600
208299600
598248900
762504600
237091900
566722800
990142600
88036200
504335800
167953200
416174500
905332500
655364800
830377000
552256200
956912200
10278600
644908600
201854200
643421800
946024400
380994900
124600100
353965000
506210000
769195400
561095300
165406100
652782800
974190900
467568400
883569600
434125700
65817300
897709400
671217600
884175300
887852100
759253900
388511200
307440500
427063600
545478900
214440500
257440600
97735200
171352700
519354400
742643800
373206900
162776300
940303400
5837000
539011600
545903600
512047100
308207000
358634200
929088400
212625100
332825100
396656900
347829900
766950800
714109400
245539400
689803600
598284800
385026700
449057500
986796000
944102400
127756400
783910100
158542900
636832200
881645300
329895600
156186700
875924300
954737700
318963000
816227700
960574800
109609800
613766600
724257100
417816900
972400800
653345500
882077200
556861100
301637600
229907100
323811900
15747100
727081700
265250700
614031900
112108400
965943500
852463100
56210800
93699900
636373200
214753700
982167300
769653800
796284500
389989200
645578100
751022300
708952200
713441100
711597100
70197300
327207700
687489400
488014200
551243700
340834900
621726600
108104800
642472600
103268900
683551900
658219700
830350700
948802600
523886800
942459100
914746100
376349900
250305200
260081200
264358300
716694100
242248600
285647300
512978700
632237800
931225500
515636200
592825300
896301800
478868500
663022600
475144700
166357900
402672000
26388400
507192800
276033800
134493200
401300600
379302700
818045100
311155500
209653400
18482900
835042300
152112600
933229100
463027400
654053000
444945500
979021000
370747100
687194100
264668300
135361000
571067200
447529000
650997200
415527700
343830800
129865700
330185500
818975500
296223600
732857500
845363900
55051700
260526500
231492300
456352300
639829200
301172600
767507900
849482700
319655600
854185400
253230500
252884700
568848100
907283500
949465400
547869100
529665800
636659600
812537400
665026900
459362000
260066500
316024100
874889700
855532500
445889900
205075200
674508100
993748700
189567900
771507200
48800400
450094400
254634800
505152800
89923600
555807400
524295900
191041500
875463000
378481300
695907200
379982900
947329400
854825900
329448400
746833700
384491800
217743200
811006400
49518700
677105200
322708100
617178000
803630100
178240600
314703100
8705300
104383900
308451900
449908400
127526400
357252300
151638000
382161200
114040300
493196800
937968600
889971400
684238400
813431700
268452800
380145600
193414600
467417400
486606800
522863000
214251200
871098600
740606200
276892800
172252500
669346600
599600900
789430500
472976700
777841500
104133700
733317200
133860700
664220800
183225600
261387100
273108300
334863600
643548300
638783900
828060500
581516900
528755300
763934100
394948600
48843300
395714900
839998500
516260800
882321700
614496700
982147200
5055500
606738200
259040000
177308000
276084800
110276100
218373800
696800
888117600
574142700
734014000
21978300
238363500
917239700
283365400
763107000
503738500
178548900
401890900
583434200
760065900
930646300
599003500
406649700
231124800
246353700
246648200
999020800
128675400
861145000
981168000
385366200
719518400
491843200
562674200
995603200
602119300
781048000
996300000
741872200
606825900
730314100
15485700
845189400
899189000
550486400
608296500
654562700
729035300
261822600
489632200
489101200
444104100
88635700
895751000
675229000
334989400
394034400
674249800
715300100
506814600
907053100
100666300
226333000
650531500
914975700
473571500
252650900
947659000
469871500
246158300
554484900
451820800
261644000
651309600
602645000
812130400
511241300
257207800
541165800
773063900
998475200
281902200
468803300
87110900
429288400
144032300
673735600
823322900
69917300
640670900
330137500
976970400
992972400
808105800
627502000
907948100
281677300
131788100
107242300
751548800
377946400
913362500
455004900
891225600
564672100
309285100
703356100
327548600
566492900
496157100
100612500
816603300
29694500
569415800
903714300
458983000
965083300
829085100
533941100
35000700
469756000
115713800
11971100
462728400
923819600
891108300
622311700
205496900
22896400
981189300
957045800
400842800
894551800
663685900
543703700
710859100
972971000
498695000
38407700
791099200
994852100
139020200
607702500
276181800
960071300
763052000
735164800
176789800
592137100
520741100
211790500
313528300
636455000
475396900
776256700
560274600
366505200
650203700
765771600
641036900
631393000
974452600
293514900
525944800
889773700
837218600
488439100
862744700
335913600
526846800
905479100
582400900
665867000
513181700
858582800
877573500
527868900
845382800
54363400
120006100
366124000
517789100
685169600
2579000
993186000
461426400
814488800
611326500
363265300
580260400
252363400
994658300
806348200
545878300
772238300
696121900
383097000
260677400
558866700
970645800
39159400
464345800
553046800
705026400
229162700
411629600
834235200
757031700
257012400
140233800
128673000
874771600
909658100
813842600
877350600
154479400
526904200
943474700
765805900
890169500
523735100
269804500
136463000
330083400
67318000
160336500
26205300
702050200
672649100
836707200
672696100
711808500
552688300
225742900
668470200
781851000
637372500
502705400
538882700
146020100
894574400
919190900
20791800
804232500
733033600
149777600
958711900
259937800
93252300
976153000
150107400
868622700
245957500
538205600
198706100
564910800
698542200
476546600
266961000
371191300
564889100
939657100
334635100
117577400
165400000
3105300
899428400
54407700
757445900
689946400
200427900
652020300
609137300
472854900
707888000
593806100
622632500
918235200
853744000
967520100
894388200
255486600
836142800
391981000
793692200
286484100
956891800
743869600
14665900
223852800
115061000
579555000
163510000
701331300
697132400
580545200
704436600
848196100
634953000
461882500
789777700
87016100
365538000
398915000
559871000
73426000
992721200
182503500
243296400
98100400
401658800
137684700
353587000
237801600
781300900
147279200
775920900
738192700
142784100
790586900
213680700
509480300
370141900
628825900
210811600
318909600
209371200
915248200
167105700
844324200
628765900
956883400
931340300
994303900
607433600
742846500
319365100
851790000
176985200
562661600
949890400
578644100
951981500
555112600
68080900
733282400
954027100
844001900
723110300
96811200
634588800
936791000
606291500
256365900
565617000
817103100
826910700
26623400
732351300
994016400
870947600
361117200
202535000
53923100
607056300
61603900
48404800
178056600
165029100
225390000
992353400
114919600
804034100
944334900
670032200
872115100
929252500
624059300
967752200
652362800
720870500
853976200
840789100
578797200
110342100
658041300
395900300
937252900
684664700
379886800
182904500
807247500
992639200
637074800
112805800
599695500
950313900
161210600
29387400
115343000
386600600
21740800
481897800
442270000
966075800
151930100
314385100
146963500
27624600
533772500
50961600
130400
387748700
143385900
578927600
498090800
801427200
974828000
686978900
737727100
606350000
121518700
544974600
598989300
10228700
909415600
450320000
960542600
70626200
479707400
75885600
708862000
501448300
809418700
151132000
719159300
961348800
717152300
117758000
240608600
250924800
168719600
240739000
638673500
312105500
71301900
388399600
365167900
46129900
75378500
102895000
904115100
448532400
899504800
503104400
458761100
808920400
953424500
670938900
879546600
684767100
998459800
588408700
437850600
807878500
991175900
408645100
20862500
708328300
526403200
261471100
959253100
946758000
502210200
597926700
510498800
825147300
986326300
875666700
122912400
313340000
230197000
27027500
13507700
129701800
530132000
723904000
190257500
735191700
394843000
321439300
671594000
393302800
909848000
109444700
452816500
901024000
769725000
473679000
860987500
296128200
986785300
820240600
494521500
488995500
669802500
5020300
565778000
656128800
880687000
688690400
221104100
362519200
715718000
486247000
743856300
245850000
210151000
934113800
232676900
604994000
255553100
904270900
249932000
417036400
265350800
954383700
569695600
35075900
428062700
430683100
582839300
414848100
250923700
77360800
155478800
920726300
82381100
721256900
828490300
214703400
409947300
301229600
828857800
125665300
787476600
572714100
623150500
997627700
506827900
107462600
854256900
762381100
263368800
355824200
431052700
528719600
310207900
748300
815430700
989905900
431431400
398270100
404754000
933990300
727266100
811868000
106351800
61282500
784760100
186477400
275985900
446342700
739342200
104843700
823643200
526818900
929193100
446793800
776081800
436021000
805891600
881973900
450037300
69260400
237798100
881090000
849615300
548006100
881838300
916681200
537912000
564904900
566586500
194301200
750530500
293852700
257804400
856882300
355135200
42564600
294994900
882756300
488907300
34337200
239235200
312550500
812791300
168428300
10979500
588873100
856084600
816871200
722482200
306121900
137766800
960280400
438847200
239017300
759921700
572320700
155698600
549468900
137225700
722285100
995405300
139391400
267773000
253209700
247908900
874543400
295774300
542903900
8934900
36316800
577241100
248170200
348867400
641667600
668233700
611482100
482175900
524318300
428353300
204658100
82075500
817755400
164938500
520922700
56772700
176495400
93243400
464106500
725964300
482104300
186391700
721369600
621495700
705799900
226214600
121039900
831978600
521988900
663943800
840913500
558305800
492820100
89083700
158808400
134487700
8952700
770290500
616663600
533271000
450279100
72956900
866981700
268034500
489530700
387904400
576442400
666026100
732783100
40549000
643625700
214887400
226940700
616630500
88018400
184375800
842845100
209058300
16354400
364834100
124637300
857268000
174775100
617457400
197986900
585218700
3580300
458574800
355509200
871879100
991845900
57423500
944836000
858827600
325458000
686001900
498367300
901900500
352028100
231150400
942449500
995653800
697673000
421025400
612284300
37326600
857036400
706764700
246384900
873390900
71598800
622657400
982294100
498009100
491750000
431916200
83227800
495330300
890491100
690372200
618844600
133972200
747795800
815315900
244435000
324889000
501317800
742802300
226789500
853345900
225587900
420874200
100634900
923261000
93534800
964554500
212222800
950571300
671319200
710243000
75597400
994553200
332900400
57891500
744197500
824650500
741442900
79060500
571616000
631934000
769432700
190460700
765906200
768863700
5776600
10341300
93752800
758729600
4778800
572177500
863710800
230366800
244687000
215980900
405263000
338221800
180535400
617485800
540428300
103489800
579364000
616025700
349678200
912264500
925552400
93875700
736915000
666995400
172936200
560166200
298929400
194004200
750626900
316470900
214503100
8038700
326812200
559891100
18403600
583226200
383703900
882114400
65228200
628390900
98095300
470491200
218247900
530266000
339612300
758676300
633755800
918976300
374702000
235069300
82876000
300254500
328945000
71426200
967249900
753516500
631592500
517814500
199155900
633854600
834285400
413659000
893528600
412732800
973550200
911932200
995959100
357254100
45681800
312822500
237280200
143777100
783313800
455528100
925678300
374561300
214204400
811069400
545172800
840541700
46138700
628048900
140796200
626718900
951110300
359681300
380235400
582702800
129131000
579391300
468192700
963416500
244685600
361721300
627784500
469871000
525288700
875378800
78760300
570970500
188201400
316040500
966382800
223150400
23203800
892061200
597711700
237408300
954765800
394519700
77950000
904500
22568600
470381400
627623400
225314200
81697900
259494100
808017000
210828900
838885400
276209700
174245400
335206200
889566200
53665200
805077200
414854900
929044000
883837500
985825400
117245400
451513200
203843500
592031000
474717100
347539900
189742700
963760600
302305700
835897700
41710600
303210200
110101500
763727200
182468800
335415700
845425100
441962900
143432800
56254000
280848400
671277700
482134700
867689800
560844000
787435100
672767100
227334100
716479100
808239800
464794800
85359800
259753100
668638300
929026000
986105400
16178200
118768800
949866000
318483900
206301700
243211800
873329300
316403200
6939000
55798100
651819000
103999300
497761100
46887000
411888500
30244700
718164700
145658400
897934500
530643900
933093500
822336800
757978100
901207900
630576700
474408100
238202900
141965000
143046400
167228900
128070400
410859800
285997700
77936400
980978900
743934600
321148200
854308200
60337900
579722400
161741500
712156900
683721700
911137800
759043900
347245400
941382500
477208600
492903900
90952300
259487800
425997400
164924300
17465900
327205300
795501000
491874000
565408200
189101200
886555600
732637200
317171600
549050600
270270100
646743200
530029500
14204800
219526600
635972900
74542700
799249000
49349600
38334800
734605900
960487500
797378700
81851400
901870000
526222500
574755300
244457500
785710300
252387900
409381900
54811400
831228500
456518100
798320600
396636700
645619400
936511400
380909100
214426200
485562000
902814500
112804700
267226700
168654500
332331300
154834800
243197200
131580400
204184500
533167200
117821500
164672000
330545900
199672900
318177200
108403600
26063400
562634800
145749200
530086600
223651900
452195800
361315100
680170000
502151700
757951800
577424600
438663100
390496200
43486100
175860400
293310700
156290800
694722300
713600400
488622100
849557200
956797600
871837700
53741700
741600000
989659300
218413700
323781100
440967400
536590900
432184700
718666100
350860900
829569100
248752700
574512800
281765000
610067800
506318100
783916700
619654800
335377900
474215000
10151000
378864000
650075400
555096900
535154800
344797800
268697300
275412200
194355000
477130100
147249900
499731900
470365300
388544400
718145600
794146400
829511900
506371700
226331200
548178000
857232700
55900300
48565900
683380700
589300500
658633700
441334000
373217200
278288500
776712000
847432300
540074800
407211200
749142900
346806900
194001300
345575900
867139500
469413500
791566100
595904800
868298600
291298000
66270200
256843100
261078800
860416600
337990200
767450600
338383000
137803400
876318500
394283400
186369300
559699200
235219100
96638200
1033300
608436400
374926700
29380500
707503900
166636700
436591700
708282000
513443700
630593000
305493200
632218400
351641700
97059300
228123200
219940400
639992600
294393400
728418700
901071400
154810100
318044100
668522000
493193100
455847500
544840500
139111700
893852000
356175000
374330900
990490200
357208300
234402500
617052100
638224000
193541600
783688900
74815700
901823600
548767800
957044000
207316800
180986200
308685700
556011400
409109400
780261300
196004000
703502900
760315200
97075400
109948200
78359300
765597500
603141300
785842000
562073200
993888300
679694000
918248200
368219200
921819400
527091700
602621700
538871600
165315700
796163300
574195700
491766700
949622100
122963500
448810700
156939000
555584900
9131600
712950400
216329500
41028200
908954400
171467600
52978600
6029800
281415800
131338000
23262500
136192400
168815200
585335800
130080700
848509300
755219200
498299900
21963900
282311000
352556800
560835500
447626700
400355300
386666400
191028600
349977400
761265100
891474500
758551600
316850000
900606200
471502000
784814800
193269600
632091600
956282400
246248200
889756700
489333500
629221400
164654400
625525900
798036700
749990200
755606600
898181200
505209500
505541700
920145100
39155700
858098500
732615900
738417600
510089000
119282300
929446300
860066400
880547500
820920800
618618100
449032700
973162200
341755300
233847500
166431800
225482200
441765200
664315300
366874100
931098700
293536700
531528500
556624600
343208600
533154000
563866400
241389800
289998700
69408100
413170200
329154400
179141800
145786100
67572000
689230800
516703600
997018300
800932400
648886300
817939200
671185700
97919100
42736600
264576300
583401800
209168500
490058500
25167000
125119000
856932600
956265700
418655700
388461100
764525500
13499600
173250300
328391900
254889400
463249000
649435200
919694800
792403400
828577000
317116100
859975500
769443000
833819800
108629000
822010700
734341300
178203400
493196400
832260400
220940100
9407900
667297500
681743800
499466400
692464500
806862800
608034200
900365500
477153700
248130600
664891000
490653300
421380900
244918200
997178000
884630000
894353400
916872800
928668600
974565700
233989000
40279300
995643900
319444000
400543600
817654600
53785300
578747000
562486300
137681000
51322300
571894200
804978500
733066100
322995900
749078200
791564100
182665300
649443700
268717900
682431100
565970000
759371200
103812100
810888200
8184400
240077300
705241600
925057300
420381100
931442500
410681500
460660500
927086500
981760700
861204100
744741100
287181200
691586300
558862600
424862200
742908700
130756900
481475900
727610000
705388000
482189400
519174200
888053300
131633100
787892100
570484500
949238300
798898500
925931800
11761700
807083000
417644300
968638600
983775500
89660600
900081100
646092200
550321100
827167600
879488100
663160400
823544000
166669300
606382000
382406600
843166800
600925900
513163500
576277900
328535900
470186700
58467300
99345300
358240100
441735700
138872600
180359800
390974000
937771200
357926800
654371000
996489400
27206300
623009600
231900100
116866900
523090700
129627500
918823300
601893600
260750800
581983700
425437600
427420100
440000900
807844200
522222100
40926800
572643000
350135300
621098000
42829700
408602600
720443300
652705000
850338300
859316000
84700000
492947600
48722400
442626800
147318600
296847000
721468300
21963400
780382300
838335300
545054100
910009800
757158600
146947700
170760600
590777500
572385300
849815900
30778500
631864800
623673300
323340500
204507800
973808600
944438500
498972700
634046400
916517100
151677800
736020000
775833100
488013000
228967600
76190700
182275100
627921400
373037700
903743400
901520000
153420000
742078700
446574100
315065000
750872500
845157100
737460800
341650100
669177600
838911900
624063800
301042400
462585200
947404300
757185400
688029000
143478100
256158200
322075500
59995200
659471200
58095500
87463500
147484200
538698300
163654200
581394500
418254900
788327100
485138000
319774900
193382300
478851900
766349000
760082500
229724500
863141300
497543300
571374600
532319000
588090400
447073600
84996600
50675700
646113100
842182100
738704700
789591200
349975500
312415400
849586400
261081900
370510900
188685100
660201300
160844400
603974500
241595900
579099300
392301600
726733900
898874200
837319100
457221000
916858500
597401600
686945500
779999800
346580100
509955300
563954000
934670600
957028900
648950700
236981500
603142100
742768000
227321400
644368500
344378700
539736900
745590200
857095800
910247800
934275300
517297100
71092300
538249900
10528200
901826800
930551500
988897300
800701100
19505900
446118400
969194800
868542700
133063900
829800
215122900
894654500
564783900
401428700
851683400
465369800
638410200
706460700
459773000
865731600
602464500
55786900
405468500
348054700
912882700
567351600
282330000
681815000
890079100
820579900
943978500
791905900
2766700
932875800
844242200
22272600
630629400
65072200
142450500
763693400
65902100
357573400
909983100
882321200
759002100
13301700
599326200
649047500
719762500
310734400
514779200
573862200
366521300
171882900
921916900
531039200
990869700
204246900
464489400
132584000
276462100
408467900
924490000
279228800
592979000
20367400
553136600
223608400
85439700
695587100
238937000
402977000
304795800
148920100
285298200
315433100
162221900
884624400
964480700
133619600
446994000
730895100
707481800
65150500
154413200
629398700
596189700
145283000
85280800
312314300
277867000
361742900
720782300
453992200
640971700
565396500
474359700
445743500
789004900
811434600
392965900
279577200
214411600
697761700
428497300
751345000
13194800
842354400
635969400
977675500
975974000
82963400
960205800
935091000
399749100
114619100
816124900
995938800
511537300
901405800
559888300
789404300
263148700
532305800
495031800
155755700
97702300
221026700
853134400
886707300
32461300
246100300
417919700
498508100
943862000
846417000
249853100
208692100
688771500
137457700
438002800
916380700
472056300
398208700
103107000
871805400
764463000
919231900
867744200
276000300
820637700
679267700
317039800
335421700
211573600
812071600
742812600
309275900
33098300
595947000
447618400
317194800
842047400
865538100
815702900
37544600
963590400
317191200
497871900
652361900
454648900
935874800
820377800
926705200
585718700
923484800
798510600
350181700
94352000
917890000
626182000
914989700
597157800
194857000
502046600
808731400
6928700
244859200
369642500
291662200
92441500
817261000
608857100
186124100
682799100
676195200
223668700
646389500
993386500
973175900
550386600
699670600
909050700
622399700
626375900
494769400
797519700
676521700
96586300
891871700
594411800
974403500
58496700
443204800
169260500
560543300
503571400
427824400
57037800
873213900
719486700
149479300
942110100
579979000
335603400
876544500
507809400
810907300
774569200
752831100
784083200
324955900
452501800
944769100
198990800
330512900
691173700
996510500
7034600
787760000
140017500
853081600
762163500
198514200
296286400
931424100
10692700
51493000
359248500
67730500
924707000
330370400
468845000
866817100
910349400
56083600
743361600
669794100
118626200
517930900
422625200
154344600
94522000
875127000
99113800
545148000
205639900
790287500
541658500
464309800
829682800
681676000
317391400
591846300
131825400
865313100
774905600
142518200
916806100
385789400
461883900
93148300
716159800
182364200
211600700
626509300
238447800
206597500
296303400
608709200
976163600
970563800
763053900
70685600
845690900
113802900
615833600
302966000
904090400
409127400
767275800
985408400
342438600
336302500
577254800
725899300
201615600
352160400
120052700
370056900
737949800
581936600
714840500
705744900
15936000
926441200
583889400
506019100
133038700
131828000
114728300
109202400
102391800
129417400
431523200
199717900
243220300
298992100
754319200
398946000
959754700
773230200
384354400
302193300
109532700
961609200
28092600
562783500
565404900
148145300
184475700
554989900
981717200
899316200
260734800
249288400
825757400
96259400
755307500
210431300
228087400
870035900
319633700
330479300
999453300
2792200
781832400
494308900
301784300
536151600
893254900
261539000
309381900
277609300
815367500
418914600
490853800
95095400
233333400
307893900
494875900
417809100
862883800
728228300
568760500
375253900
977516800
394517900
723148500
732824300
604949200
951236000
854495400
176218200
533350500
105584000
179010400
315182900
599892900
732429900
851334600
493147800
993968900
160716500
770757100
60971600
831266300
513246100
156067000
316234900
821140000
902578200
985679200
935659100
630806500
554439700
562548200
608323300
948957600
285696700
592782900
805542100
236932700
447278300
233395500
770283200
552862300
664041100
337101400
152755200
396471000
188436000
645903000
642075100
600787700
668295400
703046700
683689200
181541500
110749000
999924200
2681600
264962400
985603400
189975900
895768900
791678400
752524100
755727500
992271200
38220800
348510400
797813300
526788800
47423900
282844000
548707200
600286300
946885100
885808600
4676700
343356100
74244600
902215000
237066400
926667500
570510400
191748400
610356800
3687100
554132600
861916200
258003900
819095000
99154800
447979800
966499100
890833200
200503900
722226600
883104500
490360000
322372200
932553000
17148800
369796200
467032300
565856000
221717700
413917400
451664700
226394400
8908800
777544500
128609400
497610400
955847300
950755000
689358800
817839300
954442200
243491400
679755500
212446100
62586400
30545500
912061200
280720800
921378800
112565100
2947400
56118500
854560300
576954900
240306700
871709100
946751100
707339000
689200400
168468800
372891700
140865100
646498400
633435700
170044800
26743100
131046100
377527300
977498100
820405000
195366600
183575500
315531600
875122100
396021700
629753300
905667700
559718100
910474100
78681700
672283200
913421500
386435400
778478800
490376400
626742100
650187900
688762700
585716400
339388300
108866700
210243300
731888600
755365200
843679000
153568700
33743500
974725100
531096000
11241600
46765300
726462700
194817200
362297000
853220000
842474100
992050300
10522900
402192200
902524400
89204600
326110600
67581100
727275200
104589400
809592800
354017400
6412600
498355500
191369000
597436100
607222300
401612300
329324800
614222700
245291300
734528700
647966200
471651600
265624700
910843000
518417000
243722600
357295400
880714000
96942700
451404700
872764300
107465600
105232100
26923900
448305500
431342800
94505000
175580700
787567400
904097800
781233300
45615200
654088600
224237500
643051400
512946100
625849800
224011400
378804000
122776300
958540100
278405400
594428000
224164800
189248400
112845000
719522700
798179100
245194200
816465400
249583800
117958500
175566200
354816000
396517600
875506900
37794000
491022600
51087700
825361400
646755700
83956200
122611900
300844300
308193800
765663300
813790400
185678800
989674700
192594400
560090400
948214800
470999800
154518400
424014800
911883400
518998600
143537500
710062500
764192800
211638100
959646400
133786500
638839600
566097600
530304100
514346500
603891600
272961900
817069400
680888200
919717600
901025700
803500100
220561900
460854700
569163400
285987500
898168700
558838100
730217100
458259100
758688100
452852100
864412700
182703000
364735600
383411300
577875700
326433300
399239300
789513900
537714900
533025800
679988700
103812500
314965100
194335200
707704100
587927100
11404700
388592400
507644700
164065600
192092500
979841900
876555500
761256000
265829400
774724200
571729300
247681800
484618600
330417500
700533900
349031300
513120500
316904700
732442700
342631400
643338100
131682000
132145300
181053000
916343100
812134000
284865600
231308200
258104500
244204900
70870500
269509200
632797300
578515300
685210000
824889900
809992400
561765500
837781100
327457000
588124900
409510400
575138800
72743500
739927900
527308000
421774900
504683600
844212700
405852800
847315100
487550800
789170000
231095600
920239100
705513100
294864900
456739900
188456600
552969400
700944800
259327100
74113800
333742200
89477600
759323800
410267300
151105200
572724500
248048400
478562300
160849400
909194000
305336300
485228200
900757200
832644300
907003100
405440800
676857100
312855900
504391100
416043100
102025900
735486800
587917400
59174300
30351700
44657300
499266100
834956300
997237400
758593200
909070100
330979600
99706100
920029100
992882100
502446500
492753600
492565700
981008800
905238200
401759700
286345200
390466400
302516900
370624700
549104700
959593000
47481800
861960600
463984100
715160200
215621800
199470900
303077600
274796100
481457800
347735000
774062200
316414100
596607600
784290600
477119400
179222400
135631900
397148500
172104500
638078500
141537300
664670200
870722500
298410800
318065100
157067700
940512400
620582100
527692500
489617200
831810300
826809500
351577800
295794400
541969700
818834800
746900600
845047400
93630900
228358400
444417600
119328300
796407800
292660400
903619000
273527200
471882800
39250900
922311000
643987300
928964600
63848300
560292700
799687200
613894300
878357800
208390100
554406800
750575100
987717800
44024000
582385400
814527400
647237000
129815100
608132300
466071900
876715700
704814900
559702800
105074100
149232500
930666400
153117100
441892900
834285400
426644400
165410900
125171500
348955400
809398200
54136200
664438900
621326100
105458600
278333300
499684000
313848700
832740100
501894300
301566600
128399300
335915000
367729200
775636300
465730100
975861500
241708200
342445800
680676500
53046300
699155100
81544200
983712700
852272300
775072400
69633300
530551900
940483300
446440000
879507300
1516800
500576200
795581400
622842900
857670000
73914700
374162100
423154000
158290000
876056500
724720600
538324500
463606700
344085000
313960900
929336800
571581700
807304300
523417800
252258200
111985800
474208100
585437700
347333700
326480400
612145300
416967000
108667500
804263800
863407100
239810000
805780600
615618500
35391500
680258800
724923800
360941400
54420900
148077800
770866700
182112600
124433600
309191200
645719300
468518600
874787300
826691300
40100300
933726900
350109100
543993800
45712700
824317300
381066700
393046500
402432900
993212000
61648700
511100500
49111000
176691000
750910500
106526900
43944800
37937200
786785700
768868600
398878700
92841800
916946400
421380600
526589700
41380000
730571800
172309000
761533800
605359200
999000400
801634100
539086100
600744700
597263100
836434000
425062000
978329800
481115700
827495000
223177000
794399700
590230700
272288100
971090700
592776400
630450200
15035500
630713700
417235900
35539300
281227600
761712900
952485700
702608200
288302600
245500900
433180000
460611700
7034700
290174400
711247300
60304100
80895700
311992000
657567200
168965000
988689300
887532300
650080700
67819500
362344500
444480400
658050200
886267800
667206400
502461800
516718000
933877100
133175500
933953900
969416500
414403100
947302100
173537400
368646500
235604700
670673600
801826600
947851600
929343500
343636200
910734100
989647600
676167200
474361400
898850100
845132200
463050700
786382400
746848100
530870200
148726900
442963800
440555600
34994800
361805400
943017400
551712800
295682500
76193000
737302000
516734200
742231300
936239300
941906900
110877900
171844000
864215700
164339700
371330900
793559200
759611100
282065000
783206900
435778300
756426400
682057000
532545700
471112300
720074600
531029100
253617700
120436700
973992900
694173300
155431500
587433500
637190800
958779600
134751200
965019000
947716800
651485500
958885500
883956100
845027600
321398600
307435300
709243300
737373500
930401400
502802500
496984700
464101700
537644600
184398200
472163300
219701600
968579200
943275700
191411400
499608300
196893400
311848200
725236400
891066800
718914900
312669900
779892800
929329700
447421100
996547000
877046500
350541800
207067700
12637800
447204600
528466400
571708400
156447900
265839900
502109800
910885700
14459800
217846700
448530300
198858100
690010100
919867200
167437300
633285800
362913800
918680800
830179200
674762000
643917200
972881200
393677000
208222300
4409200
574641900
907278600
252591400
703323700
257820500
711294400
967596700
705025100
491396000
539305100
113108300
757235900
293050200
275629200
23331000
510896900
975794700
222189100
200907000
147297100
641261600
85828000
510211000
559942400
167642500
436608200
455494800
392158900
81920400
915352300
396568200
656562400
822630900
900794800
359886100
332086600
612089200
327482800
37111800
103485200
118423200
401855300
112356400
663108600
929119700
135687400
174005500
904914400
609511700
626547800
303846800
502408500
964011000
65693000
313986100
131653500
502301200
769480900
523812500
584221700
936468400
172015900
492419300
759099300
72810700
852305400
91186000
936535200
431423400
379933000
40020400
549846600
33423500
404012000
212955200
962543200
539699400
638596000
119092800
400846300
516779000
422939600
903254800
480790000
488632600
217240900
612443600
242569100
238357000
387891300
826790800
174825400
559907200
319210100
185560000
884353100
423150700
276746000
820888300
854574100
908314200
112544000
656056000
941737700
516556000
120646400
904280900
307890700
759242400
275008900
708737000
527656600
949583800
863627100
8446700
438216400
332503200
872525500
680785500
822495500
260416800
759211500
248956100
820324000
330056800
434516100
956312300
4842700
962897300
777200700
859416900
871211500
889744700
767108100
812949200
406300700
887754500
968865300
965826600
898632200
243874300
674563700
677924000
193458100
789826000
686370700
883309700
122329200
810531400
815730500
944824700
70948200
826577200
193780900
142907400
156634100
879932200
99219800
161476800
842829600
128055700
272528900
714041100
17800400
291272200
778625600
675736300
430662000
747490900
641563000
580929400
991365200
567761900
258853400
436458500
357587900
196859400
319768300
479917100
7390800
387134000
676377100
78339100
213711200
121793200
472881700
370345300
1725400
823736700
783457400
96190200
951792400
307621500
810231400
221228000
598893800
588857000
896964400
29555800
336347900
790162600
610485200
579348400
357924500
869338600
267442100
715512400
66198000
587210400
447064700
73588900
974344400
375077000
403563200
439690900
496870200
128080100
810036200
750230900
951816900
845128800
846421100
903609300
152750400
908287700
124837400
751644200
497144700
273437000
781200000
85127900
63599600
643320400
916111500
421524100
512659000
183553600
388671700
830492300
22399300
87371600
904081200
248378900
462448700
559279600
688069800
210954100
687359700
749741300
961185000
890811800
594870100
59241400
46056400
747620500
967529100
170893800
499264700
716309100
695966000
532099900
53072200
759565600
175420300
969183700
432724900
939714600
404372500
821396600
770206900
426771800
160403400
925923300
926786000
622852100
736838100
614855800
85441500
424197800
364597100
298261700
566644900
959467300
357503100
612701300
707087800
576667500
783595100
457987800
292976600
731196300
241722900
346048800
490761900
417143300
566867700
923486800
356857900
971240200
996518600
378700000
649647300
156922000
304623300
576433300
31409400
41461400
442924300
368486100
717294400
807521500
666747800
283939300
18624000
275886200
148275800
977347000
852553700
183506100
435334800
397165500
914702400
677057800
994849500
405464300
345836300
561717200
580586300
954329400
784592600
828740100
333029400
685875100
237297400
889287900
513943600
520342000
182384500
956868000
888828100
151314100
764389500
807211100
686888700
34648700
83097300
835164500
11995700
187286200
18670700
698965800
584451700
933373100
376023600
579301200
590472700
973495100
141018400
171059000
179459700
177246300
251434400
512489100
863121400
488731800
653412200
377065100
9073800
835796700
585568300
897901900
238746000
601593000
705113000
925634700
636241700
39845600
760799300
648237400
227131800
779470000
347203200
811583600
712843100
974862000
390884800
303315800
199992300
783538500
726010100
379452000
212420000
977444500
143576300
327176600
717811500
796988500
955876900
726885300
884420400
541445200
876422400
123166500
143038200
833170600
48801200
30915100
873016200
61235700
930787800
100148100
840705700
529626200
163366900
805184100
504488300
554251700
360135100
956115800
589425400
337780400
335567900
53480600
566860100
479144200
380657300
284671600
527768000
336534200
11556900
663823600
129614700
139614500
786990100
272652900
972785200
87426600
555203300
97436600
148662300
485991100
197584700
241003300
15617300
360951600
297822600
771740800
166838600
657957700
727856700
7899200
247373400
315059800
61379900
814233500
45839200
693672400
98905200
825242400
30206600
362097300
489066100
411456500
753347100
527691400
935744700
726132300
615118000
490948000
823568900
15415600
976939100
272788900
508054100
244191600
885375700
805876700
267567700
303849500
715469600
247059600
563384000
962843000
562119400
876399100
28711800
859593800
570071500
379252200
684836300
851913300
992984700
425537600
263369900
746331800
953229000
199114600
724099300
819982300
690062600
547668300
87033100
918636900
72092400
595087200
414463700
209103300
652599100
682031400
512952900
368068700
929091000
327972100
582547000
742845600
204371200
862894000
854074700
26077900
242146200
790546200
877991200
235130900
216083800
392996300
981462800
420948000
592110900
705562100
240930300
533808700
504865600
327963400
704080800
828593200
174685800
118544600
37696600
827284900
52211200
802284700
446988900
232937500
130256800
29535900
227418300
586263200
144065100
81493000
612341100
386211300
872039200
741967500
621342200
339758200
134963900
854440200
760706300
727074800
811637600
1636600
512518800
316503200
581235300
216599600
396731700
755921100
586779400
434428300
834841300
890625900
488348200
281830200
123563400
870240200
563001300
350981700
456503400
707066400
432474800
320479700
93277700
556149200
62447200
966255100
895907500
197411100
72330600
656613800
176121200
883968200
909885600
688640000
452106600
491120900
156874800
848838300
498677300
995289500
283266600
333518600
885915400
771614800
615348800
9478800
893490200
178350100
612095700
349993600
137051700
296205700
670473300
481964600
852355000
732920600
699854900
748262500
181966900
772185500
656511500
358088100
656153700
566397100
298363300
108260400
57518100
455238200
957098700
556195400
450527700
492000600
141349200
336443100
515250600
756698000
597557100
408740900
186683300
209652800
758734500
323735000
505858600
680843100
57334800
609848800
413763700
757189700
358111300
847365800
529375300
266258000
205454000
185529000
832655100
503817300
545424600
141808400
210690700
502523400
949639000
912853600
246159200
90988200
500931900
761409800
99321400
98489000
170150700
286004700
559777100
180520500
861374900
317270900
861363600
918709700
927119700
526762500
675899500
536866200
374128300
205274800
803124200
831217500
642439000
887414500
335034900
187863700
29223000
797360800
942022300
230497200
710214500
439816700
321485500
211146400
201226500
672442100
561270700
623012500
958446900
121047800
803533000
71457000
438318700
916531800
990166800
617073600
694929500
917701500
153939800
320693000
374611500
208699200
151910600
17050500
347748900
738580700
456549400
376971900
535941500
650206900
859104400
246156000
90023600
432225100
708937700
542885400
104667200
270208400
165897900
314749300
391256200
221066100
386206400
81210100
389233100
628008400
949918900
84162600
545709900
355493900
404855600
920321400
564193100
808401400
189007100
911942000
546982100
645556600
540549200
334558900
547398700
399653600
832350100
889057600
83513900
541287800
431943000
188181100
811496200
849476100
502930500
454387600
70542200
889136900
787232900
459775300
517145300
737151800
795573100
314490400
92645700
452063900
234811800
908474000
260465400
423818900
72051300
807447500
321010700
612600500
142006400
120044700
263889300
974356600
9102300
347403200
515644400
692680500
535584300
578775900
542156600
290150000
284798700
864334000
179286900
72031700
575744500
948067400
60818700
371317600
262557800
153464500
823381500
749004800
313573700
83846900
172823800
385625000
142929700
745469700
998225500
284936100
865514400
513750000
510927900
126251900
861153200
278207600
818932400
648372800
108618700
361089000
938522800
393417400
477058200
369445000
465449100
52802700
569147600
777903100
675755500
831705500
183002800
750772300
580710300
496576500
86254400
5169300
882201600
229184100
750639100
132062300
765755500
867788700
645812400
276683400
994040700
758600800
806526200
64608300
658608800
915144900
677332600
848766900
308562400
154390800
218211900
25646700
458828800
787359500
803549800
134584300
870700200
986552600
136991800
451410600
734764400
223246300
708215100
616966000
704065600
458854200
663500
469821100
578278200
898111100
998139800
823954100
908347200
804666000
888562400
566956000
971446200
565895000
415722900
280008600
720285900
885570000
557290500
430749900
924564800
612475600
816969400
46900200
850663400
953961300
749946000
585427800
177207600
458161200
454029000
881273200
168650600
454692600
602729600
746928800
352803700
600869400
822518100
512786100
657170600
711080600
79742200
628616800
276975600
747100300
160260600
248896700
884305600
717551200
679646600
60505600
581662000
496616100
107405800
432325400
450577400
108987100
17753300
879420200
567148300
471782300
12328600
987434100
178110100
615058200
985998200
782549100
467562800
808516300
295335200
376368700
519596900
375077400
256620700
48207800
373813000
416881400
297104500
509753800
386067800
976751200
570259400
967729800
725002500
929300400
400055200
427215100
38287500
669443700
306635300
857071000
141226100
570599100
844505200
570971400
185657400
830503400
353520500
904855400
639019700
648855800
281224100
410251900
275568400
537844900
458459700
649381400
206361500
755564200
410770400
844064500
983950600
232665000
63429500
708953100
161965500
715119900
136168200
451888200
384563700
694438700
308959300
777425000
265037900
405099700
348396400
702330500
235603100
701917000
607185900
126258000
350772800
140045300
536509900
877976400
929525400
994969600
778993100
387522100
2169100
189763500
231586600
986119700
422428600
295016100
946708100
836029300
10136000
334511500
287917500
394699700
28950300
848512000
423759900
545623400
253611700
772156400
247953900
740850000
725708600
106775000
867108100
328116600
498455500
655253200
206093000
427980900
650222900
985086100
815503000
904027200
174849700
47089600
141782100
848913500
593740900
88490200
684942800
603877000
423001800
224495500
250211900
703587300
73007600
673971900
249210700
578254500
697763500
748799800
319104600
423472100
855574800
186212700
751588700
354030400
841465900
209316900
33646500
743324000
194403100
100784800
898986400
620888000
399509600
40768600
721436700
993250600
129258800
406379500
848762800
803895800
882510200
98974700
759118300
955517800
24581800
259964200
785407600
973980500
8764000
104512200
397452600
115974100
290724900
400676500
721639700
383826000
609993500
6921400
378785300
804396600
107706200
277771700
676919800
507215900
570175500
398356500
500466500
951069600
56371200
349229300
754965400
938881400
699839200
765719000
146034500
976056300
25683200
931442100
950036800
286082500
287589500
599124700
653691800
829949600
999801200
626966700
213775600
609794700
633888100
844196100
665826500
741594400
373603100
594381500
248810300
943778600
992738000
912000
894848200
300744400
601776500
901448900
491261100
301615700
667167900
637295600
529307200
944486300
820372900
479344100
482204000
107962400
330104000
135895800
937912000
329905200
762862500
403322800
191335200
396750700
499154200
108796900
138345100
872757300
703178500
638790600
68171100
947551700
639702600
963019400
248296200
241479100
116103500
739557300
794730000
34906600
628488100
575672500
979392900
448861000
55016600
461597000
808458600
385120600
849128000
746370600
966661000
611990600
401328600
409631400
260376500
900482800
518428400
650356800
773240100
221606900
289147400
841411300
420793800
180485200
56065900
669090000
673599500
172169400
660282500
719964700
458711200
288770600
295637200
438104100
989266800
602289000
151336300
49360600
239044800
464400
795731200
205705900
864090200
448695100
615337300
124466700
349177900
133765700
774823500
374053300
607007800
315606100
467099800
27801700
496091300
774800900
948526900
421326000
198605500
608809500
141290700
657316700
149215300
436928000
347056000
390117400
39217000
498392400
439478000
278261900
498856800
486844500
735603000
362947000
935539600
350940300
739048900
536352700
736341300
513872400
162041200
594984300
829478500
629141000
874421200
577205000
403941900
74583400
998531000
854182600
683392900
391456900
511499300
84243400
828384900
858555400
725996000
119237200
356947800
165474100
397499100
107439800
652318600
133102100
722022000
839493400
735677600
461070900
375846100
723654100
226578500
537887400
570273700
307692200
418663600
444694900
136532400
74240800
519278300
386698600
928423400
454306400
778155500
439922800
790185100
606540500
550113400
516181100
977412900
158696400
681655200
374912000
266136200
585609000
759649300
239793400
676737600
746962100
952499500
304219000
722251500
430713200
93741600
292525200
738405400
512405200
988855300
126573000
838281200
759768900
513271600
766704700
465710500
291427100
458262700
255895600
149602800
8376100
23712000
127015700
167072500
957002400
753562900
684843900
542611500
764847400
924637300
470984300
511809600
128772000
775203300
234061100
559485200
868944900
526586300
549525800
632985400
767076800
676098800
471266600
526845700
189370400
237971300
992556300
480797500
696234000
248451900
882035600
956245300
523799100
9051300
123317800
480801600
14249500
808161700
275048300
779096900
984434200
746032600
290906500
113206200
521236000
776602800
672691400
641816100
554824300
222217200
274801500
321901200
898316000
746068200
848746900
339321600
235674700
841303200
820119200
183544000
341390400
702154800
139789300
865189500
962841300
514742400
597626300
977090800
574539300
872674600
7823000
558973600
618707300
298729500
672179800
391578500
75332400
596506500
285029800
630156700
70358900
559831400
203693100
220310200
557534800
52440100
559631800
44844700
145378500
631386200
228388700
738404100
585176200
619813300
855228900
799652800
134555700
452855200
28378800
709095000
577165100
36201800
519703800
195872400
334931400
443518900
839086100
661899000
291660600
124115900
543690900
362019500
935582500
747384100
833964900
744752500
51459400
393596800
789597300
448473100
276618200
269621200
186877300
861794500
141069700
42106200
661447300
527260600
746596600
689826100
487990900
323761700
726028000
7694700
771269300
312594600
451213600
861990600
226128800
994509400
986106600
21454900
356529000
173324300
768839000
442129100
169712100
71933600
87361100
959309400
520406800
363979400
480565800
958919300
225773900
873270800
252660700
138856400
400531400
999257300
828682500
888522300
574654300
806345700
147852300
345923600
370575500
599065900
207914300
596704300
845210600
445656100
618159300
201739600
618980400
638633500
895503900
40327700
962202400
982865100
999637100
734244400
346844500
731838200
693163700
824253600
605109000
945824400
963110000
257275600
196716900
43427700
145798000
771371200
101408700
293650300
368930100
471984200
144351400
576844400
320323800
989562000
274135700
190118300
442936800
144751300
80387000
338440800
185079100
42589400
572941100
184716200
776833800
919785600
168189600
721632700
744039200
24933800
919092300
958784400
282209500
115809300
2212100
428007500
138815700
103620800
973293000
507745800
827240300
369279600
84590200
147564100
358841700
358725900
337682400
53413700
503477300
418069400
643489700
688556400
712294100
216430800
124907800
489127900
136216400
544732700
462395900
131890800
569666500
381488200
90675200
851876000
497297500
344522600
531518700
636113300
699778600
756446900
395494300
527018900
125726600
731719800
926218200
736203500
90445700
263900600
789617200
845558200
933605300
433107000
785749800
897534600
901173000
162292900
638297700
289024700
707025600
100693600
420915500
528327300
482181900
763226000
631838600
231114600
107748600
414992500
118863100
807527200
171439500
514357500
586181400
297166100
246077300
512399600
33369600
588158200
27935500
74622000
685351700
213176000
759364200
722736700
110710600
660537300
885029600
749008300
201197200
843690400
101337200
873747900
623653000
583519100
636973900
255491600
66268900
996357700
922119300
185132100
55520200
93558800
951124800
641701600
642360100
448837300
405736400
927364900
36995500
433671900
253622200
973982400
646847900
12986400
696719200
9193700
925158900
833384000
758202100
126356100
928709700
859539300
251739300
552362700
694693600
888713200
59489500
760962500
136706200
233244000
197729800
192226400
326802900
148854600
85563200
220798200
597691900
491299600
148163200
886322700
176606800
401785400
111940300
823454700
666407000
60294700
84283700
591566000
893678800
842485800
969557300
74023700
953660300
221296600
878021600
899989100
361645100
189146300
912586800
498351300
422390300
110316700
942212900
828400
510806500
27776100
221626700
360133700
770710900
621425100
498091600
947317700
274845700
610031900
22407700
941252700
670326700
106691400
784453900
815640700
200812400
5646500
141299600
406107900
226943100
19321200
306097000
840223400
208467500
218683800
590209900
630857800
580635700
532422800
883321500
343077500
811834100
104948200
703211200
582545100
726373300
452938000
781498000
252854200
314605100
803905700
194106900
236567000
910597100
978560900
52207700
363044700
984207400
193507300
769152600
462785700
464463700
75249600
303009200
672931200
545568700
144854300
555424300
126204400
677277200
438745800
469281900
489111300
795329200
424128300
323291600
773337700
128701500
104789700
26191900
443306700
160330600
220298800
679873700
322563000
450494900
983716700
685607700
686337500
428859200
454760400
149123300
893323000
530010000
703767700
817889400
75578700
848622000
373313700
453418400
777534400
63694700
174335500
518281000
859023900
850099100
841572600
883996800
978800600
197997500
910188700
422107300
358328200
382122800
353616300
680891200
84252900
337333000
366498900
770590500
17827400
821259300
171349000
911150400
602904600
875116700
729039900
678483300
975373900
353988800
383536900
752908400
417683600
557872500
271189400
528342700
659606800
364397200
663974800
638407400
562394800
825798700
312150000
172358200
207921500
917401500
853249400
292174500
254734500
471383500
314400200
524197100
292642900
485749200
435347600
895547500
360865900
416022700
825666000
587875000
21646700
209203000
592418600
439330300
18710700
115243200
219308300
678317500
479640500
134918300
568360100
293670500
960717000
132145300
466028700
168638600
49546800
570913300
712448300
555916500
42296800
26848500
80113700
586574900
512597700
767096500
733757600
125098800
183119200
559423700
964609000
204765900
20261900
557027700
895731500
290607800
923906100
366675000
220560500
403546600
501593300
788920600
948852300
462310300
172701200
666516200
882584100
222248000
237429500
846667600
778164600
531361600
873516100
858278300
117936500
637749000
877010000
103329400
14483000
60129200
914388300
979092100
516530300
934650200
787755000
663897000
476893200
711661100
30572000
697453700
366843000
783800500
738009500
315695300
497746100
910710700
982211600
380330200
384594000
471276300
226997900
162758600
2637900
352149200
272672100
372209700
989898300
149682100
475539100
256016500
461446500
389927400
235108600
977976800
576212800
274498800
893509100
53106000
986160000
924081100
2194900
604638200
959516900
991839600
171968700
457263000
154185600
405815500
89228400
538779600
877091900
567861500
701538200
131365000
920010800
225845500
755209900
161544300
627162800
230749000
417560800
88609300
872311600
904304700
318221300
448524400
178803500
211730400
753265600
416598700
387446800
7095700
21236900
346963700
250570600
444840900
55861900
404756200
850656400
145090300
943535800
727748300
712951900
896709200
110748600
884597900
374189900
865958500
46142200
1352700
348342800
715338200
89962000
220654400
619642900
408183300
920814100
50081700
871549000
925714900
466680400
258995800
184445900
739552600
857594700
435016500
184393500
913456600
839772700
286685100
310182100
34943700
14433500
23134000
183288100
376817300
907731900
557478000
242775800
205509300
558830700
842753800
920847600
648792700
63408300
540490500
308611200
235857600
842207400
180160200
413207700
560523100
690791200
597653600
300075700
548385900
32670100
736104400
713477700
124078000
22789500
23659900
410656900
288858200
298429100
593945000
917310700
457796300
151423000
411721800
914940800
961888900
254475600
835788400
610681600
569519100
627914200
170928100
805376700
470121600
602723500
218584500
30644700
293514800
67873300
582355600
93535900
352178700
570095200
58648900
476256700
844520000
333944000
138548900
385013400
884008300
984129100
302324200
341804600
135552200
714046000
256745500
349076300
220156800
344169100
211393200
789676000
972083300
382321300
846687900
693840200
236680000
316907600
976120100
530194800
384781000
810111000
875366000
988594900
631841400
185650100
464851600
476361400
519594100
855035700
113010100
403602400
839164900
666969500
997042300
226352300
381015500
505423000
575428600
852807500
849592100
786821800
894118700
73310700
420778300
740806700
18786100
657458400
309349500
246541400
439288400
694130500
56652400
314654400
682725400
940129100
500304500
399212300
668125700
271533800
505883200
781135800
926771500
345048100
448105300
923813800
571400400
80756000
680872000
398464300
933563600
782099300
185286100
827682300
107045200
606064500
820124200
125831300
515158100
129473800
372372800
954446500
75239500
680660400
269101000
9600200
620789500
21040700
660447700
288915300
292574600
166330900
321686300
219346100
763014300
769791700
394795100
586049900
102182900
75667100
984514200
287381700
109401600
421435600
366699300
216446900
279135300
186823500
342278200
794293400
316297300
966286200
748739900
643172100
898581900
269476100
652772300
519371400
542152100
564855200
59921900
86361900
731186100
381608300
557343200
494200400
403035200
952138300
331885600
756853300
279440600
316399800
44235100
388842200
737835400
410934400
605289100
268605900
597757900
199202600
62899300
165690500
165488800
63274500
60497800
64070700
332750600
964905300
835077400
874902700
529760500
146634500
961264600
260946600
779878000
518607800
6782300
182913200
722381300
338667900
191401800
1821900
906702900
235636900
642299400
896173600
646571300
247588500
164779500
495964400
698426300
479314100
913290100
863915200
542588600
973787900
179621100
875339200
938693200
266333700
1877200
720088900
412968300
214777000
981035600
192846300
733384900
239453100
627394800
707401400
829756200
818796600
709223400
736459100
54433500
603158000
884267900
952640000
102381700
49047500
700239600
800808100
528361600
613529800
916358500
322585400
838952900
95979600
197924600
29281400
613948600
451437000
749370300
26916900
666214100
982041100
219763200
651234200
221494200
847158000
358635600
302885600
917589800
319494200
290980000
972023300
922652200
175247900
176298500
25034000
224295400
876538200
77477300
4292200
741703200
993835800
326877600
832291300
341450600
776437500
861572700
955399200
227874500
862578300
982316100
894088600
844619400
453714600
796958000
317748900
552507800
155593700
872269700
470097700
475087900
163249700
693756200
649375400
338497700
870054800
674409400
814428300
998228200
3521900
818720600
739931400
997357700
397233400
572222700
338808300
173670900
685430700
545842800
653180700
548009000
528158900
798904500
644263600
233508700
595862600
213647700
37651800
751456300
85917500
507749500
478179400
500802400
453140900
127554800
839300100
574830900
53599400
653728500
573059100
57121300
724084300
312990500
54479000
121317700
136848500
644922600
546623900
822279200
190765400
199804600
621923400
970559500
250344300
517822200
204068300
846206900
983105200
241720100
849298400
320657900
1104800
327477900
821460300
705880900
706667900
660760500
280711900
760267400
566124200
853771000
69023900
290208500
418396800
375138200
411526200
555245300
20060800
209785300
629159700
462461400
409589900
502718300
433020900
659934300
20540500
888724400
757776400
3645700
382079700
607074900
324303600
383184500
186188000
145764000
340700700
892855900
58159700
621412600
904758500
624283900
475183600
973782500
914492400
145215600
348920700
577653800
700460900
620616700
787439200
581255800
83078100
448664300
83974100
516099000
360233800
104514700
656458700
118010300
359795600
38538400
976720400
935734500
673358200
162908400
333133700
14058900
307399500
391293400
635471500
212158100
15577300
362290300
437575800
181704900
507506000
786496500
759358700
459602100
658748400
546797900
40858000
741826500
247097500
124832100
509560700
607331300
480982000
166019400
725341600
92412900
456193100
702062000
28147400
129551300
116605600
361281100
395245400
424005200
4209700
30716900
887798500
271422200
644642400
325374300
453127100
152148400
363506000
212485800
863385800
22254400
10919000
904243800
764080900
258016500
280711100
273641600
116983000
13328400
691296300
842324700
105741300
147489400
796021900
385523900
528675900
912627600
998440200
923921300
588268000
2649900
206273400
476066500
274072100
850915800
801440800
727199200
254699500
416582000
191320200
118085300
438836400
453874400
22329100
454552500
963526100
554675400
979829300
80509200
568003800
671125600
174469100
925380300
70250200
970491000
310904200
598926100
134753800
309344400
522847400
723021800
563629500
729120800
199088300
837701600
831671900
252164300
816536000
86371400
668746300
259491500
204456700
359217900
713365900
478421000
813770400
928527300
33096400
45235000
9036500
852735500
716360600
435140800
778115800
38246100
405631800
340655300
637172200
792020900
649999700
411654900
515042700
213629300
140775700
965766300
302966100
224082800
217930600
371137400
310454200
138312200
630628900
766546100
749165300
343994800
496602300
814571000
524157300
529698800
859806000
784829000
634069500
827801800
219969800
412185300
866047900
877236900
752840600
754855400
669257800
654475600
166510300
435935700
119740100
558921200
401702000
674341400
783004100
871267900
45478800
93458300
261215300
676107700
111639700
10380600
271737800
608242000
824951600
795895100
389576000
936392800
580724200
23645500
764194700
800694000
687466100
881877800
929566100
691941900
636733200
598823900
598052700
803243500
34759700
717792800
362164800
688096900
643769500
145168900
559364800
689248300
490262400
820580100
365356100
853537300
82596000
888729100
461779400
159182800
684624200
851355400
95575700
516983600
126636200
111405600
569312900
65737500
244918600
498879000
757679400
881651900
349338200
355732200
936530600
384097900
325160200
298695400
323830000
968929700
695499500
883194900
909813300
437397200
955410200
526804600
290934500
289641400
415533700
4349100
448824300
351793100
855704600
796035200
868776800
233976000
159076000
438089700
299713500
403994600
936968700
57392900
285646500
537942100
664760300
473812400
922040000
241555800
24143000
497505300
210485500
719642600
380700200
371934000
408675000
587745600
898738600
951244700
877387100
314272300
955593900
577846600
666065500
62933700
625517000
786477500
296909700
784593000
224567200
848258400
188587600
413171100
157286500
725869400
951113300
822046900
199681800
124788500
315237900
223824800
622293800
777358600
195102600
254629200
149292700
855412800
94010100
48031300
806657600
971397200
613938900
762251500
800879000
280004400
76820400
426396000
66481900
373730100
210989000
542684300
221988500
651211800
207490600
630910200
377081200
410239100
452957100
828398200
786662900
19830200
303858300
660591900
797188900
750596100
915221200
946481600
606009000
260866500
994512900
412666600
232263700
608451800
426553300
33142700
140091400
503373700
711173900
458208500
128739000
922162900
252528000
602362700
573374700
460018700
233272900
202091200
121893000
937865300
282124600
908555900
957695500
585982900
569147900
754884400
336579100
736004300
701366000
194223300
996870800
947514200
606889900
480769700
555966000
285078400
765547600
947692700
788452100
476721500
657536400
168826300
650519600
910064500
771189000
223894300
621718400
4461900
677620700
743611400
942327200
959745400
903802600
151658000
797363500
472950500
906542400
385577800
460590000
607908500
579801100
709096000
807057900
438326200
189865700
614659100
723404600
207048500
562351800
763491900
683770000
219888300
932318200
334289600
381588000
703507200
809819100
3306400
959604400
739075100
746917800
153566800
950455700
902355600
305224800
747819200
626941300
211767300
385032300
87531300
71311000
964833400
48262500
878368900
654794900
238128200
493028000
378199500
696811900
307015100
393326700
632217100
526903400
325644900
218141900
908491400
280787400
279596300
163433000
492027000
18671400
910350800
897229000
969127100
812706500
202453900
968581500
439647800
665856400
605249000
778814400
737167400
821717700
827076900
867171500
476512600
316840400
611834700
106347300
265287500
918849800
499674000
897504700
697388400
76954200
115646600
605879800
609376800
395242900
769312800
353039000
413914300
931298900
250268000
634676600
995640600
452721900
854893400
686923600
118578300
460142400
717373200
107380900
281860100
796085400
226187600
10007900
112925800
838022400
116355300
378213300
756872200
867664500
275718000
454260700
944618700
642999900
311775700
805630700
38242800
332723800
158669700
703792400
515657900
408937800
590104200
511298500
113294900
444997600
449857300
483508500
156775300
167230600
590889400
690270600
963316000
68712300
700278600
327877000
906734700
68269100
957725500
915242100
935933600
485078800
369502800
132187600
128078700
932913800
937818300
417956700
265637600
348123300
121749100
781295500
757061100
963488600
544229200
870356000
660121400
245721700
605499700
816896700
664587500
448024400
758802600
879538700
516736700
710716400
459050900
675106600
778985500
416776500
590348700
966554300
901855300
211486800
98741900
281569200
144400600
288195500
699525900
661673400
636318800
72910300
694604100
393379900
36398900
490468500
515371100
948155500
736190200
120870900
16687500
652413000
568895300
775490100
531951700
337267200
486206500
991002700
12373800
516827200
659414400
602722500
483381500
561269700
814209300
833758700
842838900
210245100
121954200
794000000
123553700
758273000
866910300
818157800
403288100
154944400
308626300
170294400
103100000
296451800
542800500
371422700
200500000
363331000
146912800
732451700
700598200
884754500
975089600
712972000
653216900
634504000
567329800
136598400
447408900
633174300
221992300
541883000
95054700
343946500
335883100
218608400
353854700
454428600
36766300
757142800
861008300
597027800
927437300
215743500
145114800
470237800
587166200
345614800
85204100
734079000
329701800
785802300
870468700
304791400
750409600
523685600
190930700
569374600
911919200
638339600
202548900
385546800
180222700
297603600
729493300
767741000
767847300
83348100
473804800
56248800
92126100
334813100
653276600
19563400
550556600
50026700
741436500
137722800
395641500
826640600
123437000
725343300
864078100
245540900
281770000
614487700
20861700
472700700
435497500
184416200
362675500
638046500
569963000
794533400
187285300
551091500
562274400
206767800
634439600
36079300
263016600
726565800
622527600
167928500
997764400
173084300
217955200
990836100
562442300
865231900
69111900
685879400
842210500
933190100
183055500
375615700
799313000
203917300
99951600
486445800
388333500
462627100
376127500
209931700
257160600
563412800
761023200
71070200
21815900
647098100
358784700
284832500
625299100
981312400
452761000
623063500
406031900
922351400
865534900
968474200
39218600
186282000
654353600
881429100
371107300
89044400
257044800
422055600
292961700
356996400
908501400
932930400
71258700
284628900
142862100
580054500
99676900
903885300
651124800
121492800
550983400
261544700
406325400
176282500
242857100
110721600
50981300
648889000
284708300
168151400
617363300
323926900
354433400
523352100
456991200
725540800
612396500
965671200
147596400
156993400
574302800
56097800
89923800
645561500
592361900
232785900
225616100
692038800
388306500
128376100
813531700
190925100
389920800
471492300
618842900
884413200
833849100
921459400
533302200
118557400
89610800
402300700
694119500
695679400
177288100
151110700
672855400
41319800
116781900
820451800
198313300
691084700
128184800
288237100
588281500
720546700
772658300
65532800
412585600
412600000
193908900
477752500
603525100
835464900
949244800
222368000
719878100
783093900
395462600
504815600
153286600
736708600
158751500
847406100
432388100
336039600
998516900
105243500
628994700
115298800
177330600
827308000
58018800
557150600
367180300
897935500
277697400
391473800
963468300
941918200
804073800
409012400
671305900
659234200
244477300
620550700
133237400
215990700
655279800
528700100
720806300
808566400
265408700
131193000
655972600
949432000
718867900
654489500
54675600
347862600
21423500
483641400
426805800
331077500
40792000
793986100
229013000
570124600
437095200
444116500
763678000
241169000
853128900
434983900
152038400
97606300
55534600
285275900
313597000
962449700
813976000
286038500
771016100
331019900
417231500
426988700
280452000
136099400
333113400
335127600
735597200
606172200
70404200
162403000
937249700
111196200
208024400
417898000
681320900
645119600
862014500
444998900
137923800
715143500
879982900
289962300
64385000
187152700
575238200
629617200
401237600
640849400
167290900
172253800
971869300
836157600
850877700
503956500
223892300
435626400
90719300
959489500
41798600
161123500
121892600
230683500
272319800
581552200
648581500
205275900
226671800
762231300
650274800
616230800
477374800
781892900
906193100
793395000
220680900
733066500
674647400
621918500
625551100
841938300
45807500
849055700
929731100
148320500
353012200
153623400
583946900
443731600
113113000
877380700
604855100
486640800
108064200
128810100
68193000
756645800
334086000
294864800
518877100
235996100
162730800
247887100
269524200
68924000
292917300
490205100
53625700
967564700
363758900
679176900
61138200
661201600
779867800
990869300
809522100
132880000
144492800
645104200
828246800
509241000
522484900
684737200
995881800
882184400
813547300
64074800
890465400
399268600
610574800
660977700
635264700
773305600
160500000
904788900
93864800
453417300
646629300
147490600
672617200
262023400
78302700
985390600
923225000
109805700
227895100
984382400
242685700
372387900
881121800
322567800
133264100
655242000
7305000
129145900
537426400
72487500
444855900
427891800
471756100
307065900
340504700
107020800
80371600
501004700
263445000
425871600
954422000
910074300
573362200
878674400
172097700
903300100
864065000
346957900
13105800
343595300
582975500
507426800
967618500
464097400
81629800
100882600
119339400
88934800
481663800
908401000
413057500
926519700
587928000
884813700
233585700
928432700
243469700
565592500
429437400
758549900
991464100
635494600
668624200
816461600
765804200
92357100
971396900
881504400
690950300
236138000
225099700
273925800
743564800
192718200
989658400
76829800
293600900
108997800
417399800
775264700
269034000
830457300
953419600
856962000
966906200
187005300
785394700
462011200
4233000
466467300
220561100
995697200
101961900
140820600
812158800
867766100
484812900
35190900
749270500
175763200
271328900
226005500
701324300
266528900
418723700
690982700
343358700
712324600
799980600
760758500
739224500
320649800
591215900
692644200
177611900
809757300
131284700
963006600
271768500
135517800
681109200
492329700
382850200
783071100
884785500
446644200
902472500
369598400
481835100
903378200
545361700
753164100
129383700
498321200
19693000
799742700
189303900
363051800
763702500
240919700
375445500
502927100
561569600
218296600
447206500
739181500
28054000
578491200
953823300
551457700
965644200
634932500
43787400
348494400
669638900
928572900
46773800
823746600
549806600
528609000
727124800
346803500
281773100
108143800
845124700
553101300
907886500
34428600
167788300
671589000
275348400
543233900
426151300
88553200
761530500
873357800
827734700
41219700
703484300
33193200
592677500
920763700
919761000
636464900
269258200
841035100
816673100
567667200
664781700
618114900
96276200
391906500
964918400
629684500
751685500
810043100
182785900
659572000
96106900
602209400
582796300
371455300
145443300
8947600
711643700
158609100
882305500
539378400
199828800
837425000
824206900
792506300
758188700
995603100
680606500
279082100
836638200
748914800
846749400
501419900
367029700
194660800
144961600
583583300
824345400
896647200
393626400
258766500
807854400
489733300
860975900
642285900
112823900
258054500
651233600
824467600
416663600
785174300
615481300
616492400
622599300
691323400
660634000
632423200
686926500
341240500
911505400
523564700
341790500
758254800
276619800
708820200
204550800
673216600
292403500
28896200
569863800
937665100
539297900
629353500
679033600
651909100
271639400
43492700
909963600
174508200
119595600
578262400
959682500
735076900
446390000
833917000
678035500
107024000
466340300
616597200
699899700
377845700
140161900
41690200
387735700
668416900
2145600
592286500
341633500
546184300
872818000
163132600
483849400
412115900
792486100
414518300
315660200
315760700
458011000
225623800
490269000
577606600
803886200
701586700
564318700
501911500
535503800
242354200
608935500
1844100
858951400
308835300
631325000
250748500
602160700
270695900
919165400
604306400
114617600
512434200
150490700
987435600
675566800
885975400
651186800
719688100
300493700
966847000
287084000
758504700
444106100
777353000
587746600
499627500
478939800
152065300
1539000
266078800
394419600
862109800
267922900
505006200
422580300
150883100
7390000
24741000
673214200
178190600
880682600
787831800
690624800
282808600
26902700
617826800
168784000
929724700
337514900
720912900
148206900
624599000
731052800
592313000
653587200
318799400
343575800
384162200
470864800
345114800
650241000
116919600
458859800
169799100
873561000
881440100
320682200
880951000
157816400
245531600
59141700
38499000
33363500
1401700
321307600
311901400
619228600
741726800
241626100
208378700
462639700
389833000
84612900
445327800
233781300
989835400
764127200
577357100
373997600
486627200
174107100
24238700
855182000
632967000
194037800
980378300
766042300
766355300
861329300
923858700
11886900
172106200
213993000
296885600
173508000
535300600
608787000
44371800
528662700
102048300
504385700
242937600
491881400
840633900
688265400
977297900
830469300
704027900
554655000
204466900
190655100
980397300
228705600
297472400
864999500
674378700
277850700
631041900
440734000
390815200
806535800
704256100
562921500
20528800
1141800
988064700
807464700
861564000
284071700
336127400
963612400
788457400
579065000
707129000
880726500
518965700
684426900
711195800
222993600
490717100
915662800
665283900
471114400
396003600
962756300
587749200
322017500
492242200
218791100
762751500
883057500
276962100
467007700
445979000
297491000
719784700
685678900
104955700
581348700
969750600
692718300
544961100
9843200
271783300
503725300
890569800
42384200
188152200
853400800
265377800
930504500
20698800
182297000
653254200
668337700
145053300
241003400
990355200
637295600
711429700
4742000
771988300
988391800
723384900
217967300
537518000
443169600
155281400
642473700
24518300
376667200
335192000
821114700
638145600
858610600
324840000
780350600
152630000
764627500
633751500
418007900
946767200
906085500
600304900
851656600
574423200
996993400
92660000
564778500
885924200
55724900
569520500
657912500
295752000
292905400
127515000
833270000
987710200
282796400
727379000
12228500
911098800
314206200
84978400
549244500
424452000
661453700
329595100
577082100
677716400
214981800
246725200
624483600
121067400
98665300
727775500
695490600
95658700
820435500
511904300
233218200
127795700
81424800
891130700
423547700
625965400
270281000
508452900
613675600
804712600
235831900
877539400
715811500
550038200
214153000
265056000
974490200
875606700
846286300
803207500
804958300
61268200
49932700
681077200
433970800
148598000
408852700
381096600
495892000
480923400
893001000
729110200
608719100
226061000
871876100
283902000
852026500
142157100
792355000
717337300
946869800
28186900
846511900
662681300
829860300
60665000
179372500
55985800
187906900
25658800
859193300
244500500
338562200
909126100
925577700
24168200
57724100
334430400
405264900
553616100
66989000
298265900
534361500
675708200
524326900
406237700
959610200
627988600
800030000
3600400
596961200
746899800
283422600
443473100
661216300
113282900
755773300
840588800
420903900
195315500
117882900
280097300
439816000
708080300
440858600
617028900
732248600
498582700
203094500
137513500
303834100
270083500
435779400
89830800
197426900
211741500
496068500
157037200
839730200
547733800
412272800
688326600
294633600
695695400
383434900
207485200
60613600
390843500
48074000
481517500
586159000
417592100
13250000
277610200
125672500
454108600
146274300
857921100
204326600
349368800
247069800
759795900
619452300
682849200
849626700
816879300
894590700
597330500
225551700
985956100
145064300
889459700
674282700
691333100
585155200
57717700
898818300
897404000
448561200
946892400
378921500
286355400
616119700
392171600
815600800
741792200
97915400
961875100
851348500
302242000
562879100
98418300
62037900
182331400
32902700
911664700
250845900
927493500
760630400
728032800
165084800
905694700
617492600
91002800
597027800
454283000
400355700
747481400
351687000
100552100
946009000
982243700
386907500
562128700
626050500
454143500
303921000
723966000
667653800
406904700
26208000
230532900
505323100
339881200
664499500
538225800
251545900
915345500
717354500
12176300
895013500
134074600
169506200
512506100
225077400
18169200
218424300
625433100
765650600
821746500
725985200
711659600
803990300
364527900
525423600
430040800
70306600
80979800
405642000
737960400
487884500
431850100
968493300
244842800
771731300
632992800
34703900
274912400
799973500
752058400
538723900
694987100
137768200
959865300
459128400
362845600
978034500
677552800
239913900
995320400
499299300
217534300
958615200
554924800
582062200
484038800
984965700
904004000
565018600
642242900
641964400
52903200
74093000
610457700
297746000
97459500
495085800
584085100
624007100
295059300
336143600
162731000
990046400
473911800
122596300
700810100
88392700
352266100
629998100
328306600
347586500
129297400
545841000
306201700
935857500
379538400
41875800
920823200
283542500
606894400
814701300
177142100
659797600
888794400
39235100
209178900
237889100
534320900
793264000
861896300
81015400
381042800
276262500
322697100
106589900
650494100
23507200
446617800
254395400
653505300
774924400
601981900
34437900
572400600
159818800
970295400
203574300
201694600
142753800
738752000
60224300
957455200
915894100
720021900
97884800
206764400
180836000
335773900
741085300
225735300
449305400
822100800
858413300
977203200
144797900
965003200
879332500
168305100
663256200
133727900
73445600
438180700
987345000
107883500
262216500
398799000
329814200
717426000
600493700
472568000
456178000
660718000
430023200
623707400
632375100
779543200
830471800
64846400
115317200
571557200
542216900
816257800
645293200
400630200
45096200
41726300
617268700
924428700
461666600
280524900
58156600
535112200
970340800
45501600
894630900
484192600
444300700
224445100
201618600
296429600
697013200
657796700
208782800
378671600
533139300
92793100
158214900
363611100
409274700
525167300
186803500
951491600
593060300
83731900
603757100
638156600
125458200
472661000
814220500
587124800
753185900
872377200
373872200
975162000
169514000
268503200
459354600
865449900
492948300
660973200
413514700
441596700
570405100
622297500
820268400
103544400
966725900
230118500
718790800
376000600
755285800
905594300
579127500
348346100
989326300
182884600
238137900
366419700
655545600
52358500
953544600
660366700
176370900
327416800
887163900
345884900
847555200
346518500
462970100
340503600
259127000
876484800
33735500
829532100
750417600
105639100
184711800
968778700
335757600
903502600
344779300
91043400
60732100
175542000
691024800
301693600
610061800
180797900
668113400
517242600
233156400
873293200
177609400
409527300
452345200
316408500
7047500
299900500
662927100
470017600
892039300
922054100
598137600
925774800
3221400
348555200
31414000
439568400
317333900
367171600
343071000
913748500
709850300
655438400
340925700
652510300
957132000
950987600
833308200
876880600
468230200
318099900
750173800
897474800
979262400
202519100
213883400
986309900
502419600
128445700
707962700
394458900
50499800
306100400
571868900
305356400
906290800
603282900
744924900
475260000
222089800
339631100
389008500
183575300
995069500
981569400
87720800
952201600
932557000
921029000
80717400
400787300
490764100
830891300
549897300
470026600
285045600
763780700
707971700
39100400
892226400
667569700
685194500
194361400
225305300
257063400
751353100
131596100
111981600
496278000
606856100
585706600
835909100
247499800
769281900
82613900
229069300
857002700
286450700
413261500
29666900
367168100
65684000
520431100
449694600
615581400
242092900
734740200
630997300
201699800
773840600
774859000
869269500
459035100
220855600
94574800
967733800
972208700
477806200
79715400
720121900
336297500
665422000
807666300
835432600
686339100
890280200
316137100
543341800
176730900
729398600
824643900
543899000
46717900
596710200
245228900
662299300
838803100
979969100
544931800
292138200
5445000
571426000
161407700
716115300
792281700
507617800
935484300
764490400
237059200
266834900
484612400
573356700
932256900
292278700
660424500
870231200
434194100
976561600
665208200
610925000
957595500
489852200
406459200
4313400
86562400
651688100
918247900
177000800
883292500
463179700
469139000
140372700
34605800
630546700
856488000
78522700
389799700
43607600
843013100
626858900
310442500
579260700
200215700
494334700
123174600
112275400
364565900
557368700
88837100
29774200
419928900
46432600
771261600
78023400
302381200
857824000
729711500
220629100
34824800
864639200
935444000
503963800
5011900
221685000
386145800
113135200
300207700
775945500
156742800
394856100
654439700
467185300
225752000
106290600
961520000
600561900
218566000
577721200
409565800
307403100
859130600
829494800
605470900
630392200
907518200
159487300
488216200
888864900
380116400
774676300
5139400
567195700
278640100
261786500
40515900
916421100
626556900
592358900
944001900
34934900
238850200
598441600
753755500
716237400
704732200
715275500
316799300
174933400
544631900
726365200
482336600
403762500
807495200
339442700
34154700
966648600
498930100
774006200
107148700
130681700
548682500
363923300
949512600
78957800
625709900
990028600
995379000
503902000
834022700
191016100
538837000
72872900
789457700
292592500
789110300
745825100
259503200
105909700
920758500
804135200
83910100
654730300
207897700
143040500
245808300
493687700
109689100
996373600
267693900
468473000
127055300
68011600
832396400
328203200
146969400
709741500
318231800
393983600
213643500
403889700
836634900
752480500
476762600
877727800
45073000
265872900
623552900
304576300
623417800
795946700
360346700
707327900
702312200
819879600
102003600
199755700
313567300
463327900
196129300
832896400
931801000
574819900
900908000
15832600
903023100
299512700
725574100
472890100
945131500
939217600
876779800
781766500
943333400
605177600
659494300
240041600
871050500
534682500
544617900
746103600
582264400
156599800
453431500
284576600
976479500
807070400
735967600
541682000
270398300
932096900
626213700
202199300
758552000
778756900
218031900
661575100
78269600
195241200
386100400
275036400
386094100
514515400
308438100
329427500
119693000
967932400
569469100
242378800
754250100
365722300
988482400
336514500
522322100
693549100
872726400
750436800
500619500
608694000
292118900
771017900
540790900
918332600
224852400
550978200
697089500
694519600
212553300
26994400
889760800
850289000
553666000
275854900
616439600
862104100
856917600
987767900
81671700
426386800
230146700
835921900
43744300
218629100
172436400
817701600
163813400
296798000
568138500
664433000
905492000
111892600
687086100
697918200
281860400
911938500
248896400
978949900
606458100
713084900
257579500
747854200
815009100
811245500
23709100
431448800
673349600
880626800
419216700
755021400
558648800
900998600
842578500
854028300
119627700
266650100
671729900
535076300
563448200
491503600
451144500
468940200
603396200
138230600
418493600
885256600
301804400
667390000
115841800
159897700
632110200
625056500
907751900
447119300
436302100
183096300
130203300
361286900
315358300
549420000
367943500
874007100
702053800
462157200
979670600
821681500
728807400
903035700
608393100
292255600
394539400
59537600
12831000
997935600
197768300
431324700
134827500
751207900
350349900
250669300
911105600
982460100
875725800
818857600
681214700
563663100
1953900
811418000
176585300
317312200
612473300
544528800
442954500
314527100
6686100
674260300
387843900
987128700
577296000
247872200
279384300
971835400
307409800
292215300
221406300
756813300
975175200
356233800
508021200
325525200
858538300
670762100
559620500
985899300
741254900
492470400
549562500
743208800
555523700
977783000
312156200
167997000
773947000
6745900
734159300
32268300
681006200
373638400
19397000
258302200
621510600
298781300
481772900
180555700
842631900
703179200
189004200
817807100
59413000
697025500
394967500
169586500
619422800
954588100
155485800
360677700
447058500
956683500
355521700
2582200
934466500
667677900
422214400
708413600
926059000
408009000
740681900
607065200
33282600
760079000
117002600
906428500
310495500
598775500
86984200
153127400
553589900
275988400
970934600
864638100
224649100
365902100
34224600
844071900
572125400
441345700
456384800
270819200
398029200
811906500
273401400
332495800
731219600
947251100
292544600
908913800
355260100
33226500
767614200
388542700
44940700
884616900
294971200
355436300
735027600
633590600
760198900
288617600
161214300
982768700
153255700
385863400
348670900
439115600
481570600
172431500
880461300
189590600
443250700
530125700
1497200
968287400
114256700
984352000
915538500
406801300
893265900
522433800
691663100
660880100
910976500
736603800
797132200
457583000
343675300
532159900
342808800
103874300
72412700
504023100
86643000
477303600
141521800
686949100
916419200
874727600
111015900
48515700
64318200
554266600
578641500
317450600
522554000
692898200
301802700
689727700
351334800
446703800
212161500
42997900
107583900
374773300
31236900
904716200
83991500
626547500
688511300
426800300
982057000
12559200
182458700
320335200
489862800
323980500
7284400
657917300
198708100
118300300
958068200
263026300
924202100
788344900
832112200
698391400
481243200
133914900
388119100
84213200
580618700
851915900
378846300
939837800
226689200
661718400
844554000
310680700
288265900
784700500
989116200
270322900
797259700
171574900
590658200
538757800
747190600
849577800
196675100
945898700
219513300
406378500
460560300
395350600
194723500
292672500
93742000
675966700
678222600
733496400
11815100
258841300
585412300
390661400
198679100
812101500
52379800
294868400
374417400
592281000
331204100
615168800
862603900
128463900
786743800
704897300
918856900
533934400
806110300
115532000
731468400
277258800
521910500
192028700
672609500
968269200
736336400
766351500
644235900
414559000
499847900
907686200
925035500
336895400
298347600
375349800
148996900
602362700
670218200
775049500
194643700
253057600
390218400
308882800
381521500
428597400
265415400
300378400
214167000
71525700
667545600
945635400
348784600
441091300
389299300
21394100
409360600
377270900
39380800
305231700
791829900
790864000
464553200
968500600
127759400
762900800
343850500
528391600
616898700
265703900
303441100
811542400
518761500
945294700
120425300
151918200
373892100
385840700
703931800
839694400
709001600
371477400
785329800
57786200
64204000
426264400
330815500
725199800
803535300
370196400
282066700
847000500
412695600
746619900
815501100
540455000
761156000
159351600
68846600
378054700
425055600
623923000
189597200
943817100
569217700
561657700
347370600
194745100
199133600
51302400
34439500
908135200
674415100
71404500
217556700
738619100
749304100
548372200
715454100
552839500
170203800
997520800
651475200
834534600
995776000
466976300
374989700
756932000
877963200
695471500
386621900
554654000
571029700
576219100
750106300
140247500
389512000
97476900
586627800
840280800
148779400
872702500
748416100
823194500
944107000
217608000
813448800
693411200
17615400
528902900
497885900
439454500
778058900
149361100
273989100
25470100
867972600
900614000
782402100
997571000
596085600
169024100
552225000
167115300
996878400
302331400
558998000
638025700
399808300
397261000
478306500
800222900
269963500
478357800
875052600
465705800
695965800
688501400
410752200
965216500
469039500
908638100
404671000
498733700
309634400
678660100
524203800
429242200
830909400
558241200
426813300
426995000
727265300
230673500
845745500
975778900
533004900
656378800
613804600
184448500
53639800
92111200
236306600
323603400
822104200
111359300
40944400
518070100
51495900
451696600
734921800
520535500
611969900
139592800
270904400
173239500
69888100
795108200
602481700
900797500
353349400
280930200
579427700
332249900
511603800
676808500
308028900
296243900
333187300
921833500
732327600
386827100
265579900
968634300
962065700
87684200
79993600
3010100
857389500
131489500
706341900
592311300
903660200
318311800
983539300
174564600
743186500
53427400
221308100
597303500
205860200
574657500
878233700
36923100
158542700
641472700
713731600
466571600
189351900
46918900
640040300
921679500
685381300
905620300
890313800
647447000
244939700
221942600
902092400
353964400
605067400
608434300
197910900
508727600
178381400
181450200
934927500
921567900
486512800
156235600
518871400
692373000
982528300
648740400
729296200
141071000
541848300
443027800
607642600
731200200
741582000
499318200
904515000
426963300
656573700
794828800
326045500
901513400
268406700
228137900
255477800
873474100
836572300
453388700
633836900
266588900
886474100
568764400
188156800
372986900
725000000
958663500
316995200
707528400
859039100
297926600
100234600
400887400
992589600
959512500
132087700
734171600
458830700
36602700
412770100
115404400
83066700
738815700
16917800
603108600
966953600
524030800
476582700
55161100
229054700
110419700
573385200
115528800
930819300
761542100
740150900
655819400
971840800
308781300
614983000
830879900
606707900
715217600
231767300
850932800
674730100
615490200
585104400
385196000
903728100
249509800
500600400
238430100
988325500
769153400
841538700
206914300
544819400
569756700
513710700
773874100
931811600
87095900
141038100
862630900
100273200
132824300
770085500
72114000
441605600
636703700
902993900
299948800
351921400
386396500
150881600
278286700
253521900
735986000
663482800
408885300
237131000
415718400
898950600
225456500
184871900
740489300
432370900
729691300
561881200
197716800
755200700
493692800
284812700
147874000
607959000
385086000
280698300
378044500
457200000
722304000
14748300
611829200
22252800
618304900
249860900
173134400
148226800
755018000
160755600
63344800
163903300
397886700
479063300
62853900
874978400
915570400
54978500
558984500
896896900
616859700
756701300
652097600
362187800
41514100
51606900
221782000
678235300
332305200
851461700
135435300
54609200
866210000
998899700
328497200
736150100
500395800
753266800
136012200
255413900
165657700
199357000
670952400
563544400
930055500
985441600
690158000
97261100
40420100
249142600
994158100
908915000
5843900
897890900
271102800
298993200
949497800
744520000
977228500
533438300
595981800
364299100
839682700
713827000
614834000
168180000
449977200
115229900
173082000
837624600
622279000
338739700
36981600
293231400
153919300
218672400
278673000
844077400
567568700
319093100
344855200
561726800
479643400
350699100
711253000
2381400
901327600
912386000
746901500
130191300
697459500
342883300
494490400
537142300
56710300
109324500
956957500
506687500
476189600
130039500
595947300
98468600
468779300
632929000
391700000
874333800
103236600
670373100
718411200
670805300
241101400
63266400
484167400
720744800
665600800
447055600
723126300
818563600
611076800
470027800
948754900
308536400
812911100
443245400
845678700
869621400
804205100
802636200
627944200
280394700
184310900
223891500
378863300
904725400
108455700
22198500
779059300
463327500
944206800
749105700
385768100
185308300
812372200
869935500
157688300
729608200
568626300
132449800
548171800
179703100
602477600
496926700
488239500
667023900
191807300
585553400
788280600
247647600
639824800
667860000
779677500
824135800
143386700
410176000
728861200
503477700
432374600
759555700
966805200
628216600
508661500
352573300
813524900
572668900
474144000
222848500
302277100
42770300
355298300
102084100
222473500
209411200
850646000
962348200
128070300
294088600
547901700
916350900
541736200
187726500
835846100
573049000
263497500
979232900
983225000
243994000
734345800
667234800
3549700
701151000
295451500
512211200
305359600
360611600
84880100
779503600
583460100
638792400
73909200
938758500
992511700
296382700
399804900
843157800
510366100
527875200
388881600
58267800
695861400
182253000
497629600
531707500
755302000
12762300
762575600
738527100
256756300
748556600
657397100
260306100
449707700
952848600
24152500
6702500
313460300
360667900
37841300
148555600
999460300
111750500
87314100
243607300
659768400
738754200
86765100
170134600
266629500
727281900
480037600
962490900
909534900
229302400
745833600
664837000
242064800
760044500
654999300
750456300
508601100
312396400
10762400
209944000
516880300
286550200
216646500
830340600
647218100
506123100
978896200
898313600
617873600
317845600
141920900
529277300
56599800
480321200
951047100
323229300
207603100
431084700
537355400
117138100
912022400
534824300
33610300
405722400
294868800
688609600
156178700
803469900
252641200
418576400
13414000
769521500
705126600
481695700
851497300
352344700
987818800
830393600
250658300
857327700
399874400
644214500
386605000
708109400
124535700
337652100
282974000
332138900
20372000
820329400
449277000
184029600
355153700
482887300
589752000
901657700
423132100
997566000
956762900
675773300
416142400
221812100
445294900
372904200
703507800
296792200
976884100
942961900
378821000
227542400
51924800
778695400
123392100
438529800
486804900
247927900
27817100
769778900
580066800
299824300
841743500
280979000
483854000
448532500
763866300
325241200
350190200
438633600
322807200
306953100
114406900
990584800
528765200
559701800
363489000
483908300
108129300
340373100
426870200
486950300
819550800
730430200
517281000
942942900
420595200
255721100
442506000
700047500
277135200
22572800
999871800
118878700
303551800
735361000
819046400
319053300
312237500
169236700
757686900
635044700
727825000
872093900
877264800
508225500
683430900
492389000
992133800
43195400
84397400
670639200
781781000
155583400
401069400
299062000
350161500
821664600
554783100
792667600
521712100
83553500
815240400
773219100
202432200
370427500
760215400
21478700
941116000
72452900
442350600
698803000
959132800
421810800
822532100
836397600
930036300
757598200
580421900
173805300
800793700
664819300
96079700
582574700
820402700
748784300
133271900
422199400
822084100
939690200
214867000
595431400
23243700
281742700
368650600
477311100
903805400
380501200
750425000
844921400
452954100
192775600
795359600
663722100
866221700
617891700
751755000
47893200
627125200
332176900
221698600
679554100
996996200
569413500
513764000
69034100
318197900
647035900
491233500
140282000
586726100
957735800
987348700
861605000
491113700
607634500
338916100
394919100
988135700
89341200
239840500
441089800
533752000
35200200
356447100
399973700
904727100
108202100
447867000
531852300
440379000
921200800
463041600
689010400
490614300
976805600
9679700
60447400
623841500
752548500
200729500
462202800
710284300
188078200
323807800
201398000
795712700
662724000
847952300
35483600
752065200
87792800
728208600
537452400
374628200
84655700
189061400
279355400
192857900
636928400
62842900
633236900
809764400
525884600
573882600
300378700
754325400
583562300
360826200
378167000
336110800
813190900
840369800
298030300
252904300
415812900
751063500
300252200
78536900
599015800
335735800
82237300
938443900
63944400
871324900
313072100
400235300
60386300
844062700
593093200
697314700
906905700
477965400
758714300
684425500
303483200
310728300
438750900
887045500
923189700
68553100
474791600
736380600
160558200
24457100
240920100
576371100
27155900
792807500
906543200
626171700
380178500
240415700
816250800
444122900
111740600
129323000
95993400
172127000
973385700
689086700
121076900
131926600
418687300
879791300
67987300
722170500
190519600
506738300
860851200
113709300
826926600
335642800
101725100
987484800
611735200
594280400
563855900
638891100
387087900
722034300
516698000
767266400
962450000
332948900
463024500
74190700
713907100
559017900
497952900
938928000
499739800
619029800
322489900
170062300
750456300
390477200
892232800
192611100
148850700
753084100
306320400
975777400
340362100
659680700
963262200
203732500
505596300
778753400
94258800
892684200
500787700
610956900
911585800
463237800
195541000
626245500
789063700
161083300
436898700
287016600
351646500
188273700
157681600
674136400
358336100
908138000
64613700
250568900
100749100
213464400
255288200
658704800
189241800
847285600
570020700
404139300
51018100
75617100
182892700
145277000
219936500
683680400
7869100
131522400
398553400
455045300
9403100
439252300
867763800
446301800
726268900
219410300
634575600
883950600
893546800
992911700
43723800
958160500
495115800
396108100
423260100
2039300
54812900
864137200
849324900
876468900
268276500
151978200
203721200
451169200
548890400
423657700
386484800
808394700
806815300
36673500
515075200
816218500
475925800
382839000
514155500
453830000
602249400
400366300
589415800
495796200
393278000
633139600
705591900
140029100
29247700
128852000
393703600
335695900
992989200
243028500
463800000
512900900
646641900
667521200
964070100
447167600
91178900
602190200
507197500
149629500
890498900
22272800
965848000
366424700
405111800
731638700
820254700
7361200
132005100
409670500
503157400
776918300
294445300
460384500
916947400
575328300
589236600
310651000
911024200
833861000
805314700
626459400
346762000
703591900
293980600
562467300
150759500
385159500
164657500
657957000
534789000
306791600
931865000
752272200
673216400
336976900
483911000
745106300
344338100
615916100
154776900
99130800
644469600
700857400
811150500
561417100
276185700
400387100
123703300
187209900
485883400
929018100
813669300
832645400
884245200
359285100
395112700
286639900
744444700
811405500
196232100
530868900
118197100
128097200
534776400
43048700
465074100
270322600
788155100
61047400
137873900
194567200
411813400
782343500
895424600
222964000
595395800
171610400
874986300
719099200
610455500
360869700
899752500
675760100
193515100
783997700
35045200
840263100
70637600
31125100
651668600
518504900
813629300
21500900
646602100
600040900
64549700
363311400
870363500
104340000
424358900
8237400
298907200
836172300
42216100
445967000
310771500
637612000
869212600
185757900
356711200
479668200
546627600
508098900
407063500
740142800
543731800
442108700
832041100
866004600
724869100
735344900
384509500
538498400
756845800
31111700
138539300
73030700
394423100
260538000
177370700
70417200
520410600
727913100
906589600
562626700
425515400
468996300
200238700
294728000
654754200
808585100
774396200
453017100
316684000
433094900
444795100
860415800
875203700
276836200
726420400
851708000
12181100
110930000
641841600
769026900
393676900
32016100
93692900
788100000
292554100
522698800
858517300
812964700
250612000
16742100
375591400
676127400
737373600
827465400
970855400
392127900
636050500
996886900
96780200
204369800
429981800
541575300
64785600
556820700
818411500
42841300
660163900
830592600
405406500
302005500
851254700
799083400
334021600
944947600
838818600
878210900
467646500
948971100
942810800
969893700
217348400
570037500
897656300
954722100
397502900
120146900
598485200
285188600
368669000
695265400
489558400
50286100
236840700
805979300
607106800
306887400
100455800
518906000
137480000
505862300
820911500
240369900
556580900
406568400
436952800
395399500
284779300
156234500
596005900
479225400
126128200
813354300
49262900
275419700
19711600
446765800
395566600
618196800
983589600
764235700
565097400
473148100
814521800
801938100
530762600
673263800
360460700
631218400
192169800
749575900
388715900
264716600
989945900
945296800
922920200
678533900
592331500
459334700
834768400
188337400
938560100
212531800
1691800
987823000
487951500
21403400
434588800
135153300
891235500
669813700
899389000
456332900
394597000
965546000
509906300
925359600
890445100
870367000
808213200
82614900
619943000
448564300
598966700
861524100
393861100
521886900
540058000
986192600
981221700
626461600
426165300
919781800
838993400
427857100
907604900
578580100
700895700
593828900
713733400
592131200
263642600
864757700
300099400
909874800
830303700
810005700
835234400
720748800
680372700
895082800
54999000
551950900
343647100
905600900
413475000
989143400
427487900
205168200
226971300
660344800
831629800
653136600
831761800
922258400
332628900
991001900
500838500
33524600
584830900
214572000
877291100
100108700
330964900
177390500
261618800
161268600
987396200
96853200
133652700
919404100
243571300
440286900
722990300
838853600
345887800
388100500
79632300
25010900
593268800
306603600
685355700
676533800
959740200
517117600
598792300
292369100
508119500
99630800
577528900
344585600
565838000
454820000
696329600
896802900
632210500
957948400
309706800
871241900
306436800
694994700
42281300
801643300
135281600
16906800
640497000
481169400
405007300
720129300
506180400
998276100
278368100
191536100
674810000
238108300
960288900
525237500
782112600
720043700
624868300
611276700
64629300
442341600
66096800
12594100
590779700
949942500
222177700
900486500
72819700
528614600
595481200
366736200
330257900
730762800
383643000
222390100
463567500
788650300
194154600
969747900
38561700
472522700
412919200
713371700
962266200
373208200
238609200
996014000
344887100
115112700
607290800
661151600
557454300
925022800
673745800
399869300
874965300
895923500
300355800
199420200
676173300
147472300
566156400
258066500
129870300
949799400
732091800
845073000
738449800
926246500
814820900
777011500
650404400
479375400
742018400
612670700
852583600
232262800
860319900
449105900
599010700
467610700
110257500
408100300
392633500
784003300
807969600
519234100
931562100
359960600
718654300
859370600
759068100
536446000
117437100
140573700
486245400
849529000
985646700
476330400
775775500
800467700
504977100
677815100
279843100
498630700
290485800
384061900
982528700
150805800
84803000
581539500
870051700
195060500
241275000
514320500
230699100
49244600
33554600
162261200
660840400
3844100
21631800
419908600
791925300
390704200
560482300
278170800
240233200
546129000
6136400
267643900
598231900
511113600
945459000
129710200
9744300
487580100
765407300
992273100
890021100
850210300
825447800
11708000
45270900
66722800
526028500
527605200
367602600
811218300
941501600
28443000
66697700
214768600
448351600
858623000
605472800
260469100
388429000
97341200
58233400
394565500
364985100
908100500
905679100
562079400
289446000
167058600
301294700
54853300
410966900
191315800
156698900
488049900
203023800
453605000
554772700
980687600
981210200
174010500
791905900
922711800
202453600
858603600
137480400
902440400
968861900
994588500
414544800
357290900
91929700
472778200
751856400
708550100
632513900
909170700
522264700
921959900
327864600
823559400
976813300
990466700
266510400
385147400
478516700
721169400
838752400
284924600
701857000
819962600
458935200
745398200
994309600
661388800
855637000
383425200
815464400
824498900
378013700
230009200
181789900
721578700
702787400
185281500
681764000
335301400
346087500
204028700
508896500
673952100
279223300
485709800
916054000
545733700
122492400
394570700
266903100
961244800
931130600
220395400
32842600
390065800
217428800
278787400
303089800
73065800
662212700
118554200
897564800
291861600
348563500
330989900
265075500
302986100
767906600
946839500
889922700
365629300
402503400
398819300
291216600
681726700
136164300
207270700
227460400
258656800
853476600
745998800
471536800
784607200
218029400
504379500
174673000
435458200
783166900
729398000
508524000
697014800
847952300
657724000
988876500
448151000
240349100
505587200
751137100
259891000
452426800
641059900
625520300
854930200
291514400
916737000
536657000
427678700
124007700
15752600
937970700
977484300
13386600
409507600
762091600
231416000
913887100
188399800
918509400
948689200
917797900
678668700
645704100
17385400
588027900
634580600
465536400
828377100
140167800
216673500
339903300
844229800
109368600
965423600
950795300
400883000
133795800
739087500
80197000
257803500
754840100
18167700
486923100
19862000
427675300
500649900
502913200
341562400
689049700
421422700
290251700
858482800
100091400
935955800
875868200
688119300
822171600
341404600
768131600
213974600
809713400
108034900
309839700
919082000
325093800
260635000
571600300
458889600
999722500
651797300
716693200
6197800
669965000
455251500
26059800
97640400
955901400
528973100
690838000
896586300
950395800
981089700
6704400
302122400
168680700
882572600
241876900
242487500
475612500
10008600
708097400
536961100
369678700
17937100
456043100
694772500
278572100
27643400
405297400
529929800
931075900
373625800
536127600
601041000
828877300
562187500
698681400
36413900
342795800
641154600
933000200
544826800
622244400
191339800
98584400
42560300
325547700
340461300
285047900
801160200
602105100
244780500
338121300
971783900
262717600
45799600
918191600
792924900
325078300
323489000
322854700
507789400
697114800
110617500
108830400
777627300
924440200
59147000
814041200
267236000
700301700
998676700
812062800
574181300
190016500
910647200
868376800
515564200
502743800
153424700
568359600
104848900
649840400
158116100
328268000
912558000
455551000
498094900
705482900
32264500
821583900
279972800
540053900
770334000
390590400
648884400
547961300
315030600
959666600
613637800
582266700
659968300
612314500
645964700
485784800
53966200
808247200
354161700
569530500
562626200
759221600
389525300
667475100
409062100
547641500
247378400
321620100
254827700
745473300
278738300
287092200
818692400
558711100
827146100
589026400
949301500
727665700
388623000
515967400
687332400
2260800
349869300
347300700
866210500
247469200
833085600
920176700
55716400
187247300
741342400
869977800
198104100
130867800
537453000
607166200
930144500
36466600
928786400
184972200
781939900
207524700
723699600
600632300
17871000
550845700
441294000
218807800
278511500
81552200
734775200
965843900
83813000
336279700
564779800
201658700
583748900
649500600
373470600
891100600
88383100
114813100
761078400
286487300
497316100
550166600
893653500
427460600
586633200
74075100
864068000
368573100
533235000
587767600
220840700
802741300
390248500
662134700
21549100
920395200
743686900
7959500
137874300
79135100
344239200
702654200
532429000
927988100
603790000
905899600
70723900
943808400
20712700
831802400
481930900
518028800
381969000
375584400
197124600
220237500
701294800
312827800
588810600
234529800
152230600
61286500
37271100
542479200
723421200
310455400
462874400
718743300
318414900
600748800
49513600
914289300
555038200
833577800
93912700
410463400
739477500
164636600
354271800
11825400
248074200
836202700
781489500
881678500
463422400
978614100
101916000
164717200
543077200
690726600
650882200
695307800
3648400
939788600
237787000
978704800
250244000
952296700
697448200
820294200
553045500
998597000
734583500
359718900
832174900
80131400
770182300
823287600
244768100
376089400
835113000
492842300
212292100
616602500
374520800
927349700
846851900
476436800
92066900
641564300
418798700
994584400
336872100
422447100
934373000
826294400
401151900
436252200
778591100
350235300
508181600
583271800
600467600
242765200
194625900
684277700
322896600
964808200
507565300
819299900
592532800
594313500
563777500
804825000
210916100
938298300
983809900
309403200
666370400
327512100
950967500
336804300
322096500
287839600
10886600
508104700
365769200
663673700
944356900
144360300
13909100
452538600
979267300
866011900
946939000
173893200
550289600
521470800
390336700
309490100
592406000
982869500
903803600
156183500
39329700
366354900
346117000
23139700
675758100
12487400
350651800
878360800
600926900
924383500
417835700
611813500
432488200
783604900
275487300
628480300
179600500
541031600
332654100
158867800
658678700
531228300
332761100
208968300
52699200
974733000
518458400
896740400
957602500
673897200
52923900
248567500
40252200
650676100
271707200
716010300
914798800
873994200
594371200
515725700
798377700
12206900
379174500
230865900
47447000
654661800
110981400
227047500
447328600
443635600
385915400
106007300
974863900
970311700
566610800
279198300
945044700
336704400
175938700
154282400
10601600
480497800
402849900
50853800
131174000
926192300
18499400
45972800
800186500
864505800
813333700
598564200
128347900
192508200
81065300
175794900
98805200
192046800
402842500
546133800
887317600
40393100
903776300
862181500
262340000
470387100
393015100
459019900
58726700
820589000
613302300
69328400
301086900
267787500
120182200
683896100
193979800
390316800
981504100
994166400
254822600
794837800
844365800
383170500
987346100
177066400
558965500
86151300
620748400
213443200
883920400
508066000
253836300
787696700
621882700
767811500
509719100
266533000
226831400
568445800
87122100
91768900
637774200
639844200
359556400
9591700
575375500
553536300
399908500
556879600
799337900
906366400
351717400
895338900
289536900
590698700
72405300
848502400
676850100
693153700
61945600
560770500
452854900
567417100
600102400
74737700
335228600
109821500
341270700
813695200
929902600
680028000
905464200
819312000
319872200
516655800
80538900
895247700
321827300
732082700
703762500
121165200
638449100
307115200
268139400
927986000
897813900
340544700
776488500
826299200
285333700
90069300
387069700
738188600
909121700
238807400
64561500
495985500
600264100
657467500
309680800
530166700
337495500
466780200
601114000
909003000
983436000
681652900
55885900
305263400
413735600
759648500
678063800
52184700
318398900
946203200
980170800
216212800
538383200
8294500
42512100
75352100
349999000
681217000
813540700
259120700
920024400
129737500
755106300
771923800
787205000
316422300
553725700
376335700
783202500
154839700
536973900
18273700
88127900
592859900
323537100
501863500
604143600
253236200
805683500
922542500
451074600
37489500
390390500
241093000
45784000
432902600
316445100
395783000
114119700
129985900
906539000
285779300
259723400
913280500
57703100
298563600
229702800
863064100
926534500
12905300
17903800
463508500
282814200
106031700
308003600
857986600
859530500
163782400
111222800
665214000
337960100
813932600
702703500
728350600
55025700
122700
412888500
371470800
647540900
527008200
501456700
554079900
64422700
12815300
467360400
373761100
563014100
697063200
236825200
489548700
961603700
506364200
204692400
244418000
864031200
512696000
102404600
723561700
928113600
465262600
640410900
266073700
279195200
594749600
246059500
334220900
594872300
658948000
957327000
242413200
185956200
710418900
48128400
502014200
723234300
515488800
875775300
537883600
464187300
112600500
279067500
677426200
618964700
483759900
173479400
482995900
248091100
527519200
458192800
176204700
244417000
98603700
442278400
775247500
693353300
688338000
109468400
539860800
347286000
318430600
33909300
784877500
28849600
82037700
286891700
3719100
849161700
414302200
541602700
564984200
526902700
820670300
494045700
397502600
556065400
919160300
132133800
804156600
446679600
841961800
980361300
942731800
940565600
674275000
717979300
885554100
362613000
79083000
677050200
961534200
397513600
710959500
746411700
426363200
792997200
284938600
430082300
893794100
699240800
223320300
458778400
477778700
295625800
952824100
875281400
851691200
871984400
259050400
655847800
570299200
101012200
887844400
764666300
293213000
562119400
482645600
430402400
176367600
813363800
107452600
137901800
210877500
70047300
135948800
888875900
863044500
420887400
318958300
8473800
371763500
793913800
467252200
849542200
89539600
671711500
976458800
941230800
795331200
487144400
848713900
617265600
839791900
736558300
381931900
133004900
550312900
116212800
815042500
726680500
929576600
174130300
864582300
140454100
244177600
252166300
280965300
358857300
924689000
851558800
367331200
296452500
645472600
86218600
397629900
735012200
9565400
625724000
927878200
804896600
364503600
28227300
422162200
204295500
764785600
55729400
588935700
566733700
171942200
403978200
293414200
101518800
829743800
409631800
493608200
73921400
661798100
26208700
432778800
838122300
877767500
51745200
386210000
523240100
389599000
783840000
509887500
399164400
661199200
689400900
204061000
25702800
717628300
877858500
481633600
734049100
185223100
70569300
300782900
357165300
726182700
845832300
710319300
555926500
255464100
455562700
629848000
168897500
481771400
314262000
7019800
359538900
617642400
393229900
134414200
7241400
428705100
644301700
406405900
341539500
333702700
862102100
367242300
302966200
739960600
100511100
37015300
176818900
171080400
337798200
533984200
897263200
183630600
495938800
704824900
690729900
951501500
586308100
111262600
684908200
900570100
118282500
296082300
769847700
763147600
430496600
777089200
443487900
326433500
435130300
785027400
911771400
297232400
403904900
214737600
288828300
504416100
251753000
465647200
927131700
841186400
999631500
76030100
24817000
747205500
780855100
967182200
950342200
367163200
78444800
635250400
519368600
448362500
931332800
289216300
463145300
613464600
317940700
906633200
939898100
753071000
691660600
851669600
50303500
95565600
318042400
339131800
851616900
569795400
804779000
778748600
410981900
56045700
854778800
687434100
54886400
635633900
654616300
5228700
254432300
984696400
892114300
773800900
433058900
75082300
314652500
896204300
688546900
632593200
54472700
880080300
637299500
746133400
983385100
687603000
93334200
301427500
278370000
944951100
871223000
334784200
975334900
533840100
642465200
830113700
221274200
697351600
717382800
127525800
954215500
971815200
363857400
846329900
997251300
48551500
921412200
563539000
196391000
861594400
447767500
250863800
741674700
85067000
248632400
725059800
24305200
341966600
278122500
554310400
538552900
149345500
889094600
513887800
934820800
783195000
595636800
407730300
480546700
313019600
786891300
686397400
536470000
150748700
532727300
785356600
450935400
705774800
348895600
647326500
819004400
796663100
898190300
812314300
133365300
398457900
789009300
157670500
740424500
67131800
711980900
530612600
468112600
852710800
296135600
402933400
635905800
891772400
810663700
368087700
456427300
849190200
54485200
244532500
999938900
838847700
29889100
450874400
796257700
630420000
349836100
615262100
427083100
499661600
427576400
812083700
898119500
468220900
969754200
890179200
535352800
681735200
420791800
3465400
786081200
968562600
658034000
421987000
111970300
468697800
790074800
820032800
317888000
96195200
64565300
569462200
935042900
346089700
271971800
731300700
976509700
621807900
598198000
655228000
121469500
277409700
467311700
19589000
745630600
437066000
161403400
532618600
370436400
833830400
536084000
156517600
802393000
194118100
578504600
914363300
914451100
620214600
734396100
483974300
716409800
50596700
305071700
903088000
396686400
577043500
886023900
373196100
450486600
735857100
280059300
823591300
13266800
747371100
94815500
10532700
436072300
256218900
543151300
806508700
90049300
330870600
214661500
892442400
776623900
44801300
58440900
691075000
916651200
44472300
426684500
633061000
95069000
731756300
787784200
491755400
560435000
673808100
116586700
10921700
661300500
396646000
834513000
674567300
395652300
929328600
936735200
831724600
185547500
731521800
889868500
527232100
62392400
104530000
419674500
839016300
400966600
729750600
781726500
317617800
774222900
208411000
202314000
120927100
940167300
990098300
864317700
500602400
915541600
980904400
763159300
576842100
629185700
597672300
503044700
24838000
778636100
439779900
856562700
215818900
171301700
746431200
743051000
485329300
102596500
414360700
324345600
503563100
144111300
106072100
821180900
169969500
314483200
23494900
290896600
506285700
265228400
406849600
6888100
180770100
387754000
21682600
9247400
16939700
619355000
512292100
41777800
397991100
203707300
149975700
865445200
626644200
896406900
608496200
111973600
250638600
274492100
436319200
754201700
670238700
794026600
575382600
840208200
360145000
850512800
382740000
866430700
115741200
789589600
124954100
548146500
428978900
146636700
557394000
697553800
17626900
321321300
739331600
667253300
525028600
140942500
532698500
151672900
288984700
141194800
263646500
539623300
415686900
951600900
293825100
337560800
745627500
120842900
177769000
357407700
222990900
812144300
223838500
590367400
853369100
600427800
138513900
282348000
747064500
947543100
979901900
764691500
268864500
970868700
431944800
45528300
111811300
964643300
197201200
652431200
357473300
712482900
192054500
24795500
664083900
737514800
362356300
661346600
109993000
791760600
18754400
332983900
855540100
494228100
174986500
708909200
94655900
565135700
242892500
841720400
512678800
222794400
858047100
33178500
445298300
541627100
78706900
808744800
757905700
527543300
461176000
115379000
240026300
904865800
391809700
155745400
642380600
5801300
817092000
752373600
797561900
87481600
336992800
653102000
833344900
511979300
362011200
928000800
77115000
604903700
21356500
841429100
79333300
131038800
874607600
776266900
672666000
204949700
585011700
430571700
732493100
297823000
797585900
224154600
202688800
189395700
379900000
96704600
195197000
448627200
100713500
244394100
787744100
437706300
897496100
621089000
949685600
511142500
800725100
278435900
367681500
822081600
119865000
698650000
204755600
246107800
474916900
877421600
451057600
311563900
559628500
435185900
609386900
357214500
659340500
63710900
798245400
290875700
160415500
993442400
739502900
261129000
489471700
778882200
950470500
638603000
399971300
900156200
401380700
452331600
430227300
20697400
526048400
550092300
719347500
730804000
796200100
445899600
608225700
498892900
757463500
167854200
934078800
618485600
525068700
845054500
933831700
574949300
135930200
94247300
568391700
127068400
607011500
309498600
905950600
557482100
948101600
557557100
709273500
349482400
261523900
139500800
370179800
787572300
941228300
341162500
518376400
989063600
787062200
126602100
487956600
796160900
546091500
673670600
666281800
322795500
518725200
600113500
897744800
906290600
694360800
717771800
284994200
553007600
27270400
442580100
110489700
227007300
251772400
819763200
576489700
513296400
210899200
198304700
300868700
152127500
539467300
819245100
141191100
578164700
197482400
880782900
625960800
995209200
806088800
292242600
318004700
324814000
892356200
467384700
482739800
838352200
185156500
767734100
391359800
464062200
210314200
753484700
691069500
462086600
824883100
519194400
227018200
287417500
969134300
527887000
439545000
760236800
598767300
832371400
338401500
796249800
964789500
964362400
791459000
770878300
508240200
361098900
347327500
400596400
828483600
830067400
490583900
265275400
849436700
133578900
729337600
311386100
887063700
672042300
25107900
963582000
442871900
252126200
250999600
412006200
31648400
942179800
172243100
630415700
26186400
762279800
426665500
990976000
978277400
469759700
13489500
486517700
830858600
360817100
138749300
659342300
442519700
880968400
176252900
543591600
14547400
905590500
854977700
153246300
829268000
131720800
116828300
272139900
383847000
619463100
684146100
415495400
561643000
108024400
297546400
587829400
121939500
724211900
830440600
100216900
445606900
843930200
838369800
276465500
456382500
977119200
187443000
898902200
858087600
363695900
442493800
124270200
520921600
549106700
277516500
350189600
680827500
645980100
622329500
316309800
265443200
558110900
983440400
78721400
917770500
280986800
918186100
39710000
5198800
261900
139927000
450805700
844192100
229932000
978906400
300574600
207051200
166349500
451112000
316774100
781680600
893605800
692679500
302602300
694347700
970196100
652791900
375175300
867811400
275121500
691485100
384889800
84867600
674925500
715246500
2638100
955912400
633432600
42348200
212746400
633694500
433910400
915187300
729521900
663842400
894093700
281731700
122528900
312078400
732843800
690938200
93759100
878084800
383617700
396361400
572432600
353813800
49153300
947607900
473260400
575910000
890728200
858150300
660777600
565653700
573396800
663415800
773201300
458464600
957399200
237582900
92159100
391309600
152770200
73316200
306787200
298499200
355048000
429316100
610577600
339527000
120254300
704336700
217611800
503872100
352333300
790044400
109321100
653121900
989287500
582581600
229031900
880015700
440731900
141444800
697304700
265763900
56495800
722141200
724228500
13895000
959724200
68022800
656839800
112494400
141339100
963627000
410993600
748022300
392943200
273206500
87549300
764832700
229178400
556796300
268704800
581511800
598476000
629661200
234633700
587763500
212242800
715300800
719414500
904609900
856745600
668354400
170373800
164876600
390495600
146237500
430406800
601855000
214260300
87246600
714349500
607234600
302508900
376978300
606892100
947087300
901820000
694441400
711920000
130998500
502873000
232260100
712510300
101349000
861921300
198779200
689112500
74164100
914080000
660162200
230409200
22460900
328516600
400783000
187337500
970647500
798655700
869379600
572502500
12916000
956626200
538487200
871785900
510770300
167100800
478678000
457857600
68920800
424754700
421412900
199919300
927627700
653673000
164064800
28976700
515594300
614479200
969724400
841393600
780194500
629886700
71802800
802655400
210038500
724221000
241628100
180686000
522876700
111007700
753188600
787427900
319269200
543311000
659213800
830039500
710411800
389527100
539532400
779332700
814281800
960945300
230887200
993544700
614618300
646587300
274156600
381847800
261066500
243881000
223241400
41261000
125402900
546679400
95551600
335441500
270900400
588815000
767762700
45412300
699822700
772586500
832840200
270727100
315897600
492054100
100766700
26309400
881581200
640299100
57277300
947498200
601244400
288164600
941042900
467497900
934751900
215199500
849345700
447453600
710715700
324222300
488714700
836118700
870901700
835901500
423195400
141802100
424716500
190958100
187214400
124539300
215179900
271689800
646901600
531077500
763743900
747668300
809022100
896960300
639602600
866299500
96093700
492482200
154464100
37136600
959980100
340851200
503971300
60961000
788304800
214687100
385183300
528654700
302441000
256085000
364556300
725636400
649522300
40908000
168229700
88371900
417082500
635044800
360061800
63984200
166122300
375440900
63287700
975144500
524036500
702890400
841444000
620130200
447007800
247543300
908902100
658623200
840029700
412873400
719584200
879969700
879195700
104767600
408624500
433271900
612487800
24816000
410543500
262010200
65724000
578773300
602017300
482806600
465453300
962079100
546790800
631575700
589155300
610078500
858355400
113191800
564604100
951434600
984957200
11612000
198977900
893859300
670235200
290642800
558368000
641454600
170612500
689198900
997857400
579237000
122470900
610345300
855688200
533014400
123990700
921412300
363422900
726008000
655854100
828876300
939722400
454280100
712087200
528877700
315993800
570442600
893704700
880598000
521877200
130297100
143845200
972490300
24156500
65715600
263133100
834159700
707170200
433745600
523358600
705027700
264617900
897464700
567008200
120306100
430479200
690998900
293353600
45537300
417006900
949207700
126048800
608364500
403487800
838136000
388877400
719481700
408578600
282582100
851714900
182091000
412879300
247195300
154581300
688671000
312910900
417714400
774465900
271716300
851460100
549459700
228379200
116078000
446924500
795387400
488019300
129038900
738021500
781373000
174576200
406663700
982215900
300625100
15028200
385703800
390396300
403905700
356820700
798975000
938123000
460170800
232701200
602637500
707366100
387282600
542943700
271912200
804997000
317409600
543628500
908092300
866869400
23643000
275805500
313793900
70665600
15460100
694468000
808687200
796833100
120679400
215350900
779049000
672939700
230379100
416388000
63336100
885920000
24843900
113946300
824043100
485014700
346647500
426680600
444016000
733930100
969624400
715928200
790562400
287034000
511192000
950289900
405538600
786470200
477730700
970967700
857135800
493190800
665435700
917458200
290023900
786115200
384444300
320708100
710690100
614823500
737096200
774026200
752378700
13575300
887972500
576421800
498590100
234620100
254737700
194241300
220185400
224362100
910169600
262383000
763031300
672996800
212673000
420205200
459467000
690403700
391172900
568238000
183594500
308243900
485696300
725253600
345994300
870140600
45961700
56684400
736599300
34693100
82345900
740613300
48268500
970318400
317035100
798493800
456573700
823408000
992735100
676759200
47770100
154539900
939142200
62436700
79171900
403450400
734277100
538638900
93854100
377085200
358512200
529083800
685329100
95843700
505972600
282958600
217619500
803569600
591278300
954218900
838262700
673624200
946467400
138166400
643942600
263502500
936660200
352151600
86910600
181030600
28910800
386315900
587205700
219688200
700387800
666377700
623138700
434664900
456651800
968628000
811750200
815164000
497711900
748714500
911007700
255319700
283308400
380262500
58889300
874586700
334481400
897152100
548210900
532584000
286953700
443788700
796086500
475249200
795940300
134632300
656279800
76486300
772583500
495120700
296174600
472971300
161498400
170948500
159271500
869785500
139576500
222656900
684949500
888923600
971371400
847592500
144243400
506315000
227855000
203132700
380901700
813971600
351920000
180747800
346555600
638873800
624536600
394277300
114123000
672112100
780544900
22038000
748598500
553128400
517158700
296408300
277734900
930292400
467356800
688641600
800077900
606933300
911298500
736662600
495857000
134305200
835890300
891735600
640620200
315380500
94868300
21522000
380987300
446788400
453905000
727542900
85662200
78441600
373455500
451420400
750553800
154000400
473458400
750787500
958764000
242252300
47195800
488134100
172544700
514552600
176775800
224257800
373121100
88074300
960920500
868978100
474014700
48446000
760713700
114635000
363826600
107217300
387792200
744813900
554005700
841697200
723992100
891303100
171774100
97447600
342723500
173963100
503083200
67817100
924750600
713482400
561704600
971946400
201616500
985884600
486499000
378392300
210142400
859620100
718101900
422698100
980233500
192116600
471144200
992582400
558386800
86606000
99799700
197814200
831419900
905440600
291146700
555412000
48378900
462920800
904494800
642737600
636883900
407578000
710554700
813269700
372695600
272259400
785216100
574312200
509779200
523350300
204339700
719921600
634605600
922441600
394255000
614839100
366193500
117034400
859056800
176215500
203640400
210491700
374029800
35060300
115932400
916811700
842107600
415946500
379732500
746602400
58684200
268251600
405815700
769238900
81521300
778511300
293133500
118372600
604458700
802912700
641722900
808798500
774469600
276328500
982875300
420359800
142802900
349068800
537394200
1859700
776919600
992669800
212351400
150949400
279365300
579919000
319396300
121472900
995865600
699128800
119710600
54549800
219015600
777161500
75423900
552172100
807308000
620192700
670544700
411766800
674740600
312267600
472200500
700845400
840231300
455075800
121205200
983034200
55779900
910234600
236529100
832699500
154539600
700515800
235284100
433905000
532070000
554680400
807013100
779570800
505444400
178358900
85755800
724460000
955520400
161179800
276632100
14463700
33007700
198812000
677865700
959383500
762714800
150066200
660229000
602946100
856777200
33069400
837615600
912557100
194939300
325779900
745256600
349478900
26295700
980540700
783383900
810001000
535221100
842032300
589571800
40665500
20391200
675327700
16760700
227546900
88142700
545028000
242010600
372785600
743840000
171511500
332169100
506554800
573212900
992398100
361136200
429990100
277102800
450387000
342547300
472042100
776166900
339439100
73156200
54097900
571615100
856540200
864098900
106836200
950207700
705305900
399137000
970598900
632268800
415897700
198145800
720411500
960925800
691791600
93197100
956401000
863303100
677001500
714591100
436516000
669399600
75727300
118141400
198137600
777749500
712323900
921814900
553916400
303398200
994971200
859649500
875013300
103146600
975383600
233484800
53354300
680689600
632621800
23953200
312958400
300154700
473734300
285005200
512715700
165525900
378202300
469116800
280464300
55203800
435343100
968615500
976238700
511070400
338392100
426011500
540455100
50716000
347826500
94371500
354114300
342797700
205656300
229127600
445944300
181039900
462612400
499298600
861729500
346869400
774887000
426323200
647024200
248621300
711328400
411375100
665782500
341165900
132127100
197882000
648005000
567470200
418132700
875878900
330175800
756524900
301890400
870630900
807240900
649716900
216637700
412990400
992514600
422294000
893753300
690094100
603333900
608000900
189392700
716698700
954870400
215915000
143021900
853529800
464536300
105985500
264904900
381954000
447151400
397032100
831471200
346791600
964502300
249604000
222670500
294678200
6128900
524561000
416944300
65005000
174277900
633582000
729630700
418427800
55876000
623384000
108521900
659210000
231384900
549549900
627543900
437890500
765464900
770565800
291420300
481636400
128186500
556325300
115225700
575337900
204992600
946696900
922129600
421130100
196300900
396435300
967443500
454065000
920996300
384387900
770705300
346909500
17969900
500336000
16972500
73846000
123720000
125494400
984691200
606740100
675044300
612235100
44630700
692144400
634436100
336051000
173780900
14257800
144011500
289006600
589595700
600639300
235703500
763360500
21769500
683639700
411431100
240848200
389339900
332427400
625236100
160045200
930972100
894841300
912016400
947944600
220322500
35736400
73439100
205013700
894111800
118600
68884000
190377700
692263100
954955300
526428700
117679200
969213100
922075500
406685800
810444000
774350000
894024500
825439800
47754700
829299400
236870900
288603000
470274600
820933500
165474300
630319800
751905700
60315600
542336300
699850300
532273300
829707900
24924600
737287000
975454900
25043300
57806200
165832600
968941600
264396700
943896600
338256000
485245000
117607300
996577000
295689100
891957300
142236700
372764100
191347300
971536200
861270200
731585500
441810800
682203700
897059800
323765800
434109400
209010700
117737300
385595000
741284000
947445300
410519600
730206300
922900200
687198100
39647700
340368100
907774900
304044500
284264700
246030900
789289500
401872000
242607900
336613800
545464500
384844700
961013100
736811800
608016100
822283300
468397300
301462100
504487100
365457200
625227900
190231700
826103100
742965300
575826700
819022300
942045800
986346400
549228600
116581200
925179700
840511600
456949300
832954700
144556100
741214000
330620800
185480800
143086000
573228800
773729900
688550600
209708700
734743000
676997600
817724800
808661600
145395000
119186900
313148700
762487400
996050000
503380400
588590500
739015300
330842400
659248000
681061100
568824000
208476700
797642400
494003700
300623500
254591700
578593600
445179600
247441000
909214500
882295600
642162200
734078500
907660700
330712800
195422400
894039000
259345700
13147200
702700600
404740700
383969300
267484500
167228100
631654500
22500100
7453800
370669900
353342500
918337000
303366200
922166500
126813700
352643800
667805500
427437200
858870800
498034300
124252000
106311800
407248800
258182900
748474000
392962500
417478800
330822100
588384900
311517800
590167800
853167300
14218400
246543700
488771800
281702900
665407000
120426400
555838300
924496000
491096300
909180800
842833000
46097700
82982600
221282000
398741600
750788100
900354400
257612400
248822400
276241700
615559400
907706500
534424600
615668600
300669000
951903400
946490700
140689200
515056500
788293700
993856500
529274900
34837400
734263600
62613100
951879600
854690000
618451400
876375600
597421500
779267400
719208700
643519200
862250000
940490700
293896000
864673300
92480300
803143600
365131000
368722000
418703000
272837500
903146600
34371700
825141700
106685300
232497600
217466100
621741800
272426600
211322700
402651900
558899200
945586300
716900200
510778900
51911500
586986800
387154500
649333000
617889500
357998400
544487400
480139500
298489100
838383500
596448100
642604700
641527100
961579100
11326700
60230200
486051800
166108600
346237100
562828700
524429100
578734700
780294900
397806100
102796500
243252800
800458000
661695800
440474300
768993500
172474700
492385800
607615500
559629200
141718800
225505000
917627700
686206200
957279800
467752000
776224900
805363100
361991900
417752100
766942200
373318700
729617500
504629200
539427300
75854600
67457900
63856400
906224500
847752800
461662500
9021100
342640800
513755700
922352100
783115100
534384400
94826800
275500900
142000000
906091200
668854900
619140200
75354100
606696400
828055200
794741400
634556500
633418300
156733300
52308600
651995700
530052000
33561300
156624900
321114500
361051100
475718100
384970900
267275700
575106100
98268600
527932000
917747000
863659600
701919300
952497300
398044000
796746100
479633500
791679200
702837300
400123600
662454700
778191500
6820000
490509900
824568100
893011800
375563500
981301400
945320400
27559200
762988700
230517000
435819400
84103200
591568100
163172700
720709400
110479000
738278800
70613200
638411000
907661000
934272800
340330300
860158400
332316900
388711600
591427100
375631300
343184200
991550700
38086000
373010900
250006000
780231200
197579000
143017800
155794700
178880400
339973400
434989100
941869100
570490400
122443700
277607600
162058600
285616400
998317000
272537600
275530500
68930200
162583900
434826700
254838300
754549400
546620300
838790400
143261100
138047400
214421700
486445300
129598200
504143000
859456200
379604200
284374200
57035200
522622000
440168900
487550800
862595400
126793200
681055200
433085900
249237000
958662800
595144500
534853400
208615000
119317300
62019100
277545200
281901200
496845900
532383500
36450700
43466200
371173900
179711800
181513700
837230900
917792300
311111900
341373900
777248500
690716100
625748100
85918900
464973300
317552200
825104900
579203900
444345400
506160100
12289800
693582400
464822900
859069500
480071100
925073100
978386900
542090200
202618400
260288100
38936100
986637100
548374000
82402400
609446300
728085800
263916100
698312400
897513300
826663200
39686300
926397000
769014500
917069600
12315900
233987800
234621800
837420900
813191700
930602400
595216200
77116800
624184900
311674400
187821500
355891200
236747500
166208400
897981400
691001100
678131800
188552800
677638300
226505800
270955200
538719800
206226900
786506500
237032200
355375400
864804900
528353700
281772500
633819400
445423300
294088400
119442400
680045100
383144500
184269300
862282700
229996000
513021300
738102800
541670400
700842900
93994000
778417900
118686500
991975500
469419100
48453500
180528300
398692600
274959400
703118700
189047600
732821500
741260400
426079800
88196900
606065300
954433500
369969400
491519900
399856800
915693100
862597500
331537100
550472800
46866800
445455000
780468800
559888200
183557900
322139200
512366300
277551900
352192400
631052800
521162600
73246700
679506400
953326100
471939300
206101000
656444800
660986900
938922500
649340400
338701900
278754600
507040900
293135400
900359300
998560800
944627400
816052400
861158300
527799700
618160400
159660400
973254700
650264500
971183800
156812600
972403700
483550100
685999800
576231300
114602900
207162400
649478000
794109300
160488600
121417300
210300
68568600
34039400
190768000
969544300
372741300
721157900
476585200
917511900
621517200
726781300
862139300
689204800
839574800
641574200
307365200
999235200
866464200
957629700
970419000
274912000
181668700
453969100
960911800
757900000
820207300
168074300
659013300
614316600
580198100
32065800
866162200
900401900
66105300
308565400
869946200
438846600
29723300
346531500
607993800
651240500
73312800
721768300
592080500
164522800
363342600
899445800
163758100
481442000
108710700
385812300
756354000
542014600
91416700
717265900
551549900
911624000
136975400
210563200
525940600
717173500
242629000
643738000
869210600
308734300
952303500
739156900
999216200
233662000
85688400
607210000
136537800
410636400
580613500
728618300
575159200
943956100
879699300
990552500
425398100
240045300
376364900
433387400
782059900
467781600
150653300
333609800
379405600
539263900
795808200
156981400
508072600
38437300
52354700
377283200
598806800
256293400
116440100
849658200
489955400
202128500
708503400
878128400
864400100
289117000
858382000
691194600
484708300
738081300
681747100
161741700
229761800
58112000
595129100
11821800
777528800
745782400
597066800
408569600
536681500
392875100
565551100
44754100
682947600
617905800
422037300
281754400
874199200
538477500
383047900
615789800
992241200
91551300
493918300
108276600
632303500
352300300
799471200
117011900
342016800
481218300
278753600
571778700
790965600
873882700
835235700
820129600
871300300
683937700
228699300
407981800
76812800
45885600
704371100
11395600
663791400
126408400
544785300
789625800
916521100
927833200
657050800
908762400
271019700
402604300
17039000
903323300
6539800
68145400
20335200
600191900
549363700
299088800
171970600
591964500
424606700
258841500
412094200
547542200
942779200
892428700
207159200
271227300
938314300
911530300
282622900
853740900
37938700
827408200
643366700
954459900
755241400
552052700
114857500
26261200
954657100
383531700
181219700
212832100
451677100
201554900
813024000
252676000
752278900
984994600
844640600
176885600
495471300
508370000
976063000
438250600
400798700
183222200
709477900
339113000
94752500
243736000
192853900
132691200
71144300
87855800
338786300
78020900
891543700
705279000
355917300
846200800
88810700
537137000
59033000
540487800
990327100
123692200
44799100
742606000
108686900
141074900
171126800
855793400
649444900
147189800
545679200
301878800
330412000
506792300
640991800
425164500
750528400
85480900
809491000
821672700
424971900
399912500
151328800
316515600
105191600
507246200
162716500
194002300
296018400
473384700
986125400
286345600
597076900
30924500
28951600
957399000
423634600
451713700
64827700
73079500
598903500
610506900
374958300
180950800
117299300
267585300
857750500
867827700
353066200
918876700
941135600
778038100
318789300
344099600
94553700
423980900
102981000
508905400
869618400
398999500
233925300
107379000
685345100
82637500
389938700
965931900
291671700
813573300
669280800
356499400
886652800
268184400
218641600
513246300
700770400
335940900
32466800
558520900
455403800
385533000
477397700
648174600
415206300
796187000
992274200
761395300
471803100
95255300
521935900
593056700
745890000
7496500
700435800
682870300
90134000
342009700
900437400
633440900
155583100
569718300
989940400
293871100
837902700
208582000
58752700
538673100
796158100
91219500
348829200
251561900
476752600
826226900
151371700
143594100
874049100
395281100
904989400
597487400
742171600
678560600
190544200
488061600
686057100
142615200
170931900
776191100
484624900
323004600
409632000
891843200
892722900
651207600
185714400
730625600
111424800
244467100
520933900
907582900
335686600
121398300
410780000
64074400
947625300
813786900
459303800
73309600
209068100
615928400
670797100
951239700
294489000
112976500
690936600
980546100
255591700
113503700
8372400
991851800
436508300
669639700
883695100
329231200
572482500
69409500
311492000
683907400
565511800
84061100
843125500
152833600
205459500
505540800
216908100
404720000
319327700
927847100
478029600
780031000
543775500
148826700
982906000
89899800
513438400
673842600
70445900
769030100
38981500
330453600
760882000
475489900
251728500
896212300
56356300
75846200
965621800
367848400
11388800
782768800
703544700
854514400
935602400
909004200
611690400
404145700
313724200
931018100
331992800
43389100
711049200
127403600
443851000
693955200
217303400
957289500
619433000
539384500
977954800
658414500
121473300
738836800
385539600
624837000
886684300
441896000
700683300
852306100
61379600
712072100
886710100
16559500
818221700
822312600
925563800
429912100
478093500
490923200
612565500
61721600
534312300
575249900
189125200
229798600
520840300
406428600
187088100
140273300
945813100
165042900
50323000
318921700
155515000
687497900
943758700
42199300
381029100
644442000
146140700
694043900
608149400
32850800
710603400
678006300
106798600
887802400
359553700
584892200
378725700
972119200
646613800
164673200
799004300
87374200
646107000
319844600
493802800
833195100
711753100
691251100
249873300
13711300
10172800
657023500
701209200
953931600
699222800
82238300
850008800
96998700
776282200
458158200
381484800
738520900
387799800
739918600
626323300
747353500
576446000
256684200
719472700
474695000
672992700
770112200
562069200
319099700
89956800
307507200
403930100
53345100
998758400
653803400
67056400
260566400
310826900
768265700
466133200
261684900
102139200
567777300
610318900
130056700
277570700
991803700
868577600
665370500
983357500
494900900
412724000
559803600
751585200
383831900
34498600
424577900
153944100
596567900
995312800
243900900
904075100
399242900
548881200
154468700
53046300
615937700
666670400
615508400
635838600
384438800
128828600
737977800
952216100
739147500
868034500
229786900
982586400
988247300
895157400
965943900
483148300
307881500
525747500
486368700
691713400
560246200
162581800
845657600
408449300
157894600
341193700
564159600
808772800
890075000
970263600
861819100
757647900
636934000
728962800
393486500
21372800
857791400
383099500
225224200
596938900
502769300
455011100
831160500
491016600
601803700
797104400
225800100
161320400
322852000
712168800
104669100
134733400
126385800
201961900
543182700
284280500
543155600
358977500
93053300
684865800
329241100
206507600
442513700
966175100
187105600
87635400
239183200
44897000
722370200
716042600
893471100
225139500
171053700
724631600
967791300
24492600
773371300
193591500
185813100
347858500
157395500
290482200
482591900
283781400
744079300
277409800
819697100
538870100
636387300
164385600
223736000
965628500
622528400
917884900
183438800
809634100
257155600
674257200
106166300
979525800
390299800
999637500
456300500
812988700
975904300
424091800
837481400
910800
617683300
274929700
348769300
26714100
817047100
82996400
310495500
561126400
612041400
381827800
99996500
500064000
546213400
575367700
717327700
168741800
744887900
900766500
230011100
2043500
826659000
336177500
233204500
216958800
587450200
689505000
29947600
814989700
113596800
119064200
815900600
982915400
645629100
416305100
9629500
462676200
750936800
320125000
275437800
362978200
701952800
627069500
114677400
499801400
202437300
832005100
920178400
198960400
732771700
150189600
201003900
811065900
738002300
685843600
28024700
325452500
375348600
309607500
392077400
488945400
680306900
459613200
471860800
325936000
127553600
733125500
788612200
878490400
53250500
315685200
493103800
6838500
942754800
607781300
758275100
396827300
439786400
678453600
595787700
424193300
80278400
48426800
235259200
818280700
734270400
514919200
395368400
109619000
824526700
39081000
850199600
504833700
498694300
573695700
830769700
626247900
306821200
871017200
756373500
360071800
186702400
249477300
618545500
381092400
108893800
376820700
777919700
548680300
306909500
373707400
224508800
638823100
422134200
459768100
457103800
156404600
226322500
104107400
517658800
50849200
143188400
367858500
807318100
893517900
941554200
889723100
519765800
248375400
12375500
527774500
860082400
199077900
777251900
730263200
831805600
886145700
358719100
609725300
686461200
917263800
235068000
910970100
556086900
657202200
622373400
13190700
65242100
848695900
368933300
834536100
151180300
512121700
202394600
958498500
657274900
395584000
99856800
428675900
895594700
112232300
956450500
7312300
562945400
733702400
737575500
394751000
871483300
347929800
4476400
809579800
265193600
491179600
720549900
821280500
400017000
594558500
86106400
465259100
694889600
455039700
299795300
97705100
218796700
753825100
56203600
876071600
149409200
156060400
304747500
296639100
519927900
261198000
303951400
82873400
246535600
41527000
477624400
369654200
641092000
733736000
179234000
906285700
224915600
151419100
727566200
624932700
997612800
813672700
341827000
692502400
520347600
893257500
790207500
990779500
647082700
98046400
866851100
48127100
505742000
423233900
596401400
25670000
936067100
900352800
108543400
434238000
193515000
837803000
803892200
834607100
571539100
234761400
740892800
48089900
386180500
720094200
673022600
635428500
785402100
14849700
579566100
305749800
159742400
369773600
296529300
806825100
719455200
415015700
106587400
476832500
838249600
702988800
754137700
25951900
854976900
862681100
460189900
48491900
952119300
515717300
883099000
523658400
750478700
875627000
571748400
388294400
595721300
496406200
23722900
381123400
762891100
603289000
686873200
922633600
224697900
235037800
981093900
944153100
650053500
339316600
672620800
739938300
293940600
426758500
17525400
148917500
541074800
477715400
197409500
493194200
993432700
332143700
268487800
995546700
207770800
91871400
383841100
803492100
588277700
407564100
184615500
602804000
10853100
123124000
777072800
487186200
358161800
758166800
431339400
259850500
349118600
355595400
999788800
643059200
782354000
17314200
791976800
323428800
746664800
989386300
68258200
991732800
321530000
336746100
987279500
529300800
680252700
371120600
584428100
268530400
30319900
769043700
122969700
292808300
892167700
900042500
779994500
250329500
909844500
211333900
761815200
258963100
818564600
761604000
902022400
600918600
30553400
693999200
175982600
28853500
935020700
244240900
20586300
508185900
832622200
259501000
289122000
512874900
882256800
873550100
33040600
912576800
642593800
156010300
205385100
786396700
56052800
985379600
288361400
217532600
448348800
50176600
476495700
266913400
63415800
378518100
119467200
345604500
324152500
295449800
626093200
259173200
539690700
898314700
767359200
372312900
157815700
56481200
885187900
40072500
181666500
918228500
204284500
75895600
325874000
409669600
862292300
633562000
646684500
150653800
851094600
95033300
452465600
327590400
613581900
515881500
957743700
733049100
113121200
281896300
28498900
739214400
541069500
819824900
637529100
560063900
443773000
795344800
868180300
328960900
87052500
49846900
498824600
291337100
125742500
76333800
952641900
239670000
709895900
599326400
390323800
560990500
945994900
94424700
140216100
811212000
610306200
97959900
544261100
975062600
379856200
824395300
714277000
172560900
895855400
351806100
984260100
339628400
398786100
852440400
920224600
485838600
153922500
670684400
28810900
279665000
747018300
981452900
519335100
456914200
580779300
161294100
269539900
778409500
255718800
409756100
589621500
117660200
759351200
385517900
92722800
139207400
461548400
806999800
563403500
357403800
410441100
547663600
948667400
809227200
651739300
868892000
546701100
805661800
791211700
575512000
85326900
538230000
556964900
856297200
246779400
389379500
269226500
516319300
167789000
524945400
177710600
9045700
894240800
937061800
394563600
986963700
327904400
107747200
45598700
891308000
465151000
456039900
690606800
665453700
516902300
342346100
534345700
63603400
399643200
577192600
639115500
736605300
115422600
447715600
592902500
613837200
88730300
862129000
130156600
256519300
638709600
307867200
517200300
532950500
496564300
163399100
519914200
824468700
271146400
817148100
715776700
987932600
524823200
658018800
653386300
41725600
364900
439367300
105329000
651643300
16559900
996079700
388248600
383617800
443795400
981151100
997455000
532525700
94915400
379246800
40680300
733625000
938749300
809515800
518210700
435313600
972914900
289760100
259782300
495696500
106908300
227194300
483629200
631731500
136848300
137015500
673457100
388848400
576382800
30421400
40491800
844578000
26501100
428740400
228195800
721931700
409891600
477286000
506092700
756442200
108168100
798408200
490067200
46917400
607924000
259913200
733866200
832474100
549673300
245283700
328170700
656581600
724113200
811799900
539948400
860961500
200450600
213405500
249810000
28468700
495462100
290301800
873046700
773598500
719042200
352877700
495530200
380569000
81798900
253258100
137011200
189967000
51666300
878713700
488519600
659590300
138626900
474021000
743699700
688300200
719304800
71870400
596517100
443418000
135305500
136465500
556014800
335756100
601506200
805824800
364224800
348603600
347761800
488906700
122202100
66804000
841784400
617732300
447373100
175218600
870990500
836019500
365185600
174292000
714733200
105340500
85517600
104995300
579361500
829217300
793295600
298666300
901087700
641447900
993719600
36393200
29548600
801369600
623784500
631054800
607194400
988009400
979658400
954956200
728551300
353495700
273395400
570335800
971228100
972403700
745554400
93853800
808423300
362375200
268145800
774791700
467715700
605298600
879787100
47077300
434515900
924717900
597378800
587238800
566165800
842733600
875267200
847349600
644103200
499051800
478404400
502932800
738696400
709698100
709524200
467247700
314829000
982919700
289218700
286057100
206958600
34773100
631546100
15381900
648783600
151327200
790173700
116499300
756625800
921596000
415211800
191141800
846313900
264225900
30015800
664114900
106959500
905283100
511464500
2698000
404334900
241504100
505630800
143031300
202837400
215155100
861914200
517666500
449710000
151133000
55358800
656668600
437541300
686905000
923685800
86324900
89867400
965494700
454459500
846493200
887090700
121306500
289270200
985039800
385532400
319286100
649154700
744127200
476204400
412254400
746825200
880539300
653758500
252456000
275205800
108231200
719246300
388755200
625897700
420591500
539888200
681256500
77260200
977429600
619796700
946000
315389700
709664100
966440700
21484400
807792600
105166600
142791000
348698000
90206400
779958600
919619300
990996300
524085800
395823700
403250700
270911000
527998200
57009200
775002300
54839200
165240400
745883800
443594500
42773300
166475400
235117900
975665100
243735600
464182700
595461800
496316800
779572500
556761200
714392700
801056900
616189000
819559300
195483100
216522200
161400900
975441800
136141600
152397200
499527600
783600500
555647900
22073900
563234000
864292300
48711400
618073200
281168000
794595200
313302900
323941300
961070600
548420900
299606400
456441400
12603600
146703500
204393400
43811300
955099900
918786100
96503500
571288900
989980600
291986600
39446300
151381500
267428400
175587900
303778700
18591300
210823700
859426600
40665200
774057700
723719000
89376600
643766100
4887000
135607000
208704300
580463500
348312900
8760400
880070000
804754300
272999200
278408700
9147800
316810600
233508600
179569100
413314100
56432700
169549800
956935900
95879000
320931300
224364400
523102200
624710100
494590900
733925900
735771900
786891300
759618800
459490900
127903100
655020100
716013100
263510100
115359600
296476700
611823000
124120000
428181900
668212600
397119300
958225800
677360400
713929900
191734400
108564700
378879200
499802300
278114500
335815100
595681300
850681100
811814700
370418700
727026400
306405600
355979800
462798300
93296900
367233800
173924500
221200000
22254000
141572800
736345400
137613600
689684700
348168400
513368900
117866600
16381000
910488200
76092400
945376600
876053300
519462000
305576600
254932500
19264300
583691100
842382800
866580900
686007400
905832800
488634800
413033800
212238400
844614700
127467400
557170600
211848500
553027100
30005800
485737700
694599900
766351200
874986600
384284700
366154900
388355500
753786500
634171100
550478900
81514200
831183000
426532200
600976200
136759600
933099900
871875800
972085900
775482700
990091900
658093400
681315500
478726700
322762400
145189200
574976600
450229800
953995000
38460400
254892100
984000800
524198100
949492100
1987300
650819900
585412000
619777400
39175400
339198500
505583700
589654300
672347900
336766700
267821700
273324200
473526300
200921600
396835200
445612300
228039600
386927100
355340900
909355100
117289000
678103300
306179500
692265700
128333200
260174500
730726100
383225300
495810600
506559400
584352600
749433100
157379400
421399800
620845700
448190000
12233600
126429400
289479600
684581500
463196200
557301300
209540900
188357700
9858200
606376100
633970000
237897800
244938400
989310900
398888100
362227500
667414300
705067700
306128400
47382700
216877400
36854500
682243200
964323200
795049100
518231100
713756300
952428500
939630900
334602000
652253800
951864500
712666700
941733400
636446100
175862900
499034700
97622200
364220600
508892900
703998400
249825900
998425900
948936800
490772000
397314100
562799500
409821500
102381800
868927900
457204200
570894400
157417600
391082700
535217700
952466800
160949000
500609200
904895300
100579900
86846500
808784300
304079700
799513200
750517700
192161000
975376100
501187700
289783200
591231900
261715800
993781600
841057800
260141800
194353700
331829900
657455900
757153200
741651400
11472900
877716400
450490900
834002500
35134000
93208800
369220200
987600800
254157800
121464700
144131400
354737700
208311200
952915700
658817400
7824400
955068700
102613600
983200500
456256400
392396900
826067600
969607400
637813700
667125500
229749200
832167400
250590600
138840300
840955900
243877200
401948400
718672300
694368100
487586200
5441500
39212100
856806400
993042400
293369900
978271100
388809000
899742900
186582300
341724700
810195500
194406700
548428600
912809200
429242400
4685000
305206100
255310100
225927700
194655000
174070800
455676900
26822500
676296600
846152500
119413600
920173800
499736100
89721100
866177200
987322300
95162600
905389300
95764000
339840200
450394500
325670300
728649200
350137400
512252700
322009200
160332900
958294600
870437800
324777300
639172300
126758100
629983400
146117600
352685800
824638500
571823600
59997900
103096200
248120200
157785600
474145000
168294000
657521800
815501300
286106400
644844100
162299100
191495800
992243300
753774600
641890300
317913700
482423800
243662900
830166400
56068200
403995800
40096200
178141300
980408400
930903700
556534600
610391800
328656500
909220400
686665500
900480100
220853500
41396900
148600300
378639200
767177100
568529600
36161000
582678400
854636000
932640300
744977600
297767000
924883700
498752200
191292500
242797400
232811200
434955400
324599000
540514700
90586500
616330400
718656000
70994900
798869400
526825800
933021900
127525900
436046200
871322700
28006100
908534900
164354800
428241600
287174100
931532000
996771200
574970300
765845600
103042500
759245900
762458400
652444700
684129600
261210600
843737300
178562200
745657100
530327900
754796400
537807000
872549600
622762000
508098200
195179700
421631400
34924000
379836900
800792600
722605400
502794800
828798700
631140300
667149600
508675500
918314500
850316800
505446800
493284800
616162500
860124500
504165900
378620900
512569200
188295500
891466800
607941700
618492900
888759100
389904900
624924500
426566100
514089700
247686600
934664300
960904700
920953200
969588300
592376800
721745800
692193700
95171600
802179700
323334000
13956400
310855300
493283700
864273300
67937300
238203800
732071000
928061800
742369700
110691900
692266200
182300500
2158700
551843200
52428600
142553000
193383300
677353200
569119100
959108200
176675000
503783400
171648100
97628200
725006900
764024900
71009300
668835800
110831700
873189000
243805100
124788200
184044300
988724000
240696700
251981600
226927800
972767700
431678600
969297600
335094800
375580100
403233300
588888800
179058500
455661900
731441800
372441800
133015100
300561000
583185200
561325300
55979600
754833400
658953600
32621800
518858300
981598100
953092800
881325300
854787100
196897900
257748700
290466700
185622000
498445400
794083500
664185000
722848300
225762200
633482600
309578300
852977500
288351100
898467100
32036000
744013100
881544200
656113000
128663400
433740400
239298200
689988800
741355200
994131600
600577600
773977000
764625200
582175700
727069900
897585700
436962800
175603000
155334400
979064700
612860200
905415000
773148300
277045300
879898500
250545700
162163100
189476800
103523200
450514300
339579200
387194400
194527400
221123400
43307400
574826000
654863800
534240800
264814800
396219000
780007700
865392400
421831300
796268100
447568100
400536400
693853800
136166200
827774600
849188200
115230900
440634900
6238400
140014400
717680200
886136900
390560100
131478500
327248900
494083300
581992800
666828100
132912900
28155400
139586700
176220300
602981500
794450500
710461200
119431500
442304800
742104100
984824000
115771300
538372200
684027300
516307700
232226000
71828700
595717500
333049400
438694900
36352400
590923000
578709300
5667800
477059900
969269500
137146400
804308800
714988000
719139200
722772200
847901000
998929900
862358900
275756500
601911400
908444700
237852900
721342900
602384700
979957000
957802100
718156000
769964400
893464700
486098900
2190400
965293400
81816400
586875000
655623500
118168900
177798000
234332900
375471900
906493100
455237600
512618300
710802000
170225600
231757600
685209400
269761800
482322700
547568300
797153600
84234100
456013000
35006500
57212200
58397700
266598800
266649600
28188900
36563200
160114300
514287800
290388900
377042900
847739500
877263900
32666500
217543600
306697200
266999400
593015500
213190300
973872200
105633900
175627500
144097800
589026700
860836900
665494900
71349400
408405300
462648500
155583500
864418300
497655000
464430900
174451300
15889000
982715700
202640200
52452300
142830000
968563300
342841200
771508200
816302800
471740300
804174700
33846400
778437500
322809300
626861900
991627900
548316700
732495800
167255400
692414500
321522500
28092400
609544600
644507100
688132900
72193100
51725800
552551200
821483400
516156800
978637700
837372400
498872500
181278000
889824700
893337800
149841300
484301100
916481200
966144100
956041500
720655900
251625700
734479000
295100400
878487600
726106900
843417100
862618700
144997600
787466800
435776400
424725200
648646700
80283600
112858100
720839800
132009400
917044500
793958400
899801400
895682300
631330900
650309200
328595500
772790800
543647000
730072000
257092000
460128200
947851300
213133500
432419300
199477000
199247700
979154900
329599800
176989900
74207200
192218500
321987500
113309200
879630200
998347900
761955900
959913800
111206000
734431000
343558400
279885700
528389400
494995100
427203200
159720300
145304300
755798700
184146400
940586500
485870700
441238400
652349900
433722000
906007100
336404400
884834200
105254800
315559300
214434100
533879900
641401700
658287800
107502600
6346100
537918000
105850500
19937300
749467000
468691700
754368300
344660700
748577500
534392900
839655800
175780700
945748500
984960100
183214700
129894900
177181800
669085400
822768500
829531700
354442700
980410800
165936100
490912100
337300800
733130600
956981400
871180800
374532300
615269300
978683400
632513600
404822500
336169200
652450900
405924800
804860900
658454400
750585500
553438400
444482600
841876500
980854400
390231100
78471800
164069100
771761200
255653600
84789700
594529700
85185300
690867600
574940500
251121400
181779800
912241300
984252000
138761200
783422100
610419500
5665700
13740800
494568300
410488300
349910000
398654500
816413100
154770900
57108900
818633800
959844600
753226700
912145500
940699000
143457800
990617300
356403300
915219000
246270900
441193000
761383900
583091400
132060700
336324400
834212800
565475700
500201000
70100000
704236900
535258300
932154700
709902700
548999100
426723000
372026200
150544300
825377500
188439300
556950500
134121700
258708300
516795100
887348400
170853800
709129300
30806300
413106300
65532600
197660500
659377200
758360800
959044500
242468600
142056700
547004100
328316600
707532400
47205100
398416600
411769400
582463500
582206500
373307300
383097800
8929500
745333500
533642200
834307100
185408000
90592700
220064000
695751500
859023000
107412400
866605300
819787500
389853900
531346800
885320100
587514500
190724000
895316100
798194200
684827800
37372900
345198300
264779600
744905300
392403500
914831400
408309900
226502200
497037900
781617200
609600000
505967400
526950700
394877400
591909700
963993900
737105300
811973700
659745400
596128300
919386200
777985900
415915800
560875300
309332700
552871100
148389800
751691900
699822500
946584000
436519700
737195400
543417600
952934500
482100700
187456300
867765900
142045900
413958500
364803800
923663100
275193700
122406500
702249100
921706400
714316200
666243000
658811700
777925200
577623700
506575300
697311400
355609600
174126300
258186700
664942400
978632700
658211800
416634300
678455200
856431000
104789300
415650600
651483800
57723800
149386500
838940100
177125000
291432400
504533800
793564000
466730800
779727600
915970500
168979900
953069200
881922000
86858100
611880900
659847200
916117000
370091400
608793800
271726700
544217800
866980500
188304300
522850500
776827500
604938600
201305700
884893800
961363100
868591500
536377600
270722200
17978000
375317800
699482400
561045700
131486800
493046400
27776500
162849600
409017000
448391600
115918800
290939000
786884900
979435000
950786200
703002000
349526400
559580000
974728700
145379400
678195700
163033000
919865100
706658500
19606800
121170800
843187500
232605200
241397500
379565100
754962600
259375600
6518100
454445000
820421300
138005000
947491400
99833000
300854600
608143600
548224600
668408700
899082600
335109500
647843700
101504000
289746700
249005300
912719200
264475400
646020000
842550200
679143600
565885100
549208700
950385700
938691200
392396200
434626100
180088700
23596500
189588700
691099500
30114700
644033700
763156000
419754900
843160300
862989000
972244700
451304000
662848800
892288600
350386600
249593600
791767500
703525900
539340300
40772900
616245100
55451000
938428100
458795300
986229800
504313200
259639200
188250700
694639600
652035400
622876800
874728400
675632000
812465500
565827900
957381900
708134400
580619200
628772000
551294800
443608200
601016700
2598800
358092300
744940600
604620600
607685900
536708100
308146500
147026200
577481000
176026900
454112400
767544300
886457400
440342300
271857600
146096700
628593000
966497200
798132100
503105100
92860800
725399300
567205800
910324000
934416400
275340300
490943200
563188400
78270300
186186600
415840400
332504300
544278900
160781000
188760100
403600000
697489100
748541900
802261500
526605400
924568800
256373900
294149700
811026200
948351400
817642500
957122900
828579700
35775000
6890300
331684800
380271000
983924800
898890600
290595000
918341300
174230900
33173400
733164900
504136400
470995300
400640500
836640700
15274200
561421500
25400900
670509500
510545900
773942800
472771000
288786500
950146800
729144900
834571400
761173000
929131600
903849200
969931200
757711300
939624200
228456700
89396100
319895200
212381500
988286700
862125500
130722800
414152900
146934100
115523000
169924500
617929400
516163500
6565300
884838900
77585100
283601400
555348400
839766200
309179400
279754600
128552700
259326200
260534700
214759300
272134400
189666300
118608500
493700800
947377600
58232700
722157500
36773700
629763200
934539100
276695700
743523900
316897100
942483800
142093200
432420100
112408300
11657900
948583700
370608800
896496800
277804000
654210200
703480400
117570200
215024800
234870200
497758100
725986200
495404900
712517400
249755900
685071300
831126000
743456700
632448900
140993900
465614300
920857900
22392300
651788600
449188800
765916200
968685700
391672600
908009500
652741100
755716100
919667400
601324800
126325000
67799400
130764000
32170400
22915000
499969400
247195300
257785200
997727500
224816700
753190100
961880100
474572600
689896600
793006100
469664600
573980800
185635300
186914100
746473900
208027600
838702700
195662700
225579100
59023600
838970500
133588600
711764700
594686600
304891200
564724700
721011600
624325800
695488700
4817300
898876000
195458100
503647800
156661200
444820800
728464500
161486500
406701000
203037200
103018400
451342300
924337000
676999200
636977600
111251100
675108300
96640500
949953800
870771000
322219600
8977400
961376700
707443400
972377400
556063300
12334600
788737300
528710200
888295600
484226100
533527500
787171600
931319400
37175300
195468000
627775500
17275000
608589700
34476500
471947400
711608100
737454000
396284400
640242500
374431700
507535500
315350800
722707400
709124500
186121800
44927000
718102000
147498500
752370400
942114600
955197100
764705000
730851900
483907300
904635800
466713200
269070000
691807400
649667900
557880500
887275400
277443400
826790700
747500300
563555100
298738200
459108500
301009100
946657800
99351000
927076000
454193400
414701900
649783400
163317900
852458900
694710400
133055100
251592700
447080800
326804900
206789800
463421000
57656900
942332300
368056800
776005300
463037500
311499400
425673200
272553200
450410000
954751800
99343900
197910400
518306900
649717300
908654100
819316100
596375200
8005100
998027300
50568600
674342200
647810800
465521700
526801200
594156400
598576900
30029100
292872500
925381800
488454100
756293500
234673900
682421600
375985600
10679300
145459100
939120200
687987700
418012300
641165500
642739600
768991400
839075900
412681700
418708800
747730000
483633000
15084000
7370300
481660400
65652600
681712600
381106400
782809500
460149000
975262800
381386400
741813300
519770500
558403500
230267400
527699300
793077400
912689000
903684900
55391900
309783300
94440300
995014900
979430800
735605800
889389700
748422200
826316900
302071400
167131000
825682100
785704500
433850200
833052500
519000100
751138000
766400300
900106500
533947600
478184500
127004500
915334000
219997800
646775100
725372700
701900400
174474400
770085400
614589400
329794500
825477300
176007900
675870000
72127400
155438700
411475900
961517100
903860900
489428000
263588600
322627200
315110200
300928300
756477400
399797900
819928400
507615500
166198200
971670100
41563100
896017900
350309800
208532300
116015700
248720100
933905100
69551300
674829700
703990500
684140700
256259400
781103000
860148600
932129500
853230500
267222500
343605400
814747600
171083400
84668600
329971400
745345800
399778800
630899700
501823300
799576700
702463300
9438800
217410100
674133400
302637100
113428000
24443300
511169400
481078900
524798600
696709700
550630200
199628400
652335400
486406100
455887800
433438500
598189900
388017300
538304200
865412400
983257900
353051800
288131100
67926600
934658500
33476900
719340600
565558200
535300200
518917400
268021600
796374200
987962700
193790200
99011300
101390800
469868700
861816000
834104900
994667400
558525700
384735200
194295800
210861200
122776500
901818800
895934900
720966500
289836200
434239100
838014100
524729300
38926100
126145200
592655900
973584600
159622200
563631800
539142900
946557600
82549200
58799700
742931900
70511900
504225100
93578400
423537900
974093900
955394400
257642900
220396500
765555400
894013300
666327500
976416600
268425000
568146300
123986700
241026700
109617700
558225800
79040900
634347100
597151900
456821300
478638200
570736600
616443500
42270000
361514700
563001200
376454400
671949600
557568300
698601600
176174700
651146700
122139500
401903800
858176400
631417600
622300300
623731800
777066100
288627800
851783600
45491200
108409400
975770300
538153100
218027100
533996100
617194000
852374200
382783200
74015400
582647700
953519800
942094100
624917700
566669700
756730500
253007400
238619300
314298800
951609000
414794100
217080800
325383700
68333100
75257200
956801400
690633500
950624200
985502700
230896500
802407800
282629100
339305900
29813300
820782300
557333100
563809400
437976300
661342500
946592600
763626900
243990200
151747700
957356300
120543200
718417400
714086800
373550600
208672000
280020900
325159600
875101300
497101700
650543300
943434400
823994100
858979900
885703100
26253500
844482700
116599700
828661300
378747000
707540800
110109800
199529300
264873900
673919200
889140900
177851700
872147000
904403000
421841900
275529900
861759300
794020300
245582600
575846200
167570900
454254600
855867100
744365700
329355900
604604000
646544300
524425500
680233300
757159400
410128700
706486800
853277300
778363600
786783300
232024400
485904400
896893100
431553700
2413600
822447500
572329800
180265300
946229700
476732900
853742400
221759700
338492200
647762800
467342300
165973600
66968900
173232100
273475900
62969900
754223200
129715100
709514200
278648700
809948400
718308800
688777400
768070400
571586200
467141000
554853700
803610600
953045500
451746800
486799500
955459100
525829500
59129400
387359600
472059300
787497500
241102000
693819000
125989700
140500000
412796500
543598600
459104200
586028600
817074500
522074100
340251800
946789700
483223500
870535700
8373300
201532300
559313200
776443800
773118500
278089400
331297500
576729100
231134900
34679600
315163900
438229200
812144300
374293300
77224000
284203600
161790800
318326100
229657800
539415700
710461300
642454300
83014300
169565500
480118100
151724100
943274800
72005100
350149000
426498300
942540900
358522300
879665900
753489300
134966100
652784400
31578700
717898900
481148800
514348900
752578500
796312700
204213300
816358000
422241200
281437400
100561700
584032000
599763500
330219500
375082900
561860000
224309100
458097300
731425600
956062400
861456600
674700400
28067600
211605600
352834000
222243700
570127900
232499900
975733000
705094100
136919500
7311700
674628200
618068300
773295800
678841900
414381000
977509200
495199900
836622200
258946600
595761600
672289400
110345300
177616400
47372400
672205300
401925500
757104900
403630900
357987900
618561500
329966600
637690700
830167100
934435800
859934400
400295000
166935700
87302600
357024300
303855200
346249600
31652500
173558800
119545400
710494400
839575000
97054600
205694400
927832500
356001200
53091200
600121900
466346500
230707600
899129500
138551900
884268300
656234400
793818000
493891500
274795900
375419800
131582200
356598200
309855600
243151900
8528500
728426500
330454500
365552800
283917000
676704100
648840600
457475800
796249600
610970200
297050800
144939400
68299800
224883300
500940700
373026300
76640500
967287200
603733900
975770000
357474300
739637500
632004500
151292400
233529000
158435600
778347400
616746400
515033900
88203100
859898300
523562400
68264800
441988100
140750400
352181800
370327400
41226200
809657600
418212200
903831700
358343700
563151700
972131500
834862200
64092400
345157800
911502700
283014800
200527000
887272800
640489200
940164500
770912500
43416800
425328700
180983300
821764200
42075100
696017200
909967300
153608700
471214800
978232200
595596800
863600500
582049200
217559400
156461900
391706900
635771700
60293600
1685800
198923400
284060400
836548000
263015800
880853400
748050800
546030600
81380400
886958800
438155000
273180100
909506500
481571800
698508800
90489800
303336100
992219200
38142300
464938600
145827900
760992300
443170800
993059900
624592800
276855300
210619300
32690000
668562200
846391000
92983600
921883200
45314400
377044000
758431200
559965400
509532700
758117200
357631300
590913100
645076000
795786300
115728500
806217700
528993400
65872500
896707600
832329500
309726900
186485100
297268100
455554800
947477400
992074200
448614700
823705500
268929500
910869300
856395500
189126900
757260300
201014300
111010100
54210000
829693600
121076500
865810600
339226300
879193800
223441900
930139400
775905000
270863500
297503100
582122800
799856900
615010900
478830400
883821600
924737800
916950700
432724900
380292700
864428100
424799100
80542600
939768800
945363800
991411900
796164300
386125900
307500
997178700
497136000
306152700
826872300
618212600
171963300
166098600
749041600
395405300
347873200
524946600
917904000
897011600
107069400
969396100
512022500
837535000
853217700
436760300
754485700
285942600
68688200
870549100
962377000
400866100
810317900
907740800
643913200
858117500
545502000
895855900
106931400
42638000
202008600
185438900
912485800
373972000
603172700
913162600
21012500
202681100
438109300
190551700
99692700
545178700
159947800
863350400
634349000
13165500
551746000
640469900
550743300
620434200
511019000
513120300
272935500
572972200
672496400
916848800
431089700
469633600
812704700
538021100
512271600
14713400
723460000
676392700
640320600
326632700
589555300
661333100
529313800
279299800
103520000
880641800
824478600
263467800
743992200
710462800
528268500
547373400
350932700
79011800
167807700
861951800
843767400
692378400
434924000
767899000
609227200
866013700
237532600
673567200
655670000
1439400
939915800
630765200
929467300
580236400
957397900
770657900
493204700
738346900
49957700
596724700
870623900
126071500
111827700
866251400
836534300
640096200
413624800
187467100
719108000
581432500
301054100
814510600
525446200
735978100
834044800
134673400
853627000
71577400
59875800
760932200
324652100
999791600
391697400
254119400
831663200
600730500
24777300
324867900
339077400
326370300
173227800
461336600
452441800
285055500
327588000
288976200
925151700
741212800
476443300
895895000
574280600
777497400
962040800
99726800
765110700
796085700
486035400
870372900
119298300
545911300
631305100
443950400
545702900
23002500
949705100
377366200
623733000
226117600
953869300
214445600
552487900
127097200
675782200
256565000
663787900
3370200
545541200
840574900
996218300
273619700
736469900
570498900
302752300
950145900
670225700
67863000
746231600
156261100
938235900
117165200
953807600
821176200
812750800
499510600
844178700
14091100
128512000
467911700
240208800
82381300
933992500
44331900
461113700
609774800
300896900
376536900
864780200
98073300
217111800
860998500
371693000
205216900
431497400
674445300
155362800
353358300
993943500
153229700
761254700
183814600
522030100
715062300
4990800
334780900
466208100
849169500
348872100
846355300
568716400
840716100
180371900
502709000
136683200
641485600
364119000
437580200
269657700
228899200
535653500
486769500
89897800
158981800
943621600
773030400
833427100
350619700
126388800
79005900
503849400
139278700
262820500
277514700
854341000
519446600
863930800
572184400
620251300
212802900
418539700
188967800
305154200
598911600
943312000
441837500
492032500
307431000
131052900
761690200
536330200
918341600
500095000
626228000
77323400
443716600
399258500
162385800
45971500
777282500
241391700
549820900
916561200
755847400
78970800
22537400
526929200
942901700
594721800
147180600
407339800
264896800
336148400
712494100
115443600
531095600
405966800
607476100
838526600
537019700
620801600
374856800
455361300
372531800
252720100
784320000
67883600
903613800
946705800
113855200
932531500
439732700
915311300
849092700
447215300
994282200
123265300
974144600
937183900
969622400
121325200
344523700
234519200
709108800
308653000
349962800
240204400
714619800
209074200
330366200
503274700
829875800
705223000
210271300
454042800
209578300
246226500
521926400
113192100
192932300
635781600
45723600
884300200
551093000
146451500
331515500
797010400
269716900
557295300
734194300
239339300
930255700
330353200
725493700
639364500
890641500
75456500
131204100
856896500
536165900
461570300
611806500
617676900
418428600
822077800
71719700
628006900
319939500
593646200
992834300
512871800
481063000
290193100
648807200
283791200
436644700
231957900
80801600
706361600
789253300
66631100
197336100
719509000
648619600
922829800
610508800
539261100
249921500
993348100
396157600
786087500
706553700
7964100
403764400
376617500
81677100
475484200
4624400
401616600
320765600
249093900
166123600
801828600
539287100
814930800
85619900
975931800
298524000
166421500
933928600
87777300
484687900
131264700
58921500
133307500
305729700
921065500
672568600
555651200
166048900
320361400
341738700
872602600
579960800
745503200
249220100
913273100
472622600
505479700
314889800
793388200
6208900
732648600
846852000
545496000
799214700
932471900
521427800
97738700
350528700
706991600
437151200
835216600
89891500
747707900
220159300
395621200
668773500
144363100
951272400
834822400
464724500
544646400
959060200
296320500
541784800
459915500
209593700
14407400
217030400
776118700
59430800
223239300
508767300
906282800
768735300
559617200
90390000
541798300
657355900
440918700
248789900
346142300
527770500
338681400
93850300
999565000
985937800
14259000
143928100
937210300
100716600
860287800
733491900
59776800
156608400
275276700
771327500
366202100
541319300
988357900
142320800
600750100
463232500
902723300
507032900
231967800
462340600
849058100
25401400
371331700
289976800
525826500
717474100
69382500
116143200
811324400
68947500
102081000
77218600
464510800
290926500
177935200
324798700
24418400
489347200
481407100
299695100
512309900
99244400
841014400
500667800
493200400
693399700
215535500
395923700
200432700
699138600
109899500
49490800
724540000
481231300
591102900
250366500
198705400
912120600
618144900
261665000
232703400
720226000
338883600
697214200
11152500
768454000
273648100
287206200
257801200
6690400
586901300
770111100
105934800
679551000
522414100
850770400
372950700
989584900
246694200
825018600
688723500
356593700
126144700
413263500
837825000
717247600
915265200
288165600
881003400
533410200
801465800
365342000
505271400
391984600
62556300
768059100
160438600
587839600
55265300
669875000
594530100
893801900
691621300
952100100
573352900
465670700
802870600
946303600
455255600
301200000
22957500
143979100
657793700
149102200
808877800
747254000
117985000
724143000
287054800
998988400
509188400
88520700
364330500
266095000
480505300
678522000
34154200
892579200
517996800
341054700
814089400
112526900
234856600
505710800
316262300
59844700
971381500
370768100
257783600
678272300
671968100
280741100
822251400
581397000
429843300
882764400
580286200
547828300
858542600
867341100
798451900
619366300
955861800
414417600
885461300
688002300
92939600
171250700
832216700
862571700
512305500
646306200
975098600
998797300
152017000
542996100
310277300
375033700
913764200
568060900
53306000
837367500
848802000
127192600
418764600
530280500
261592200
999050800
329744000
120134800
866391900
128195900
739501100
73888900
794248800
624962500
13526500
138823600
47848400
845743200
1395300
560153900
492049400
228129200
810586500
895701600
771125300
120863800
522370500
936524800
688924700
827311700
773892300
789361900
954504300
192656900
571277600
216096500
443343000
901021600
587866600
309734900
280852700
327367700
635259100
75101500
203965400
900420800
213925200
251813900
997799200
466955700
811967800
489848700
695084900
874189500
637185500
466210300
246688500
159556100
402735100
187248400
986867800
428262600
976610300
193007400
620919600
799523100
660739100
64262600
700544700
500240900
625632700
233032700
827608700
512527000
559769400
31574100
412947800
25329800
283388000
410747100
492285600
346991100
152231000
187370500
472815800
41051700
905216000
719504400
452243000
559586300
906752800
690746100
987849000
134998400
883753500
860403800
934521500
796127800
924666400
635066300
296368800
801934300
119734200
375612700
566096600
679503600
407186800
230679600
704833500
942210100
893061900
197119100
540836400
296928100
384489600
13652200
337979900
541340900
733156600
790222900
100927200
639909500
480969000
88776200
774907900
616357700
949180000
709429400
664120800
125481600
596130900
212124800
179051200
715865100
587737500
745147800
395368800
246559500
227462600
100202300
188769600
120524600
548956600
729606000
417452700
185081400
994893500
7067800
726422300
728050100
48926000
827349600
619594800
529895000
167761000
646137900
397888000
368576300
355567400
313644000
494057900
203333500
525768800
924744300
170833900
365141500
921527300
817837900
611701000
148990000
169675400
52105900
521149800
718632000
33347100
190237700
903713400
28240600
197305600
881771000
7926000
497866800
960755800
627520800
279397000
128516800
273658800
677285000
748728300
880861400
990929000
494421500
335830100
768333000
419165800
506664000
133474500
340693200
324501900
996810800
741318400
494177300
300551900
514103400
464444500
585534200
704341100
619793200
865410100
153281900
501564200
873336100
651148700
462320000
752492100
930545800
842472000
277786100
859466000
591200400
410282700
102030300
85621900
746112900
121998500
756422900
504412100
255473100
348751300
80549300
503919100
341704900
826361800
804471000
855808300
290806400
390005200
811784700
162234800
255415300
216701800
663799000
380386600
119485800
377754200
132878800
50031600
471861400
662300100
161132800
314697000
72582900
263163100
651954100
70331000
385161700
408377100
574743100
892270000
8763600
906927600
647824300
350468600
733289500
703930500
457912100
275731100
345570900
269696800
437965900
852621500
486398700
353400100
233008100
605884500
982789500
617522100
907551300
454650900
279822300
320319300
20983200
352405200
835117700
672937300
422736200
471914600
332949600
249114500
364184600
341713300
156042200
263644100
692181900
140966900
967574600
401729200
416698000
313145500
671426100
106299100
165767000
409460000
459699200
650410400
266979700
442488700
267932500
426166200
148774800
799390000
746485500
169758000
151795200
581603200
94330600
826166600
53517800
427280200
326916400
669337600
20628700
482958600
932981700
964445800
623925500
900556300
366175100
292258700
465337100
37601200
398557800
631104100
698696400
858257000
281514500
965676100
552380900
801082300
643477500
952790900
600472300
389963000
122549000
3902800
971566300
468514800
81704600
276719300
895795000
408621000
197692200
168059000
143214800
130673900
132504800
18775500
282865500
498679900
311034200
748202600
787916300
961227200
630941900
486612700
71119400
164091700
703924000
623500300
965174000
347401500
576291300
817281500
988999800
950475500
821184300
212201300
670625500
902889000
488920600
566420500
563145200
686612800
734479500
706360100
68922000
118619600
976770800
351787500
617299500
287805100
351625300
405215900
500667500
234202400
143463800
571787000
398294100
847387900
195287300
615103300
446424600
23213800
432384900
435424400
225324500
253569200
647625700
895950000
408093400
388181600
714005800
971238700
74794400
700120500
929234000
395351600
818740100
906004800
998774300
436039700
445445100
350399600
92890800
946112700
836237300
236354600
517899700
234531400
335377700
964822200
101270000
33437600
239671300
533654900
720497200
464995800
38859300
368123000
612581100
698588000
756304600
326586900
921461900
82734200
278342600
850695900
729721100
97082800
8335900
728495400
784757700
453781100
330530300
129283700
651529000
166767600
617273500
169428700
652934200
204286500
385886100
754204200
237724100
625557400
539494300
958221300
342188500
829988900
577979500
206404800
528576900
585919300
784626900
450038800
920288800
62969500
552369900
650009900
411687500
560705800
378505300
196445200
14486900
709035600
577364100
917651100
127438400
194637700
87079800
780372700
398924200
724601200
786212100
888283500
601793800
325706500
846504800
195617500
407330600
676119600
402022300
935907500
513674100
186649200
637581500
433962900
249618800
189951400
83972800
661306300
750657200
714113400
109386800
16779400
674784200
686750900
934430500
802222700
133023800
273145600
834230600
531948000
249382000
620442700
420231500
851175800
197784400
518371600
46793400
605115000
194491200
448815700
792657700
959800500
635465000
681874400
393763500
136719000
123461000
729371500
49660500
874118300
695120100
159047300
142532900
369904400
97433500
328598600
423762300
230457300
601744200
257992900
14040600
851126200
130070800
434272100
953937300
579490500
204278900
730700
436240700
650405300
701181600
228898500
610205900
588281800
162408100
3969400
725000800
285869200
984976100
26296600
411622700
680096300
436979100
554155600
50000700
534412600
134389400
725398200
16505200
736133700
983391100
30545800
838895100
365097100
716453100
44467600
944587600
920732100
296833500
380828400
571137400
998015200
861362100
432978500
837932200
23770200
436947900
562933100
561274600
421924100
589229700
972897300
353655600
277844000
778688100
403656300
812256700
913077600
129054500
80397100
900846500
364080800
362578100
991376800
980813100
79031200
35844500
925400800
251398500
584313200
557864400
822536000
582328400
670861700
255514500
420260700
694631900
944097700
234829000
507541800
617657000
75693900
480439100
971312600
353537900
510762500
626604100
417429800
423840100
7293800
497826900
576321800
623009800
112040200
567698600
603822900
191071500
855178300
780858900
442470000
439491600
338723300
516641200
273455200
261220200
23791000
693715900
955852200
219523900
180180100
715029200
837180900
507509200
195468300
60128700
861047200
706230800
686732800
530112200
381706100
945661800
279574400
958027900
568671600
391614600
777361800
424129700
582686100
632540100
204988700
276791400
323666900
795347200
45067800
597122200
56567500
68858800
542473300
264054900
288382700
722653500
979084100
377198800
230162700
426187600
437327500
342845100
132418500
375695500
124592600
765759800
321357300
404167000
723787800
141664100
795781600
501149600
565793900
630103000
385324900
770782600
158529600
708991900
817765000
203597400
306114100
125967700
524091500
100222600
390022600
812474200
74511300
369106700
441308300
556309300
46929600
130271000
899154400
430983300
505966600
23747000
196743100
78959100
679549200
920530900
472258500
726966100
673315700
38052400
608704300
58640700
60470200
767233900
19267800
878235200
222466500
577017100
4203000
746558000
677239700
645860800
559032300
751751100
266602800
251975800
308060400
313532400
382246800
458850000
744515700
139848600
734232300
941258800
218807800
665416700
113425000
942701500
392382800
38375900
980753900
1087100
348651800
41224100
19956200
367919600
171094500
242422800
944936700
426932700
988980800
873811700
72793600
799648300
877198000
591031600
303259300
185258400
904564000
685506200
895743600
900714900
825354800
629975900
93608900
295797800
295392700
207033900
238499300
939410700
245409900
470888400
940497900
845696900
512112500
212089300
213616600
934842300
454512100
410188500
613410200
695128200
535635400
937839000
746411700
412833400
528870600
49671100
598091800
685069800
735177300
745470700
585784700
812167300
375446600
679393700
359600400
922474500
138062800
598099700
113520500
635107900
68988200
305653600
480804900
832735900
517742900
946056700
19213400
223890300
356245200
632623700
170653700
891880700
570462700
917065400
304714100
350968600
218371700
154441200
36038400
205184200
899911900
621823200
17351600
526993700
552852100
628587200
701103500
942550100
478322100
814624000
577658100
798945500
120277600
310098200
631681500
889655700
256154900
902530100
113546000
612400100
786789000
284199700
755916000
357251800
452900400
312265400
708220400
922907300
718341800
995894000
128091600
869888900
869352400
397078400
396882600
422204500
25665600
349621300
616389900
503987700
415880500
194048000
302933300
787793300
504146200
186250000
677449100
760301100
340415300
42630300
624336400
127204400
578465300
631887700
736091400
31365700
944153100
444311800
954273000
914130100
691841000
333999800
784019000
561193500
731078200
432536800
235033200
8379000
782158200
851423100
764002000
449673900
45471100
318570500
237467300
801252500
504820500
914916400
813188800
96871000
957546700
437525300
224075400
787647200
321048200
960166800
819012900
516836500
656113800
24921200
430966600
347954900
358921000
214985600
909148400
341634500
647522400
144181600
601648700
429680600
995604800
365650700
879354600
292711100
684221200
368457100
345598900
440676900
283373500
158787700
537548000
492555400
847948200
761623400
280202700
168996400
973425500
350850800
685832900
629539300
627407200
116799500
229129400
237963500
583420300
138277800
831233200
230942800
534094700
432881900
912258600
781334700
798532700
43248400
74045800
482753900
411705500
419644700
175066100
946714200
830067700
712614100
690904900
678015900
725872700
222742800
98647600
699298200
825228800
784480500
580472800
452636100
152915300
809602200
690599600
736335600
947880100
521832800
218913600
733610000
206349900
131172300
514944700
4882600
426055900
840625700
739271800
89396700
511905700
914337900
36110900
341973400
626952000
978651000
271624500
604459900
201393800
370272100
303758200
278257900
406387900
884231000
730894000
559303200
693833200
673128800
547274000
893348500
446596800
17822900
878593700
652946700
400630400
393538400
657829400
826686300
485799400
648736400
167718200
997705100
814709500
203829200
591313700
693296700
434115400
862938200
297756600
887144500
233210400
601514800
165402400
639598300
737381000
896296400
450536700
431214300
821060400
249445900
576198000
267657200
518904000
454791800
920603900
919534400
99965400
830068500
997856000
585764800
730440100
165574200
835105100
545149600
621038600
426418800
238446300
55154100
289357100
536203000
942298600
522567500
389353000
107701000
413801000
126734100
255632600
115972900
809583600
76693000
365418800
385781600
344350200
884322900
92208600
516589300
55492500
443809300
598293100
53348500
29574100
328733200
470558000
116314500
873882900
91596600
542733300
363964400
146750700
832090400
900167400
340684500
606293100
289520500
700020700
271729300
667889800
955653300
387702200
477473400
32346300
4756300
114890200
628331700
140714400
458734100
396556300
447842100
902543400
994849400
752825900
183752700
323582600
223383900
300067200
449100700
314980500
842800600
813065200
713366500
926526200
713232600
54051000
784454600
254388300
754071800
307819100
173913300
961360300
947156600
903021900
245341900
951912900
17912200
125308800
344262500
728281500
521865100
792104600
630824900
516714500
544930500
66212800
91932400
768314400
366280100
541033100
334930200
460715900
354098300
48296700
638877300
318966200
353982900
674967100
824989700
359689900
982786300
250538300
572685500
929942900
153560200
818027400
133491000
171472400
943336200
477753500
151389100
465201400
521493300
33849200
233551100
66423900
100062100
325483500
86373500
717977400
118151900
672938900
430328500
472250200
972870800
320841000
42851600
578489000
995808200
119476600
189814100
978594500
370014900
762499600
908537400
523575100
580527000
293663600
946682800
775498500
771417100
98071900
492335100
544545600
383556400
725886200
862604700
483618500
303005000
948978300
453231100
421156900
873552400
883559600
145042300
846423300
456035800
187894000
676547500
451844000
307370600
866361600
430438500
929020700
628861300
590611100
452595800
461023500
884274700
650913800
236522000
907327000
748985800
728857100
451872700
132542200
706378600
314477400
867795900
9383600
515090900
572662200
682175700
640278600
707857000
827218000
486701900
163892800
15112000
414884600
615736900
574117800
281246200
297810600
754773700
910107500
140057000
207369600
622766300
24331700
109918600
859288300
183294000
858904400
839780700
886801900
243081800
797794500
452914500
362512900
58813300
968005500
935175100
740989000
608284100
643032100
568207000
346621200
806925000
834954300
761505800
674297100
660707300
294387200
972107700
667116300
456130000
112164700
874485900
78896300
388131700
984404500
189819800
823060900
94944200
29600500
709862800
589661200
79030200
162777300
952174200
137843500
382418000
138984500
130467700
242337300
33651900
698674800
588958500
92212100
785264300
602099500
766509200
697606800
148122000
738616900
364723100
604252000
102416900
490844200
683148300
742183800
726884000
872968100
565244700
73463400
154203900
275107500
663124600
484869300
437884800
866934000
622712900
820302900
5918600
753180600
314275400
39570500
703490600
903234000
383417800
740390100
756968700
149927000
689632200
156725900
140179100
54355300
760977900
494231200
545199600
695761400
236415000
523718800
568729600
801659700
597182200
974568700
76767200
511942000
459438000
766287300
378876100
333786100
838225400
636429900
338602000
152500800
927635600
293727800
307370000
311053400
34118000
315974000
460980400
723750200
472699900
852794700
29740700
233677900
347026000
826575500
929439300
583441000
350294300
749804100
385100800
199111700
976008000
713503200
711053800
435446100
479790500
89929900
20867400
569651100
977995000
359469400
722152000
905630600
653197300
281157200
216684000
938950500
597131200
929299600
914335900
69831200
782094300
195711800
555144300
380755500
22287400
736218800
964196600
624216900
486023000
600932600
823328700
462031000
314435800
786017700
149112300
45861600
127582800
421615000
615512700
105577800
781084400
589299900
11208400
685916900
870457200
479527600
876502600
467588400
408827200
42473700
789054800
442556700
489820800
344199100
823312300
512108200
80418000
39144100
387960300
818076200
640076700
462924200
531742400
206147700
248941900
932490000
252009300
628159900
354105000
119157300
733737700
386824600
708457200
996581300
324376800
578914400
476108900
200879400
298138100
136571300
494988400
87192900
830763300
984809200
683027300
905710800
748552600
763445300
944854900
388148100
833156700
836566800
851072400
364899100
42714500
351649500
297389100
546359100
979809500
903129300
665516400
965182400
289954000
373973600
961763800
614330800
204523300
437872700
66845400
502661400
826079300
561833800
841489500
656842600
798278200
524516800
562553400
798466000
539597300
759043500
186614200
372754000
847245500
289321800
737653200
141595200
640971300
286677500
687954300
872416000
189806900
605105900
89233700
731396100
979079600
50997500
345726900
435238100
740505400
664207500
189534700
566584700
477676600
31024200
475062500
275954800
555541100
289251100
74420900
95138400
299929800
261035100
719527700
147175300
550356900
457180900
288770600
442963400
995493600
976724900
567014700
436935700
833466100
656248400
168331800
64180900
707245900
514058700
499419000
699386500
178266300
688953700
517606500
655942900
971613100
992669000
183532900
527154200
533555400
257953800
873927900
833485200
770624100
593455600
980660600
572616200
302271700
269431200
267214900
549400500
497791300
834229600
986336300
331257400
742113200
154668100
395438300
700994300
920362100
146492500
400380800
98628400
87081400
917987300
6206500
58694600
162291600
189739400
585848800
695847000
699328500
711411900
529332200
721587800
556502700
761628000
545839300
110409600
282694400
813054200
659810200
780485800
898919000
897781700
363378400
641032200
52449800
10452000
342026500
972811900
408579700
994042500
323075500
495661200
912029900
580917200
554355800
325956700
22291900
391839800
21803700
973255600
103251800
802771100
694843400
911389700
564399200
240682700
21799400
847093600
305372100
933244800
879214600
204291100
831026500
494228300
96958500
883476300
756315500
690620200
107923500
164895200
684662800
682634200
660556400
596692700
263551500
214912200
174284600
285843400
606752100
196088300
259099000
961639100
998859400
205577600
873028800
814893800
697895600
894828200
913622700
3267700
828073000
44472500
459194100
659099500
538700800
556152600
794211100
295016300
246772900
153769800
459911600
183070900
836404000
372103200
31398800
99955500
587015500
205683400
637434100
445402800
401771700
148168300
407041900
652266300
353746000
531705900
718795400
51641600
426534200
632418100
306544500
506242400
676890600
765738600
416977200
467226700
573526500
211188300
762243000
71934600
364958100
473789800
255005500
452997300
97528300
286404300
804588100
684543800
743722900
442022200
381581800
397129800
590190600
40258900
49396100
195571800
571964800
19826700
498848600
998499000
652244800
805393100
756376700
580770700
822767000
173353900
47997400
647928700
636177400
61875600
971498500
252770700
535665500
226504000
705768000
633193800
764543500
510356100
569372800
759901600
204013600
202589800
157031400
794204200
242848700
206427500
241411200
66448700
226254300
740259800
64947800
130134300
797288100
72959700
962540200
871690300
246313600
10537600
771254200
134126200
72413300
742752700
386896900
859714000
220891900
92664900
744543000
237070600
854656300
565551000
996972200
58669900
19776000
154003600
104509300
262624700
612066400
345920500
329073400
89955900
337815500
645656400
220090200
386738800
970251300
434265700
510064400
216564900
444803300
532953800
350691100
768851800
275706600
989223200
880201000
748233700
333523400
876379200
985304400
188179700
441930200
982276600
246849600
713341400
387915500
602994100
975966100
999981900
200549800
556674800
89937800
790000500
453966400
561663200
176739300
424217800
995928900
938438900
892417900
692367500
471392800
494744300
461219300
998734600
483967500
593055600
746968300
817490900
469434800
732272700
5670600
163000300
966184600
504155400
876341700
354100100
358784700
103943100
354082000
559334500
912253100
695655000
349335000
366219500
257318200
777709600
790437300
504882400
967783700
934490500
197249900
439176500
429234800
910104400
437911100
913202300
503160000
436514700
982328500
224230100
168787400
239634300
387230400
134972000
743789800
263572100
740707300
354209700
619150400
94789300
913544300
531403500
790444300
514514500
897623100
299397800
292224100
939695600
804280200
260007900
874186100
253165300
950819600
555056100
163269700
640366000
468258500
918065000
76880700
450587000
142295100
497303300
941856500
529525500
632275400
685646300
44732800
372982700
39856100
915518500
719407300
205035600
446922000
761486800
719550100
596180300
312519800
263409500
535876000
116800000
523417400
661697300
621600500
725872200
216753500
36505500
366238200
936647200
954570500
443118900
638869400
96865600
940422300
580725900
878026300
824332900
518007500
174394300
448950800
809498800
89912800
419993300
266169600
536834900
181480200
985719700
133015200
494000000
249129200
920526400
862435300
24181800
582223800
735671000
750054100
50612500
772176500
367927500
238894900
726747000
62681700
129399500
75247800
254739200
961760600
953274100
79072100
479768100
127668500
779658100
540902100
217581300
199651500
807071700
6051400
632766900
44426700
139066700
378402100
545191100
59593100
492472600
569373000
893452100
228143700
571062300
195699800
251955400
190625000
686229900
978702500
253306700
815629400
305585500
508045900
777390100
258859700
838753200
508793400
638163400
618411400
49695600
107379900
69698100
108402500
113431400
954100200
152829200
504133300
584137500
698020400
563726400
76610200
519028600
708813800
556389100
341726100
156148800
59979700
532351100
842378800
290317400
785657900
909643400
595903000
293703800
687033500
106397900
384092300
447462200
744561300
254138900
748793000
851941200
323837000
857195500
217007800
529572400
261660000
721141100
113709900
211315600
536502800
441955300
730344200
245316600
249979600
323705500
653100600
309959400
856056600
747114600
600276800
893349700
656758100
447815000
438688800
595426800
554212900
822781100
42889000
550409400
76920000
791682000
653985900
652392200
648877600
870993700
181964600
162172800
592134900
547309700
373488400
128637700
240900300
103832600
625589500
490879900
679173300
530325300
52474500
535229900
277440000
904386600
428579700
934198100
352201600
867268500
529624900
158049800
941684800
824149200
708459200
18604800
615831200
362445100
922632200
516344000
485074100
356232000
678516800
77209000
903541700
52005200
457481900
396077200
407473000
83071400
886957200
86646300
865031900
191066900
873511500
142471900
347088700
302091200
328305200
699290400
420994900
857930200
108975400
614314900
933714600
69069800
884554900
549545800
683150200
807187100
317525100
168224300
163419100
996041900
245433300
318596000
48047200
954550400
966308500
707155400
289257000
104900900
793801800
154288900
295967800
667313300
296760900
643056600
221039700
625066100
593982200
893669800
734631500
954592800
507984700
668346100
23662600
392539600
469527200
706812800
451361900
787052300
875037100
866416200
783094200
372105600
185012200
82776600
326656000
402955900
789932100
615913000
507856800
835369100
770202000
803824700
754317600
318598100
698516500
975357300
943664200
544133900
120662300
678295800
498726700
628647000
598277100
522389300
272821800
67804300
229202200
724183700
854856600
355874500
590599900
637950900
727980200
27247300
972362700
306271400
430203300
13930000
922184500
938060100
849299100
944021700
993520000
603616700
262619800
692036500
830609200
206284000
236170400
951271500
136215000
734897100
831553700
734492200
508921700
104375500
53931700
738123900
828559200
908788400
345633600
670794300
798374500
73613800
698041700
22372400
631520500
128245000
36302500
553705000
317940300
885601600
497726700
311460400
740853600
760346500
3496900
823098000
218265700
491302600
26004800
606116000
477834900
109193700
592243400
986756600
213569300
646175100
976515700
293763700
554963500
322149400
964558100
604973200
647398400
914235000
627345700
278918900
42480000
663648200
832623900
612055500
800885000
581985800
923515900
793373800
593967500
178648100
868107100
63868500
669950700
894111900
669984500
399420800
254940800
262227900
386177500
468510100
908403000
362693200
13909100
715001800
684842600
230102400
319975000
332241100
144337400
198955900
611160000
438452600
862604100
695419200
50508100
915124400
529040200
225659300
708498200
123007800
404307400
828240500
438511500
325893300
973987600
108496000
725314100
228928500
370723900
111491600
949073800
530762100
474184900
962982900
245763900
410662700
193085300
817374200
994539000
589057900
16330100
857334300
279145700
878934300
804388700
329653900
45693900
333428900
555313200
5827300
708071900
211255800
834067900
146583400
537149100
808055500
255079400
262463200
288619200
877438500
625590100
237693100
408200700
351410200
200676000
653964600
762072900
645396600
722974000
8247200
486089700
739304200
865581500
765235500
869873700
669970200
346524600
915567600
3399100
153473000
921394900
963106300
364728800
7098000
109689700
153513100
66788800
616404400
415976300
355408000
493842900
293201600
593101100
902043600
644611800
45412400
807643500
658320000
690809000
530617500
666567200
428533900
521556900
532148700
193769400
391430600
202118900
540294000
558633400
457153200
945402200
731663600
420259500
310131000
738761600
529949300
463644100
805550400
397988900
131255700
160958500
891831800
424457300
5694800
45510700
69069200
51107200
104789400
727389200
741916200
635406900
393956400
170450200
408599100
177740300
615854800
800029700
631494400
407784100
610298400
88647600
353186300
341962000
760542400
914952600
332358800
542126900
630231900
137909300
940115800
761487600
550503000
83582800
185945000
556197800
129093500
506649400
607305100
233882900
485673800
600856500
120925100
131265400
22941900
529524200
309005700
890432000
581189100
192135300
298216100
191487500
280782900
903037600
785084700
292960500
817990200
117443600
86722600
448222200
506988100
26838400
461345000
309126300
110421300
898925200
116959300
239514800
405574600
975899600
725033000
142883600
828391400
845958100
274149000
851333300
627117500
834789900
993400500
459941800
26925200
291616600
903064600
559343400
446289500
688149300
852303900
264279700
57228100
939026600
964137100
564216200
217500200
425482200
124977700
327921500
576042600
241937100
819071600
981617300
217836700
795739800
124500900
46228100
641697900
650285200
149196700
520450600
485075100
142597200
980392400
512000400
685849100
883457000
71343800
132138600
823241600
175282900
648053500
880469700
365944700
863825900
696321200
583445000
540943300
821298900
163001700
116985900
314871200
233708500
350238400
784343200
29448300
726374600
82206500
922781400
376659800
231403200
694867200
113370100
625635700
675259700
877005700
563120000
810351900
948349500
946893800
633593500
375267700
594947300
514063300
741212400
710408400
210384500
576292600
251351700
283318600
739294400
619972900
598189900
224638100
970211300
382533100
254086500
696585900
716374800
428503100
324880900
947778100
123370400
438251100
825049000
798630100
315256800
388169000
860617200
515241600
335062800
494210800
142144500
181645300
8274100
883356900
143689000
470293800
711284800
646675900
753612400
450579200
266648800
603437500
675217300
488495400
237605800
180939000
185081300
953980700
609442200
761597500
153394000
984447800
451483800
978443000
34713100
766740600
618247200
895330300
533617400
204945200
389541100
675761900
638225700
649450400
810754100
781914700
119744200
522038900
428590700
124991900
224253300
695239500
980064600
151105800
435370100
469305700
332044900
872086700
423286400
193122300
633684200
828315600
429205300
85168000
58393800
463918400
103543800
676641000
359248700
637161300
133221400
425100
564558400
771447100
649875500
375312500
553361900
21255000
897351400
981952600
146246900
121604700
928827300
377946700
524345800
615832700
847252400
856390700
487919400
522174000
301148200
121603600
602124800
730353500
458406800
660518600
194271900
561950600
588794800
805155800
450747100
722016200
805580900
15305600
493463400
707091700
390618100
298460500
728346700
539604800
532048300
874593600
912844700
712510800
504175500
437190500
328343500
351428000
545216400
816262900
125237200
846364600
189501700
727362100
828353300
647908500
387880700
274260400
461494400
228310800
79416300
912241500
950327000
136632400
179182300
695425600
843724100
569800500
245521300
572070800
361040500
777569600
698299600
273885200
490080500
202475200
962711000
818424000
805538400
507927400
886322200
182410800
605927300
75823900
909772900
434280600
723732500
549288900
708541100
185226900
777599700
39592600
349103600
979561900
176225000
528286000
674987600
19949200
349721700
172144100
843655200
710762200
949713800
793590100
236282600
691429500
996065300
198993600
761488700
53238900
958556300
647810900
235649700
564483600
723634900
397057900
998764200
699002600
946346800
707305300
135864700
723946500
998533100
484968300
703508400
174758200
264889500
630131200
446342600
866246400
802275400
541633000
577008600
3624400
335223100
64926500
695053900
582923600
515555300
456542600
636162500
474111600
104353600
123447500
38595200
79623700
520505400
288994700
778626300
466852200
247935200
914491000
442433900
246468400
651094500
397577500
672861800
167619300
27708800
119204400
33865700
81619400
660837400
862509600
336879000
247695800
927436100
31932900
830619400
694626600
740110700
718417200
168738300
96099500
93499900
458968700
175723200
614005300
747963400
954349500
332492700
995898700
120475700
774926600
494002300
23205500
172504100
166864100
190824800
451848100
286068500
224690500
785102700
198541100
87200100
121981700
446236900
266271400
405549800
528491600
960898100
145660600
498544000
129636400
241760100
592043900
840240300
417483400
206049200
588203800
623468100
790177100
835737700
995579100
816738900
329740000
18784600
989243000
496604100
461244600
692726400
34307800
685935100
477829100
232848900
24770500
851446100
930721100
291041900
256995900
710847900
503575200
654291700
209391900
884846800
896051900
801435800
725087200
565170500
259120200
564926200
188638600
300932500
400663900
435852900
117671400
982039100
454637500
106914400
478643200
915882100
51276000
512951000
853452500
780740400
997435100
129858200
632186500
179791400
420900100
140817600
142274500
924475400
795109400
351666400
60957400
942796500
404737400
786044600
507967000
915492800
350970800
948240800
216425300
3269900
384093800
334096700
985309000
90366500
692646400
715587400
257883900
743922400
480173600
362971600
776298000
477608800
492829800
660119700
909035400
165365100
800937400
51310000
341475700
847682000
654611600
402433200
790478500
59349100
188477800
550080700
974841900
791083900
498321500
442902500
794353800
134050500
776999200
31298100
224417100
469645600
746885500
733936200
465203300
227059200
96907800
493136500
956303200
841372800
153256300
865338600
6737900
205828900
168283800
348213700
305146100
822895500
750646900
95624600
133879800
939124700
897340500
360356900
981843800
395662000
803259400
776197700
781347800
831893900
807495800
257400100
553174700
806016500
991336300
18378000
33075700
339879300
763149800
989378900
181252100
916406100
106352800
187990000
373870200
274636600
787838900
679016300
349167300
538485800
26276100
483047100
729245800
923616600
95039300
711089600
319278600
898298700
738922500
352261600
730192600
798053500
609661700
283367400
604070100
600998000
553380600
637145800
192512500
316530400
878160000
373764600
484571700
984512800
813389900
858441900
510784600
601228800
537458200
111587200
391349900
815369500
594634300
120595700
738986100
941308800
83320500
309900000
839607600
822243100
662161600
821435400
620296600
271823400
104802800
224366700
872821400
909818700
113147800
316969200
226349100
991307800
690733800
962556100
227455800
755758900
820998000
989875600
356987800
610091500
101462800
748337700
677096200
947732400
120568600
416082400
889041200
203889100
725982400
980284000
26132200
388144000
801719500
898064100
911602600
158157500
374066000
36059300
67976200
487213800
353028500
545960600
730156800
295397500
760151900
209247800
51156500
832785100
199123500
659779500
442876600
552221500
659752400
119972900
751589100
780321000
787690500
892265600
984210100
513672900
872549600
261977600
153452100
674269100
411676900
65054800
84061900
785742900
101114100
403673300
524592000
705777800
949633900
254748800
1175300
709785800
715631900
52331800
542571000
166390600
712111300
237082800
718612100
371863700
608690900
721836500
403819900
648016600
614102100
639665300
161689500
486651700
153278100
566776900
412556100
564955000
883466900
748253200
350697900
236216200
151926500
875289900
941994000
101560500
381674000
943169300
62981500
97305900
247136400
857187700
263696500
210882900
345905800
233943800
834381900
206231900
955780300
238201800
854248600
821517600
129502300
267573300
559804600
282780400
834350200
972360700
847735400
969452300
972249100
198433400
205668500
124175600
325358500
399297700
477371300
958667700
594102300
540352900
55973600
92873900
649175800
571305300
303756800
995081600
56884400
138138700
201313600
12664700
627975800
55562200
85817600
757478100
323135500
645622200
40258600
409121000
869618100
887994000
378573300
841867200
338062600
835877100
966042800
915056400
235174800
443414200
873724100
80912300
235402300
929697800
173786200
884578100
752638300
477543100
131295000
809522700
867317000
584243800
73822700
746928000
891441200
159640300
504406200
466211900
805262500
796300000
875332900
926515800
935929200
505541500
768383000
273991900
341418600
734425800
189048300
828228600
429475200
314407600
909141000
916512700
495740600
334562400
52726100
248379000
63740700
184021100
57901700
931057800
19900100
383359600
677985800
911341300
794635100
434027200
377553200
599897600
230327200
504521400
778048600
417891700
10062900
546431600
691883600
603116700
532492700
132567100
431345300
961967900
446974700
592121500
878480700
942715400
926684000
931206800
442729600
990424700
366863100
752266500
173117700
386763200
135626200
102738800
298104500
930261300
788401200
927292900
781794200
270363700
431814300
559842800
688255400
441877200
357909700
380139000
44993900
890402400
764341300
727974500
852370300
462951200
320096000
982486200
657301800
498415200
165328200
100031400
740475200
532191300
103933200
165228100
918954500
239559400
267966900
468694200
421455900
56368200
647622400
454885300
326731900
79436700
266363400
14987300
772949200
624273100
646761500
69578300
514675500
662738000
49188000
618681000
377324400
620919300
852802500
34626300
119334500
18130700
386292900
111444900
550322100
741861300
276673100
720911800
233055900
796275200
441241300
654511900
104278600
340498900
361032400
431010500
419935600
627395800
697633000
444520000
503304100
596029700
765733600
269614800
510402900
814921600
888295900
887727400
435840900
992733600
173988900
806810700
10864300
811917000
918255600
812821600
553778400
446563900
533733500
786834300
242839200
226610000
692981400
347117800
567108900
305649100
29763600
238679700
184680100
979031800
934835000
687984300
826696800
700568600
957599100
337099700
767125400
97530200
476462300
202966400
90263800
902086400
9777100
352763400
714003500
179667900
165585000
519417100
626231900
950953700
557886600
120706300
429198900
502503300
467824100
996307800
808152400
497587700
486622800
992832500
728254800
421457800
932452000
554951600
373661600
141686400
892051300
140787000
239216600
620148900
595388600
581115700
522235300
856800900
185514300
236238800
36468900
351099300
7291100
914336000
553688300
565177800
35042300
982887200
319316300
754501600
230830300
127468700
503724600
969088300
371936400
231979400
642181300
304388500
786931000
267478100
446074900
930617500
408265100
936926700
550766400
255289000
769677600
73001800
112089900
955191900
560875800
400194000
557926500
568167000
566165200
363250000
384980000
601207500
597772400
704296300
355709200
828602700
831765000
859433800
49326200
455336600
91413200
691507500
759725100
129979400
958985600
457435200
60596900
618886000
645997200
862998600
125810200
415674800
936000400
237900100
622502000
748511400
889729400
432063700
316678400
455894600
795313700
701658400
308737400
393086100
657589900
664446600
473324100
740990100
775515600
522650300
196326800
118564000
465793100
207687100
500178600
676413900
665122400
812410700
295299900
562754800
675409300
421110100
978429600
863044900
910645500
852566800
611556400
52010100
284630500
928234800
759539900
331579400
881528500
68277300
724665600
790753600
984359100
449624900
531743800
759874700
223910400
728070600
130073900
689703500
187392900
630252500
617752700
104150500
442663300
164687800
666905300
369707800
837433200
896970200
232752800
999713900
749537000
844309200
51724000
285802800
24179200
811263900
617382200
905707700
879541300
342047800
696461400
115535600
43307900
479840400
875410400
267218400
207911000
257119500
208557100
395303900
139007300
826309800
499454500
581670600
242632900
417995000
203013600
80066100
314965200
435766400
79780000
64502300
280075600
131504000
350305100
304254900
194403100
967687300
461597800
325579600
561370400
409694400
441115300
856313500
889534800
316525700
123531900
349081000
825280400
583724300
996020200
964287700
661669300
747109900
797593500
904302200
165104900
607200
984368300
480070200
436373600
315783500
796207700
968084500
447287500
398148000
272339400
893325900
617470500
985572400
218905500
178840900
646902100
660020800
35154500
536436900
228181700
410321600
137153200
53462200
245681100
384808600
269385100
907350500
131918500
66978700
63287900
548658600
319221100
299291500
280364000
755594700
615075000
328206900
975314400
313997800
726354900
247653800
207323700
343825500
484861500
426229200
774301600
131763600
86250100
61091300
919835700
314431800
723048200
308624100
619529200
968729300
693432700
888914400
127715000
76986400
955893100
191003000
625645100
526749400
490294500
157644300
533979300
105369500
485851300
509293800
419367300
212206200
8582800
878326200
807666900
493444300
304555500
833603800
876843100
642440800
146330300
796678900
956872600
869378500
105303000
828037100
89743100
798735800
716951500
217458100
875722200
924479800
408461100
753002500
451229200
150390800
910646900
985208500
507395600
396498200
494502300
926762900
860339600
503085200
56724400
919641800
248164700
361279900
753245600
125007900
3720700
899575900
173322000
212228500
20589700
278625000
40265600
110332800
328996000
8852300
579426100
456353500
933332100
239522500
209356000
636196500
389913300
371638100
873040300
897308900
768136300
619177800
75707100
880111200
122263000
132431500
799753000
622063000
745346600
804633800
998706100
702500
955844900
172028100
464566200
976434600
702288300
756467100
338402600
31284400
765319400
169464000
739273100
950286800
408986500
200264300
838118500
50535000
571902500
711158800
947844000
591674000
330336700
275186300
723420400
704234900
407617800
523173400
326297900
404599600
327807200
325004000
405302100
535287400
748667300
869868300
763357200
450955700
626335400
353395100
733875300
643290100
522859100
724783600
593576900
183480800
925047900
431695400
234015800
748585600
394489500
181859800
340259700
724826200
457046100
63680100
429061100
116299100
838488800
6994300
520898700
417931200
583633500
177836000
953218600
332300900
47704400
716575900
34891800
925675000
69971000
20402300
568965100
844465300
745185900
414177200
27946100
921869000
845872700
261961900
670454700
491997400
443821800
262349600
216823600
152503100
577664900
897519900
520437500
667788900
904514200
292971400
85720200
488147800
470807500
38938800
72083900
770147100
7149900
358610900
695822100
328756100
379013200
516422500
173221400
375834300
930599700
201167500
297703300
28107600
463129500
219793200
520105000
158586500
482142800
736928600
562724800
311443000
886083800
334797500
979231900
790598000
627769000
64952100
530381000
350211700
355526200
854100100
120358800
614311300
212711000
67816100
943067500
591724200
835873800
116288900
219193700
766473600
317456500
516897100
46216400
32221200
988325500
566321500
190807700
470468400
554885300
753532500
33546600
440969100
339965300
12778500
483202400
967734300
329365900
13583400
569581200
684892100
867683600
941575200
299203400
332029800
9391300
493906100
175389300
96900400
610195100
394583000
863374000
179286800
163115300
909590400
463143200
151440900
727547100
653950900
873544500
534067700
659118600
907091100
226672000
999083900
919869600
709874400
218453400
249235500
975093100
788034600
185762800
94411900
729609800
736601500
426441700
990636400
230507600
601831000
87536800
92337900
996414100
950910800
523259900
159529400
112136400
986403100
562605500
91318800
640354000
436150000
625386500
551107900
343241100
852058500
550191800
514746000
813568200
768645300
763981500
788661300
808315100
949744400
883073200
537925000
686345900
309514900
528561400
168488700
162981200
867733400
260826700
159395300
818644200
784086600
570559900
182415800
770489800
133165500
525369800
662479000
820950700
402391500
213586900
164191900
506085300
15414000
678937900
319653500
35694500
694554600
359950000
844009600
644299000
243023200
381934600
582280100
804173300
162131200
750768900
967154500
29864600
11595600
378185000
100144000
47317400
948745000
534195100
817807200
333545700
59564900
731921500
154496400
713591700
945508400
570323500
219677000
960922400
500896600
539330500
248252100
195451300
899280500
92261800
91385500
393938900
725831600
925300900
198112200
139598100
676069800
416902000
421097900
939300600
795087000
521242000
238253200
995467200
307072300
307695700
329012900
618272400
39617200
735144600
331864100
985125600
557103300
551541100
197683300
309635200
90871600
445935400
505086500
241787300
789832400
848107200
635726200
767299300
773408100
85473700
906897400
701113100
502375700
327995300
892048900
297462700
100872500
130302200
292930000
407944800
437997900
873578100
277852500
729250300
860357900
609716600
714375900
669096500
161257800
163694400
978731700
503764600
861265100
735453400
997187200
902732700
583560600
884548600
670032000
608604000
970022300
576929400
561352300
472398000
156560000
705036500
21496000
257432500
86973900
566061200
917012600
776607000
691274500
194865100
505857300
803267700
804581700
471868400
472364200
217474700
887198100
451095900
972874600
748463200
186549300
970061800
902831100
21745100
854610400
572863200
881984300
76268000
401427800
694971900
800301200
809623000
400008400
821797200
67055600
486982300
639493600
235703400
263589300
582403400
430568500
21081800
385671100
486785400
492950200
858035300
955895400
380148300
309131200
928770000
380246700
747315700
150467000
534713100
769060800
5077400
107576300
902680400
81345400
760639300
597652300
133281900
570262400
997660700
955079100
888953200
736278200
846208000
124656600
251502700
428611400
806860300
272584500
814282500
293645700
17169900
672317800
501176300
648953500
233084200
429946300
29200200
232035100
580413300
563913300
252731100
837126000
923124800
155411500
170106600
935399400
753063800
303388500
505661800
2359700
510102900
646250200
738637900
356310900
22542000
241775800
36557500
829402300
765995500
102475200
374683200
783165500
26428200
875859600
432119000
259512400
557441100
712954400
491547500
137854500
528503000
995913800
226615700
451627800
151325400
396722300
638662400
156024400
700110900
144324200
158384200
461849000
42209600
148657300
69795100
64751600
390433200
106352600
145789100
408063900
208827800
520472400
191229400
235256000
647967200
874983600
746403600
205408300
587938100
489586300
343262800
116441100
485500100
821513700
819704100
636825500
218236100
458366600
44485200
169982200
854326000
202869400
631831200
148170900
603161900
701626300
212922500
245230300
59614100
358711700
653294300
268441900
130819300
844523700
755333100
778786500
971142600
753371900
235830000
559080700
242958200
830728100
927157000
728458300
652241800
998496300
616919100
870477900
456862900
661404300
292095300
562824200
115908900
923926500
710995100
719070800
877188000
175552800
964301200
936802100
785899700
617595500
456879200
916719000
713754400
212212300
947140700
684897000
965584200
182970800
495612900
460177600
265334100
422769900
440271200
917575900
421266300
308825500
788053900
129764400
970229800
80149200
692588600
337773900
255711000
655218900
56844700
132899000
830771800
272781100
321336400
616671500
142011800
778215600
785025800
855766300
242063200
983801700
540663300
459282600
418407700
287911500
171095500
683741800
710681400
611366700
601317800
383582900
920192200
641006900
513347400
142057200
972791300
457571200
479831100
228502300
112790200
788311000
613036600
195197200
61092200
934373000
811868700
203104000
964223800
848529700
310505500
457922200
832331500
102804100
917204900
250739200
390715600
88300400
934481100
101397000
951302300
535798900
484980000
871494500
428441000
249962600
265186900
401232300
707533800
745018000
629734700
71959200
784964200
494406500
267156400
846056400
428779500
330660400
300795700
644638500
179190100
611301200
102560800
11521600
714105300
19765700
262260900
356456100
359701300
448377200
457853200
562638800
235811300
194468400
434133300
664252300
696066200
950955400
65484600
655235200
695973400
946854500
978829700
480937600
441261000
245986100
578629300
870040500
576646500
131060200
514679100
755836700
993996600
868875100
18993500
959737200
888640800
281254400
316193300
499977300
981266800
25681700
314251300
217078100
220150100
19800
881330400
167851500
950975200
946815100
823086800
646948600
893669600
801916500
379521400
334930700
299537800
209785900
456606400
127819600
592481300
222920700
135291500
586478000
91795800
154285000
546215200
232071800
687174700
114043700
983684300
668441500
139725500
297935600
885519700
611510800
297955400
18485300
779362400
248930600
965300400
854084400
147514400
110605300
907636100
778671100
697171200
207173900
240092200
405412800
586628700
832573600
628333600
721920200
419051600
971764600
876205300
216902000
455471700
563380000
330945700
439156000
483456700
470671200
988726900
620611600
333817300
286682300
639097000
113179700
787248200
604397400
218899300
186397800
966637900
126535400
965068900
663809100
585344500
456796400
320857200
171973300
289370000
200826000
893893500
960056800
172590600
21734000
176958800
879697500
836749200
759539700
570488800
320206000
481846200
559215700
940817600
815663500
97533200
831549800
928843200
136416600
687582500
399377700
322814500
654220400
525913100
539518600
569664800
362892800
996315000
890522000
534866100
285685000
91348000
680394900
497377000
515573800
702128900
925971000
395271400
538878200
685510800
965760200
110719400
167357000
524975900
303172200
234655700
874144300
134722100
415134100
10561000
822304600
814511800
333375500
728160200
340424900
124529300
297825000
954952900
120844400
188347000
489819100
658164600
531330200
170214000
155541700
46904100
123978100
81512700
693810700
914491500
18658700
659570900
25210900
437650900
436182000
580018400
672306600
561961500
714740500
87440700
572522500
788680300
901952500
157533200
516840500
494012600
282062600
66300800
448965600
402907000
506283000
190419900
312706800
37613300
612269100
468248500
336152600
736247200
801396500
29963300
650738800
820055200
941169400
675949700
257706200
628986600
507603300
930012800
190948100
222343800
269088800
763470700
262659300
422676500
172639100
779499900
916689200
454701700
97435900
617290000
109243900
603718900
807709900
673586000
641332200
419979000
141834500
229120000
407861400
943231000
510718500
58600200
14921500
451887900
986185200
272627700
80874500
493788500
454275700
523457900
967767600
723364500
538563800
230426900
146041100
711202900
261562000
314365500
417539900
358997900
931655500
778419000
214352100
991000600
452005000
107319500
662614800
845474800
336439600
70476200
40341000
847158100
380711700
55262500
550681300
366896900
579525400
883191000
112320600
33801200
406648900
80088200
8800900
945212700
562150400
154842000
908050900
75347600
720842700
577226000
685980800
904133400
355645000
900332900
895134000
59285300
7652400
809384000
904760100
595727200
131495500
945101100
442885400
512207200
251998900
993566700
130739300
831524300
128392900
494695100
116960700
535041900
826418600
125761700
731889800
388569000
532238900
639940700
715551800
253081700
468801900
401532600
157215100
824447000
301865500
303984400
135367500
561153200
365003600
40127600
156880400
496499100
236863900
851401000
260341500
740498000
96602900
642716000
572022400
224995900
137411200
940618300
760037800
963829800
66380000
743562800
604034000
598619000
635138800
319585800
103335900
103940700
721118500
512186200
180022900
274619200
67805800
315390400
835772400
432809500
607153200
244288100
180943800
95652400
95689100
441285400
836150400
192292100
335636600
659808000
417288000
473047800
600426400
428961000
688512800
918441600
172523800
292546800
768695800
807662600
863767900
872031700
163238600
584886400
635853200
343261500
111140800
703659000
658652000
946913300
136468500
517440400
191201400
569047600
613092800
538525700
261968200
700878500
730817800
597604800
360686500
148105800
322287900
212748100
828702000
10800700
131189800
1225900
554982800
899885600
60523700
418750700
23552600
223762300
3637100
911041000
818659100
366413100
614700000
728946300
313326400
2803800
246386700
756163000
571851400
859479600
546324000
833819600
560358100
277141800
683059600
172679800
676882900
5347500
385428000
505584900
16148300
768253000
758446000
571131100
668138600
818969800
241517000
943326400
294367300
496789300
854367400
113026400
863202400
720702700
841972700
428164100
723506500
339994700
435962300
546993100
451109500
982286300
632447900
263102800
259428200
315507500
435782600
187946300
320855100
72845800
693531200
588638600
841098800
451977300
411404900
760872700
522582300
652921900
704199100
68584800
401346400
810201800
181611300
264548800
530904500
275219200
692712900
254411000
615213900
128675300
801404100
317958600
362596800
685487200
581061400
622025000
994700
268479300
809971300
573485000
341325100
755137800
413758800
182424000
458750300
825163700
943296700
981332600
729720800
899131000
49917400
131067200
709332800
483163900
647251300
240237300
10018400
339964200
746283500
876867500
720274700
799322800
194826200
82871600
484810000
775887600
956531800
485804800
44366900
18138400
59289800
637327300
773276200
473048700
819751300
232026500
549847600
14683200
464994300
531203700
913814200
766546900
913906100
623147100
501346100
561157400
115019600
511364500
152756900
861303200
388232000
124666800
660626000
834693400
459173600
145436100
610581100
415705500
882876100
906583200
433843900
193801100
543910500
458755300
918485000
615297000
942417000
468332700
629980200
659046500
251171600
795429700
677228600
165077700
670212000
178574700
977870400
36866800
941574400
382262500
898170000
329806500
506929300
810431300
416135100
966103000
207502600
26716200
633443700
90378700
184934700
318922800
284179800
980480400
777678100
202664900
595777500
971730300
922632800
477392900
630776800
173804400
524457800
308005400
590517300
194669800
738215400
820022900
231536700
679789800
202285400
381341900
261231500
960850000
443408400
677366700
926953000
650911000
955718100
812031900
741289700
140652800
130954700
277104800
121133300
160268000
479769700
968546000
131998300
654037700
697574100
14410300
79477300
222032000
574050900
921629800
668337000
312266300
741652800
151508900
992056200
195573400
784486100
253287700
156423400
227894500
930654400
335011600
878805600
886372600
147043500
871730500
278660600
277998200
148835300
651429100
689901400
880240200
871610300
821899700
534277900
569184500
87945200
613755200
42851700
661996200
787020300
962823900
974262500
528673100
365968100
217953900
724246500
402089400
471241700
132305200
881619100
653531300
467316800
760424700
791539100
865995600
883790500
321835000
143993800
284261000
224899300
85530500
164501300
96509700
907430200
950414400
917329400
995375500
815804900
211816300
657371700
602825200
426275400
883269400
383133500
792243500
101223400
107380000
445968100
824100300
491320400
327587300
729266800
958637300
339647200
772441200
824632900
223437700
94276200
220261900
759334000
319175500
305792400
175470500
667320400
464857900
125884900
584649800
711868600
193325000
48101300
620875500
796150200
474376800
504144900
179283700
518255500
857003500
538299000
964223700
681103800
29619400
291811000
662005900
239891900
883093400
434447100
316160000
106531200
780358500
536422000
117500400
351169200
93849600
292970900
270124900
558707500
418855800
854774700
270576100
612180900
154511300
143086800
659966300
628888100
647231800
90885300
147143600
504235300
880819500
363002500
436974400
162074100
906448700
350615500
401966100
789542200
36697800
969761300
147708600
817056300
506183300
265209000
419860700
851668200
558179900
689985600
662010900
228670900
796395600
184222300
92487000
950906900
327309100
752453400
831430200
974540900
94973900
978573800
730411500
227428600
593211600
419021100
389502700
499660300
769636600
43104000
289202500
806334400
12865400
436911100
875025900
770683900
953755300
546521800
622352100
511935200
236507500
535998300
740606200
284538300
720220600
833093200
487080400
47529700
837181800
318510600
273705900
932155700
548719600
255752600
411219500
141931200
674773700
800722300
641591600
696045500
95461500
182429300
754015100
108326900
870975700
629041000
879010900
824731000
175562800
752998200
336666300
663705500
288996500
328907700
948243800
260852300
162000900
435324200
560017300
250818000
5470000
85358400
434608900
554189700
341111000
845828500
696120900
267519900
898186000
589347700
963565400
993647500
23412300
717580500
101974500
894388000
598256700
232620600
719119000
25454700
237254000
307420500
689160300
777885800
887963400
889039300
38738100
301599600
575998800
598755400
552417600
581468800
684113800
987026500
135658500
276860000
84490200
83414700
544379900
982676200
924397600
759580500
976323800
947809900
728796200
329933500
93833100
327052900
814189300
64587400
352507700
51443300
623643100
293303200
829329100
511606600
182342500
868067300
813206200
758341300
718457900
617259000
339810200
402571800
855920700
727103900
679431800
940411000
62153800
475447000
174722400
238186700
486662700
402681400
185996600
215459000
732614900
531465000
794147100
546804200
596052400
398290000
598247600
219695500
691593200
679211900
982937300
873935800
547279200
796143500
632277100
265737200
413402500
223722500
919944200
520958500
202461700
851011200
461369500
264615500
578093400
636091900
502802200
64756200
290408600
940434100
280215200
23023500
471899100
74362300
821463000
319586700
472652400
671345800
790917400
415880800
350557700
25490000
289816600
897837000
821633500
173729000
415209400
486671300
649086700
586788800
7629800
851548400
437800000
720634500
116164000
15893500
608361600
870601400
332284900
898770200
62670700
612500100
173429000
786205000
938497600
994892000
105791700
662785200
666237800
148344400
78666100
16795500
173834400
620117900
166267700
247103100
793846900
833112300
985409600
442933700
419901100
244674600
546117300
109336400
216944300
913916500
376865100
825306000
784518000
709150000
975711400
98823900
573285300
149140400
885029000
511782900
144032400
242455900
426203400
61905400
390800300
504869500
78701000
816269900
124987400
496603900
315008300
170469600
329716300
300417900
613403300
1252600
796727800
411155800
110589000
13672100
325072400
487454100
838978100
361225600
448239300
814689600
460049500
21524600
215465200
345078500
784942800
359497700
587534500
211146200
421403100
229970000
716015700
751739300
46240000
92638300
499978500
612883500
263107900
829694800
913301400
128146400
830947400
961664400
539302300
193171700
975336600
864374700
932261000
65949900
477235500
380500400
132274700
937285000
653660200
347740000
282363600
438603000
958872900
121533300
649749200
631911200
351503300
617400100
383650600
649378500
710038500
883629100
262262000
973146400
964959100
427198700
352928100
47541700
388863100
892230400
240713400
615834900
8240300
172974500
681784900
737111000
805110100
65694800
674396000
458770300
413434800
208394800
897373400
372307700
329928100
547122600
255854200
681431500
416158000
639504800
582445200
126196500
774769100
844707300
350978100
739728200
523541200
955541400
787269900
912404300
847771800
279618600
528239300
107647300
452593100
461659400
844758300
257703200
527354200
770789600
968108700
192424300
979184400
865482100
816367200
309112600
664240000
72221400
242179300
80398000
711726200
76259700
458229700
738130500
920967000
60843000
729493900
444508200
16384500
768399100
608547800
115791500
48017700
388422300
475074100
752246000
101716900
571467600
261584400
880706300
342257200
229693100
73130600
321441700
95175300
889497900
882189500
11050500
961719300
376004000
343083700
925080800
452263700
801313400
914846500
624866000
862156400
644340500
321009400
130176100
412739600
181192400
245967700
460757300
569614700
721041800
464638500
922966800
292509400
726222900
803673200
886401900
955916000
876803800
459478800
302726500
17936900
341668300
565412200
231291500
969307500
908495900
156372300
421571200
961444500
322854000
298072400
823601000
967194500
619081900
205412300
379934100
800274300
451380000
92326600
621524300
424057000
808600300
544491100
968201700
534823200
599799500
854603600
742374500
728238600
314082400
296736200
746175500
907385900
862148500
977467000
876693400
770644400
385474500
549899800
732089000
708328600
847972300
807325200
927158300
467054200
264372700
307092500
518963700
967388000
651054300
392123200
391445000
459654700
188249600
611281900
246113100
788049100
465885500
240122800
516287700
31603100
536859100
514098500
938989000
650642800
743200700
67317600
672922400
128675300
617217500
405011400
88639100
465189800
463971800
15797400
183879200
979979800
574525100
954478100
947367800
477214700
346601400
338812800
188504600
534851000
950094800
434617700
574535300
667615500
674740600
342458300
699218700
463234900
856556800
889842900
113877700
599757500
957160600
786800100
980068000
826013300
443446800
320342300
542838300
159053800
336139800
726717500
139033600
162300100
932830800
86401400
639514800
531067400
676849500
828019400
317553600
878579500
514272400
892089000
546195000
440648200
234547300
497048900
903883100
342739300
638527100
269396000
194132000
847322900
307831300
174200100
673336200
751278100
494542400
216174500
161967200
82317400
194527200
552636000
244617600
127358000
639037500
135767600
658425500
567522200
215422300
227614300
446101700
729694700
119703300
243931900
421978100
605885800
992616100
577496400
948625100
882778400
846892400
142757200
730101300
154723700
568592500
403437500
157637100
314770100
619612000
571239500
397087600
65774400
123875500
893340400
193132400
14548200
280743200
103193100
582070400
496165500
330807500
279807300
477495400
702146000
775374500
899473500
308031900
767990600
476969900
508292200
650769000
575497500
902684600
380870300
981856500
471277100
35943000
139493600
786047300
907190200
962368300
434770100
972964600
86243800
579745700
417732200
100792100
860488900
520925400
934497700
608289700
103368100
214305100
85785100
57149300
241314800
236893900
616816400
9305400
965499000
376743900
911709600
540996600
279428500
544215100
522853100
2340900
831793300
913981900
40023400
738983500
876350200
726428700
711948100
962594000
306174400
129680300
315021300
166663300
902240900
501154300
26588200
257244200
967094600
364008600
314393600
208409400
600902500
182845200
469350000
818036700
559589100
381059600
359033300
90652900
176909900
133521600
92993800
8703200
47503500
133017200
999321900
923853700
859445900
711270000
138083000
417255500
92585500
704739500
835554000
994826500
205893800
862142300
503705900
172988400
226150900
69734700
381397800
78688600
252580000
850747800
896725300
63804300
483442600
255758700
154457200
911987700
640915500
247451000
920690900
688419100
632103400
920012800
863908000
743184500
882918000
253626200
160440000
975503600
958365800
995994100
221965300
415894800
109771600
977306400
588883300
335922500
47041200
221916300
414611100
551256400
324299400
562971600
615060700
807742000
70365500
769518000
719729800
711281100
268604200
892055900
651335400
152342900
63704000
515243400
895527400
946622000
20504900
55967500
173760800
978870700
303596800
395726100
646400700
413368400
624667800
235284000
926100
671709000
708835600
667172400
222965400
33135000
230144000
89661300
840877000
300509600
859179300
812242000
263425900
379418800
704298000
914761300
531761700
768002000
430004700
427289100
966259200
450509600
734891800
140020100
681015500
38488600
787381400
327416300
703492200
412049200
814335500
704418300
335393400
523171100
371590700
558358800
807941300
853370000
899655400
648818400
153879600
10469900
712695600
417305500
389888700
668628800
332066800
173285600
436630800
13706700
600574800
654525300
715851600
587101800
794545400
396867100
877225700
833562000
975918600
580717900
245611300
790254200
536771500
832639900
565060500
908362200
390998800
373001900
761732200
542289400
273455500
167247000
552759300
986151100
836187700
942648100
906415200
419889700
115933700
343046000
433596500
968143700
249206500
401083300
806880800
43751900
797950400
684106500
128949200
25504300
516459600
626195700
67393700
53231100
458835600
632454200
213228600
101469600
257091300
226596000
643759000
530546800
645478300
196518400
768333200
481666000
390801700
674748400
901555800
758370600
269429600
586787500
726514400
770271400
987870800
785030400
814023300
37456400
469136900
194607700
314595900
985596500
820803400
381989600
290462900
279639100
266079100
755326700
381108700
523170400
981922700
276503000
305352500
627401000
473021400
325320900
360702300
115458300
251704500
513893300
873828900
772769300
352316000
851978500
543040700
591822000
637008900
608699300
880913600
106145800
803307000
195509600
343377600
875745700
577499200
885475700
155384800
95213500
640802400
788128700
618384000
622725100
64631700
175371700
501761400
789288300
752327800
862463700
904746600
4032300
627992200
778575600
28436800
980308200
630554100
571477600
572130200
519198300
431812100
453043800
625344100
235119100
648553400
220356900
110864800
477687900
105832600
517884800
572901400
746635000
557648800
442920600
620995400
622280500
869927500
374392000
663204100
622255300
488490900
567950700
877922800
116483100
598161500
906359700
96791300
480350900
477837300
920556700
999549200
909649400
373600500
876528500
396403700
273789200
348520700
758903800
3112300
705988500
276788600
827648900
704258800
86072600
522204800
325254200
708353200
392132300
951281400
623192500
14387700
439772300
442778400
143945700
556255400
40940000
50305400
904681900
772926100
779777900
825238600
24110500
941062500
450474300
900639000
337466300
975898700
249159700
348005300
979011000
206783500
876429100
806660000
911042300
962501800
580500000
487931700
922490200
972632300
439213100
545682700
238655200
878985400
988461100
382601000
435240800
281036300
432906400
339922700
305597600
464319600
416796500
329708100
405382100
867270800
230347200
742848400
843169600
731142100
342488900
73815800
937925600
218918100
132111000
848967900
181419900
712611000
336899600
103910100
685243400
27747900
901228000
175533800
906733300
141324300
558134800
341974100
422360700
242676500
933532000
727958300
706996100
601963700
57666500
364013400
720869800
539648900
106861900
815674600
522426200
449350800
889490400
460351900
919904100
273236700
560955000
101324000
985847700
149489900
456869300
922726300
177237800
358097300
98260200
83971200
499421700
908030200
677580500
173417600
402341900
862747800
901375900
360973200
464711500
210677600
724986700
437216500
750326500
83483800
252891100
272752800
784469800
394016800
984739900
704374000
667253500
797330100
805698000
904736400
946820000
262567400
827462800
375693100
872299900
177358200
711299500
371721600
337023600
388880000
545139200
739365600
503263000
698150400
351974000
219609800
160463200
328595900
656826300
910789800
412079700
161352700
435177800
196549600
555369500
671552900
152558800
474258200
468883000
958256800
378994600
667338300
472459400
206457400
43031400
596394600
635450800
5966100
968116200
972474500
394846100
764890700
963475300
149744400
714676300
567084500
369354200
875139500
895680500
277815700
37564500
307760200
439168400
472742300
755945000
994537900
395930400
908503800
468796100
116448700
118395900
99426000
783787000
842490500
305883400
78453600
438885100
192969500
84419700
658636600
165444000
730901000
423527300
380554500
880645400
138203600
947639000
501634800
264978300
843319500
779450600
302542900
151079800
218619000
775285200
907024800
464792200
422850900
815528700
933588300
539299600
185559800
33014300
323086600
28050300
590533000
653175400
466935500
783502500
737595100
125572100
200581700
468496100
800734600
581136200
600776800
190573400
528775200
102411600
455551700
623730000
881862200
758094600
774809800
352116500
785015100
933469800
816908700
207866000
633700
2132200
747165600
186193500
35146600
321887400
214243900
877314800
975062800
932814600
912452500
964293100
58386700
113034200
684424400
110756500
945805600
285201200
301329900
726216000
639248100
8516800
349946000
521110300
766611500
376391000
873226800
803261800
309860900
690135500
11127800
562129800
692267800
9928600
748323400
979049600
331816000
214202500
107999600
558514000
147017100
272087300
522807100
457039000
385121500
207231500
567795500
582562300
744068000
120760600
308778300
383316100
129277400
910359600
156061600
147524100
286750600
280923700
950785900
848246700
222694400
213548900
410376600
166597400
223477500
410335200
145647000
806928700
876172900
505281800
617077900
274825200
777369100
391520200
731864200
414125800
850387000
551294900
996688100
594455000
923690700
557101700
229406300
304603300
719096500
385467900
452127500
257482300
666391600
654548600
105729100
889086100
868097600
767740900
55683500
91575100
429711300
452965800
150139100
305884200
209882800
767217000
580709400
987252000
158737300
564208800
401377800
9124300
367138900
649701200
855214500
290829600
458438100
84620800
595432900
177534600
721723900
299195600
435016900
388115600
953744300
792381200
528836900
821841900
811757300
836155600
165052200
241468600
540756600
315191300
798988000
750639500
334043600
631332600
737891500
744416100
195541400
390904500
5175600
814315500
292240900
860390100
105145100
750679000
196646100
952213300
179848800
918370000
251408900
866501000
558120800
205153200
658882200
86957700
278630300
722274800
174748600
443682600
963743400
715505200
10509100
14366700
717779900
596187900
645699300
707306600
340604000
92876000
98211200
597414800
907191500
642087300
457804900
12336700
644401600
906086200
964550000
824250400
824456300
467594100
690751400
382577100
924382600
601268900
721170100
203012900
323543700
147553900
898330700
538922300
114694300
908839900
553289000
832474300
756663000
450623600
539780900
348902300
543499600
889627300
946317100
450691100
783349900
655757300
714663000
427751500
561843500
679213000
252001900
386299800
398442400
194388600
20512200
322825000
47292700
993317500
525837900
622471600
140871400
424168700
413029100
255565700
584643800
217953400
339675200
341306800
668577000
131091400
690209100
212076600
20718700
888161500
662767700
804068600
543918800
377430800
483455300
105762300
308279000
735457300
743697400
958356600
181481100
15844800
281181600
480409000
9162300
58654800
102880600
150033700
482823500
515909700
657234600
319102500
733863100
996909900
660409300
654075300
379636500
602253700
866151900
400355200
490415200
780554900
456059100
34334000
409620900
939514400
391731500
969535100
926606900
135428900
927891800
359723200
151273700
460708600
840132200
412071200
519363400
943012800
813740100
253822100
710557800
470974800
572924600
696056100
719519900
233334000
601766700
99156400
87222900
467918600
751146800
577638100
500108700
458841100
863607300
161364800
649990800
255338800
382535200
828232900
642403000
310427000
187956200
45311900
22770800
28088400
457383200
542134300
222736500
271123300
795956400
184929500
993733300
368881100
132620800
713253200
853850300
734387500
64044800
941073200
453941400
815191700
770346500
954050100
525668000
633953800
367050200
175658800
140927800
749585400
3891800
783330800
311647600
191848000
828642800
334418400
471571600
537661200
128187900
945943300
808784500
924144400
130872800
54153100
544660700
263493700
767406300
650146200
997881200
83086400
842854600
451822600
149913300
864836300
657508000
675581300
498790100
24558200
102875400
891353100
774143600
106767200
674684000
85791200
550250400
754962000
671844800
273457200
544258400
800032800
219400600
353042900
975812400
350273400
407196000
772108300
865402300
426237600
422254500
863283600
509324000
516744300
566741400
910872500
381580600
475884600
586453800
132005900
500442800
689329200
23359000
526221600
47731600
949678200
863648000
597982000
956275400
535492900
123074500
500533800
587160900
342475100
105212000
562973300
692748500
764043200
335081600
809786100
190280800
8971300
924704900
951240000
777350800
491446300
862112500
158931400
967331000
700201600
542572500
719409000
641166000
565931500
245630700
688897700
767245000
109278700
538514900
723520400
896406800
661589400
224054300
483567700
4064500
329266300
298176200
948448300
93309500
884893000
758234400
535225600
893864300
682939300
738100800
922850300
426020800
851848600
81781700
644987000
552050200
875989400
364396100
444851400
441921000
861662000
133749100
460801200
970940700
672264100
184321600
118982800
585488700
660011100
602550500
589553300
240912600
900726800
789636800
585857400
785619800
547871200
121083000
931119400
482445700
110819000
853969700
160101700
962667600
187386700
805088800
766353000
63376100
421120100
211204500
756932300
282782100
596588800
469368700
505358000
268852900
653690400
624340800
854341700
565336700
478526600
695530200
806249400
630888600
485167000
392106800
416508400
284673400
764825000
599263000
18754300
875644000
704868000
178856000
89946900
143889900
235580000
856299900
458901200
656700100
319139600
467468800
939482200
915728500
936837500
444840300
436216600
842163100
320816300
542193500
407499900
799342900
237723700
465384500
430231500
974525900
109126500
98375200
259199300
873951500
949273400
277953600
1230700
654141400
708444900
91177600
798031300
944024900
199112800
256932600
600725100
769887600
976036600
791842500
685616100
912874100
488318000
121832800
755037300
809134400
664026300
414172400
860112500
153385300
131192100
290344100
127911200
240318600
640354500
638745800
114270100
589627900
168334600
367136000
243769400
876779500
709948900
293435900
72439700
160696900
802003700
673164800
930584500
778040300
716642500
616200700
942549700
204960600
989668700
949222200
265730200
905330200
363394600
125842700
58715500
494586700
667822000
438262000
734905300
308176500
77007800
100810600
149439700
245342400
719581800
644844300
373757200
429530700
189915400
446196900
590227600
991919200
370996900
520812200
21594700
87639400
388648100
964144400
544235200
378316800
913366600
809965400
283647000
528396400
187443400
593997800
22983100
855265400
32259800
9523600
415077200
109267600
361969400
564516900
606245200
81551300
460996400
980002400
762717200
650911800
426199300
352944900
642831000
48831400
125392300
916061000
136470900
514040400
880205400
932341300
143992400
45207300
742306800
679274600
573603700
929750200
273272400
848222100
36650800
557167400
109380900
451728000
918070200
722985600
267880100
524315500
804536900
728876500
504317900
818889300
379788400
182152500
423469400
274254600
230983900
548861700
190315600
619090000
314537300
322156300
803066600
458529700
367363600
545373400
389439600
192602500
726758800
662712000
40824600
763409600
471514700
401840800
466772900
389584900
124826400
986288200
913900400
180998500
715164800
669853600
999887800
346588400
103641300
423357300
872478200
586260400
223854200
314429100
205350500
538391600
888220600
260052300
996921300
507219400
805425700
386360900
699821900
783819700
300708200
992281800
547229300
23858100
645757800
265637400
413443000
770584200
251925700
327343500
203217900
218725700
248832300
203105700
816949300
352473600
878098200
941062700
938734000
101952500
255491800
395719700
640344100
395347600
655772000
888900600
902567000
461197700
526896800
854024200
496652600
79240200
846306000
43882000
103098300
492063800
561154600
516541300
514283200
64715500
95520000
717501100
283441200
344352300
172242000
352025700
696825900
50340300
293088500
635560000
403928000
800215500
31279700
44272100
195563200
938687000
184807900
98130200
399884700
711704700
203789600
148172600
42580100
50095600
192054600
145678400
793794600
4844400
913855000
559713000
69560000
9375000
277214100
353001200
605362600
449456200
956662200
302188500
751431700
249750700
189383700
155359700
49966200
472298700
451267000
497164600
410985700
636074900
846930100
62505600
599414900
50719700
210678200
893630200
352450600
654368000
39308700
397880400
659212500
204798900
957593500
980407700
214173900
486442800
585044100
819536500
935899000
541706300
373360300
938965900
791457000
814379200
94325600
93058500
286677900
797227800
590223100
697663600
433302800
437153200
11804500
284352900
739508200
474117900
177983100
91958800
128486000
468927000
489839200
39333700
673725900
699067900
19741400
139535100
185510800
604785500
210706800
373045000
146491900
584067100
312011000
189584100
398446400
657971800
282642600
936759500
455199700
124501000
886058400
140137700
813289400
897862900
676125800
552797600
371980800
854108900
896391600
752102000
574671200
637866100
791435700
248397100
336934000
62812300
639567400
522444800
667597900
850274300
147125100
65725000
685976600
459136100
255309100
336058200
368743100
789587000
272817800
823942800
914088000
158876200
215715700
979012600
308374300
891841500
783445500
931990300
997585700
679837100
684092400
823892100
569338400
475528100
72289200
906272500
538340500
963491900
680352500
457573600
813766200
79112800
523298600
751378000
538248900
30242900
87436300
906992100
71465100
360254100
982570100
237188300
770765500
449921100
216201000
79139800
593397800
999646500
11130100
590983500
931118800
946857700
414875600
500457300
422385900
738800100
658365000
212361600
702292000
590352700
921570400
767693400
669465600
444869000
519071400
459349700
726747100
858142900
617977000
798212300
470032200
852182400
35400600
240797700
302103500
503236800
571572700
895501300
502883300
834338100
738120100
685637400
781195800
152995700
437729900
455216900
143431000
347730100
667578500
97358200
189718000
589148900
116686800
859183600
285653100
887393500
570168600
12400300
745536400
188145600
62247800
215568700
291963200
349283600
708001600
594066700
852520500
279574400
741203300
355403800
113912500
479323400
292676400
895108300
883954300
730406300
350325300
279020600
329771600
269539000
376378800
519489700
110323200
744700900
630308500
395976300
632094400
200477100
660011800
629266000
640258000
973894800
96469900
932221200
323178500
804471600
777923200
175699000
335681200
519126500
782738000
449593700
998449900
75414500
596337200
134039400
57456000
198297700
413060000
387227700
719472000
41074100
158352600
829795200
785775000
788661100
477406700
669504600
989138300
137418600
298770600
629396300
362948600
395240600
813252700
686127100
451347400
591175900
861826100
787028600
110302400
644564200
488257500
360387500
971613900
84594700
746062200
29069900
534527700
159122200
667932800
253999700
451831500
826285400
335430100
489241700
614946600
812836800
158746300
855720100
201890600
709152200
485116400
564839300
356028000
550004300
250966400
807375400
141180300
364427800
846039200
251482700
8992000
334296700
863505500
980605900
670526600
609567700
261311000
205054300
20325100
180879100
710689200
472156700
7164500
46119300
213033600
873746300
110591400
623415200
729466400
312482000
332567400
466218000
128956500
940230600
16222400
631558200
999241200
157402700
995986000
845280400
660520600
256613200
179577100
524026100
488854300
101738900
133593800
750165300
306793300
153919000
931044400
17482500
877710900
189844200
315237100
90744500
63590500
425828500
714159700
793057000
989945700
298362300
510910200
370537500
490228100
527132600
2095700
489469300
684535300
998081700
586384900
596691200
506330100
17597200
120717300
995184400
119336200
254311200
745349700
426129500
659865400
928029400
695247200
789211500
117873600
262119500
131591200
433099300
939583200
845751000
226156300
929529000
395748500
737066600
300066500
137611900
515834400
553797400
878716400
452005000
803514300
465101400
48696200
309844400
734333800
169413500
305028800
853670000
675359900
302013700
531434700
586860500
230043100
478317200
376072000
347916700
740436700
507663300
781016100
680020000
605049500
258807600
861184200
252433200
247509400
412885900
390045100
763343900
966683300
268761600
466984100
770197600
985498200
515680300
80042000
719832000
685093800
636706000
825137300
612089000
938719700
356572000
198949500
168762900
834889200
575021600
768314800
575326000
334320100
800966100
506981200
939369600
311409000
619800600
443438000
810553600
32686500
833483200
825532700
999369800
353880000
292516800
21202600
591013400
808197100
352879800
562480600
744926200
989585800
387617900
357015200
928305500
744190000
807599900
348703600
579079200
634256700
368653700
406040400
968576800
169619800
164656800
159581600
732664000
784457400
603019700
543217700
817143900
688138100
368750400
68148900
293653300
661267300
340986700
884666700
721099600
693866500
447147300
466025800
683452300
834765300
74676200
863393100
830590500
882276200
463731900
661304900
516532900
832385600
318980600
485109800
253640700
483637400
644691400
986304700
519730100
499346300
529522400
588509200
187484400
898272900
908293400
481137700
811175400
249280100
617439600
532275000
943146700
316222200
998300900
878234200
402622700
324612300
993262500
233213200
206888500
456994500
146153300
723421500
541015300
465133900
460166500
794656000
200406600
104857900
780960800
720136700
855839500
310483200
560281100
43323900
460391300
468574500
776096900
523201900
717854700
645171700
55477000
912636600
961393900
305413100
42506000
364016600
630025400
287403800
848865000
836914000
996033500
995018400
811970700
537048800
711787500
272137200
331704900
912194100
628630300
364300900
883966000
484469800
926419300
444247200
779429000
638445900
164456900
555525900
161647800
133946800
200697600
217124800
298218600
413726800
774173100
340724700
29378600
404198600
628128500
878243700
492747800
875797200
124897300
304718500
412846000
836684800
828490900
996186100
514200
457121200
360487000
884480200
941591100
538541600
580362600
721020100
176987500
744819600
528181200
338635300
130401600
980514000
807395400
428620300
394240800
581568500
20980200
423619500
237402300
900743900
553498400
730150100
776541100
930030900
286503800
189387100
766715700
114994700
437208500
18865100
572116000
49330700
903345400
765342300
587872300
735343200
486362400
764859800
731798000
266178800
355130400
862199700
246692800
162525800
290820000
640933700
744094300
311800200
316188400
233131900
212544100
869686800
214917200
240720400
799717700
501421100
430107500
818068600
868051000
118951200
836933800
691802200
168282000
991914400
457144500
756154300
978892800
195142100
772649400
710690900
461320900
379415000
824525800
708013800
541940800
115345800
348947500
537670300
678781200
665135900
770802200
142960500
786457900
985719500
383680900
837810800
738775800
65423600
655879400
606826800
436010100
744448400
550264300
604292100
987998000
7408800
612081600
966890900
202551000
636366200
929217000
915507100
15781200
753742800
623520900
557722000
120723800
224103600
347027600
51140200
140874700
369465000
445735900
927332600
606819700
81052000
16778600
345595500
398110800
672658100
204057600
834120900
668741700
754321900
690048200
908375000
761730700
302129900
126901100
215916900
190131300
56118100
131424100
205912600
61496100
6580200
15269800
433855100
230683900
362297400
484995300
371558600
731762500
930731200
550526500
338582200
11783200
567305100
935813000
661529200
491598400
139870600
495650200
411975400
145827700
185698400
320350400
159193600
739463500
447251500
375110600
929594900
755004800
758169900
135507500
816500900
764750100
402412500
250356000
247069200
764710000
986986500
870263100
748107700
917717700
420789600
338325100
181136100
239729900
525773300
842665300
731328400
917279100
589950700
143303800
63106800
27284400
463654200
222300500
766747900
162540900
849046300
696342800
917545700
858851400
83485500
985681800
875236700
737533300
236037800
122306000
753878500
474659500
992569100
501986200
392377200
664993900
91946500
825148500
904723800
869355100
919449000
887687400
786634200
761035000
30991200
849741100
788319400
746280600
323676800
555067300
160456700
424358300
503045400
78002400
283209700
838166100
63684200
158446400
575699400
551357200
280752400
329577900
26016700
524956700
83199300
670029100
189950600
426781100
746812800
94674500
296136200
917897100
982361900
82770400
678932100
264988400
184146700
467251500
262904200
759458700
273954000
423361000
183817000
28634600
752998600
467026700
118436000
68318100
625473200
945770600
619675300
157860800
526983800
897327300
682817600
610183100
818991600
124403400
288599400
565804500
219077900
584735600
483701600
453075100
919141300
414268900
969698700
354923200
133155600
484238100
114382000
658744800
159234300
298199000
687379500
912233000
765225800
57450700
980551100
642334200
3221300
851861600
51830200
781840300
824100
734647800
392023500
819815800
859051300
932258100
385620300
329764400
768629000
120957100
34474700
687770300
535226000
255808600
294328700
668381600
740046800
408710700
327126400
899281100
706909800
266141100
63149300
723770800
575227000
295335600
617740200
830083600
147197300
669570400
611923900
399656600
655853500
255582600
219472400
514904800
187840800
856727900
96304400
956469800
977685000
382414400
895875300
764546200
638223000
190204000
684563000
378269800
850550000
11689500
529186200
809095000
529465800
592335500
784501000
104692900
139306400
402241200
186411700
538138900
323446800
798335600
937795500
979300300
53918300
157268000
745840300
241759100
265631100
842144800
449864100
243316200
224559200
345739400
259497600
114417400
787578600
944060700
744322500
889763800
207385400
525143900
698858800
736851200
369114600
734995000
93179300
508421000
137236200
279591000
46559900
460683100
77926700
984355500
439983400
383480200
393258700
185823800
625239300
658889800
279603800
75103400
153841200
755798200
672478000
413338900
121850800
711691800
357399600
866173300
601455700
564785000
391317200
551949700
553271400
760431900
286944800
898086000
268852900
675816200
429312200
567048100
388134500
758874100
551403600
79753200
142354300
196297500
517212200
19228800
855187300
48451200
345967400
260663800
804249400
18445400
674002700
177735400
981772500
283037500
43908800
834863400
99457700
686861200
638448300
652729100
698928300
177028300
802450300
219416500
852844600
231762600
786464600
492614300
990636700
337868200
572367500
384626300
785800900
341214900
403855100
640988200
389666100
749822600
153287200
445550700
19903200
827289900
623286200
253310900
361962600
918830200
88174300
461420300
605691400
726622700
365784700
556255000
155286200
168235000
775671500
259766000
651632800
562136100
752380400
893904800
151639500
576383100
278531100
937440400
917598100
934021400
830063800
307264200
683844000
983351100
4450200
955382500
62276200
627736400
208693400
424238900
546566600
296867800
137294400
403893200
275125700
503079100
960148200
682047100
922949400
735819700
941813200
826217400
549591000
694193600
720122200
701230500
522211900
250288500
890306100
439810000
435945200
720370000
998709500
371424400
955356300
3159700
326806900
17632500
882531300
535500400
441871400
429097900
84003400
830801100
832991100
610764300
333880200
44774600
292811400
508464800
780594300
234624600
334682300
330185400
180453400
306439700
283051100
702665400
808363500
424992500
394110600
244308700
145362500
392820100
615733100
100718800
647615000
194175300
369986500
530146300
729675700
63493200
959244200
65314300
894294300
43870600
927713800
228174500
88645200
220525200
988274600
120874700
706785100
574592100
702695300
138873700
881031800
237381700
841539100
941030500
662374200
235649800
185339200
59371900
880105100
52707600
411725900
527720200
246882900
781712400
57866500
228193800
845205600
268746000
545143300
739499900
312616600
472857100
219309700
652897000
945017500
459219500
773771700
651802600
33811600
728102300
790676400
166478600
965484000
883850700
107509200
627858200
371135700
544483600
687230100
251240900
597191200
98956000
30596300
95709300
880668400
88462800
575538300
977509300
357208800
120681600
968644400
669825400
593538700
439589300
574357600
538556300
898808800
348129400
441994100
184255600
327866900
484305700
350734300
293350900
619791700
458243500
921209100
990927400
2727100
860074400
493803500
851553600
959030400
524399800
198898100
91334000
612862700
774436500
320478500
221706700
895118100
289123000
143167400
740292100
728712300
717525000
530483600
879156400
317289600
224112900
63412000
645156500
708418700
414146300
938507400
579845600
124025000
111351700
570773000
378387400
971426100
316211800
481576200
182091700
840611600
680474300
525061000
705109500
454910800
845539500
178451500
601664200
386297700
321618900
593591500
366645300
39143900
124075100
245801700
608068800
348188000
560848900
253225300
308241900
226630500
443368000
888087500
350655500
554719700
710495800
729042900
777781100
26707600
210619100
959872800
118954400
142728700
736569000
75699200
849274700
582108600
254150700
702574100
968406300
575769600
296165600
335051600
866548700
671875900
832488500
474617500
271699200
393337500
727842900
579941100
619968000
171210900
719663900
970623500
977565800
681794900
951301700
755346900
708502500
413556000
966855000
79092100
556284700
703424000
154791300
405559500
537167800
408942000
108133600
757209400
236346800
655934500
92261000
102895600
327810400
176384800
829148300
599509600
569722300
808626400
431086000
441325500
231472500
402385100
663584200
209038400
84180000
614885900
216020500
44317700
280077200
434510700
123409800
836361900
137934800
529836400
493556600
926737800
190413600
853325500
683947200
426760500
509260000
27843500
781291300
88705600
204228300
610439600
939850500
25585800
670701300
622571700
466911300
902173800
24956800
130495500
111212200
360772000
997016700
578868000
405089700
277093900
13378700
780134700
113455800
402948700
309971100
858647700
329686600
752020000
711973200
265269000
178780500
472868400
293112500
211707000
561574000
748976000
73781800
501424500
774561800
744483100
375631400
241473100
646657000
400588200
623603900
9504400
12995400
620620600
588372400
669720300
897714500
601751200
449855100
262805500
256335100
11461400
121453200
837656900
763481400
85061600
102926000
193897100
557930000
647673700
405604100
371139300
396649800
479386000
124199000
422846800
223869100
499830500
915955200
122161300
152053900
539559100
131665800
165049400
160179700
720038200
86404900
309529400
573424600
787895200
572334900
81395000
50991900
945423400
919051900
814473300
282120200
21977900
260005700
840050300
669651700
917245000
462824800
317936700
648266200
838659000
740783500
872135400
338489500
656738700
245931900
742178700
447933000
377597700
158863300
859747900
349271200
245268200
169277300
174331000
33163500
993247500
255726000
84155400
938670900
174778000
150263900
220791100
448391100
661904800
312476600
369678000
579149900
26936600
687614700
227416100
865595700
680033500
351186700
455720400
336772200
597118700
197899100
36340500
226351600
356762400
896088400
575622800
853665900
65365800
1589100
138464600
310248500
508950300
474255200
248919400
935363500
624519100
721345700
383754700
538059200
285457600
753432700
117209100
312394200
692682700
344625200
177989900
372716200
947447200
885345600
961123600
544565900
83244700
997464100
22552700
691642400
893552600
598175600
545308300
210553600
851399900
935408100
520802100
360350200
409663300
21356700
295713800
285817600
742702400
931103700
823876800
279795200
684536400
941085900
592189500
628854300
537346400
21814600
1570500
484793600
907160200
962694200
280994700
242040200
960158300
303547400
933682600
105346100
153358200
730626100
315899700
256393300
666034200
88337000
868378800
327332700
109693700
164092600
613150300
104031400
346831500
437027200
383826600
283003100
629748300
227651300
911857500
167094700
249466000
913428000
903523500
156626200
876122200
436153400
650301600
87915800
991336100
583984200
193261900
396329500
566245500
760796900
652722900
232279700
849133900
521101700
559612400
958827700
936829500
424398000
314494300
283661000
861425200
698320900
566664100
491173500
925972300
478521600
909903500
427073500
643584900
65062200
835334900
771342300
752850900
485636600
859258100
744187000
69620800
52520100
140516500
635866400
813317000
44874600
119781300
914086100
565976300
931029000
872913800
754441000
355427000
439043300
38102000
468487400
137364300
856401400
211296100
314971800
586558200
372834800
742045300
230143100
437897100
829015400
1485500
442383200
314652000
860743600
438205400
635908100
164898900
830357100
523409700
229851100
875231800
643191000
143937300
692843300
825855200
268486300
447284400
432917400
707529700
737021600
901404800
96529200
593423000
112701000
663136200
431616500
485535800
405181500
661759600
175068100
234196900
914880300
617451300
800484200
27259200
55656700
436392300
443793300
886013900
959802000
673644500
12880900
854628200
69217000
705724200
932118700
337703300
404643800
365036100
296868200
141665500
266441000
645032600
986723700
379142000
308168800
669975400
116313000
964985500
331735100
291381200
199182500
498250600
160467700
251301900
525509800
216124500
687694200
969303200
353773600
899131400
894582900
366654500
5394800
963799900
72378700
937513500
553138400
728657800
302549700
850006700
870323300
820625900
495039300
108682200
199767900
803208200
778657700
567716100
768193700
362028000
859097300
219011400
860278600
271200300
721948500
637423700
487324800
409642700
606726900
92733600
560409300
501309800
459388100
565804200
716744900
783402000
754952900
269883300
512059800
57502600
371525200
634018300
878128500
866564600
994335800
329531600
921408000
24628700
148883000
941236900
386656700
7980300
411883600
498570500
279180600
133832100
135994200
18140600
795110100
994356300
110874200
607154600
747301300
821897500
172958800
715681400
605299600
179547000
985564800
368994600
237049600
357090000
254648200
366813400
475289800
248984000
947980200
648333000
525247900
96863200
841205200
911904600
356478800
253088800
662110300
887294600
638556100
49739800
905435300
433666200
295731300
267944700
40820900
294667900
341477500
465414900
10349300
198412300
644961900
995914100
567406900
133646800
604639400
73690300
752095400
331564400
322674300
700075600
979897500
847922200
48574100
821102700
11462000
405052900
325826700
925207600
292347500
964382800
974947400
449418000
649684300
522313900
968998000
942140400
816981800
310475500
659190500
827331200
508887800
555787700
74880500
327929900
941069700
931155100
401620300
693165100
262719600
975929800
644875900
494252300
75487300
693450000
315355000
338584500
350138100
892816900
263792100
894120900
108834900
490374700
595174100
10154400
264323900
564172100
203930000
81305700
126282800
863120600
160272100
886805800
670543500
486787900
466371000
611613200
417943000
867991300
304778300
680662600
95556300
201289400
174914900
422678800
894739500
741905100
761263400
496512800
634722000
276690700
390633700
995192200
767065500
237443100
5346600
283024600
53250400
460911900
364330300
179533300
324032500
776237700
317974300
246211200
263025600
784345300
857824400
680968600
903971800
414237900
361631300
251163400
615527300
788181400
673842200
761902000
530086600
435105600
258414900
416443800
711796400
900683800
663271200
730497100
138126900
920253100
13521700
191377400
381165000
629487200
622545900
956832700
405724900
192155400
203043900
920385700
976500800
60868300
601354400
132107800
726741400
214620900
383271200
342268700
254437500
57113500
355806000
36159300
743854300
865856100
452603200
455650700
18175100
367509600
437783000
156302100
287762700
702939900
599314700
668927700
332427200
473495800
625760400
989787300
665651200
828804300
910173100
893787200
141307800
763162700
277530300
868049200
229418800
660801500
210318000
483856300
969550200
817759200
520015700
713404600
683615300
224254100
420690500
701790400
591763700
110108800
109727700
879526500
813048700
960677600
800089400
145475900
434173400
425849900
386898500
351459900
254654200
548706800
496882300
647597300
563504700
774412600
515646500
792923500
435214200
977599700
528415000
656399600
795358900
300065900
369804200
478974200
524320000
42130000
432399900
367719000
152238800
793762800
498880700
965287500
754440500
298970100
362398700
440249100
976455200
932400
791709000
231109500
549639200
288591400
130342000
113143900
63004000
645988500
157702600
749853400
623588300
686117600
406253100
418947200
986183600
27692500
149556700
762138800
321457700
581956600
381493000
473696500
627354600
880373700
690619300
381795100
430979100
304653200
822044300
407434300
305585600
865388500
890179000
106860000
405615100
20521000
471639100
720254400
666509600
629341700
721743000
290097900
567094500
379631300
960680300
804913300
407323900
110237000
818687400
728781600
943828800
200180400
454113400
571183500
332189400
144732700
204613800
763168500
449385900
278293300
170602800
6606700
143681900
312417100
113466700
800932200
332938100
585105800
521186600
999447700
466082700
494564900
541180800
33177200
874196200
753496400
838090600
281520100
115368600
656778000
261937000
59197500
108593600
967685600
882016200
440783000
364053500
86630000
203951500
65074600
616558600
626189600
71681300
760240500
938606700
185148000
812807900
271544800
21889000
585629800
522627800
487971700
80194700
315443800
521148900
954390900
68940200
610874700
487546300
184308900
519287900
749483300
495141600
627881600
968804100
628793000
68664600
332857600
967058200
524251400
649567400
583616800
150441000
721248700
595492500
89047700
158031900
408300500
360592500
431556100
993930300
134855500
919527800
74125000
450299400
692311900
28515900
770874800
303186700
516062200
955183700
74109800
517180700
701960500
701991400
737620000
330753500
22291300
70477600
297811800
546542700
720045000
881428600
696983700
692928900
476921200
37666600
850960800
885221700
649894300
282516900
130787200
784749900
453679900
204912200
486684500
145991900
485063300
257559300
700813800
252760800
464378300
774923600
769941500
166338800
728550300
507561600
497092400
2476800
829674400
46539400
549019500
801354700
927968000
497638400
745918800
656524400
535305000
848514900
541746100
436834500
382667000
924168500
221584400
836347000
129080700
959904100
233974100
865779300
469098700
934787900
118540100
933477000
961346700
140116800
351451000
941532200
899313600
100178600
944009000
728988100
146718000
744663700
781978000
326321300
242302100
527896800
982845700
29242300
376411700
776227100
466076900
759078800
700395600
939296500
847061000
829476400
899200700
81035100
946890900
368299400
267458200
65431000
553411600
480440100
205547800
904862600
673607600
104861500
256676500
617616600
85484800
403394500
362280400
119098000
729715800
856217700
898630000
964196800
885460100
526677000
740423900
351537000
285755800
440819500
290833500
384452000
521931100
441669400
717122300
468822000
809968800
984580500
785888200
363380400
716655800
991436100
519878300
390263400
347932800
776554800
7880100
685052800
431584500
621795700
804150800
412935600
478013400
702780800
377132400
615108700
481093000
117556300
966645700
18484000
810011000
509114500
402936000
331942200
950783900
120058300
52399400
12388000
356274000
838287700
627403600
72929900
829723800
147281900
714828500
429291800
175471900
974343800
114344600
607056500
596139500
170130600
271627300
325788200
124546600
648759700
940896900
605639700
17951200
159177900
624123700
827962200
919927600
278695000
159904400
122346700
398753300
212303900
134734700
6662600
50591600
13773600
79592500
131950600
161055500
46056200
561242400
588162700
20400100
927222200
446854400
868174800
348988000
718481700
193963000
473534600
367241400
386495200
330809500
385192600
797308300
954933300
213154800
717235900
233628300
624694500
91217800
884016800
88633600
225952600
890679400
139225200
239726200
221907100
522811000
652416900
267963400
335688600
492214800
288363500
262910800
939069200
156538300
611898800
657550900
602136600
337068600
276427500
240267000
667878200
913255300
37575300
622811500
378045400
6446400
108075000
2739900
97664200
992091800
343008700
575252000
134406500
482233900
66613400
356313600
5044900
970665600
624277000
340733500
462880400
164275700
855279500
401949700
572449300
718813500
311135800
174585900
55882100
587563400
666488100
723760300
752453900
704063400
598207000
130499300
962145000
706282000
384874400
311444400
950009100
727883100
886696500
84415600
461752200
204945100
692364400
718432300
175610700
568276700
310801000
638491200
732552400
166080500
292076100
305001700
884894000
603211900
731222800
192411400
442410500
397710900
916171700
194864500
353409500
514378800
576999000
567189700
472296000
213508700
878634200
422305100
193027000
16965900
758355900
654779300
221911000
450720400
624846800
397521800
18997100
935647900
287648200
3184700
353363600
579724300
559821700
489892900
182936200
542679700
682304300
876982000
940390700
598476000
71846500
545435400
364490000
900480700
112625200
836786100
365624600
242894600
510726400
558651700
259860500
269082400
465066200
481771500
971438000
89913000
130928500
242070300
277196100
418576700
245255000
630559800
998301000
805076700
372087900
181237300
347756500
54392200
58219300
539782400
652868200
381701000
336853000
268993500
533816900
701113400
105779600
899441600
944008000
616506000
709728500
203868500
137223600
174794700
937275300
108661600
516342900
68203800
350731900
793539100
486780600
847622200
675734100
485081600
652698900
47822000
917954100
252090600
102214200
227808600
43508200
6717600
861144800
380361300
275711100
646597000
81474700
633125900
546038600
277118000
249632000
255767100
732621700
638490800
682197000
669897000
747152500
198539900
989736100
349519600
992079000
476516700
197141800
667813100
213233500
101476000
967270300
382822900
605201800
69484500
862266700
648710100
327837400
723411600
29071400
603548500
370008600
362181300
488309700
167682400
890934500
989576900
675084700
623556300
628067700
608916900
293453300
626855400
807456800
534824600
228010300
51171100
11341300
425152100
970619400
476210100
778263300
937889800
859033000
383465200
259009500
721299700
32175300
586846900
696346500
312881900
442030700
317990300
926698400
930340400
737307900
817633000
919917300
664027800
441189300
799620200
272944700
986277800
426475700
332036800
521102500
654486000
634843100
784079000
331273300
605462500
511924300
361171900
794987500
622592500
744637100
53997100
595527500
28447600
892479200
291874000
592964700
334509900
861499600
519663100
516485500
850442700
588931300
688038000
514470600
281755800
487658300
39050500
268033700
165769200
371087300
40771400
71890400
5930400
76485600
403163700
863028200
588410000
764335600
658015700
211002500
760607900
712012800
806530000
40690700
856127300
350039300
633655400
190637200
463174100
404953800
707122800
313616800
993885100
646796000
828087400
527276200
134454300
118773200
46945100
300223500
489860500
87716500
372113900
747426200
415837300
26912900
610454400
4247300
42883700
520105300
466885100
55126900
483753400
525050300
95817600
339880700
126724800
981108300
530517900
589898900
386062100
489275900
903515800
631582400
387707200
983238400
158858600
522161500
102011600
205803700
74020300
843507400
545155400
697769400
590933600
960992800
724682300
453023200
216875300
19201300
973128500
935395600
74328200
456881900
460446000
421781000
796762600
587170800
402889300
578915800
177069800
40586600
319826900
332220800
672169100
707534100
567094400
82662900
481330900
669106100
288466700
555351200
512613500
85257300
504755800
355182300
46250100
481073400
808205500
514760700
500274700
32969200
450156300
826238100
489851200
910602300
499654300
538249000
749408400
902543700
368800000
178113400
194765500
688627000
761969400
866934600
647796300
329063800
201232800
380762400
998169900
489699500
936113600
762418600
826592000
440869500
117600900
872842200
921942900
177441600
639238100
673852800
210410900
89394400
751726100
951897300
251632000
251380400
741781500
1040400
153924100
110581600
430789000
348689700
50843800
192758400
467259500
950275300
521822200
668492300
331037800
771627400
409827000
518786600
534046000
236419100
959656100
903282200
360896500
133234200
80723800
251769800
58722200
542769900
341164200
810448300
746302400
592796200
61828800
488084000
845471800
467388100
850300800
276260800
67713000
901144600
469019200
786607800
103055100
242476700
455100100
434092900
14104100
116562400
952879600
548150100
604616700
164170900
703067500
217148400
549040400
35426600
468918200
607762600
578196500
810082400
418211000
576134200
654513900
731675000
315853400
499985700
199063100
166154200
27881800
518411400
318934000
748536200
305019200
421989100
991012900
11754500
856082100
256752200
128316900
60596900
804902400
984568800
224767800
507969900
201717200
773808200
543396500
922270600
381570900
373228300
983988300
51417100
200997700
638502200
783092100
516851100
390123100
233790400
683005300
669640100
752201800
1939300
418176400
57221000
675563600
660824500
320610800
531645700
917576800
448927700
843877800
974114400
685131800
68645700
733719500
138484200
94089100
277116100
60754900
727295200
901979600
44743200
778712300
102977300
934880600
813439600
871463600
576638900
47230100
554468900
246279100
51067100
808043400
916090700
359923400
483607000
576915200
680534200
266888000
746127200
381097100
362401000
720241600
66228900
431046700
453961200
204713200
776771100
982712500
517103300
504066300
884692100
813481700
534413900
239304600
748362300
347853500
362403400
576636400
646718800
168507500
822915500
949421200
976550900
990641400
309344600
711793100
567556700
989878800
230316300
313683900
370975900
592717400
285560800
437204900
275399300
739522000
893553300
52170400
722234500
410656600
807872000
858561800
224138300
342285900
349501600
224135800
941774600
711905000
800772200
840128700
880412500
875323000
789549900
108598600
865964400
98894500
72026900
685156300
340408500
302343300
250475500
711384400
146695900
536036300
400224500
422095200
275558300
545413000
725900900
997792800
956069600
785408100
107989800
431843100
379329200
457491400
907614100
321103800
421031600
960021600
412867700
301444100
835344600
202417600
661677900
952944200
552947300
733704800
889735800
893355800
36048100
140211300
856375500
434379200
676247600
508235200
108109700
203441100
53648300
834010600
452869100
261353100
871053900
560858900
944831500
250383100
269985500
852445600
823122100
691017100
812467200
235989900
992461200
899447000
690042700
905774300
104026500
242990100
639479100
993762300
387981100
927162500
133973600
244356600
361541700
61856400
4227100
469651400
265297500
57875400
555297200
718166600
319228500
426351100
530660700
264060000
676734200
800646200
368140900
499856400
491663300
432243300
987481500
735759700
331690400
677524200
641534000
435716900
920514300
281013100
429479200
560130700
208175600
815088000
56122500
569717400
876944400
60349600
291004000
393877100
118225000
846301300
112043700
689088800
272652400
894339600
204784000
201021900
694985800
572924900
952513500
186649100
5168300
939995000
174044000
588493900
617519200
815578000
275846000
789668800
348226300
956960400
349799500
808037200
772048400
657557200
629389800
900628000
717906900
920393800
294505100
836131900
18330300
406548800
776855900
290982800
552523600
981640000
743639900
247509400
554564900
696153400
685793700
811368400
887783600
859837700
651497500
505302800
927050900
927343500
546606800
526912400
135939100
148041500
334949600
907987500
805598800
964339400
60250700
523505700
136368500
354755800
611272800
154698800
12939800
388128800
697316800
565463400
621404000
440956700
812972800
427604100
388745300
498766500
490607800
276528900
610239400
142105300
33467000
788925500
321084100
580073800
315838000
457023200
979750600
902422800
616646000
785349400
118397500
676896700
560490300
254766000
31652600
171763100
661100000
44592400
811527100
358416900
861691100
684566300
51008800
674663900
112170500
439754200
425065700
602778300
967918300
286940300
996518800
1385300
75865900
317602900
833094400
643339100
774626200
812845000
545761900
391272200
849829600
664159400
319804100
410319900
170560600
351456700
833718200
831660700
647684400
896880600
441712800
509375500
581446900
492721600
435674600
945252600
184111000
860740300
799666100
152029400
399315900
796185000
405049900
726817000
113787900
238144300
370156100
140049300
302624500
167553200
782956700
152454100
831712700
102760900
562774000
253908500
705852800
396492300
85569200
605172400
545008100
527282000
114547900
126455000
271638900
550222600
323342900
455749900
662598100
123009000
607779300
313549200
919194000
12829300
40366200
284617200
502608800
410522300
676301700
805233400
578075600
459258500
957687500
661423500
813654600
520461600
915332000
771142600
168589100
252536500
376315100
713597200
31453700
742498200
91687400
303092600
544356000
415030300
10477800
206954200
538039400
618257100
772138600
708868600
882721600
812504900
245121000
385330500
474662400
921422800
190563900
52738000
632316500
148251400
965796700
445971100
920348200
132764000
468748900
340572500
385300500
845064000
54169700
668389400
587562300
145857200
223117300
131918300
812522700
233595100
590507700
350562100
103487400
362646400
311066000
986209100
426786500
556187000
371539600
901448900
477609800
813738700
205822200
361561500
213625300
171618900
59167800
385608800
304382900
527916800
726181300
941318600
624616000
780351100
861343300
212178300
177843500
84460600
595731900
990366200
569690900
437874800
592563600
673178300
52156400
155264800
911022600
478942900
711451800
282562200
380391900
440696900
347936100
837849300
53893600
813196700
9468200
113061500
198805500
565486400
640978300
924986800
758440200
265594300
956973100
619783500
729407900
386451800
955879300
325139800
376818100
525570200
763014600
221016900
450383800
815171100
376281700
361406400
545749200
339368700
895603900
177776300
31700800
243540000
15625600
85594500
56736700
25093900
198656000
255542200
842215500
91269500
432164300
600655700
608499000
389137400
472074500
337906900
775589300
427953800
914681900
404042600
205159300
929331800
876694700
655543100
996138100
504611600
16949500
541887300
95615500
912553400
719663700
127316400
407728700
986924500
464546100
716100600
12018400
914837300
223278100
105869100
257742000
655442400
706524900
866241000
296215000
178599400
455783200
323439500
858188400
622100300
979117300
63347700
551432100
855812000
970526000
799205400
612058800
987475600
592728000
707674400
151664200
312391700
86626000
559392900
550951400
802807300
527128800
814605100
969279800
750406900
920474200
227021800
405849300
878634300
344898000
953699500
57233700
800681200
277139100
167057400
422781600
507891600
482040300
225848900
363703700
452566400
25054400
227397700
440042000
617782400
186707300
843341400
181809300
524968500
654369600
732760700
327775800
181498400
547365800
297055600
931905300
719475300
524077400
589389800
598109600
120610700
543089300
906978600
921291900
71863600
74036000
595708700
579755300
556076300
73192900
195094200
8642700
98247300
422491900
700319900
967664900
860834500
795296600
401109400
385803000
449666200
133870100
713578900
631164600
932871200
262269700
563069900
652346500
37982400
404094900
250456100
158593100
198819400
157434700
79885000
270683100
483105900
927229000
102073600
290817500
421900
297167800
551095400
350304400
971294900
251415400
317969300
832129400
46712000
719078700
469567700
748013400
104584000
183146600
379178000
37455200
697051500
193883100
941436900
735033900
597978000
443528300
893627000
796797400
852598200
225147300
319115700
335704200
404011500
421189300
626521700
404433400
969992300
177617100
754737800
941287300
680667700
324342300
25051900
979014900
295056200
494619600
727028300
399640200
929401400
357841500
688730700
626453000
551724600
881802800
613122100
401337800
325331100
758384400
449770500
177929400
983531700
768886200
765268800
387543200
441710800
643425700
43611800
411703100
821042800
49984800
604625600
753345800
374327100
629677600
732360700
669383300
375932400
711024300
320658700
556969100
68865800
9389400
435057300
872225700
891192300
48179400
273563500
468158600
806563800
974969200
646088000
41730700
743855500
662992000
680909100
437201500
306417700
724520900
848904600
379095800
26140900
453530300
132441600
652103200
334843100
116437500
321486500
962410700
79097000
893780500
519379800
147962900
903169900
954437100
271823800
45997400
254251800
797022500
514156100
312450800
771991800
411879300
354181600
767482500
74871400
286725900
204684000
632924300
262882100
53588600
12020100
289023000
758754100
144461700
941126300
93597200
512534500
514248000
56008000
591631500
408028500
827023000
991229600
562833700
33095400
263053400
608831100
287347200
311711200
374622400
851433200
83703000
786501800
457250000
851185500
113008400
743976000
307504700
745932700
6858100
612728500
757952900
547516300
371482700
154049800
488642600
716715100
918219500
254525900
24358300
509851100
662554400
851381400
752715900
225388100
136112000
267404600
85854500
675094400
579115800
460476900
526527600
662818800
498613900
983777700
765639500
863257500
979388900
324779400
609190300
986247000
937507900
618778400
785398500
560625800
24463400
525676400
277341000
942683000
780202300
553334500
704169300
694391900
656351100
456885200
919780100
792463100
724289800
257269800
467557500
555040800
717746700
994085200
469494800
467995900
229498100
235134300
331253400
208887000
811548900
192078900
446769200
749056900
62492500
232167700
309682700
86956000
757844100
838658900
281274200
538046400
643628700
985443500
232438400
299979800
693963900
403853700
92443000
669889000
661123500
560000500
224929800
630505400
805720900
694424700
350136500
35219000
181194200
933025200
244106000
992743200
376739300
690875200
993435300
439231900
923043000
554753200
777823100
932522300
645047400
59097300
722204000
288676100
296176000
206277600
588655900
990139900
610131300
681098900
660028900
522890000
492734700
136594000
405030600
298455600
82653900
6802400
585309900
263848100
939827600
829415900
508226500
316566900
771926400
501661800
7434000
946604600
56415100
785257100
879126900
701462500
844354400
852966100
241773800
140530400
59243700
830429700
382305600
669375000
763163900
42334500
443900200
255898600
430563700
100566100
805989400
513217600
107368500
391299300
777065800
298831300
472350500
536927500
615398200
495912100
38589400
622832300
442516700
346639700
408089400
573278800
299737400
504079100
426245000
541511200
896244700
485488700
623576100
278550300
406499000
386740000
572520100
102034400
894273800
3083800
202600500
951898500
767936700
561604200
594833000
796637700
860435500
67183500
333565200
475833800
814730800
372154600
350301300
257247500
718794300
10025900
82161600
270166900
765740200
508406600
811678100
661985000
245530500
435254300
192170500
652029500
73629500
16325800
754064000
967903400
271044900
208299700
919801900
38981600
769904000
766270100
835619300
630339500
833453700
169184500
357808500
648184500
792974400
959745000
157067300
763403900
969771000
239228900
33570900
987146400
999270700
96884200
649131400
496436400
532138500
92937200
148466000
605768100
109263000
154165200
825306700
380307900
362464900
996743800
419289500
384004100
763013900
506544000
14343700
848102800
675728600
372152200
496287400
720338200
331897300
904989900
483742100
553303500
395854000
517313000
540449900
646759900
614197300
441216600
143196300
397971000
534153800
543297500
255374300
895052000
697462700
80681000
275360000
311562900
77424800
946284700
695567000
840438800
452828800
961545900
688541600
380192600
585333400
436464200
100530800
917230700
593089300
584272900
722169400
988943300
353221200
514254500
887338400
219053700
955471100
30534800
617024700
741260100
573832300
872399100
636312200
522930300
204715300
163307400
834493200
282140200
109592100
781695400
374214200
562420900
743241400
314391000
194248700
328574800
2490500
294779500
497440700
595579800
130687700
471245300
836158400
735544100
985499800
723496800
954597800
940971000
5666800
823257700
933866300
579499200
947292000
570178500
102429500
152007400
985121100
188557900
685782800
94713300
221888500
311632200
908769400
965129900
626023200
103018200
545339900
880148900
649432900
294415800
475728800
780120600
765661100
563522400
515664700
2796200
287019200
721897700
195402400
292686100
545155500
129268700
123820500
492447500
951082500
477885200
896090100
936203600
918078300
833508100
30916900
139966800
145140300
191321600
356732000
22798800
294339800
153707100
902947700
195407900
448123000
630311700
975528600
465419300
193834100
742828500
468215500
732488600
464726300
663617900
276809900
261517000
792886700
652265600
5599700
995604400
130150800
153325100
931808000
48229100
986833200
214360200
439831100
383608800
405681800
796563100
658042800
951656800
950270300
560990500
398699900
650028500
442937500
625863700
115447800
888406800
368692300
583663400
620895400
85053800
498916500
149340500
598206000
291803200
801606100
603805700
539042800
183392100
757130800
470850900
483256400
995599300
936846300
923087600
379208100
594163300
719650700
288886100
797455300
921556200
101511800
196155200
571584700
544449300
822019000
687032600
432856200
442346500
522331200
305386800
779035500
21247700
454727400
377241500
564686200
507968700
232682400
103729000
691360900
241448500
826215100
174617300
237047800
763061400
349340100
867891100
357224700
68990900
156777200
406315200
242182300
258289000
602470500
813767100
54373600
676124700
752434900
738865000
118471200
274766100
44251800
897506700
547649000
750614400
526383400
112335200
510218400
759065800
467699500
201579300
514300
293914600
627831800
489197300
308611300
977172000
608723600
917471200
297798100
765500800
323786500
539980400
275425100
177892200
605382700
329798700
854016900
357817600
68663700
224123300
884218900
364550700
121630000
683503200
115165200
899648600
795838400
625383600
658714400
515173100
78598100
910864000
60723000
958065100
400061300
369334300
186872300
8785000
286805500
736305600
25921000
862227200
276286100
301346100
40119400
133304000
882780000
145771500
491121700
203078900
369894800
626975800
567629700
743160000
310479000
934430100
642808600
357952700
811448900
301523100
873125800
141682200
212387100
933848800
99747300
864083600
554818300
538254900
872868600
841623900
274560500
898789700
955486300
550846600
451771000
995605800
935785900
334551100
141377300
678542800
789265200
762907400
305518600
356894900
506067400
615997700
542960200
148876100
225585600
354409100
702034400
350346600
496091300
166056700
284195500
847473900
30140300
839013800
385728800
154644200
932272900
660289300
305069100
887759300
462771200
756840100
135000300
398557100
343026400
528012800
77099900
132291700
290920200
634253700
740821800
48622900
501886600
283782100
449134200
727472200
889826400
151168600
77818900
637553000
568860500
613649600
485026900
599000800
704298600
122390900
753645000
888206800
782680200
58714100
775966100
497086600
67189500
162601600
147278900
661851100
942249600
224378800
794142800
484805100
110267800
786599900
533428000
612154400
322017200
982562200
339626700
211843600
385366000
669080800
849396600
954226500
282730400
586058700
804862500
238664200
708449600
810142800
126871000
742765100
120492100
154472300
491486900
187681600
317073900
638765900
849532800
259323600
114779900
895310800
744128700
225047700
681910700
529191900
837202200
3927900
511754100
428464100
467406800
148755300
97544900
316803400
102981800
631910500
154497400
159479500
870574700
114582200
969622300
997445800
857347300
90114500
403553300
600469500
277796100
720627300
239235400
378964100
231586100
605650500
274275000
227350000
830698300
207820900
756541900
919535700
463384100
519931200
347999800
930790900
668686500
697179900
499229500
23303500
329090400
653726900
182783000
451300300
768309200
152405400
700381300
877291700
494155100
103934700
477761200
23586400
76197200
968631800
402550600
307783300
574282400
928460800
786768500
404980700
387916900
543310400
324516400
851301000
314876800
924151400
782091900
235198500
621331300
281321500
510137200
202056900
935048400
944555400
653357200
954992800
348596000
605373800
832284600
842751100
709308500
561681000
866337600
785505700
530312900
268888200
344924200
104595300
448984200
131692700
761211200
836901100
926638300
337362800
688202200
493150300
261514200
721929300
728348800
882845500
3250800
490121200
336537600
189934500
434676600
989894800
144927300
783272700
595268600
228847100
877659000
556212300
790528200
743996600
341718000
320841100
264520000
938277400
677071600
965139400
321605300
438282800
802040600
248243600
27280800
741878000
993029100
288795000
463807300
973013100
423275700
718693400
463134300
759813300
908627900
149446200
1343300
305190400
184354100
848247200
785672800
62013100
404459500
576201000
57645000
997812800
148677300
573800200
187725400
77384100
538939700
509330800
515666900
340980300
9209600
794582900
334493500
2238800
83377900
798300800
975251900
758288800
516994200
690021500
518102100
677257300
91102900
771080600
234083000
275457000
619327800
19755800
589105300
275422600
847592000
646750300
273235400
996269300
220550600
460960800
325288600
11125500
221926800
92590700
603741000
231136500
887173600
938234500
233375300
970551500
736535300
460262400
728840300
505164800
401919100
498577600
434057300
493022000
521293400
919775500
20114200
392256500
939531300
609219600
667679100
787123300
507605100
192549700
35027800
979790900
905145700
360316400
990916400
127072600
452907100
594657400
358209100
340080700
532891900
843219600
562267400
521062500
555117200
542742900
277862500
957036400
292955700
963555000
701693600
814249200
883330600
721807900
206505700
822861900
331027500
125820000
861620500
838632600
318369700
148283500
818423600
223515400
508600000
60975200
350588000
213142300
655632700
960432300
804858300
188524600
803651900
367125700
961222300
358769200
161503900
239084800
567440800
454459600
202639900
269134400
520344000
85970500
990942300
978484900
160467600
321969800
104304900
273723300
412237700
674309800
422006900
482296500
897825300
182242100
543271700
500048500
395384400
450539600
460480900
451877900
639064300
515768000
819003700
851921800
126172400
232142800
342641900
693613200
938237600
545281800
962747700
458581700
882887500
205325200
437066600
294990300
527295100
793006800
568713700
191168000
467316600
990720600
925099700
365141900
172962700
468371400
116825700
819982300
170546300
828941800
271860300
61245800
344709800
342499200
913167600
470882300
574642000
255809500
416130700
512879600
52726500
378878400
223096500
935614000
584203700
911798400
230604400
363134000
704805200
50953300
805937200
172121800
41673900
731036900
788899000
466271800
451043500
905724700
286254100
873225000
734666500
809749600
934470800
331011500
152248800
847638500
53529000
978526000
103448000
469659800
743040900
156174600
100173400
966137400
343423800
936012300
877935800
825663400
550781500
834376200
876616700
608353900
6498100
169925800
591026000
47032300
887832800
293704800
952757000
174087000
166929800
939058700
235471800
101400700
521705400
639355900
949039200
575234500
617881900
304122400
296529500
612558000
711932200
648338100
578695500
55356100
584350500
708266500
132654700
386767200
542642800
260906700
995121200
800776100
682467700
586147200
847808400
570300600
879852000
52200600
996022800
46781900
991259300
231494600
399817800
764599900
870850500
348857000
591469600
740367700
904614600
887999100
352925700
616546900
536337300
931621200
923538200
372323000
891523000
56192900
759090200
685801000
568734800
5846600
486577100
251202600
591993900
334385500
821503200
723481100
386586100
817526000
21898200
629480600
49020600
421716000
645715700
919871200
22208200
237185400
660238900
926822900
376819700
13164600
543369800
164792200
196421100
466908000
537115200
339579300
774736100
547840700
25380300
343471000
553687300
511957400
594673600
397316400
97978100
416176800
372432800
736199400
233702800
394331000
365680000
282723400
67682300
11395700
454229800
89890500
500216300
366103900
16713400
877036100
630903800
560083200
41828300
78960100
26991200
830578800
670174600
801727400
630054700
695554900
396833600
435377200
459147500
991507200
84328900
557125600
407684000
456761700
293325000
641386800
102727900
910640200
175745400
170410200
173671100
881610500
260300800
673887500
499349600
277014200
802558800
381888600
88732700
96022300
460848700
367359100
926601100
131023300
420721700
808291000
78213400
817555300
243668300
537360900
809062500
327997200
346121700
216746500
784758900
891081900
109768500
139122000
53357300
537149200
309532300
478663700
670394900
821468300
152551200
421379700
98482500
206745200
803268400
438850400
302767500
515752300
806209600
481003900
898410900
226931300
289294900
976624300
44486700
784598400
765620500
105184400
112595600
363377400
573566200
148989700
506094600
934969900
288111800
559451900
723754300
849279300
38115600
394149200
670747600
442302000
815529000
20865300
649047200
870432600
459715800
203450000
386184900
265925400
936089100
536231000
744491900
477019200
764490600
40613800
261617700
530111100
145798300
625848500
145123700
719364500
26473500
651218300
905969600
566220500
210670300
629724000
415499800
500421100
23873200
337882600
942723200
91037400
358747900
843405600
213105200
818463700
298490800
850925400
336024300
234579900
387156400
80516300
963234400
151647000
372765300
476487300
933393300
518563600
102335800
78517100
489563300
380444500
981370600
395533000
946665000
192040900
25257000
362164800
944097300
300765400
700047400
886820500
643438100
310430600
981861300
856543300
128894300
280352200
707468700
716553900
766567300
346260400
48705400
729801700
749542600
421470700
206289000
682936000
191669600
560260100
13088300
681232900
940704600
994458900
328401100
139004900
438135100
353658100
501169700
633867600
906058800
452852400
520688100
549496900
14918200
754184600
406040200
143812500
34536800
365144200
112001600
52739400
963039800
160707000
782541100
712582400
833813000
240465400
395518400
25482600
52360700
660241900
958350700
244700500
906336100
286751900
383705400
596106400
892045200
136510400
229974000
798104000
840998000
2297300
347600900
855916200
756481900
5276400
251363900
791018800
370420600
363365600
843758200
333460400
775707800
877934500
46042800
861156000
370035100
693196500
886638600
422395800
605073600
96624600
667096400
511409700
383376500
302437000
107516100
275421700
438947400
589125300
73525800
279945400
591422600
672761900
135861600
347904600
678038300
387225600
138923400
300094100
2226400
234316800
633554500
29569400
363886500
931232600
890725500
733921700
876064300
28999300
156317500
481137900
125623900
75049100
244182900
760635600
629121400
603334200
287692600
68068800
192459600
612853600
599649500
783882200
285615500
735511100
131786800
963653900
374371900
522345400
263748000
628233500
756662200
148937800
657803000
120548800
80170400
548528500
854470500
207869900
829163000
262423200
940643000
954787000
589107600
184825900
967057800
218229000
788160200
254750400
537933000
980619800
867604000
137582500
16137200
153219600
124728900
147924100
116873500
499100800
670269500
632256700
378969600
678567000
781194500
36772600
799115800
113000100
836936300
905221500
320870000
666099300
419279900
513148300
872521500
260022700
697974200
839579400
729886900
737769600
94329800
267820000
970024600
961933900
405402500
986161900
366788700
781766600
385721200
735297400
532502700
55990700
367554100
911472300
734557700
400383900
948244900
785308700
513384000
36816400
942165400
85889300
702915700
361445400
599037600
575437300
621468100
548647000
666651900
602990300
286416700
760981700
870810300
508076500
974550800
527848000
494238400
592974700
309614700
879959600
328272100
93752600
187585600
695826300
5224900
173778500
347845400
205105000
959087300
861229400
241921400
901252700
198753900
196472300
514333300
797791500
23544800
387436700
598073800
690196700
990427000
136125700
702813700
112872500
644202200
677364500
640720500
390075900
270339300
201970400
521670700
850246600
295723000
709256300
797708100
300947900
134670100
145553500
757688100
93757400
6783000
999609500
246645300
205536900
447717100
760978700
254963700
471261900
400050600
104672700
161458700
390477600
240798400
864272400
503350100
885000600
793272100
395705800
275076500
315246600
597676300
48382500
165493300
145034500
757638800
963201400
445982500
892308900
108755000
455305800
237701500
367173200
454915400
735982100
824345300
154267700
748596000
330944200
625529600
148646600
435616900
38623500
539124200
676415300
154531100
294109500
813051200
199438500
689815300
88127700
514685100
287491600
388145400
931813600
432526200
145784300
895015100
130143900
289728400
255405300
585449700
779065200
874213700
292000300
515047300
698559000
697903200
263643300
281138500
323432900
412289900
716755400
613691600
203049300
644806000
768222800
497158800
457857200
967661300
186974100
797620100
733981600
726101000
185765600
665795300
410262400
583185100
812445600
792041500
124548700
67850900
629126400
903613900
193699800
921126800
670296400
143894000
619030000
185574900
425032500
194098100
597864800
393423200
59425000
52549300
289864400
79283000
549708100
747721600
298579500
988317500
796976900
32561100
966053700
234377700
698356400
376316100
817562800
762437200
168357600
193746800
830288100
797484000
348995900
275623100
970246000
19292400
419517200
840911300
204867300
844549700
286644600
54367400
489608100
346069600
106916700
779472500
425352600
656624900
778829300
723932100
896577600
575806300
8128500
862631300
810184000
958120100
238947400
879382100
720557400
658940200
73128900
802480700
708059400
422124800
78103900
929940700
693052400
497621100
22487200
897919800
593806000
560767000
952287200
83414200
906836700
310839100
862886700
583824500
219099200
641716100
559391900
115676800
469157600
567520400
978308100
530976800
777275700
468890700
410358900
497833100
379466100
735123000
551949100
339160800
408883100
630053000
520736700
101935500
379309300
543223900
251490500
973115300
103990900
455412900
308164700
262462800
17887300
171051500
97922600
236986500
64402800
908949700
352663400
785195600
476470100
582606700
316172400
505381000
303132700
978166600
3214200
934234000
964924800
555163300
273394800
625443100
436851500
45766700
979013900
816160800
588990600
230504400
40911300
944616800
937552600
349076100
458714800
955439900
771762800
556637400
192426400
87800800
717222300
796725000
124631600
193692400
630967000
440804000
950708700
934099700
670605800
953922900
119968900
635530700
760721400
644999000
260973800
449208100
690765700
239987700
517004100
531391600
722127400
809550600
727643600
911315200
410261900
186358400
866755100
182024700
994631100
310816700
521460700
711853400
107541800
646092300
157181100
990144000
338531600
107889800
175878900
9137400
313447900
295847800
896303300
325804500
940846800
157277200
775012600
883247800
648900100
543651900
414639400
371027500
353202500
142283000
282342700
763464500
580276600
400733000
197124400
574907700
711549800
970220400
538396400
70726800
616312700
947212700
60870800
954844300
55102500
488384900
215617000
620185600
784232700
111920300
945990100
976714800
269197500
972637900
859962600
169732900
767925000
526237200
792395600
121127500
920155400
326373600
136227200
500432000
727106600
584986900
326975000
690291600
555207300
117006600
12653600
171520000
64219300
325159600
377999600
119321800
813544500
845251800
991142600
597777300
957172100
937132700
826127300
478004900
161405800
686089900
647737800
929330800
463962300
691768600
302093500
384117700
18142200
689956000
884549700
745248900
274942900
463159900
687175700
830150200
580166500
699829400
253305400
644385800
24989000
882940200
15342800
838533600
728192000
258120600
687946100
685364200
195253300
514073400
415004300
608294300
451798500
314377300
789260300
915760800
6145900
91353900
299878500
24288200
781309900
436063400
769537100
307888000
150858600
708348000
138038200
731025100
408177400
391343600
627046200
433166500
525919100
894024200
523335300
254111100
152144900
211281400
191110500
599033400
725354800
606114800
207327800
177153300
920492100
996588100
344549300
926638100
339577200
896063000
950926300
372522300
332126400
972098600
932045500
482985000
680446600
70083700
465645400
88624100
713062600
92691600
773425800
238981700
986715800
296761100
493092800
138860700
759677700
684203400
737894200
485032500
541953400
196857200
913821000
462445600
445080500
258370300
640718900
36293000
154433300
591645200
660450500
738194900
815379000
592496100
472815200
747460800
662579800
938460600
87720100
627277600
282787400
861145900
866259300
269503200
409542200
610987400
659999200
169219900
546826000
649528600
905887600
88779400
846385800
819708600
802860200
291466300
329714100
443579100
327759300
735782600
286859500
988209900
473977600
353873700
832341200
198428000
101334600
494921000
136888600
189054700
373833900
419676000
301835900
240093200
940814400
963013300
102715800
600813600
132233300
901177000
501977400
38120900
241591700
348363200
109464800
44451900
891464800
690814100
739666300
219224100
426596800
278161000
459069200
152209600
632034800
291410400
350637600
985004600
37966700
739161400
425694500
411800600
410472600
979165600
903529000
602922200
942179000
257880100
455371100
74412300
159057100
957348500
364168400
400648800
305711800
725268400
696736000
197176600
416082600
688037500
668035900
94314600
966198500
378740400
246524200
849868500
921786000
848797000
86508300
211387900
839593600
512202900
874823700
501701400
491368500
29988000
104623600
685182700
287868100
559994700
759595000
446925200
517343300
375398700
99209300
74690300
352302300
795945300
523502100
768384900
483982800
443173200
114334700
701816500
821913600
612494100
803320300
995334900
712926300
889828600
458358000
552519900
653666700
333181800
54221300
396670500
363169800
410480200
81853200
902673100
970474900
93083500
601233500
739453400
468482200
700442800
65778900
72419700
748023300
589281000
92439900
483641300
284089500
206774600
437093100
357638300
819268800
240413400
352973200
532195100
381877200
62966500
336350300
35544000
396148300
390571600
432214500
10953300
52687000
514067700
913626400
23162000
607151200
514859900
14250600
327268600
466938000
331664800
399688400
214961300
172581000
492128300
950237900
456670500
950538100
387331000
814308900
769806900
627744400
418917300
553637300
9621600
481883800
889987600
296800800
129667300
532194400
729015300
140620600
584881500
243083100
54247000
859678700
101869500
820742200
125564500
429138200
539315400
457229300
828826600
754276700
629810400
572590100
956149800
86480900
523128200
343480800
152425000
544570400
222860400
571342400
98207700
484117300
53226200
239830500
780918100
182893600
772024900
509933500
575149400
608541600
4651800
881031700
468220300
106521300
701773900
845420100
787294700
241089300
302649400
867756500
247001200
932459800
691981800
203151100
270576000
215110100
798267100
423001000
759680500
21127600
994343400
109523400
505244900
299204900
349353900
537798200
733733700
373014000
47731700
308883100
981555700
304018700
189914800
701411200
662175300
143323900
546831300
449470000
636048400
101116000
568861800
134684900
33575800
260843600
589471200
304151800
475953700
387738300
727152900
487269400
660501100
973131500
848428000
417381200
272336400
197781900
955179500
257705300
822431200
254546400
566588500
55622100
558565200
8138500
8668500
220740500
403097700
807135100
921845700
290781300
908251100
490707500
425466200
193462100
3186400
266572600
497614000
479140100
905946200
476402100
218044800
566447300
449533600
66472800
235463800
973505300
515890000
190643300
231210600
338321200
696824900
49434300
645578500
255390100
57572900
654247000
727765800
712305800
461382100
901246800
3087100
621268400
643589500
680188600
814730600
646775900
198396400
563979800
377551300
104342600
40381900
595596100
922425200
741550700
913704100
157889000
715056000
429594100
600167500
946266700
19550500
296992400
995701000
916764200
804017800
304909100
571011300
783418800
268850100
284028600
684665600
271937300
156932300
579890400
203761100
971662900
226666300
402157500
535642700
604217600
758135400
576024600
451448900
680560600
317575300
616788300
90084800
284266600
46382400
941887500
482168500
317568200
490515100
477869500
234332400
294532900
34413900
56978900
329587000
303264000
592642800
265887800
826836500
749575100
845778200
282232800
721238000
324079800
936025600
508515900
179932600
694161000
336175700
883016800
626356800
905386200
499805100
968076800
189652800
797822700
161599500
671821300
115390900
652114600
401326100
601358600
198282800
687375200
909972700
527869800
990639200
502615500
45392800
69111000
503825800
891171100
351343800
476699000
466886100
539004600
985214900
646818700
233165600
573025800
529835500
111157600
478412100
281275800
330869600
919700100
79098600
492469100
843156700
446124700
144583800
496118000
299118500
342866600
183493200
209091300
122371600
425767600
963342000
167764400
494878600
467167900
310570700
97857700
195502100
777456800
636862300
180717100
675910800
121663200
5378100
457381500
484456000
735425400
738657400
815325700
655125600
69391200
307794800
749917500
515515900
704013800
246035500
814634500
298515600
681163900
275361000
420887200
106931500
238703000
840286900
853445400
957506100
150857600
951303100
153008300
179949700
839800600
585360600
855860500
961463800
590738700
564877200
445919900
326164200
303534600
261245600
232925000
372925800
820675600
234477700
140077000
524689500
480513200
954711500
823205100
413312300
481707700
495727600
520243800
720410700
336014500
373689200
929552100
738507300
576627500
82560400
918457000
416428200
667921000
25952700
629527200
510294900
590830000
327082300
88094300
145999800
839963100
572654500
518925700
660638800
807132200
910637900
436963500
539280600
116984600
260168600
952592900
598692300
7531400
724472000
570738200
343545900
349796400
500290300
333688500
178059200
582850700
252145500
846122600
502406900
278098300
475649800
264337100
120563500
54367400
604066600
266563300
894330500
176721200
37124200
554969300
235488600
947762100
991932800
26404500
64746700
503736700
230632600
663439000
511268100
955104600
234177300
106449300
556536300
986102800
440137800
734595500
568953600
943918500
580718100
322995700
473652000
308003100
587332800
594215500
362370500
191399500
860778900
256701100
619755900
897903100
63305600
855244500
97300500
55238500
881649000
162047200
810610400
112281700
77121500
573513700
319021500
562934000
679963000
875557800
549036800
371736000
861788500
117990400
315654600
694141800
692621400
789306600
253780200
279954200
635157400
616150700
722988900
495936300
124487000
342744800
645474600
439427900
449624600
742775100
494666400
582908800
904822400
556912000
946825700
233579100
130425700
265847300
796513100
62024000
393040300
345549900
685395200
506464100
715175600
1049800
200605900
407797000
41991700
706021300
939386400
677149100
573807300
914010600
424720600
698294300
508390600
70195200
137722200
209650400
812970400
884023800
792559300
717792800
692571000
739385000
203007100
822996800
256867500
999520200
136656000
901543100
345070100
822051200
408007200
311880900
74736300
860248300
971313100
116728000
566269700
162334800
45512300
140077000
327980600
470232900
90006500
836371200
540428100
479364000
46021700
605033700
615023000
838581000
574461700
307594100
829601200
777468800
382226100
86468800
776989000
518882100
239647100
373694400
592568500
647654300
685575300
667304800
759537800
908523700
35668000
325807500
70858500
81180300
717519700
650474300
803048400
59161500
486845500
595111800
538525500
784502400
200145500
405183700
874718600
774607300
712777800
704319900
552076100
346639100
42423900
329065200
865521200
282071000
954394800
709725000
181360500
891605300
377029800
940898300
800129000
412697900
518341100
122622700
745513400
487496000
773097000
800197100
798292700
511577800
395308900
336818200
296080200
595454400
993637200
170798900
621696900
706415000
126754000
173773100
53054200
169177900
754473500
170210600
702884100
708868300
879935600
135879800
600473600
508600700
76778100
652237900
172933800
846754400
774860600
170082400
585885700
799592900
970279500
384178400
311170700
617223600
972631900
607250900
464313300
966269100
29685000
86010200
924319300
156439000
511418500
229008700
577252100
265892000
399219400
531771400
226395500
530790200
667651200
826869200
291026100
996064600
479107100
463959900
842819000
505602900
634042400
428704700
305195800
855957100
64518400
868001700
473180800
37150300
475252700
189129300
3419400
756572900
275139500
927738700
913012000
786558100
156747500
741899300
304085300
807602100
273670800
530480900
590027500
192957200
608985300
881053700
189021800
88092400
596648800
283476100
845330500
482326400
963816000
402161600
338283600
28334400
270163300
63099600
65484700
745416000
252228900
68904100
753624200
779003600
248278100
666636200
565561700
656660800
660170700
121282300
715898100
185476700
651763200
305925600
378434000
260748500
438614500
567455800
600476100
35263400
850931900
445806600
769225000
814748000
99603400
107508600
843082400
369766800
422243400
160202400
115182800
926107500
480741700
120442200
705111200
729019800
787078400
522308100
385680600
698884400
643590400
353213900
884361100
295353600
659139600
262795100
807737300
349389300
81886200
408213400
636287900
932818100
105655300
405513000
999201300
205258700
764656800
93919000
575025500
186900300
254121400
941843600
364643000
734863100
62285800
69754200
715518200
100999500
592062400
352834000
799883900
235652800
706048000
935880200
782641700
616822800
198675400
590379000
966212100
532196800
250227700
602500100
465014900
607518200
8013100
715851500
812776900
772669900
61405700
639437700
211205400
315527100
832916500
575848500
302025400
146837500
897237900
17543600
247837000
489300300
370377700
299356100
976588400
328060900
235236400
10865300
944883700
685547000
852879500
911095800
217743800
103107200
513595900
934393900
710625400
773244200
901880600
775037600
797549400
963286300
414475300
260390000
530448600
247391800
87873700
832474100
394229300
985111700
101652900
893701600
726047200
723665800
444692900
954270800
51726700
679929300
965136100
996610400
617111500
818015700
907706300
86490500
172758100
672937400
272519700
883383600
446181700
174400300
658421200
495366300
137686700
324531700
755756300
919770500
823558700
95265300
752244600
469423200
80377000
853897600
363124800
58059400
577563400
59453000
12330300
629290200
991017500
229101600
625900600
608129100
298752500
785242100
946254800
723145900
458179600
218774500
606529500
155996500
644810100
516585900
651362800
782496800
92752800
658754300
702267300
167946700
754019600
706147200
637369900
86031800
811680000
252130000
144091300
389243400
311583000
408056800
270168800
302600500
888793600
147704700
162364800
439181400
932946800
108619700
162327300
642761600
579029400
20492000
798758100
223839500
788713100
701756100
257971500
881465900
612145700
960238900
49412600
366165300
918021300
938417700
452197200
729701300
190547700
847923700
370579900
753765900
507615700
892384000
56366500
396409300
40088700
218731300
87225900
224670700
578986200
249553200
119067600
158015700
270045200
169460900
381855200
310393500
122852300
639826800
191859400
734998000
851700900
492907200
101163300
21357400
431325000
804995700
751058700
873507900
904554600
373273800
627273900
412170300
265657800
935275600
60214900
557381700
405642100
147440800
33687700
984628400
648629300
404390500
394279300
170309700
573851400
27769700
480703300
696703700
919231700
924197900
431701700
22567800
668740400
784500300
43925200
100065400
841131200
46619100
225208500
745685900
419893000
104117600
409491400
937186000
39393200
721341500
746203000
445035400
120417600
31525900
429663800
769046900
435916400
75578300
190991800
9767800
103348000
671695100
958106800
22579800
595893100
389808500
296782800
264633500
425944000
340708100
616334100
267075300
638962400
93177800
264396400
58855400
197295500
925523000
247676700
236688700
898499800
245514900
681724100
18917400
277040800
363023100
39599500
964592400
690236600
482226500
974360200
793584700
153921700
184102200
67799700
1450000
573910800
364582500
517718700
251490000
956925800
385688000
518565300
595888300
478865800
34596900
906378900
676161300
211755200
405690800
164485300
110255000
651205700
97844600
380807600
179881700
460867800
420407100
144474100
402739600
902633600
370469600
196324300
308190500
554571800
515759200
309640500
380117800
131977000
78994400
631607900
88902800
464682400
401808400
936426300
943548300
688040600
842805300
871344800
899795800
248496100
35830100
10050800
151337100
385310000
390858400
331218800
97813000
62900700
727328200
500552600
217169500
97797800
948512200
525360100
904004800
464271400
86635800
284122700
847883600
165630300
167365800
188421700
630312700
569174200
124848000
825496200
257214800
967653300
948476300
157010600
467784700
984306400
167061400
870757000
369616400
809555000
453611000
467429400
872455700
180939200
219617300
89625300
530372200
168129500
866620600
434377100
632400900
204891600
718499800
731919800
370521900
137500800
920341500
252469900
706675000
45189500
329601300
215525100
264478100
278077600
372535700
983898000
514019300
791232400
854655000
135270900
852422600
308266000
854335600
724878400
489205300
73952900
66138900
19577500
242082400
184394700
705589800
126118500
389286300
675724800
109673500
11443500
813225600
30015000
515548600
519900700
75204600
96785100
735425800
591317900
374862800
359596700
575215900
140517300
402464300
429870900
275788200
254887000
738136900
381759000
231400600
478977400
707347100
297539500
750190200
949429500
733569400
707415200
327183300
374490900
383140100
436856800
385934400
196365700
718507100
153118200
967901600
793711700
249903400
954962600
636664800
624766200
566194600
211880700
16918700
968658900
893386800
544342100
223545900
883158900
926101200
454946500
362136400
633448300
4121200
363961800
834513100
737690600
71377000
413331600
112181600
454517100
101823600
749751200
902518100
820330700
902869500
122054900
865677600
152772900
77017600
502342400
29174300
643212200
714223100
46093000
863506300
859245100
590435100
87052300
742404100
768171500
541998800
104540500
653255100
797755300
720137500
487768200
535445900
791514500
152735000
899262700
497666900
254558600
649014000
400185000
326524600
803518700
773875100
192202200
956291600
850892700
694544700
237101100
745740100
660403000
283194100
609246500
519648200
125264400
947934000
262052300
893436000
489932800
618228000
798326300
539323300
338365500
286094500
326404500
381515200
690464700
225667200
879182100
196658500
126316400
531002300
523183100
929835100
304877500
715385400
137761900
407405400
661565300
374863000
153145600
573603500
909692300
14027300
344886900
286592000
961961300
858574400
431663200
703529300
728437600
229989500
242852700
318438300
767719200
569257200
699953600
458183900
46559600
579135700
654842400
172876100
361773300
178025600
354346400
666650800
145046200
743743600
325691400
806611500
370241800
730472200
631850200
279934200
744499500
228372400
566526200
958096000
86946800
998189400
661625400
67019700
228178900
156113300
385458000
995898100
977005700
85411600
705717200
23565300
916182600
360559600
448076600
277955900
790220400
54058300
196241900
935266600
797801900
521933300
993513300
168043700
504040800
876998800
699613100
248540300
105371200
517774500
458271600
443953200
767599100
371532200
510972900
247413200
527645500
896431000
243311300
756286400
981842600
200663700
779851700
149660400
812858600
479563600
679251500
603079000
533621900
127128600
538345700
583059000
900697200
783494200
751102700
404738000
660493000
702351100
653278300
765864200
220125600
363185100
209817500
987724800
734717300
720790400
235138000
513998000
617221400
730084600
270284400
850699300
930748300
50136200
251994900
743606900
781335000
931246500
598321200
314956900
310010300
136666900
898015900
210707500
171796300
900753800
615445500
832289400
603104900
520359100
598153600
74865800
883544200
59606300
314225800
618261600
780396800
549363800
132259600
649253400
531083600
402544100
751587900
713467200
704315500
3582900
457074100
485650500
186464600
307030500
52242600
496474900
443697400
201893700
707182500
867129000
102647500
574263200
699418400
957387700
94622300
297572000
283888700
229801800
357178400
598114500
848063400
389210400
147478300
231958200
290099000
678562000
886137500
41687000
643664400
842088200
296905100
352373700
579373900
735004900
659404300
631616500
231479800
354736900
833510200
190297500
221865900
187793000
16196000
921284300
396815900
110818300
470491600
680704600
340620100
79305200
278819100
440318700
468515600
677932600
923912200
10249800
608129800
61684900
51936800
251794200
903773200
600477100
604168000
483147100
335482000
263572300
366398900
818597100
618309200
451544300
260529800
91810400
890972500
276725800
13094700
287788400
639179400
483586300
220128200
979799500
814526700
498947300
671753500
534677500
428515200
595665700
544927400
36645000
908985800
848499400
540074500
812759000
448976600
395877700
547541400
784458600
911085200
165575500
854690900
781029600
868755000
115220800
872840000
759727600
643581800
885934800
299151200
282761200
621156300
519279500
514196000
435683100
269862000
185949500
970360600
698377200
33250400
766923200
986657500
942236200
615422700
778367200
6630500
64399300
174244900
554171900
100493100
85330100
971382600
955184100
866359700
840137600
322040100
739199800
599865200
965621900
876769800
899016500
248383200
749561300
669931200
762579200
185244400
939793200
200163900
407240300
638170500
233414300
174163500
876463200
427285700
789586200
654830400
433916200
105620700
80710500
239723300
206113900
166040600
211105900
161298000
284035500
51243600
734973300
274870500
902744000
952230400
151640300
53395700
200613600
901201700
723326900
214828000
338081300
663120200
666627100
996956800
552925900
900041400
171120400
681024300
578962400
212341800
587489900
12878600
317962600
668200400
252602000
524076500
85876200
715343100
937009700
621546900
18221900
923618200
896417500
920966000
875848600
48057800
225996900
76462300
200894700
949323900
542925500
538976100
864079300
209552700
535932900
668640400
361229300
958688500
349664700
940191700
171030400
188789800
204705600
740628200
856990200
457307600
516339900
194501600
172650700
453349600
816048500
190872700
376967800
712466000
363473900
504451600
12159100
589470800
580913900
213053800
790429900
375474700
3665100
906144400
836662600
791233300
574784800
449527100
1557000
176084700
389718900
424222600
364874500
594424500
164850800
473499900
303367300
681190700
919636700
727653200
386175500
735685300
170161100
14778500
699786500
785270200
519230200
963580800
626376300
351779300
176634700
416806200
727254000
431935000
574585900
815551800
474803500
401005900
265079000
476360600
577090700
906433100
900583200
193600400
752492800
317069300
918735600
55860100
998260000
90007500
35148500
636070800
77328000
205309700
650849300
777114600
242215100
170079500
740695400
868591400
773494100
168965300
537032900
752383300
852535600
111618800
567935200
327339100
512624700
833014200
55334900
341350600
991082500
955918200
786586300
743575300
524622700
956957100
51070600
774517900
46964600
86219100
410588700
124292700
543164000
313073300
153042500
785379200
483152800
893737900
905605800
256646900
314338500
442638700
9030300
166874100
554257500
828600700
745848400
318517500
913250100
801183400
659868100
904332600
8736800
698089600
899543100
533359500
655046700
950613700
307877400
702011400
288468000
970101400
77939300
83267300
283174700
230981800
120281700
17962700
124719700
25887500
526244900
690693400
468526300
786910400
857567500
274419000
615511100
855051200
592936500
528761200
656234600
504439900
684729000
916606600
202529500
584272100
449966100
857576300
786521000
9478700
811222900
74989000
231215300
889162200
409891500
514390000
120144000
530173200
532352800
496498900
807696000
310232900
187192400
527857500
97143300
296395100
802276500
712654400
151446300
646848300
493050800
59316100
151288200
429415000
975922700
353817700
265322300
677524000
463029200
51843300
687002800
274252100
378467500
918218100
163414300
788359100
684243400
535193500
570167500
468231400
283327700
377863500
778464300
470520100
157356200
875607600
18550400
959632800
839897200
421632000
606481100
584583200
480948100
9404500
13998200
708506100
614857400
279320500
386030100
77886700
582799000
324668100
352138800
212901700
494521500
767188400
252896000
178764900
554017100
823063600
646996300
837344800
452562300
425460600
559500100
609918600
301068200
829685800
821186600
392600600
251317800
679302900
977183800
983901100
688707400
242817200
692407200
303564800
773772900
330072600
633086700
356571900
654740700
985225600
569473600
149262200
4049200
822369700
579662300
558066300
897068500
226658600
647046400
601266000
903754400
206546500
211184600
456457800
36232300
284006400
849058400
539185300
963309300
826242200
523086500
903651900
320694600
467128900
458852000
94467500
797201500
91938700
451039400
703577500
328799500
272148300
104474900
584483900
346153200
684137300
142550300
243221700
910795900
41231900
96122900
814550400
499413600
558942800
522643400
787281200
842949200
371701900
326466500
57893800
449579300
101188200
213180900
770274000
819952400
672032900
864741500
868789100
15606900
567416200
572366600
344406400
839564500
676841600
928890400
437352900
612614100
323075900
932209800
523410000
615943000
28332700
589595600
115356600
587275500
112239100
902637800
681860000
735576200
480739600
991389000
185155500
581927800
204569900
207064700
653515400
128238100
71806300
522304600
143845000
639222500
346306400
739886600
730422200
274783200
920412200
419410300
887397300
495123300
351620100
410807400
111066300
379952800
252038200
226423000
218863600
615912500
129060800
152358800
351488700
609800400
143747800
788279500
443363500
348317700
995344200
96878900
476555800
318785700
870818700
872036000
209643400
217125200
611922700
940065600
491908400
532334900
359475900
379305800
27458300
962731200
41748400
138524600
594319300
545421800
616582800
813182900
161334400
997278900
965541700
764458300
607079300
109289500
552737800
302078000
709242400
799717300
398957000
185798300
118503000
269775700
57834300
328146500
738536100
921392200
519847300
230444600
705362400
130958500
861385600
984455900
93689700
903134000
374615700
688009000
448555800
991198600
501191900
609890200
988477500
718368800
625983800
847192000
79293500
178721600
149270100
788536000
230074100
799862300
225969500
600212400
321273200
283803800
928358900
59809400
456831300
448206200
290254000
162193700
579164700
151639600
146649600
924489700
306408800
772900500
612498700
754964600
764099100
365325900
616490100
4211800
335329900
242473900
851403900
414623500
672830700
674000
203159500
902904900
800536300
680764200
503117300
373444700
964568000
683111400
433254100
673034500
382952800
975143300
86863400
213752800
126782900
233513000
138242500
433191700
6413600
2376400
439791600
22147900
367702300
56281700
26359800
703032300
550390800
877763700
369291000
223221500
130072900
824085700
377761600
182244400
504849900
132514100
555689100
721053100
67260700
988943300
394087700
450213600
964086600
480951100
915601600
342504800
966099400
53844100
27331700
224148200
307855700
467123300
246296100
675558100
775040200
524291100
630225600
577066200
402054800
999516600
51923000
783762900
823602300
429684600
966007300
328452200
813834000
521696500
49505300
132729900
762275000
443593000
834578700
977996800
176179400
750180300
572136800
142278800
55659600
599468600
366427000
363515400
318227100
864358300
39073500
344902600
388649500
920934300
921968800
790704300
920450900
973891800
574467300
744053200
655211700
792109800
72505400
720680900
565441500
373645900
853410800
579351700
817239000
687989600
557348600
245053600
438169900
381120600
387332400
493829600
980589200
5394600
108980200
550451600
869752900
399688900
895354200
258402400
320623200
68958200
300742000
241074100
42850100
126844500
985127300
949697000
170589500
309267900
670377900
736031100
934549000
775423900
315382800
751788000
463413500
124366600
248476800
153218700
505487300
635809200
898683500
737711700
641203800
7663700
288163300
762592000
407352600
435152700
20994400
727975800
504111000
573371600
220685100
798596300
700216100
457447600
748293300
122440900
766715500
670306400
858472000
952899700
445730300
425490000
704687800
909143900
549856700
204799800
313997800
306979200
840609100
212681300
44690900
733448100
220345000
584489500
496040100
879332800
19642200
768669800
858943800
775388400
342041400
79628900
825619900
293892800
537076500
573913200
416333700
555427200
495854800
526440900
508326900
941585200
951930900
464649900
102364300
753422800
669449800
416362100
60402000
761694100
629043400
356728200
495142200
101023600
941217700
242817600
980356400
212495100
11487400
839300200
239518800
605164000
170564300
65138700
150692000
707640800
890687200
567025700
263068000
386542000
345101800
23030100
579762400
297032800
487680100
933761900
302090800
408765100
350124000
614128100
170459200
230802600
970856300
665601400
583461400
163709200
908419000
563817800
627839500
171541600
654753200
867358300
776705700
76952700
184132300
927397700
784593500
326454700
746058700
299296700
712996700
91160500
573962100
544394400
639828500
61642200
478156300
193554600
722042500
79915600
807682700
892501700
310718200
30174200
809738300
894179700
193883400
718157400
709632700
73358100
889699000
616021200
192351700
918039900
692973900
376484000
845437700
729202700
702938700
843131600
280134600
667570600
185927300
854096700
211965000
825755900
167374100
941756600
270945700
889416600
21672200
78628400
781918300
584025600
108802600
591656700
729840500
554321200
561449300
691108500
627679300
702783500
558764900
820031000
620823500
503374000
196515000
717896400
232576700
151088900
812663200
764346600
818659600
998590500
618443300
282259800
75981600
785817500
475651600
346927300
675234100
748959000
425555700
457152500
332984700
785993500
300444400
314460400
340314700
861893700
257204100
967994100
816312400
815969000
39660300
688771100
319343100
487810600
406667500
803555000
638899500
219330700
567901600
709194300
469556500
437980200
243089400
545538100
223797700
718741000
892465500
150667000
467700100
318021200
859454700
52320000
104014800
159899100
366780400
695964700
273428000
875619800
915594000
341375700
691588800
955254400
30146800
262567100
443065000
688449600
317757400
81964500
907780300
137294200
42794100
628972000
575274400
285883500
174510200
50707300
4624500
66975700
201374400
472324600
636632100
60829100
776279800
740646900
472363500
394695500
688246900
997426700
270315300
603840900
338802400
213539300
559095300
368949300
476106500
2160300
57398900
45499100
335760100
216814400
434428500
378554200
845786500
9703000
664437700
20296700
312045500
920697400
87272400
765055100
393022100
723904500
825884300
420937100
716186700
549883000
815632600
404433600
547309700
85947900
259909700
886112200
299487300
819005100
255061500
27229000
72800600
564095600
324363300
408560700
780910000
758791800
38750100
878331700
768494800
703187800
898628400
332175600
623885300
237536000
97230700
268542600
213075800
174750200
689479700
180897700
724633200
756747600
836966500
271943000
94330700
96876200
409690400
393818000
915881300
916387100
672682200
240317200
480482700
997045500
900513100
513027900
755837400
939263300
391359700
775967400
894086300
289988100
108143000
769606800
779159400
457009000
289784600
992235200
631759200
230899600
173132900
356392500
987647200
10099400
879970700
81977900
358610800
289661100
727431200
274492200
457683400
400113400
766444600
938166100
397159000
666957700
451194000
404631600
606221000
842553700
180599000
751942600
384177100
540377300
521549400
163336500
997386300
811334100
407206900
629145500
42233700
831975000
237173200
281516100
842074400
117143900
363494000
200685200
658440200
90925200
726812600
367758800
742673900
744892400
305924900
139832900
411850200
8754200
544464500
269706400
102943100
976698700
21649000
487120200
517076000
794833700
902091900
514462300
606167800
309298800
395243100
900036700
141273800
632416300
181552800
234983400
1195500
545046800
687303900
911270900
887607300
665751700
279029800
630281200
410644200
836589900
21749300
74129600
845344100
817849000
343836000
948287300
794547700
365485100
687042700
563259000
160318800
589134700
77721300
18121800
150068700
724599600
918158500
542977800
357016000
99711300
29596400
609846700
896393300
968535500
772752800
35635800
634287300
51782600
665917000
296566700
888372600
687666300
370696300
985351900
757150500
714532300
933639200
551698300
331652600
872317200
114957300
743606600
713087100
444313800
761728400
114791000
168913500
931522100
657768800
777564700
282868600
939000500
639046600
179262000
907536000
411799400
214897800
793458500
715217300
132450100
90025200
855225100
71751600
460721500
840577000
828902200
426889100
25851500
632235700
758541700
898168700
747193000
502148400
611255800
443142000
515512000
726046800
863690700
447034200
635450900
892890600
981538000
574451400
531937200
160800000
733622600
195371900
627333100
527081200
910589200
11418400
868741600
765814300
83170000
581098400
858026500
163707400
7987500
883878000
795943100
18164400
782046700
794771300
771948000
393302500
237913400
287460100
370984600
353239300
986129500
6435500
246130000
967667500
832522100
29702400
380102800
817779900
225074300
259071100
344861100
135663500
270489500
465238000
153113000
605294700
46336400
11139600
20637400
305959100
895017600
816580500
324123500
928699600
862987100
96071600
573637300
352535700
635166900
944621900
705775000
621296400
202692600
203540200
840599100
286849900
233242700
220701900
104629900
458317000
479773000
701126200
845615800
1897700
166364200
250364000
858827700
464335800
261503600
131100300
770294900
408156500
199316000
94418500
336856100
62303100
442125300
162128600
414838800
77292200
106750600
372249100
698588600
561078400
575789300
539187700
847928400
60667200
11524900
952558300
518984300
742933100
653684500
616235300
996466100
71684000
866599300
855293800
536019800
379738200
986394100
557950000
39529900
437345300
904003700
376386000
499648500
346129000
790149800
166122500
423421200
896900400
790006800
373645000
709614100
617431400
164467900
557542500
678098600
175992800
761736000
448718100
918926000
667055700
64953400
915392100
738739700
183188000
22321100
526394800
814561400
260350400
84344800
854091300
697695700
988348500
230477300
448979400
586112700
272262300
615102000
9533900
420798000
656744000
634814100
130412100
274175400
799282000
939589800
203909300
226910100
701325800
652627400
145836100
620016700
969216100
312863400
610391700
152404100
586819700
136786500
966965500
98805300
472766500
821056800
796501000
461115000
303169300
497115700
298862900
575431600
363852900
308396800
247864800
20596900
194846100
378276900
546407600
994128100
317866700
750316900
221038200
270827700
402944300
618509500
142479700
372160400
183008100
752871400
776199700
769827800
889657900
994800400
868633100
362424400
67492400
916769400
75174600
622296900
413885100
374037500
449363800
29373200
934069500
697228600
49970100
128915600
327140800
596377700
374678900
645007500
346694600
595717200
167470500
1274200
465861900
309950200
625069800
648870100
62821600
652904800
418697900
204114700
647705200
538966300
818174300
966832900
455735700
144984100
840765000
121256000
770656800
541764000
150629200
956361500
238992700
452234500
85277100
566133500
48612300
711591200
462776200
646942100
558943600
881881900
899851500
24805600
443467300
524921400
673675700
757924100
177826200
344008800
213674000
77166600
882975100
31848300
295634700
590346000
428467600
136399800
963237200
199124400
678163800
365501600
155485900
168791700
817736200
492398200
986560400
117983700
455624700
449336700
16561000
14568300
582853800
916412600
39373900
26321200
441334000
964684800
35880500
870795400
560328900
249554600
947962000
443304000
533038100
243596800
285285300
961505800
631631800
500157700
160630200
309795600
865659400
567751400
478587400
683395600
311784800
465147800
53014500
767409500
166119700
69575500
33613100
608800
985988100
72987000
278565200
678957300
289307100
314445700
801387900
849636000
564000300
749350000
544575200
97038500
244582000
81495700
58544300
876213800
581653500
470809700
437644600
447312900
290196300
167867200
382343700
853616400
884650300
435358200
621025900
302405200
756568900
654639000
303014000
994192300
979261300
581579200
924784800
268568400
896025000
726172800
369839600
711660500
475522800
914414800
808699000
971740000
247545800
118878500
99589000
829199300
841323500
537233600
528147400
131519800
956736100
910491100
985136200
841386400
597484500
857797400
143791600
605688600
764071600
446805700
599880900
994968100
28384900
524665800
515171700
176045100
250838600
885011300
887705700
977996600
51061400
948039900
949736600
298607200
66918500
49325600
127806500
908242000
838194400
907589100
291397000
794930500
818080200
528168500
636316900
667199900
637601100
31743800
272888500
401672700
730184700
124404700
396640900
10204800
649070500
911812600
186250000
151544300
48459200
325590900
129540900
99520600
273630800
79277500
649763000
340549300
380238300
29204700
500426500
470067900
936793800
43458800
264998500
6509200
823262500
152950600
925344300
460863600
184694400
198232800
114171500
914879100
322637500
510812400
925084000
223343200
674260300
362969200
374887500
974354700
688560100
504428400
325510500
962190900
835341100
975273500
554375500
467214600
4478200
306437200
937282600
941272000
349896000
202281100
199416400
173158500
606866900
124760700
885657300
43196600
322993500
999828900
209710900
897266300
762276500
386430100
372244700
436536800
749399300
747132300
662526700
437959400
503195900
988037200
651785600
590172300
963310700
457796300
57386900
219424100
764233500
994669500
160696100
114129600
448585800
611747700
538923300
307088000
736508400
424580700
350284600
311137200
676044800
559995500
460038700
438321300
946425700
832283400
126493400
947460200
831050900
789020100
637054900
585882100
777057400
288840500
176054400
992003300
746636800
485076500
211427500
762505500
479746100
623758800
128270300
179967100
235506600
667193700
487055100
972015000
343409600
88974900
534787400
19454400
648970500
994826100
457775700
847031400
78744800
584269100
794491600
909795700
624924500
431546500
495677800
401981900
972022200
923367400
645620400
970294200
408444000
857047900
732799800
139825300
732442000
861070100
571427600
967948600
779899000
310118000
191598800
374943800
399092900
726386300
394398200
299698600
972847600
103809200
146730000
51592400
939713500
192856900
213023400
564638000
876038600
960336400
218255100
99696100
883703900
863875600
69990300
543783100
972558700
54425300
683608400
705000700
915495500
506671200
924584500
947029700
816789200
367818600
321973600
215882200
345840100
968007000
515580800
318687700
71816200
913946100
370280200
11529800
106803000
834938800
576167800
982841600
795275200
46058200
82537700
678979100
909933800
404163300
474397400
134127700
458588600
158005800
90763700
625719300
916312300
15348200
572749100
733101500
383166800
146357900
948983700
729006900
114364900
716199800
299329900
186181200
630145900
921245300
449346200
988584100
756184100
277149200
971425700
551459300
323207400
305598700
482073700
484776400
709762000
208106300
618904200
419985800
366112200
709667900
297340400
534059700
976651300
870089500
267161200
611453400
268082600
467780200
592095500
382447500
183980000
143060600
820263900
65761100
64305900
269610100
54345200
72125200
546759400
277406100
623584600
121602000
583004800
357293500
606378500
544402000
565399800
476917900
216023100
183147200
438221000
513363500
717206900
414872300
635088200
236003400
277960900
903170800
703783600
121691700
285618300
887763600
264752300
357517500
953524700
329058300
627127600
7869900
401183500
425522200
285276000
276403300
547124300
119916100
885332000
405138000
915953300
702367100
882055900
131976400
137149500
320276900
645339900
854356500
986784400
280428100
90359900
264745400
183598900
45778700
638072300
720852500
933542300
902824600
78370000
138702200
231882900
957132800
398207300
884701700
634290300
935118500
412740200
433049800
55034600
298072300
838187800
970988000
252074600
720243700
102964400
389224100
292155800
748304400
243580600
278940200
280367700
585575700
795320800
463966700
631354400
433393100
184819200
816531900
336217800
514824400
955234100
819735900
723592400
605076600
956072800
357882700
540195200
620448300
790932500
846865000
170155800
880755500
817853000
422230400
600999200
172452700
811454500
893155000
172392300
306670400
423730500
452760000
143881300
470686500
168361900
26871000
904079700
604816300
843402900
491932700
119640700
50272300
563303800
94868400
655348900
771011900
452751100
447179300
391460200
495318900
294044400
561616000
376074400
363532600
235481600
228708900
787620500
46936100
373499100
960012800
353606500
797229600
664408100
497487900
519551400
832770000
524358900
423631100
437586400
619397000
167199000
808862300
921304500
982138000
903730700
576653500
4785100
608117100
275468000
396245300
355071200
569512400
209496500
731145600
933045100
444978100
211489700
972300800
491914300
584988900
932313700
97156000
633853700
848357000
846279100
153405100
681127000
622273200
828671400
370348600
241670300
247505600
430846200
162974800
229643700
334576900
991263500
234428800
194329200
266731600
882309400
549400400
87879200
91805900
532181300
272559500
788419300
743671000
244860400
531968800
580295100
428809300
880760000
214148900
277166300
727039200
619189200
209928500
600947600
447860700
580277200
842617900
695366300
11123400
257228000
176645200
597335500
500126700
411074100
43300000
18493500
545018700
592700400
106372800
888459800
376516900
630567500
676879100
120188000
875427900
460483100
952118300
304237200
341243200
166267200
581403500
319917600
37091700
791332100
920865200
484952400
623244500
15118400
431953900
886003100
272346400
608599200
483338600
24108300
271308500
778273800
42601900
816327200
370974300
400609900
704787000
999126400
31177400
633301400
119314400
158240600
93784500
323068000
462477800
435027700
740970400
295516600
754945300
778062100
338483900
675810600
263014500
213363600
690929000
946603700
99366700
214910600
555202900
834340500
490654100
826511400
612614400
784891200
642838600
235223900
437136300
599260800
234350300
468313800
232562200
605300000
878189600
326346800
928368000
592302600
761374500
669338400
139454400
767955100
447400600
477938300
695400900
962050300
691301900
637965100
908654000
42303800
104510900
463856900
876644400
595165000
542003500
489258800
380056300
436477300
976117900
817192600
35738200
210468200
537141600
268300400
815768200
666966400
594647200
995771400
259269100
607657000
665109900
398723500
375612100
364145700
128297100
322648200
326196000
819599000
960613300
486485300
861902900
65124200
201977400
990182500
660289200
743981000
731076500
291980700
180458300
707194400
360808600
216196500
917662600
149585400
736132200
985066100
816551900
330779400
980837500
75821000
190071600
645947400
726179700
817318900
261728300
854476800
139967100
587924400
674075900
100580400
326044900
787614000
417339800
528022300
29431700
329264300
272003300
760508200
872880200
704096900
467702600
233688800
171928600
385365200
383274300
908060800
370431300
451461400
238840300
351268900
778917600
680547100
248851500
505097300
497866100
510579900
359574200
889468400
350139500
285285300
241684100
676184400
324534500
659023900
204206700
353966200
988288200
727845300
114474400
861168500
431942200
582177000
346492500
603870800
219177400
981402000
511931700
841244000
432863400
2407200
444148100
463416200
682954300
692999600
968513600
432455600
455214700
328087800
321924100
805354200
865008300
563608200
733173800
189542800
222632100
189015800
795144200
462555600
916861100
909618600
575359300
348803300
743430800
173487000
204309300
214243400
154889100
716241000
55487400
839387700
970283400
499635500
302804000
904873000
444270400
522952800
337328600
151120300
102675800
659252700
956474600
967684100
474496100
941283600
408862100
948763500
130299400
204006300
411319100
47160500
365260100
238313600
647599000
360326100
411800600
851908400
826204700
566689700
819784600
881692200
657712700
790068100
632962900
960516700
694941100
328868500
483469500
283904900
479988900
586145300
194792900
688098700
805464600
669289000
629382300
214326700
618052500
11317000
669968200
281006800
58477500
35228300
519320400
957711800
647189600
931121100
809620200
473394300
749446000
881040000
606721700
658793900
922743300
491319900
619310600
617684400
820188400
354415300
153224600
551812500
192195800
348017500
239911200
249295600
268941700
120928800
463622300
886994300
132245800
133590500
168001100
442358500
420454000
938956800
400070300
67643600
121713100
461325700
792673200
122794300
342365800
399394900
781588300
265109100
890714800
652534100
134428800
962538500
6949500
539288600
514351000
450780500
887306100
5897500
700076200
407883000
126826300
415333700
294877300
510707300
800559500
714513700
953065800
221013500
905105700
604771400
540292400
26818800
66097100
584600800
401248300
660098100
983995700
182836600
176842500
126345800
835370800
562906500
88884300
93955500
353830300
854870500
796371200
241136400
860768000
496447400
900654600
239229500
911781200
195532000
749936800
963975900
161680900
954637900
184989400
66786600
559409300
976917000
345240600
877141600
561517800
746488900
788875000
797148800
929325600
965717500
923494600
16331600
780259200
264014100
110287100
134089500
370519800
906658300
626861100
231287900
654741000
527515700
722152600
818157400
974682900
472089500
782133300
136363800
678362600
218757900
454785600
237771900
195675000
51661400
366548700
8828000
798150400
155423700
805976800
979111200
372776400
981106600
247078000
153035600
245120700
609000300
538760300
615640600
767293800
417256600
98563700
422034800
944772400
820716300
491827400
171090500
544441000
525595900
559089600
222803600
744353900
265510400
712210700
191664100
317171900
78759500
200492100
366957500
234183200
258104200
597703900
606959700
239210800
844781900
11630500
735966800
705417400
802026100
603242600
472711200
219282700
701806300
146381300
415690300
774157800
638208700
586780900
570234100
163804700
145870500
793037700
159793800
411380900
756883700
351457900
980188000
835643200
803585200
347145500
321461600
61689400
196484600
928421300
552535500
41266500
191687100
288502300
746683900
993713200
143380100
471030400
464631100
96821600
617411700
880321500
870979400
255620400
718737600
692848700
671060300
116243300
737521700
82489300
779259400
494405400
433947200
759447500
330048600
237532500
358228200
651510200
550857100
554712900
831566800
103392600
595979400
274889100
643530100
594298600
268602300
786910200
65329000
984868600
883731800
934375900
865190100
6346500
441631500
835562900
699195200
112691900
951806200
436716900
195181200
731065700
182757500
880763700
490513200
764441300
369931400
848741400
415951600
920788500
655089500
499153600
275816400
502704200
774042700
170981700
97002800
294280200
957892000
413967000
279148800
93259000
348342900
395974200
99605500
789974400
231537100
50436000
154301500
183343400
738788100
601118000
166044300
921545700
481881700
656557500
937622200
103448300
756934100
353573800
24236800
663658900
104362600
551688400
166363100
878405300
722670200
263365900
424320700
932197400
928968100
703469600
25456400
528946200
351079000
376697200
318920600
834251300
427133200
473222200
269229900
417556500
325975400
435274200
590737400
807857100
343466900
528359700
911305400
352036300
133568700
187177400
15695200
237931400
990501100
182058300
367971900
713171300
697059400
792292700
645368700
626027500
747397500
670825100
154973700
98476500
299157500
725529500
932727800
977925900
450386900
453593000
395482500
776362300
888867200
237855100
835854600
232334200
766214800
998795200
584370500
151418800
185972700
600065700
640985400
176473800
782124000
8957300
141280300
479183400
801250000
786649000
356846100
800282700
709109300
511819800
898759200
8266900
237349300
83122300
986192800
939371500
536715300
633310500
715733800
677217700
871165700
551588500
909551900
889015700
550383700
745557600
40434500
987991600
345623300
933055100
416100600
379382500
942012500
557380900
858565900
994897700
595665100
467047200
795180500
304774500
978867000
945574900
564676600
467851600
280332400
550869400
407223100
68682900
184180000
374592100
745900700
306980900
926180600
655452600
447631800
728199600
401010300
739701600
967826400
998268800
672756700
383927100
377651400
614769200
941308000
487852500
609667000
788608400
954899800
404847500
93382900
185402000
350422400
909694700
904888800
882390100
460564100
312111900
951073000
896379300
938339300
696973700
454995400
116155100
604061600
902627300
95989900
256707100
642328900
63816400
254975900
315085600
447743500
884262500
929854900
640686700
372115100
791157100
429295100
578650100
447639800
774313200
764052100
49697400
684007900
668941000
932087500
396207300
232688100
883160600
544221800
422662600
580134300
999217300
538817800
184195900
901844600
634807700
440903000
795808700
698624100
947514200
110894300
398002800
831776700
292384400
38689600
455527000
335176700
719619900
285812300
782816500
745568400
49864500
832514000
429576300
970440700
764601500
77418800
454764000
899397300
621640700
877426700
479531700
872493200
416244500
915362800
25973000
302687400
356265900
821781700
1311600
555415300
184311200
399314400
638827200
728330900
689639200
94354300
63507600
660894400
380166600
97959400
406462800
681666300
930473400
87674300
903742200
946710100
165093200
358506300
846107500
38369100
235933000
577274400
910862300
903812700
492637200
936835300
206500100
100538300
10252200
207811700
907588800
446198600
858761400
546416100
174529500
800035800
640770400
238037200
460930200
272572200
587631800
867393000
205873800
518105200
955067400
109616000
716450500
371795800
468122300
814193200
410164900
955690500
643102800
572662400
859503200
135740100
761132900
66003400
487913600
23020300
525450300
395502500
469218900
635846900
941918600
643748500
435882800
834324200
133420900
896813000
358531600
721052700
764206100
564405400
490793100
970908700
925656700
458878800
594339700
393779000
273072100
4504600
601104800
916174900
828802200
460608000
303550200
589935100
778246600
43099100
864590600
555332200
438601600
333809500
191179100
632155400
977558000
627061900
718114800
362614100
775510200
328281600
83666800
791351500
144322300
826095100
762260200
69979000
284974000
356599900
715393200
558046100
612739700
316498000
725856200
693177100
777106100
29406500
534747400
806987900
324140800
399338000
362320100
762742400
733147500
553499300
646533000
962340800
432196400
364647800
324954900
207706600
692929400
660257000
999058100
88886900
486352100
12953500
158865900
22961300
621188600
874259200
832642600
485563500
190757200
558498900
178740600
219498500
839540600
965123200
278121700
163681400
364461200
640441800
178059000
349244000
445576300
824592000
311584800
877772800
440875000
888174900
85479400
385439600
800067100
84537600
474326600
538054500
349126300
884827700
561015800
970315000
759086900
393658500
455878500
201479400
203792600
886254400
672613100
294968400
851377600
950734800
458649800
215838900
591176700
888344000
565082900
36753000
964571200
128302900
914525800
405446200
268113000
251640500
42521000
68180200
587813300
768482800
857869900
936939600
653310600
418885700
907254600
664032700
64179400
614768400
865512100
519607200
501022800
538125300
814575600
352400400
488860100
273225400
819874500
331672000
413204600
636592600
368425100
377775800
16530700
534586100
34857200
284643800
786226600
77378300
604459200
374039900
97496300
462329100
562614800
750806900
881214800
721504600
414839700
197029500
336273000
531987000
716636700
88931000
321747500
531212400
441331500
810607700
56073000
512841200
142279700
469277700
149433900
762340000
98688700
165964600
548561400
133546000
702243600
334788000
462559500
306702800
960463200
560055800
769031900
774713200
562498000
901882000
496217800
228972900
350546700
84126100
12595100
67183400
173057100
334342700
850031000
866023800
396585600
906104100
378865100
790500500
627017000
528299000
552840600
725705700
945898800
101402000
110886900
648142500
687825200
825081600
954845300
899923600
636772700
975512500
674636800
450905900
877394500
170854700
679878800
227941200
506616000
944109100
546759800
679673100
278451800
396790900
545697000
675037400
554530200
924562100
465538000
181547200
704496300
270013800
158888100
650395100
371415800
521410300
298537600
310876200
346491900
505018200
210799900
983264600
480530700
885436700
434170500
609560400
307926600
365684500
89136800
814542600
561428900
635896600
745851000
839880700
284322700
291548000
766553400
838852900
216110100
483726600
272035300
172241600
753740400
430923500
822636700
376791400
203969000
372809600
687667600
550460900
129463000
150102700
785360800
609993700
287174700
471166500
471189300
595101300
88486300
811961300
661279200
649915200
447857900
407130200
741431100
983815900
950313400
759619700
822668800
166423500
243346300
94704200
590300300
248721900
777262900
412937000
625513300
981231900
37381800
564816200
783328000
166844800
966554100
820324000
28473700
253728800
543125800
751298200
100465400
631612100
563259500
13379800
533162500
262752700
420510000
526228800
246568600
370823400
285848600
69237400
788882100
780830100
415576800
630817600
29552100
444474900
43754600
906700600
425706800
332771700
723152000
460670100
499616500
689706200
280994100
779725500
943435000
824119900
531023700
295535600
707367200
94283300
308915400
492164900
357036000
981060600
18393800
855239800
603519200
555877600
176112400
392401300
336707700
591689300
23218900
617895000
36164200
318608800
524595700
713506300
903015700
499382900
425811600
402632200
189089100
958440900
182357700
384159400
34196100
965016700
931330200
993198500
59300000
240245700
485363500
667971200
221306300
503757300
523211000
824825600
311270100
699323400
468862100
899613000
542647900
743716300
517508100
578812200
313960300
293739000
543953700
216976000
793121900
221400500
871243400
233846300
179841400
305236400
869640900
465672700
270253100
800971100
458871300
581188300
41216800
944234800
249159500
514158400
699627300
772370500
590619200
10897400
723329100
311116500
910510400
265977100
306468000
679653700
96424500
872063500
225027900
892013400
89039500
269785100
113413900
211918200
503631400
544890500
517154600
373272300
10563300
39042900
425878600
469434600
620231200
718730700
665304600
121025900
232889100
364931900
145031600
75143500
627464500
868360700
386260000
789610100
134337800
944363300
720899100
230762300
816426800
945927000
122775700
157101600
215712100
487824800
369019800
970978700
32715400
137809600
344251000
294913900
428487700
21764900
15983700
300354100
740495600
681288300
421380000
973384700
297855400
566411600
300163400
925319900
686407500
686423400
966565200
820745400
630786700
687464300
303142900
698848800
633391400
677553900
855950400
100738700
417013900
224970200
71717500
701364500
614415000
667603700
996278400
42902700
689368600
12262100
343256800
429864200
945185600
16272000
654884100
243041000
834318800
955047500
419996100
520726300
893106200
638196600
593106900
523892900
325660900
896249900
474376900
210687500
825439000
330327300
311426300
242452900
806932700
383143800
943817500
421347700
50747500
191731100
715885600
740116200
203993300
310777600
421615600
400814100
327049600
76499800
643855200
161368400
31547300
315486500
933730000
924653500
953683100
526836900
700181700
530979300
674722000
174558600
741666800
500161000
504886000
53093100
994249200
311818700
687872100
938066700
984801700
738619700
381433000
952322500
730371100
585426300
263100200
151986700
237875700
841785000
228486500
133366100
254788700
511669100
448852600
188518700
687957800
654171000
715355600
388139500
185150300
390077700
814333400
178452300
141873900
319219400
231545500
136123100
882673300
171052800
325825000
119110200
161307700
707258100
71432800
891678800
544319600
586168200
295300800
782195300
427953200
775422500
915561400
682741900
287091600
616049300
871260600
975049500
270220300
838251500
614824200
707005800
479964400
429157600
885458100
621838300
12200
368638800
9596700
134320800
539691700
587056900
253431000
700999400
545950200
576499000
844313500
90269900
162667200
391249500
124100400
590620500
166672000
291297100
273362400
705398900
907346400
396258300
680448400
429201900
234509800
546907800
387842900
966109400
976065500
273301000
587947700
976077700
893575100
849179600
110398500
433266800
436236600
615464800
385901400
982186800
191963800
481850100
324091900
354631100
873099600
448192400
196886800
291406900
991124700
721884400
996805800
150106300
118142700
677254200
830943400
604287700
224162000
218786300
570397100
451862700
743722500
409980100
679575700
637297600
259159700
789974200
322199600
947031500
405439000
708101100
929218400
849038100
441586400
253310300
203669200
566321300
953137900
652191200
857728200
195897800
374075600
854534000
346004100
743853600
783423400
176947500
599776500
259220600
647369000
421808900
711083400
391091600
83424200
390659100
28389200
342583900
432268500
350588900
289615500
89342800
310325200
470469100
938380900
751911600
975414600
393685300
569868100
180187800
45876500
427596300
376085600
671587300
282130300
722089800
415440900
65553700
150672500
266852700
576409600
798041600
688661600
287493000
189133200
772085800
929787300
217522400
366304900
362055800
819746500
907555600
451398600
130071700
629659900
389779500
133618600
605074600
35100000
703486700
785262400
80976500
131083100
412983200
4199100
664848600
135073000
671275200
982037600
537380800
938127900
558447200
335422400
878424700
845940200
776190800
650510500
775727500
993713200
268450700
389418500
65095000
176006300
92452400
195166700
805666300
482231900
328785300
662376100
768967200
32272100
699273700
101578900
414990400
112256900
105778000
79839000
498965200
777053300
61876600
36346000
715181200
620323800
623403600
593606000
717899200
399594400
495751700
745261900
644942800
15837600
134680500
710037800
191844000
227132900
905204600
249145500
961000000
485625100
163156800
729967200
769532400
862430500
83181400
184522800
226322600
188959400
515997100
725287800
217647900
577873700
761633800
932829200
449832800
636672600
778070400
167732000
36267000
525457300
164629200
932845100
541295000
299309700
642882900
984774200
778077800
799722700
485554900
990713000
536983100
648711700
972315500
306515500
762777400
55496900
742673600
989100000
244456300
258670700
966023100
713739500
88179600
979292100
646568700
789647600
615964800
676274300
209014900
652231800
453366800
373644100
585076900
246297000
924589000
479595100
482706400
954302000
530953000
968261300
945015000
67936100
868608200
168965700
626086900
883020800
224462600
368760500
123756100
720554200
879066400
89779200
434293700
218881200
69071300
332497600
8528900
685036100
260407100
469179000
588903200
713773900
842823100
425615300
211706200
19047300
905210400
694412600
224984500
687798700
914309200
169999500
755734800
782917400
338965300
381821700
665938300
815063100
2217400
789694400
535617300
132919000
131108800
221546200
351800300
200180100
554043800
611964400
885216300
66086100
81143400
725754700
31495300
175601700
151370000
243201500
194649000
308215700
937614100
419633500
996014400
851923300
841268200
3384400
886476000
431868700
636841400
804049500
246931900
890694000
845379100
34184400
23613100
976487900
255730700
375413400
176668000
61409700
987377800
313519500
127495900
68521200
290909400
158991200
244122900
442279500
402192700
690407100
2130400
591442000
361675800
249780000
695000600
202944000
253164400
581476600
886448000
141641000
385526100
133379900
32335100
230905200
419199500
55948200
459028300
674930200
431361600
887331500
987975200
670374600
452486300
115471100
990531000
743395700
274462300
234653900
437310400
928290200
176696200
439440800
519732200
538372000
689220800
214732800
992951200
194020500
47844600
879399200
335661500
685005900
264414300
367996600
915911100
683613900
675580000
626574600
610179300
358576800
513906200
598154500
28951400
966392500
965260800
19482400
961423400
239723100
505771500
398733900
419648500
934102900
838174700
191016000
472474900
779030800
657384000
717061400
973051300
705228700
848095800
308712800
390234600
112510200
928344700
557781000
47759300
603924700
184355600
909573800
214136800
949897000
507728400
243088200
167924700
472989200
514205900
129348200
964347600
271612600
528082100
635631300
205715600
617892000
826647300
929825700
396922800
484031400
646887100
621609300
440895300
494983000
930322200
831129900
859128400
110302100
640546100
158522900
965862000
824901800
68096700
179998800
26434000
575825100
674722300
194358800
300449600
440563400
323707000
516432400
712176000
103424300
152063700
169526800
721316300
978711100
99352600
369874400
714377700
997874900
991483700
155273000
744493100
173441100
986402900
855256700
283743200
626949100
13779600
501240500
703486100
81876400
681239300
729920100
909336700
355961600
175914100
461421500
48160200
499621100
977853900
760336300
603045400
129917700
181498300
575997000
360264000
280850900
945871400
74641700
530361100
937355100
481549900
526489400
110796300
719588000
381746200
646174700
598172300
395525800
147415200
301658400
729037400
828654600
283213800
638374200
436251400
710763100
99795700
736046900
210384300
329284900
748018400
65064900
710837800
929516700
641061900
71101800
462002900
586933300
397378700
992364000
775923700
130563800
518853400
886720000
850151800
900599600
784529900
448324200
547760700
931945200
1617800
276798100
12235000
536466800
166807500
700121600
247230000
518238500
436168500
709249500
847523400
435822100
774314400
558361200
365338900
415376400
881098200
827341800
253944900
278476900
819705800
281503800
660675900
590194400
419859000
510827700
742429300
204389000
959151900
541825200
387969400
960769800
818623300
651839600
748871800
237066100
351961200
996101800
755304600
39765000
705351300
854463200
475587100
731301000
412824400
92561200
398312600
545557800
919903000
652257500
75669900
991244000
933761400
736345800
581438500
353620400
247173500
575503000
809644600
457960700
117328200
197614000
670365700
187586700
849453600
419237500
676288000
453050100
415339400
431592600
744450300
372325900
537691000
220037400
103626900
202150600
312598700
501939500
747708400
484136900
405832300
823378300
475381000
591228900
559724100
308454700
196484500
58532900
135592900
6129200
516493600
252921100
455378400
186859300
692143000
304832100
606096800
368431100
9517400
273071400
51658900
753967700
645397400
589350000
225640300
659500
791500600
789874200
754234300
539209100
274011200
411701800
614222600
1027400
254565900
173946800
561117300
702685600
484114900
696710200
708814800
608500
201266500
415828500
187467800
893409500
972295800
793564600
261840600
981813200
318271300
313499600
735780900
215303900
154484800
961421200
215963400
945985400
2930700
221832900
736829700
276941900
885169900
351052400
529604500
139735800
776634400
90721800
842421500
260749300
39067200
802871500
261357800
240333700
470335200
700460800
133743200
442631000
745660600
647219100
424444200
63931900
212353900
411860300
279235800
366838700
624916800
746834500
312824100
627847500
968667400
301289100
156424600
105472600
652341500
686029100
496843600
680611100
28386100
339265100
192995600
67453300
393771900
705988600
559422200
115742300
406449400
944800600
558373400
152110000
592019700
234452800
216042000
804373600
897948400
495277800
171212300
522865200
242112300
735671700
402347900
462415000
36960800
810407700
567887600
940937500
748072000
64731200
621548600
776458100
655631600
814544200
95546600
301038700
520532800
654968800
416781000
178617400
599769400
226789600
330727400
443424400
712877700
798404600
247798000
610826100
545317700
670645600
385326500
787430000
657952500
787674400
501480200
694913300
849717300
321003000
887486000
597789300
637369500
509034600
625882600
544636300
575214000
721429200
97310200
347382000
628033200
514091200
525999400
479437800
992516100
108362000
922862200
705393800
158401900
422295500
316219900
703719600
344576300
953181600
742784800
2528800
992491200
244265100
949077300
842208500
816903300
836563300
439997800
454272800
597233100
317515600
998909100
424082300
290580000
96219300
23099500
918613200
861945800
800734100
649686200
854461900
909096100
824183700
811490900
319133200
498114400
379346000
22852800
842690700
332527600
765637700
96854700
325018800
9902800
297567200
167227300
826806100
385765700
858860300
532714200
234634000
176375900
531623300
658716300
466955900
879477900
681815800
637204300
741423700
734185100
538525700
847520800
894916400
362709400
659011700
214049700
860823800
289992900
236902500
955149700
622520500
2540200
52004400
947539300
264078200
349571600
366401800
342519600
986972500
225262100
875233800
221606500
401638000
406857100
880322800
120229100
537970200
813773800
9068600
531029100
547958900
547594300
378549900
442875400
910303800
289196800
656925100
771127600
579189700
145462800
977912600
453345400
148003100
29917000
400884700
412081300
631123900
767286500
6236100
618096400
992548600
881469900
91338200
645821800
539962300
223296200
17686100
77932500
37070100
26754700
608961700
836664200
574349100
239146800
531174800
736288100
528343700
439735100
507415700
359168600
585198000
485328300
812514100
733201100
766880600
465034000
396917600
649639700
483955800
403153800
519371300
728139600
536258900
610709500
373961500
76221200
834005800
643282800
154153800
122711100
670037600
14750700
959375300
496021900
253897500
742185400
232310000
33876400
181920500
991360900
644680300
767118500
728324500
708829600
751954800
746840300
173863600
400507700
396480000
657819400
55296700
915851300
385959100
591555600
778196100
11555800
919412100
863837100
906473800
325201100
986548200
576511400
339951800
197558700
324168500
845484500
939744100
556478500
130996200
121664700
799474700
775676500
140418400
779434400
736141300
892373300
526274700
161640100
544516200
922754700
819459600
599812900
90241200
457053900
443003700
120072500
720244900
362415800
983909600
626718700
687616900
970457800
454865400
279203900
168016600
779033900
124688500
107760700
587147700
255684700
481060600
638257600
282996400
621479100
417692000
270772900
765487600
943966700
432413000
310003800
118356600
251872600
161451900
460233000
960561700
604455600
580305600
680806600
218506700
564215200
559160600
906123600
786308300
14026000
185327600
954324900
44695100
561651300
313720800
883478000
68971200
46416700
521735600
351967600
667895800
939427600
874375700
685018600
135029500
306788700
246657600
253386100
558661400
408109500
713619200
770858300
264200300
545560000
703300200
482707000
109775200
262460800
388830700
147718700
528122000
825793500
353678800
824452300
387444800
667399700
707930400
456416000
965451600
481301200
60018800
884982600
672364100
934394500
570001200
59028800
492818400
816658800
312415000
303115000
476403500
277669400
73973400
740603800
74864600
28908800
223310900
436275000
291369600
863776800
583993800
71126800
941205500
937672600
147214300
580285500
856707500
106779900
288336700
822159100
588081200
348355500
707141700
512080500
534385200
528778100
571109300
278838800
597072100
135159500
581953900
73475600
664464100
655927300
814079500
739328700
684836100
289025600
175603800
227840900
404437600
759597600
550602900
345643100
697270200
697817200
925928600
553977800
804597200
214265300
627772100
644313600
814256000
334913900
156394100
600276400
115327200
979138600
879115200
712399400
114298200
461069100
785875000
778762300
368631600
851589700
769726300
305102900
140615300
945330100
532943800
796688100
956562900
335181900
142331200
905468300
32999200
319895000
711081300
89231600
534160300
338853500
733545200
600051500
925402600
141574500
451963100
40729800
120713100
331078400
753129200
486646500
43782700
539004300
517044100
664049600
642229200
286770400
969152500
782844600
483735700
753731600
579532700
691933800
88913500
973499200
597402100
121912700
293394200
308483500
211144300
79189800
647337000
196324700
930876500
572739600
589534400
382839700
865104600
710247600
965553300
618233900
448529300
260971200
408873400
965573400
925020800
51102600
503979000
145808600
85582400
239349900
899540200
916750400
931283700
988453700
890249600
528685900
362001700
435279000
837169400
824781200
766104000
484506400
21106000
696980600
308881200
610640400
331455500
173985800
572523200
548644000
43854900
21052600
809615200
452728300
238261200
986271300
755466200
742240300
132079900
841048600
233225400
31620100
9434200
164509200
271709000
151319000
693195100
633710700
838233300
530364500
458492000
604337300
266506100
731233200
552953100
827022500
593508800
884408600
1008300
417667300
433052600
44863300
438719900
494303100
749226800
928616300
480574400
504693000
922491800
864289500
597376900
155717300
147544800
606811100
320226500
419253800
9765400
265056800
304599800
847998700
47056500
763091800
452336000
565197800
745960200
256924400
392220300
339469000
141333000
644863800
8771500
826020900
689727100
447491400
571959200
690589200
627743000
52533600
446917400
550234800
168458300
44294300
957587300
316003100
902740700
277813800
735256900
912506100
542870600
39856700
12140000
841562300
54583700
464476000
406760100
800543900
721400400
798980400
391648200
114368700
443844300
400419700
192024800
385206600
99546400
763984000
327431000
978924600
68152800
774348500
529159400
236611100
70278000
486746800
552614200
973018700
16195800
539506300
137160000
810701700
830998300
149300000
652264000
885582000
865411300
59024200
937761200
838446900
109639800
581044600
204450800
805119300
233099500
396475600
190326000
584281100
160459600
769392200
563205700
480247600
543740700
344000400
968493900
614018800
830747200
772743300
838672700
98578200
312249700
227468000
909279900
394883200
376768000
813179200
532100400
493814500
872203400
721496800
583896700
233478400
302541400
788347500
38597800
787276200
184823200
480559000
623192500
596918000
249951200
438033500
77165700
793692000
782033900
45659600
659346000
864416300
818403000
498018700
962994500
382287900
725486700
123909700
777171100
353890000
937088900
309271500
99339700
60927500
30768400
683236400
294405900
584945000
723219200
333003700
623856400
908042400
65197900
498684200
756595600
315149200
936717700
85396500
360476400
718751600
382691400
271457600
583167900
452729600
769476300
797797600
835017500
746598300
921707300
863823800
352123500
858796200
424730500
703098400
919723700
707134100
637970100
214129700
543714400
361189300
798768600
167570800
269231700
863966600
666255000
277462500
430751000
602972700
362859100
42862600
573359500
745550500
314320200
156527400
198280100
335431700
205960300
284932800
333665200
127667600
148756600
937423900
986463900
573487100
640522400
906187600
532256500
278492500
371952500
75970900
891317000
422356400
495176900
160548700
537958200
161432000
689646400
968709200
16039900
52505500
263207000
589399500
798056000
577527200
997562100
247971300
164594100
203522400
532904100
498259400
582825300
681660700
435683300
569289200
506783100
327840900
727112000
290674800
857968600
350699800
366645700
749285600
773056200
861822600
161469500
311014400
274889800
851116000
531358800
290929800
903621500
794565800
131964500
953312800
623728200
381161800
201284100
788322300
836319500
985823500
538216900
419144800
919119400
225535500
240069200
425902500
553376400
218816400
716577300
662980300
569516200
334858200
412265900
594207600
196680900
825370700
156857200
471570700
676486700
939851200
14135700
831743400
986052200
146100200
36691400
609780400
778897300
489610800
649738000
615216800
475434300
187954900
34361600
394553700
413490400
274430800
72091500
218502100
744882400
40304000
881482400
566033900
375162300
545383500
160241500
823478400
370754200
568734000
546684300
47240900
508585200
560820100
130619600
494637500
958555500
167311000
356053100
737452800
656921800
5791100
352669600
132356100
193746100
638666400
778545100
858871700
164732400
850636600
329009000
909614900
890940600
210491400
475648800
517738100
755875000
887525500
341216500
126629200
456259500
887900900
425505400
964844800
700356200
556125000
711117500
658911700
975071200
67170600
396364600
631993100
72961800
669400
15984400
518343100
639335900
794529500
628850000
804068300
645166100
957859100
713683200
787742000
168350500
189332000
305480100
175860700
76857600
898331900
554125200
533117100
37868000
979630600
749597100
738224200
787390800
712349800
648771100
762462000
779520500
45135700
394455100
104117500
45805200
662074800
622460600
685141100
456604300
251310600
489209400
101770500
460804900
454527900
141147700
880790700
643859900
698263000
56651400
972352700
848230100
610776600
757105100
886098100
842042400
758337400
875957500
881068400
470687300
524728700
643530500
250207800
821499600
289620800
354325300
867304800
951695600
228421100
804081100
408300000
731366900
544925800
761705700
192171900
999453700
154488600
72962600
643313600
852751600
381249200
867301600
952617000
243661100
624406700
90350300
337338700
382744100
966307900
218407200
853431400
742671800
113572900
355274400
564171400
403193700
961234900
431476300
606524600
189656000
487192600
266459800
172658200
32118400
279800700
616465300
31572100
434289300
941063100
926521000
538676100
322312300
793822600
491293100
817608600
669864500
581643500
154947400
304243800
799586600
373354600
157675300
542258400
486927500
764584900
106429800
141756400
725819900
789541300
748281000
167111100
276734000
266376000
339769300
560487600
546176700
207869800
592059800
232101200
148932900
770216000
22412600
471245300
815673800
765340900
288853900
485538300
598619600
695436500
789782100
398206200
68791100
199092600
192099800
807353800
963677600
298529700
200745500
941132700
339706200
200661700
108243800
868075400
467037800
699648400
428563100
264849700
907518200
272258100
496951000
308086400
42474100
519363600
30966900
858147900
536339700
571456000
595321400
134959400
266892600
385103500
533165600
587318900
835831400
976900700
394672800
51144200
275430400
595418300
992276900
866771800
796080000
352155900
734847300
514753000
51804300
415045600
779602800
210957800
687303700
528189000
770679400
981413000
47552600
801646300
839560900
583892300
373102300
686517500
970486900
639994900
323256200
503652600
478949100
159087600
480553300
873621900
210231800
7618900
720675400
454143900
126025900
768390600
806299900
860873200
283143700
109739400
527554000
314381700
572332400
214857700
842570700
343011800
196270700
890123300
144658100
287466800
725650800
769395700
225619500
696137800
661025800
548875800
451425600
139974900
707963400
183614100
265232000
169830500
442868200
237542600
623974400
568894100
5933300
681909500
681402600
540712200
791649000
208956600
855093900
615616600
675449600
697664600
958628500
123355500
839423100
354921800
410822400
816709100
124317500
636441900
764482100
36978600
436952900
467542900
176953500
144916400
651157000
693820800
566382100
345660400
931363400
441991700
166189800
937296700
123901300
847592400
729644100
167185500
308184200
584738000
782802100
235269000
534037800
993065800
358624600
373460900
347987700
769447000
441805300
723940400
657524100
206287400
760919000
94477100
673830400
937872600
491028700
576622600
631693400
309046000
173918300
814692000
2672900
340108100
751988800
126574200
439335700
733268100
545394900
747519900
318006200
579832300
982789000
852044000
572898100
593048800
477140200
172521000
362495800
918945500
896461500
271655100
125232900
657380500
617767400
50698500
846888300
108796100
878956400
730216900
669477300
52874700
544909000
672150300
392982800
548533000
50359700
832318500
281801100
847389900
831473600
599807300
427222200
65897800
703486600
251755500
658946600
432262000
424276600
273077600
351207500
320738100
796368000
728075600
978118600
414135400
30409400
825007000
774566800
909365800
555223900
444044100
962240500
100132900
367829600
606858500
900301100
418189400
690812200
182102300
265579300
773921000
33544800
944436700
839818900
988666600
196192200
750400700
420928600
620468800
275113600
23771300
941206900
71481600
3482200
919325600
737252200
33891600
995967800
763454200
194892600
802826900
207498400
157133100
154595100
826963200
15626800
54896200
245152600
706439000
488633700
762367100
480360000
522178600
706803800
571814100
510845200
902996100
322214900
183409100
523464900
848963700
207180400
464671900
172080500
210662600
635632700
909332700
496189400
883235700
672787000
691082000
937697800
131920600
848215100
92292900
958883800
115477100
398824400
455671700
821916100
887458100
218038800
553911400
409636700
924842700
125725500
172117200
79474000
699575600
355526300
602938900
548539300
814341900
319246000
972255000
276639800
206513900
881587800
772829200
341384800
806010000
463911300
279082700
189565800
312126400
371375600
400084800
679238800
770200000
855756500
501154900
657658200
325430600
55066300
318930100
501908500
432427100
742682500
581382500
132002700
349844000
435956600
932177300
164186000
755202700
904432300
440825800
213351800
37655300
213655000
554736700
95300500
677566300
833819400
284866300
241328000
456830200
684951200
920566800
478665500
792342900
673356900
387958900
117773500
980058500
706889000
619682000
412485600
701206800
201064500
544488300
51050800
888656400
728300800
466872000
643859100
632733200
907697800
108846100
922023700
372988100
663582800
17324300
302189600
749037400
553825800
543517600
205867700
238777000
715719600
684533200
31120000
389076600
72492100
400528700
369135100
31016300
20210800
781620700
732223100
472910500
577744200
34909200
361566900
557680300
501781200
257061200
442048700
661114300
365907400
364072400
34102400
281125400
633031900
587927200
30162900
186857800
383080100
236030600
677270000
98799700
172199000
708390000
739511500
496326300
360554000
360281800
527342600
380764800
393537700
511201000
105310500
971282000
797745400
718512700
780597500
299526600
975573900
222646200
212276100
593116500
586718600
498013700
874242000
471385800
85941000
904404900
658243600
469021100
392070700
335513600
567820800
564269700
295538900
558967600
60596000
656092900
919249400
839573800
288492900
312787200
602410000
645438600
535704400
400155400
363951300
316301900
951317300
591160500
538948100
163593400
184277000
377301900
661607200
58519000
848687700
747548200
214559100
758566500
216569300
606629800
94080200
36025300
422534700
641254300
594992900
734765900
548982400
765877600
574339800
89110500
78664800
428385000
734549100
614369200
828540500
350135700
930671100
779857800
941296200
721254400
195086400
125573200
98556300
856693600
435727500
198879300
604241800
650286600
957445800
72446300
508551700
303161200
360106900
931086400
196050700
206735000
665852400
745033100
972612600
491827400
85778800
302912600
171847600
71963200
917281800
388100
422098900
99588100
31881100
363395100
72477700
226967600
740603500
422669300
335296400
427966200
621548600
939538300
329888100
578994400
263619800
838439800
133790900
875361900
21161400
329841600
82097000
938649000
326510000
306344800
682111600
412288800
609257500
853959300
484252000
778174500
105982600
906350900
129397900
389499000
521381200
453510800
616466600
513620000
876180100
951763000
941586200
497728700
142936500
523109500
328358400
658191600
613184500
462149300
533553500
885981200
791990900
867285700
824630200
118500900
173630600
758377100
782425000
34523300
863971600
266677000
64333000
969954200
424663200
445366100
611088400
946044400
898877000
479190200
711299600
775057100
430953300
904521100
272785900
825525000
427630600
601144300
735351800
40815200
314928800
268905400
926796400
358554900
387826300
3061800
728691100
813092100
13074100
511116100
847615400
128680900
777793100
163583700
98635200
454091500
608949800
961358800
400136000
507826800
440549100
111435600
282884000
123137600
15956700
807305100
948662600
695222600
408449400
684014500
987673000
975013400
204555100
166104600
333568300
592381400
420801600
62259400
657108800
433875800
573375500
504724200
562556700
602803900
919943100
912827100
56895400
528893000
874186000
708666600
36719800
314735100
71737500
319603800
689507900
339329400
126908900
638170500
34552000
786993500
573820200
22225000
13642100
30010500
188329600
347210500
874027200
609131300
661105100
531136000
294642300
486115900
287495400
108834200
88919800
207438600
21661400
397450400
987966800
147482600
106117100
24686600
713852900
177854600
595925700
403360800
768819200
974469800
293166500
803371300
13098600
118622000
77231500
26740700
148632500
517196400
625586400
274294900
377962900
286691600
57066100
672605200
772807500
344561600
781439400
113362500
803635400
54736000
510812900
791602200
453853800
868565200
67924000
167706700
298055000
663849700
822702700
66874300
889954800
115869300
121880800
903053400
486126500
199112300
929794100
886394200
967943900
807015800
160689200
345906800
345342600
217755300
18512000
369785300
813952100
51586700
483147800
869222700
357957900
245595900
912460100
811811800
365796400
980384200
231153700
663851400
895869100
53856500
982360900
785823900
421361000
104241700
688877300
907487500
554989300
870306700
793881700
522933200
677322500
206206100
868840100
274300300
675596700
138987300
644085600
741184000
442209200
127233400
610406800
800167200
624464500
522866900
863614200
990260900
503251100
94767900
905747600
399120300
148624400
888108500
184944200
821620600
992350300
125456800
729108100
798974800
247398700
774625100
321908000
176356400
232466400
442383300
450656700
908063100
833005900
94742300
649247200
275215100
473610900
259654000
327017500
98075400
34156100
190631700
339971600
537407300
537034900
245719200
188162800
937294500
385462900
624742200
758915200
377813200
1834200
739658500
176788000
249232900
765918800
750331300
425589300
998385300
444349800
876246000
158083600
277355700
222623500
807330800
804206100
696234400
318620000
131223600
45945100
352776200
573490600
637551900
141818700
110525500
883271100
581616700
299455200
268734000
457994100
58370400
898182500
459828400
49664200
326605700
709061300
815583000
328572200
134650700
813968300
772922100
262531900
972052000
50277800
485155500
31018000
854483900
181389900
601273300
237342800
478970200
205684700
62468600
116522100
347503400
424629300
251428400
180755300
724084500
520162500
638749400
34090200
669980200
350213000
83754400
996585900
59274400
899337400
576793400
445560300
964941000
349715500
708092200
188628200
651628500
444882900
471281400
757747700
877908100
72554700
995090500
356878300
278239400
309194300
473400500
877378000
733823600
724828900
58133300
457908100
496626600
948518000
491998300
418242000
298731000
827387900
666463200
609640600
726725400
243256600
55200900
943301600
592972100
14928400
131929800
496235800
711446500
854846400
253983500
589354600
927401200
500709200
946233000
205640600
809903500
671268700
334653900
543727100
647732800
392787200
1635300
395994700
592940400
745268800
814236700
143306700
572656800
480699900
752947300
551017400
723956500
59783500
494319000
568563800
74711900
877884000
64799700
37793600
984365600
318783200
627148300
911766800
819492500
825016500
369042700
629396000
747920400
703696600
424758400
395653200
348119000
678028900
43283100
941059500
423297700
857519900
84366200
247589700
589855000
88948700
798607100
565446800
148732200
544561300
134010600
475079300
674080500
450445500
512873000
658446200
20864000
140021300
821848200
91991700
965037800
190890900
973022900
964593400
894587500
397781300
611881800
242706600
75810200
655165000
435401300
499108000
764320100
771402700
998332900
354175100
860351400
48575300
171257100
9083700
593136600
556903000
484163000
518852400
7348500
997036000
428933800
28212500
137057300
250782000
120204200
353730300
441673000
93227200
318323700
336260500
742643700
930205600
830602300
818454000
837005800
517638800
569197200
601325900
289041500
567530100
207136200
149393000
616105400
378393400
158476700
460877300
935296400
642639700
231364900
194280100
891311000
660298700
474127900
280003500
911080700
594332100
885369100
352753700
939194500
203692800
940649500
933473500
385533600
771251800
751927500
474174600
288890700
572759900
327135700
829567400
391925200
534272000
978960400
259665900
164300600
137437100
720543200
351232200
31712100
951908100
545512300
923023100
612206800
19640200
454661800
523287500
865607600
340030900
127676500
56437300
795359000
68326000
241546000
432527800
91213000
993473500
906702500
631738900
817868600
233838200
461306400
209793900
19745400
440266800
469459800
184046000
829339200
190003000
786913400
112686500
393546300
332425800
35709600
257388300
603701200
490371400
32311000
720944000
82037600
159987500
29016600
877396600
228313500
270562600
309924400
571161800
515671400
216626900
202900700
333540000
450465200
915842300
543333900
470210600
356109200
264428900
905891900
437083600
454431900
692805300
549770100
99613400
276866300
837114900
357001700
132202800
579121500
389312800
104782000
661159100
800935500
385433800
538555700
280884300
907631700
848480200
852046100
423303100
316742300
306582000
8478300
767207500
222424400
803447500
489053400
830168800
67876400
646580500
267252400
773943600
339385800
817022500
873557000
867887400
654137400
482194000
251725400
484894100
871506800
356507400
146053300
924077500
741941300
684609000
204961800
649573000
784724400
57007900
324511300
101466800
363590000
584624800
120309500
586014400
388072300
860998100
667818400
707584000
507578600
935070800
481527600
98599700
3728500
355084600
218122300
909501100
88913800
469847700
394395200
212055800
826355100
540448500
136133400
819931600
476692800
341095200
721139800
261417200
398103200
297286300
614519200
13328400
881911200
734828800
850978000
521618700
847462100
518796400
229202700
355040800
453867200
710730300
705275700
709230900
317450200
923398000
618732000
406364000
393245700
13127200
870055100
471236000
805211000
6188500
291167700
533539000
347283700
263942700
46591400
997022100
561229100
661110700
261985700
443140300
647574700
112963700
964759000
495036800
883395300
193961800
101712800
588897700
156327300
58623700
298128600
473777500
982021700
916860600
131776800
626902600
181623100
1831900
349773900
238469300
259655600
640941600
23643500
606939300
904884300
70234900
855596700
717748600
982980800
117582400
160888900
630555500
482181400
377283200
377227600
365576700
822880200
478940400
954474500
979207500
789199400
504238300
704620300
771221100
421099000
88032300
649759000
854357300
89864200
999532900
344461800
349519800
892109700
368105300
208094300
48629200
689975400
315326200
766377900
672956300
432908700
178902000
303511800
166725300
556185200
932374600
532302000
379065400
662950300
738411700
609908200
452149700
242650100
314528500
475006000
915384300
402560800
124765000
21376800
744060200
375933100
365838600
345215200
268042800
985579100
553309500
316672100
675554500
120271000
334685200
348510800
553179700
513587200
903657900
971540200
321407700
836032500
503842200
700473100
750618000
493889200
562016500
202767700
736539300
128180200
677773800
651923600
530741000
54174000
924935600
526436400
430107200
542409400
123286800
698150000
527988500
676596400
266457300
455178200
48502600
601142500
55324300
601682300
366365000
210617400
824857700
687772700
298285100
328699900
639881000
48903200
74224300
201897600
251670900
810763600
581713000
181079900
714322400
364089300
235254000
639258000
890525700
916996400
433302600
13812600
615146400
961291100
942044200
133239000
668104600
990546800
986016700
975064100
843864300
604016900
437316700
668722000
291789600
735601800
249057100
183305900
36140200
323281500
636838700
539446400
385680300
218551700
720526300
100002800
582641000
207415500
990896000
473166800
124411900
424198700
738614600
991193600
637125000
932294000
376067800
556864800
922840800
362084500
531928900
18340300
966101500
220880800
938697500
509526300
956482700
187754600
944467400
244258100
762671300
581306100
783704500
148351700
799857900
755866100
499989700
634134100
963281600
742520900
358936100
339328800
418354800
97550700
330522400
55479900
29844700
706590200
863979900
204320700
320309900
395908900
474296200
538046600
868424900
412993700
299208200
824907600
852383600
243675600
320801000
866690100
76617000
104505500
266677000
876474900
860371600
766666700
510609000
75288500
760822900
869545200
414617300
179177700
218731100
996774900
234657600
500211100
955000300
98637600
704531800
526945400
746181700
178828100
316627300
866241800
843457000
615835500
691149500
695840600
111146300
263585700
814166000
187763300
368091200
80843000
64238200
480098100
99145000
826482500
555386600
859967900
947662900
221639100
39145600
166394000
470049200
525438500
666605100
425049500
875711300
622772200
951994900
873528200
53235500
520257400
739770000
148327700
136092900
682554700
95803600
247239300
946140400
909969600
686637800
565866900
990812600
750876100
45965000
89957600
828993800
852986800
201560700
28291900
326261100
492341600
194685900
796310300
269415300
112926300
221359800
396761800
987333700
424989900
270290000
292204400
945247400
261695200
440532100
332975500
195885200
536335700
831850000
393660800
446305300
518487900
959527700
688753200
520999200
257127900
778710800
349993000
361749900
231906800
378284900
688011000
724248400
824606000
484321300
993663700
189167500
957316300
390425500
428136400
382306300
912350700
720340800
579188900
425681100
412508200
163799600
621566300
200479100
995649700
15227200
646784500
514137600
226390100
335537700
286772000
735153300
365883700
636765000
96903200
597790500
266685100
784914300
573674100
342926300
269235600
567337800
783729100
226552000
209398500
463500700
860493500
121749200
435476800
691317600
547430400
847985000
855117200
420631900
48464100
102402100
687494300
946883800
868174900
165519700
534056700
154946900
900673000
151575700
791711900
997576200
1001400
310032200
34125700
574675600
904593800
554996600
393648600
939958100
33183800
854682400
403458800
893677300
976431600
838935600
836630100
775497200
938555800
943382500
447764400
987020000
45784700
135258700
185539000
913959600
300778400
719595800
68906600
201451400
122806700
112253700
450662900
123808100
673921200
736423800
950118900
578515000
291420400
343767600
518473100
324604200
450085200
921931900
469916700
426516800
12502800
306546800
453649300
951058600
249929400
901413700
189713800
295714100
288307600
375252900
461308900
589086100
346483900
530215500
42172700
720925800
894104500
744470800
844733900
568025700
480894700
46488100
146540700
772315100
641890900
916649000
348554600
91976100
90216100
818471300
770128100
102718900
125018200
223777400
305412800
626582800
376826300
495126600
922296900
665134000
122014700
383605800
505855300
468498600
165456600
799663200
189424400
59561100
544134100
285793600
627586800
276664000
332281700
25762700
300614300
974172600
942411700
649168900
66148700
284263000
467640300
836276800
386982000
844293700
311689500
692394800
470876500
688515800
439156600
644808600
605285000
561171400
28414400
111140300
281305200
445506200
162438800
470729700
505067300
958208100
8158500
384289300
234872100
340440200
410052000
787121600
566248000
604098900
436290600
632396700
139997200
155566100
720308700
526979200
999859800
31998200
471009200
470736300
972149300
910165800
115544900
577434300
722972400
395594500
940209900
4277700
92736000
354283900
726642600
849438500
312492000
734801100
233727900
547364100
326876500
895415100
586120900
893124500
751149300
22411500
777156400
891146500
429612800
749100300
669760900
429472600
781098600
392405300
151844100
4883100
554206300
519024200
582317400
277178800
166254000
774162500
281456500
258990000
128446400
259734300
108428500
692573600
246170600
593791600
491572900
573047100
740842000
77693900
717806800
491991300
100105400
746598400
634773000
781353500
495698700
304533900
210826100
528432500
696939200
614305500
533315600
251145500
133329700
367268300
779959500
551218900
141430800
313051200
810208900
521512500
572785500
170272700
214086100
818956100
15699500
705659100
643638400
756541500
783353000
361445200
248532800
135093600
359678800
883305800
916447100
855377600
439474900
378908500
383810100
136414100
244849200
917125800
639194900
629814100
536029300
419154400
181033100
677460100
983840900
242877200
450607800
556626400
413149900
916329200
627217800
428849500
873623500
270856200
185391000
656976500
883936700
685559100
43705300
243615500
820500100
211787700
98993100
259975100
842331400
734438500
648024400
87180600
903199500
538854500
716994700
439228800
209644200
898027800
368324100
193485100
140905100
70567200
1746700
805690200
986896400
628964500
486174900
860519900
151456000
923201200
769131600
35392700
608760300
64472100
530643400
680895600
276259800
881271800
940870700
118591200
615710300
588895200
205771800
770545000
379384900
174401800
209773800
589029100
72429600
578097900
782514200
464969900
648665100
784261000
270660200
887196700
413225500
8470300
747716600
816316700
931671500
768483400
851709400
792067000
832955600
633988100
472962700
360850600
515259900
665468600
731077100
382605400
505999000
188484100
153150400
885384000
362885900
362924200
474413100
686950800
192657300
256927400
151920700
92957700
292823600
674216100
980154400
957684300
682686500
979506300
774001100
865993200
999624900
877345700
909695500
832580500
511333800
382658200
445066400
26593700
299762000
176143500
660834300
805761100
616262800
813984700
942780300
979148800
176908900
417193400
666099600
621201500
925756000
69655500
714159200
218579600
743871700
945948800
176264000
678193400
177090300
201900300
544186600
176715300
79246000
453882100
9295800
590579900
88175500
705997400
868808800
387937600
882140900
529643200
445333900
750039000
343627900
388114200
729187800
772172100
56942800
646922600
645008800
982698900
716578100
610803200
452913700
712085000
556752000
880812900
390278400
733842400
82713200
934465100
910557700
161959300
639982400
171488700
4174400
979793200
129121400
872983200
619366000
11262300
654261600
64699900
12936500
249524800
704449300
742124300
273332100
761392100
640682100
918340900
995726200
608895500
529144100
448640000
320980500
337531300
329452900
711259000
323008900
663801400
897359300
233566600
825760700
788976900
656690600
829935100
768770100
785812000
954553500
388136100
48709500
608815200
704471200
61646100
858340000
408920500
55405600
383307300
170312700
947723000
301648200
417674100
556618500
82427500
866314100
877599000
419958800
447402300
840493200
994603000
362838900
737852500
228169600
188599600
526829500
136495400
270169900
547234800
173942600
224723400
935371000
474287400
85173800
639842200
535933500
195149000
300398000
842974300
578456300
722345900
790697300
131739700
140020000
347315800
214167200
257969400
476550100
885761300
957006900
317043300
880364300
319845800
306531100
360169100
508445400
833360600
748299800
30250500
632230600
922242400
254973900
819236800
396529800
591783000
459079100
184098500
786932000
11112300
278708100
617023600
733458200
69405400
748763300
873478200
668356500
962930600
131447600
396541800
100327100
340089700
713585100
980691400
659935500
20116200
592495700
420016100
105112000
340795500
450266600
737342700
263038000
956875800
556579500
911203000
800294000
267293800
346936800
587226000
278406100
625644900
204249600
263499500
946685500
953013000
136977800
615042000
167578800
520060600
11583800
267905900
111785600
976804200
500232500
771721100
248555600
92728200
443372500
353667700
433523800
893639100
342645600
948197000
102150100
150860300
859400000
902444100
669789400
206336800
741305400
199830700
83616900
945555000
463330300
30302500
150203200
851943300
645344500
317782000
623639100
908563600
837323100
735424700
137003000
337555600
758781100
385558600
430283900
202153600
990861500
115442900
347427900
333507100
63639900
449578100
736002700
174675100
603657400
405792100
632647200
344962800
605622800
716264100
542153100
320588300
746566600
692356300
172531600
643546400
261773600
47806000
803745200
350731900
783230700
940748200
688287600
542011800
577942000
370206700
744165400
568803600
485649600
343228600
902310700
800924700
792806700
638313400
975599800
396464100
295740700
859882200
993062200
901363600
576146400
535215300
473587100
574348200
479206800
646118800
217894600
740980400
693924800
273275000
343347600
728790700
214023200
31635200
270802600
791965300
401841900
266603200
612404100
139126700
609831800
514714800
940051400
654273700
404663500
167286400
302373100
700404200
27168700
295435300
853403000
603315100
82285800
326990200
177663300
561492600
224744200
647193200
554108300
918669000
920468200
897455900
899094900
386126700
180726300
169897500
429727200
834203400
688136000
42131300
973330100
549603000
808481300
165016700
203876800
464780000
332303100
757885100
165184300
359471800
304955600
270222500
214422100
387241400
597212700
643720700
200369200
73592100
542549100
6112700
992261100
463017300
903568600
142991300
100779200
335930100
312888800
782141600
170133500
252660000
824272900
143463600
802263100
884389500
560115500
257775100
349169500
892418700
267295400
765989000
503525700
572251000
36211600
969583100
959492400
885059500
864939000
411496800
958651700
407488100
417609600
202548000
122140600
321178200
345539300
222919900
657108400
910063400
256696700
78877100
162723400
80969700
473976000
216621700
216994400
34091500
726032000
566163900
178145400
993327400
332153000
933306400
565578400
619999800
902889500
776706000
505059300
767828500
188202900
715346200
426951800
605812500
917894300
549092400
178625900
263433600
23647500
87369500
425132200
280344300
166246700
587855700
612949200
640222700
56112600
829943600
925949400
33779900
396107500
104094900
278742500
979895700
37401300
844321000
851530700
191926000
872662200
356590100
959754500
312500300
71936300
638341500
169948000
241465800
187433900
600209200
504899500
462716700
939213900
181666900
743061000
105460600
769522600
356010200
997318500
77270500
437589000
174903200
362685600
85331700
278998100
641428100
65227500
568034600
737384300
168393400
759960600
610046600
524983500
971350300
174182100
848555100
609691800
595765400
341656100
797125700
195974600
98190800
511477600
135188500
279857800
254538600
492284400
49380400
862184000
741238100
378286100
299773000
916141300
740971700
385104800
195139400
382399900
701967500
763174000
119784200
870360900
774769800
981466000
646979700
746120100
155648200
747170000
355811900
3048800
88826100
404572900
199023400
187017000
916050500
585847100
466874800
422224400
78131500
767890400
284408400
71004900
397811800
835816700
987146200
138783500
472556700
433920900
772818600
426159400
448730100
144238100
296520300
223500000
125704100
195135200
969620100
532987500
193940400
577067300
536036300
282766600
233275400
986694900
721418800
149325900
572542100
188293600
823185500
902308800
207819200
359229200
973313700
605631000
195045900
960460000
996049800
667602600
646016100
20503600
93762000
94746200
164741700
641917500
569881400
542081100
88688000
791136800
326703800
282628400
368204100
114375400
817030200
853114700
101070300
790084200
2440600
925247600
230013000
77261400
827556500
437832300
436490600
800870200
295098500
631536500
12965400
542783500
550774300
658981500
563287200
896171500
753727800
728028900
789724200
323609200
521745200
130047400
114746000
848449100
664311100
734585300
962824500
481341300
587700000
315530000
271425600
841775900
240777700
753073800
170672500
68334200
190906100
607163100
869204400
737639900
490334800
882169900
280423400
292744300
541151400
843710600
188915800
546514400
823374800
230275200
121758900
345120000
360322700
488140100
193569100
24633800
474360700
408028800
757610300
62060700
723558900
280671100
155471800
964336600
33745000
326144300
32670800
224651100
184942600
153510400
213926200
675277400
35680300
494349700
968021700
828467000
338060300
408572700
626616600
161435100
638848000
748375500
506555200
250805900
236515700
951759500
275439700
710876400
359788400
284685200
24572300
83347300
565356400
431679400
299319100
599101400
757823700
331989900
75387700
942766400
737135500
289314000
869679000
772815900
783663700
837700800
852918100
373359200
246273500
479534700
786429600
136756700
479545500
544620000
387562600
716061200
496379500
914637500
678572800
107803100
199322800
954780300
191150400
764679200
386459700
742104700
615415800
395918700
74094600
690803500
338685100
811230200
231752700
208364100
835681300
15416400
297700100
940234600
640410900
795608900
671404500
426840500
932365600
150950000
971460500
571563500
118646400
467840000
486201000
48854400
575643200
937159000
3634800
18428800
701838200
390094500
760533600
317254000
786013200
86263400
259692800
376333500
149128800
491445500
836332900
236445300
506862000
385668200
428315100
398908100
181277100
99719700
825748600
365278000
250669700
797209100
188476700
620951400
516684300
674677700
669805800
343962700
611836800
673440600
614026800
565310200
315170400
626195600
882564300
352818800
964094200
393892300
980787600
364858300
885337800
817120500
852938800
643835000
454423900
281254000
42743100
635701100
380973700
868491700
252614300
883278600
917336000
441091000
504230000
685655600
367403900
174035900
281253500
979240700
99111700
895280300
796186200
414282100
773111100
930385700
18736200
737205400
324278000
999523800
102063700
209615800
68279500
955002500
853450900
522703400
487891700
896194000
158404500
868865400
16321000
662654000
3779300
185292200
103745000
759644500
870947800
471149000
185315600
152201400
702024900
284427400
299116900
498211100
950344700
72228100
428596800
969080900
809433500
4510000
968604700
163132400
214125900
36884200
369770100
319212000
811222900
857661900
215406000
221262600
978162500
483362200
883916700
233577000
668654500
987661700
993221600
791237500
710445900
178537200
943438900
412470900
462964600
494191100
162317200
664944600
566419200
842549300
634025500
627487900
847059300
854265500
790620300
312820400
142784900
160390400
632032400
954007800
269687500
99073700
175270500
499485300
834071100
59187200
733062300
754360800
298484100
726283900
545598400
260565300
904821200
740672500
924671400
619421000
234863600
86988600
284365600
801282800
181173100
170026400
428770700
279867700
24291900
471026200
844323300
418712000
883051900
476355800
372719900
152739400
827064700
799625600
652224700
912771000
110448000
636922300
667131900
408932100
363206200
212730300
669497400
519662600
205038000
845804000
139083700
691536900
184427900
675084500
492819700
365601000
845110900
173225700
897103900
121038000
895887100
741427300
539750100
778939000
469418300
164105200
183313700
548118200
963730800
87173600
460889200
74178800
724095900
128021100
734746100
338937400
592386600
655878800
858600000
797424700
501682800
997683700
488961600
937745900
924403500
233416500
303347000
769514400
658277400
452086100
142187700
805799800
193513400
933573000
584738800
662931700
349313400
19687700
462685100
564679400
358496600
923574400
890493400
82592500
51595500
625239500
421529900
895617400
532753500
280130000
693042100
286071600
529448900
433638900
223817500
453852400
918690600
778799700
475002100
576968100
230885900
868825000
382767900
424399300
54033200
219141900
338966300
403346600
490464900
801651400
968026000
848961500
976861000
858519400
183189200
28456600
735394100
856354400
175709200
519782900
388119600
868751300
805854500
169203700
554025400
281307200
874691400
472716000
60107000
601328700
49684100
542628100
470153700
684087200
967027400
524186900
154864400
557628900
179168700
645329300
610915600
398829900
745926000
587776600
257349300
929115200
867868400
244378600
37104800
43577600
764161500
425224400
163964100
821651200
594428200
717989500
354593700
469119600
442340800
414700700
70448300
743660100
208964000
792237200
427747400
427626600
568059300
834247000
985255600
747228000
479576300
847806400
146057900
477137500
687218200
655042400
406252700
555086700
151056200
694992800
850299500
166853000
120217200
265898900
988504200
714645400
235523600
594733100
435400200
677864400
261069000
505848500
421524600
470033000
549720900
100907200
897659700
117780200
935154200
882915300
865008200
666365700
982356900
262701300
143503200
669575100
917743700
801391100
476297000
320435200
496383900
578231800
487288200
616601200
844130700
475792400
582881800
79654300
322160800
18282100
9154000
583229800
775765800
430678600
53262900
325486800
531585800
950922600
694902200
466740000
85473100
559910500
133105700
67830000
74247000
276608900
989040300
243626000
78000000
465337400
564061200
826019200
295204400
51349400
442620400
139335100
778777000
25502200
470624600
100937800
295419500
479778600
684167700
322820600
162092400
737430600
899942600
693678200
939988400
594844800
412053400
25461500
406390500
545159100
344926700
480637600
73403200
333967000
724263600
403038500
50939600
288324800
229057700
597779200
591309400
923313300
737114300
370086400
200450700
459374200
471024300
495870300
190788000
155192000
70326100
352880500
144257800
970268700
298193900
84246200
565113500
710247400
361342900
971504100
507041700
706269600
703776900
580445000
291871800
428040500
235118700
594446700
968000500
715811600
192225900
559309900
639124900
180975500
181031500
839575600
640349700
652055800
587081100
82772900
58883000
909042400
435653400
454776000
879311100
733847400
790657400
696059900
444094800
152000300
919199200
202771700
109905100
622976100
783216700
401777000
302651800
269970600
247858900
522287500
985782200
440084800
333232600
876542300
621060300
514264100
967753200
513045200
417955200
806469500
595818200
728473400
715512000
283106800
183249500
846458300
16954200
973906900
542518200
712684200
377542500
713352600
915456000
487447600
587963900
950307900
140859800
890615700
471913800
388718700
664538400
457696000
80438800
997771000
585873600
953134300
763670400
805262000
466179600
433260800
611731500
313633000
161734200
578878700
596739800
596618900
425337100
613694100
822161100
219490500
578013500
199703600
932843200
493469500
938786400
520807100
695412700
331281500
663058100
167326500
720000200
579231700
876657700
52074200
828638000
462531300
5208600
592308400
519428500
471388200
25569200
131160100
36656400
438938600
710038800
633396200
35557600
387011100
498725500
857718700
858136900
76739100
309057500
790980100
821843800
247843900
563422400
517256500
579125400
478115700
684583000
550760900
57347500
561240800
602835100
137620700
275407300
608043700
729929100
794835900
331067100
7133500
177631200
367723500
697707300
139305200
252755000
733264900
526316400
751480500
842618800
636088500
79854800
151676300
427068600
153333900
651155500
242126200
670590400
230280900
971877200
606808700
32677000
280859900
419684700
635512200
418480600
946727200
495191100
148409700
741563100
77893500
407178400
170829500
697252200
356520900
310134800
950007200
89785900
88086400
953123000
184039900
724174900
284613000
335716300
402878700
437946900
986871800
896640100
360172600
468787900
868517300
966981300
753100200
149377200
386666000
640247600
567857800
333393200
135438700
967902700
326591600
464967400
626716300
497421100
162219700
983237300
59191100
112226900
73023200
147277500
316985100
257063100
871452400
601598200
844414600
525966300
39545100
82921600
422606500
399717700
803344800
291123800
618334200
556445000
692136300
256635400
196692600
259994100
841663900
583766500
227896900
419890700
48734000
106248400
917311800
210953700
89485700
228138200
574815800
414144100
375415700
891801000
922842500
498503400
745034400
767257100
24469700
784579500
850178800
698711400
435932500
905158800
241470500
305901900
461603800
933606800
562537400
658296400
193600900
655836500
242062900
673133000
75727200
290796900
779381500
244674200
501750600
120502400
472812400
328201700
534646600
848228200
220002700
457489100
598366800
965037100
224746200
874471700
1251800
326560200
573183200
688819500
231719000
814653700
994721500
693322800
999895700
808894100
603254400
445131800
464730600
845317400
369900100
540457800
387749500
149281600
785132000
141135400
269784000
257944500
469337100
56065800
357807900
940975000
513554900
956174700
906012100
738301200
830646400
158899100
316496600
655464800
847718700
548215700
470118500
94075400
493173700
721649400
902969500
348063400
166781300
367700100
445016000
536681400
908157900
832765500
937598200
944925100
225536100
459017400
454504800
694873200
515083300
812312700
635848200
28638200
768487400
793495500
18574600
850769100
952394700
335071300
506233900
51748600
134922200
227987700
145824000
879731100
949637100
48793500
227794500
116418400
668128800
672810500
653099800
827921900
757211300
842333200
772847000
982747400
301350700
227351900
677620700
816434000
291299800
565104100
96707400
59787300
358599700
115282100
162191600
562629600
450353400
668425500
866013400
836910800
896413200
11837400
716641900
97685600
312266100
944436500
214104000
980394900
868882200
118839100
808316800
626093500
212807500
832799000
608841000
514158200
60150900
538096900
582227400
603086000
354836200
678934900
662873300
965071100
794217000
76700100
527700700
496205600
745125600
645349300
333116400
893174100
657186700
49758300
242494900
221088000
245830000
708234100
201482900
366347500
78708400
261434900
244076200
291516000
94234000
104552400
805674200
406020100
642649300
639536900
260741300
249120800
318471800
175249800
214191900
364324000
251949900
993527900
860529600
248710800
638877200
193646000
393520100
547699200
495039500
636015000
768787200
992504800
344249100
221905400
610487500
422957600
734975500
854563700
966108800
80844700
959116200
771783000
738500100
853400700
411319900
999241400
102521500
981426900
174491300
316713500
345750900
426441200
310241400
206280500
675152000
949118600
651561700
320307300
748453000
398236500
956322300
517240300
390741300
552206700
990780900
1228800
226799500
725756400
855792500
192908300
806601200
66543900
216326500
796736500
919944700
879281700
795977900
22466200
860708600
970469200
339179700
206459600
648545700
901056300
664375300
575332900
101810200
315937100
895640300
850263200
965808800
103597800
367503500
356550100
907439700
609919600
609414100
134239200
335676100
716841800
578782700
393912500
783385800
795109300
190649000
954965700
674391000
986626900
977431900
786734800
208731400
568246900
993194400
857277100
469303200
909205000
432610000
571113400
476777300
579885500
673011900
442586100
683483400
40515400
799136200
590923100
650435100
660185500
976797600
237746400
628662500
555580300
883294100
412048300
602324800
73943100
367014000
276715800
312205200
596081200
63450700
520936600
415963300
308280300
629848900
885266500
469120500
314094200
708015200
945897800
893979700
381027100
388483900
829098300
673177700
439255300
671656700
575248000
351076000
648454300
64629600
979738600
455669800
947923700
391786900
57994700
21866800
10436200
586345700
334072100
858152600
901431600
106643900
274115900
461347200
736492900
411017600
930467700
50587100
119032800
128000800
196202000
751695100
516484700
276935600
676508100
207375300
948592300
251756100
558451300
848681800
316385800
538189900
555986800
515944700
181612100
613981500
537811600
443683500
451962500
123518900
301836100
353394100
481798000
575952000
814741300
218290900
238604800
996844300
520513200
357637700
124845100
968350500
360968000
892965000
245286100
37476100
100340300
193878400
540867500
658791700
294195400
108888500
196981600
850182200
624833200
630228900
715799000
414280000
73912400
167761500
789434100
375748500
521155600
271232200
203335700
587532200
489523100
441940600
584376500
261671600
51213500
960856800
230022100
663816700
853821800
475308200
701292900
954162200
920821800
493795600
864589100
215017200
602684100
313205900
316834600
479152500
943434900
32633600
145067800
17347300
200395100
934501900
644731100
721550800
205734100
99702000
560718200
946892500
793277800
396729900
208564100
844491300
357586700
438586200
508308100
211408500
165529600
461236200
417205900
86351400
206667000
281795000
553003800
60986300
595001000
869838400
540138800
790071100
902472100
936841800
59053600
354502400
871343800
703784700
76053200
77077900
55122000
888406600
23970400
848399800
285136500
484169700
944526400
642723200
922755900
704469700
105767000
339920700
417341100
522972900
426272100
624008100
56403200
230911100
684994400
651404200
100749600
476768400
693110500
254856900
413610300
752164100
609359300
536589300
707584100
937047800
865302400
762706100
825454400
889272900
862741100
110591000
625077800
807267500
4949400
547833800
763372400
110716400
139389700
180713500
885324600
565661900
56356800
941727800
48208200
992986400
844767200
148957800
469754900
537877700
403814700
135000400
290041800
264809300
923224900
249261100
201857100
788527300
11967200
278946700
929435400
126343600
389537700
554513300
185246300
646122400
353982300
948618800
8474000
493372000
380967500
893798600
310669100
437324400
835526400
358877400
430310800
680293600
759470400
151700900
469806500
414920400
286701300
759848400
679729700
461561400
9109500
881586800
250088800
272712000
412168700
179524200
650690800
53341700
734037500
835937100
699464100
339655000
36191100
707938100
833027100
417158700
601736800
143696200
854483100
688898400
754208800
284793900
369192100
513679300
436494900
838998600
928599700
974831400
850482200
608329400
436392900
111227000
741551400
686481700
635574200
153720100
117641100
286265000
207061800
103313900
373837300
158161100
442968900
410028500
866099300
275996000
827187200
719471300
671327500
681670300
408369700
425536300
966464200
29197000
939215600
654594300
119830900
119450500
629425800
221948300
979415100
65818700
584810500
720966500
3935600
220384700
126321900
121576700
758284900
585018900
224890600
132122300
743180100
667859600
793786000
860914600
195490800
620973200
580385900
866818300
554278700
240390800
543989900
772378100
269587900
734840700
426972500
641054000
854291300
308033500
863002300
85341600
373852200
447812900
806308200
629423000
919832800
184265300
2634900
929753000
769284200
479160800
313510500
512464300
147020400
107296500
373378900
594146400
979904900
205400000
712600000
534183600
445790900
508225100
306561700
967014000
243065800
985169400
859703200
348992300
293202900
974340700
434334000
918690300
673788800
492277400
548113300
593621700
676542700
802383500
775009900
445826900
281544300
88520400
209926500
680199900
195816900
834940600
274346300
175721800
40340700
238581500
961540600
737766800
746806600
268102300
956416000
989872500
504907000
67754400
590500000
798109900
42095100
276469200
968435500
715884000
768746600
768184000
561140900
445289300
570567500
336150800
142751500
852111800
424671200
352678000
532311700
872123300
439253800
58293300
47845100
731229700
296874800
261020900
720631700
43681500
529123200
677047700
285189200
285665400
996437300
875689200
335410600
38532500
152158500
303846100
6051700
172540300
72030100
567192600
869464900
642597700
154978600
12216400
746344700
831285000
616529600
278656500
703408300
55783400
588585000
2888600
38648400
885459800
263909500
759280100
180776500
44667900
687963100
465965700
330333400
684400400
593290200
665744000
722932900
997083900
969590100
980619800
169624200
293255400
547812400
39089100
935853100
954426200
302940700
933833100
785711200
919470300
464124800
740754700
226889000
52709800
743643300
517172600
189804800
259188000
276452700
370581400
303856000
964415800
88182300
885824600
900451500
933107700
803203800
623384400
930191600
24429100
604004300
351451100
317684500
403451900
642175400
505172900
609513400
945116200
439006000
646859800
116221700
903130800
387614600
594745900
207475800
382893100
111918500
397280600
642081200
640006500
19497200
197572400
604422300
107679600
335032200
756509000
40787300
138236000
379893500
222614200
162665100
235533000
574065300
480349600
890620100
216240700
985522500
751768700
412992100
676163700
398628600
529213900
579294500
37878400
123959800
38405500
420771500
487513600
435686200
314487900
127520100
455183400
763695500
983577600
814498200
98727700
740086700
106920800
236963700
371615400
329535000
651264000
858783600
903600300
131613700
1038900
371476200
368771400
752807700
784468400
44935200
403071500
565317500
875864900
440949900
940912500
914270500
113356600
428426100
601591900
427844600
807581400
308410500
443175300
791159100
122908800
541903100
782881000
229829600
30502000
154496400
810999800
681766100
264915200
966235300
65015000
265954100
337711500
433786400
18761800
373815100
730356800
673468500
939132600
606221800
114418400
131680400
772127500
227775100
560106500
625354600
907254900
367688000
933765100
350430200
410482300
56673900
143968500
193363300
538138700
174470600
599494900
349138500
107871900
864410100
315373800
172886900
130364200
904720600
858308500
400761300
530170900
588665400
74229800
720938800
446522400
440283500
852619200
470285100
668058600
412725700
95639700
575313500
32048900
29404800
925743700
694166400
337714000
321347500
139164900
875852700
495818100
738659800
476626500
855325200
854705100
43635500
28212100
236704600
948356100
138155800
889101100
730162300
726821200
963330900
451101100
173343600
655249600
303720300
895263900
323308200
968081200
990903600
150256900
130200
20308500
327635900
945931800
358022500
648983400
85096800
485510400
396436700
823756600
962136900
251761900
930097000
5772500
531609200
166801600
205763800
669765000
55902700
935926100
648221500
270868800
387027200
821565100
926118500
690747500
968464300
501061900
658828800
959367900
651318900
910594200
979676400
230590000
856526000
589334100
879573400
941622800
74844600
527645300
17014700
36981500
779407200
947111700
294389200
562651600
365548500
500153100
232416600
421451200
436079200
880638100
692320000
74741700
953838500
870073700
765489200
922302800
371135700
675953200
881670700
274089800
586547400
112982400
504679800
694708700
702316500
635888400
887966700
28796300
163533700
156616600
65777900
194576100
355363500
360167100
757227700
720912000
111955400
241279500
142363200
799669900
373552900
86318500
874411600
327391400
956392200
891536000
501329400
579163100
567489300
634635300
853252900
405671900
999252900
609567900
352015800
953204700
245456300
239982600
982001000
660625200
396599200
299414100
855201300
751962800
911216500
864064200
472874800
23171900
105343800
866873300
822841800
478896700
953191800
697253400
57923300
161219200
840424700
810887900
740382400
407914000
445523200
593635300
65221100
696411400
203203300
417237000
649616100
700294800
657219600
631617100
360920100
305454000
931031300
216121400
57416800
842247800
80185700
781926900
117054900
437164700
648800200
939896800
167696600
853627200
888785400
477255100
14846400
729210100
288143000
755228800
388759300
985301400
600499400
453980500
681712800
803702700
871217500
582964100
503997500
780072300
214581300
116552800
85526300
397247800
332674300
394578400
491130800
664495200
176505300
608185700
353295100
76940700
548082500
772626900
930567900
688503200
249882000
197049500
417713300
789660200
952278400
806472700
774961600
804413000
512088400
708309700
859750900
383305900
542909000
363748400
415013400
757490300
480301300
500539700
406373300
64610800
895118100
897504100
980741200
71623400
505689900
334036300
400199300
305407600
358298400
582402400
993910800
608180400
779452000
663259400
397840600
983365600
721367300
424437400
787778600
233455700
384382300
647529500
868396800
927291400
262913100
283410200
936416900
994849600
35585100
342790300
311095600
930703300
491929600
543472000
253961900
997619500
129143500
654161300
554662400
487441900
236563700
548573200
95622300
267650900
463467800
745098100
251016500
184835100
169535600
290430300
669926000
553917900
189595000
789958000
732844500
704143400
325003400
669261500
698993000
360588600
263687000
261723900
291291900
7251800
805195900
545253800
4871400
934339500
451050300
811169000
421781400
939249300
611377400
517403800
458535400
74845300
262501900
961187200
511315600
683672700
251617500
432876900
489225900
692847800
222834900
222070400
396991200
547838400
142967100
347619400
160062200
658289300
609343300
451354100
665541200
414539300
248243100
922047800
600514000
950928700
733216800
22295400
890178000
596229400
791334400
600348600
671074700
305471600
561535800
434025600
240779500
813153400
866902500
730005400
757636400
341372600
203711100
154627600
140846200
598313400
502247000
300908400
508238000
363225600
752262500
425414400
777764900
252140900
599097400
629914100
203069600
583949400
903844700
344882800
180178800
946814400
945231400
851253600
252286000
758402500
536914400
744700700
571555900
403816900
726341400
329192300
745189500
930052500
735455100
886035800
780001100
237702100
186944200
539874300
600927700
190842000
965288700
630327800
694618100
816021300
511877100
897687700
399970700
415721900
494205700
580149600
362536300
691072300
683038400
866457500
449474800
219952800
611158200
272665900
875404900
337499600
853493400
620594400
519187300
588948500
758265400
550823700
78285900
196844900
90698000
679213600
639322100
307622000
561176700
333940200
123643300
73053800
483263100
775249300
488775700
977468800
607034100
102947200
668541100
290072500
969404700
369651200
761660500
832198200
642317100
637065400
421333000
495810600
509295000
192155600
336394300
519195700
742979300
414680200
716040600
85312500
345529100
355362700
644569700
906705800
940938100
19848300
979759600
424201200
795097600
720170600
401670000
402131700
74753000
321846300
943839400
295793000
943132700
705499900
127991200
585449900
594200500
800959400
332895700
355130700
993115000
669290000
874326400
987729500
335605500
842002200
324677300
681134600
197364900
969247000
587840400
389938200
989095300
819235200
814139400
35828100
791041000
467444600
437959800
865794100
789291000
633434400
161587100
732423700
338934300
541213500
569508800
184770000
342172900
154039700
539900800
335288000
74965000
665862400
574652700
410570500
507864700
899330000
91705100
956864800
868577100
931180700
346803100
109307600
750415900
160942500
145135800
793092200
628387200
834730800
910521500
669313400
468165300
323743800
653372300
58734800
864957300
474516400
495140100
458765400
628556100
286676100
45688600
703521100
952538500
620341400
114091600
712038400
519671400
457431900
920538500
639883700
388612600
267341600
826600
390663800
679919300
397597600
183756000
559941700
483963600
345912700
480890300
952128900
669656500
134262700
262499000
534613800
860414300
757639100
245014400
488970400
44315200
290703100
192491600
248488900
911044500
558218400
212162600
682351100
15650400
132701100
573870100
404263000
400042700
574696700
46562000
331597200
223929500
481953200
143174200
707893100
827865900
624064500
911657300
497522400
9962400
174156300
283771400
870376700
183430600
528785900
610982400
479381000
71124200
803474000
979505100
982168700
613327600
191667700
916155000
628978000
324368800
490025100
284876300
976046700
316357000
583073500
307644000
540286500
65026800
450818200
499814900
892892700
326517900
411472200
642050400
588115600
837263700
177457000
458492300
20694300
957878100
69474700
751710500
29002300
124583900
731215600
262806200
737911600
922883400
430596500
618524800
247252200
920621600
155036300
474934200
488613900
738109900
782578200
28900400
54771900
485031600
528715300
199299800
63184700
191822700
92985400
651300300
29086400
270442500
361427900
301415900
479955800
430902600
304761600
760593400
807121800
35977300
23399600
796668600
210495900
453996100
666828600
709383300
626253000
73500200
184317500
114866900
63245300
218530900
395402500
118017200
703562500
175753100
317317000
18382500
367575800
410302500
669682800
648297500
932380200
31110700
201348600
663971200
713648600
506110300
424564600
772405600
542087600
699599500
569074200
752583500
405230800
235902800
713602000
31483800
309403000
897919600
397985900
624283500
116450500
45023700
742300700
71648300
220776800
311253000
90030800
839987800
973190700
11348800
488285300
157206100
294094800
689634000
821177300
7743400
195744300
245742000
780149000
989467100
945341500
600858400
742050600
602207500
88396400
707287800
885326600
649434700
605207400
283312500
273718200
973293200
328336200
16019000
296576700
800748200
578907200
638242700
640736100
552097900
649591500
129021400
709304000
195321500
70290600
530481300
203064900
266034900
27858500
234849100
255502000
224835200
835707500
249187800
827042800
175739200
956475700
712369400
825173900
813318300
247317100
98892100
786611500
827288600
114911100
334823400
628036800
945453500
973066100
520408100
497551400
874292900
649429600
206855400
69614400
971355400
988972000
272679400
237390400
16830500
759163700
744527600
241665800
846506500
245350700
68708600
22245700
201826400
32713200
847419600
266779900
531665500
946311700
305026700
358954100
312858100
639850100
238626200
258311600
612916300
759034300
7498300
487209200
660099100
214353700
808458800
631454600
454960900
81138200
120480200
471791500
91937200
116643000
713457300
938443700
361993700
33801100
212324600
815455300
318149500
59744200
82235300
849815000
257691100
638897200
208769200
822184400
278747300
699030600
80496100
143298800
709700100
339629600
882143200
621434500
553983300
690602100
504524300
260579500
23375500
625004500
732371000
366947900
993282700
697463500
305391600
355276500
982899800
769351400
422367000
301049300
829095600
504602300
150864300
338422000
395134700
611268700
160606400
925517300
561934500
492737700
68816100
271634700
832367300
202594600
893069200
637985900
144831900
397593500
898565400
168207400
274233200
882571600
535155400
267515900
580035100
92182200
874427600
562934900
861533700
296794700
115619400
942264500
53032200
266483700
280686500
448167000
129387700
692928200
373684300
691322200
185665900
694135600
214592100
269668500
148365400
359296500
907654400
293197300
8525200
57855000
713040000
282758400
940426600
499830600
801909600
520461700
843648000
927972400
335031800
705181700
224767100
702286400
899081500
529434600
220405300
431403200
229236800
349793000
375966600
854556300
292750500
561632600
800327100
507342600
82936300
948692600
866639200
990590700
241889900
875164400
48445700
206565100
409558100
240507500
706395700
463102900
12604400
550043800
391075300
347636200
506860700
867477700
301557800
657577400
396912300
521963100
340615900
877784300
123391400
716582500
732340600
416141900
278215100
532667700
175119700
361151400
481360300
293394100
603377300
974885500
420193800
903458200
433085800
829751900
143965700
139481600
544490000
156570100
941160600
935565300
755841500
699656500
54678200
57399300
357234000
703225700
830997700
949485100
581010000
954389100
666067600
313350600
370531000
195918000
97653600
545650700
808704600
830649100
90680100
412082000
57169800
510873900
315540200
490255700
592261000
711141200
881372500
136751000
867711300
822533100
323951500
875188100
773824800
378629800
184222600
382694000
333490700
15220300
332179100
914500800
969609400
998246800
479486600
591775600
194164800
577140200
389061600
2869400
659424600
479741700
666586600
716594400
990615600
233762100
206850100
582876600
944903300
88222600
971262800
64249800
162390900
295214300
939437900
187851000
925479300
375295800
570545000
258970100
390516100
902724200
173470900
611760800
152606200
904592700
203536400
598406200
733368200
592598000
601275600
392792800
323974900
267862300
109387200
314590500
753259600
316237400
149102300
698162900
656095200
120365100
14047900
70121400
415579500
205121100
257972400
592694000
580416900
828517400
851664100
970933000
982876800
276770200
582693800
387118200
181363000
37865500
985524400
914731200
630463500
586800100
307524000
954438500
106297600
416911200
520664200
859557200
984783800
669766600
809355300
640879100
41766900
823403200
711000500
708981600
28524300
220608100
301675700
608941200
300760700
153339800
831509500
283637600
430110100
665838500
922391000
863108300
703704000
907915500
777839500
334167600
746350800
336998700
540241300
104283600
753909900
60905500
215476000
990329000
982307300
24831300
882843300
24074300
99869700
593843800
733055900
128394100
66087100
286366800
988970500
366847800
439706700
820480000
902120600
121452000
486318600
824511700
984560300
190022600
732427200
762399800
775825400
730413200
351033700
567701900
834696800
356578800
628607500
50172800
346907800
862550000
326639300
229751100
138259500
426509000
75230100
122950700
554903100
141317200
409317500
543873700
508165100
849024200
615988900
661920900
970476200
353942700
486432600
206671700
543965400
470495000
220706700
571426000
200908200
571740400
139128000
287240200
928319300
19370700
337413000
275227100
881920700
664052300
756613500
271815500
342196600
831843600
394766200
897099700
224796100
804083700
692608600
732961200
904743200
560232800
646517300
875219400
914175500
132950000
333526400
709776100
855080200
554233100
281202200
55988500
125973600
671965400
343228700
54292900
691336100
932277000
581155200
824892000
847964500
337768700
96707500
190161100
421247600
491473700
338896100
646043700
547192700
283139900
630640100
451935900
843372700
277157400
578790500
9183500
661742600
912316900
718959600
516822900
466550100
251797000
572811400
844158900
923762400
167675300
150087000
866733700
351587500
731242200
691625800
199552100
320646200
39968500
641348400
741893800
783077500
980244500
387937500
330270200
515019700
18577600
782206100
358392400
547370200
612631800
619211100
209112900
524948800
338170800
725935800
243134100
841603000
550382400
87293000
765365500
969692900
237380000
632099200
321280500
220257400
575360200
772467800
540903600
615328800
413816200
534432600
398406300
645696000
174005300
980311700
160715700
444218100
762517800
770743300
991588400
375149600
641589700
200701300
151733600
979760500
926637100
394867700
72998700
728654700
482160700
838364200
698347600
971175900
722098700
271263300
191433400
297458900
43731100
732337000
164422900
709182600
518404900
814464400
606513800
692410200
794776100
18864700
136628400
808929100
41243200
128216800
435714000
682832900
328918100
587447600
914228600
507190400
233950600
987227400
487480300
967746500
77226800
185827900
938922500
799325500
457091300
130355900
348419700
752457600
114328100
764477800
713275400
632733000
578942300
319789200
325143300
373718400
338653900
461771700
434282800
631532400
841623700
869996800
314365300
422177000
457444400
228594000
181002600
943030200
467456600
668482900
910776800
544683400
105946000
849699300
344009000
563037300
980055200
944063900
567130200
346018500
708541700
280405600
978751600
539119200
851830100
555530100
912837700
442119200
268937000
598755700
73651600
110560700
468752500
388017000
532737700
177832100
868246200
965375500
120862400
587338000
633858400
31639200
132021400
739804400
132973700
727665600
554477000
113028900
923364700
121607200
710682600
631906500
653648000
689434200
171025700
757113300
496599500
335498600
199232600
765536500
934254300
272884200
127732400
654642000
912536400
912105300
832474200
32417800
877480800
204971800
619755800
511339200
236611000
3412500
251143700
369584700
731078100
57255900
734248800
654442900
430498300
696566600
537984600
335781500
637636100
960645500
92894900
134235600
547779400
292127500
899772200
733668900
816646900
279139800
388311000
729183400
191245200
472420400
13236400
68726000
677392200
632992300
831700500
165638400
888040000
334479400
786858300
619118100
391735300
772742300
525196200
73868800
469308900
314816000
409650300
106945000
275461600
502545200
241180700
74876200
794672700
392588100
808545100
611319700
923363100
448491300
592138300
114608300
172546900
605374700
434969600
849939100
490002200
266670100
267212700
378042200
852784700
54071000
248795600
496155200
78448500
25627000
570024000
547757500
340443100
979674300
906337700
867539900
482219600
147518400
942416100
528527500
791741700
2596400
139847200
715104900
451087800
983620700
81348400
623634700
840630700
516318000
725209100
582268100
34623300
992421800
211945600
139043200
298128100
460741200
635198400
376576600
738003400
205222400
175969300
78446500
184896800
82307100
197621600
918751600
481460700
140037700
447279100
273202500
394269400
587126400
239942600
96992400
822382300
321291000
972262300
663013000
89244300
697471400
245281200
375502800
941528500
457226800
514546100
491291800
169603200
149744500
867868400
907606600
606602200
43837800
237688400
43134200
126144900
435310000
961885800
859240800
826983000
409164900
384078500
221252400
247926500
624021100
318244800
70308900
196947400
542142300
984957100
537826900
239613800
481873500
913329700
432777500
190735500
679511000
924069300
360338700
80890800
791937700
519580600
687493000
87410700
8904200
982262400
465190800
695849400
944148200
324431700
774467600
604948300
708510200
247355200
852874900
584166600
817235200
174819000
781114000
359377600
159776100
570576100
598991400
893284900
483905800
283404100
84020400
415052100
207473400
695994400
495942900
251046300
215575000
435071100
338457100
476114400
417333500
55283100
171963800
361481700
379714800
946431500
966430000
339860300
193786700
70940100
924026900
262657200
245759100
956776100
622034800
657170500
778987400
472661400
550455400
262893200
756065500
886111000
929580500
963538900
582105400
425523400
214585200
797680400
112229700
553042300
525430000
529563200
859960700
697393900
142680100
491310700
895460600
360745400
831171000
340882500
431685500
6833100
603539700
929079900
215244400
477209700
837885600
994231800
949871100
639976200
508760300
705936600
526087200
438340800
669475500
108192700
115499500
884060800
157508300
227729200
688738300
682938400
8927700
800334200
631967500
151607800
291645000
527428100
512353200
122816000
119945800
195674000
381284400
975120800
124753900
848164000
452330500
214274700
94031100
402201700
854250900
602791400
108138300
380338100
292767400
29249100
488530800
659902100
164945100
897674400
139266600
105318600
580612800
148194300
905652900
464215500
551437300
197297900
243278800
315425800
571749100
363224600
511099800
204668700
338345400
887488900
52832800
790676000
101763600
146863900
444512900
207649700
1290500
552651200
587987800
294057900
833535500
328153900
205595300
998480600
225828300
344861900
103799300
58076300
493056200
9452200
522291800
296128700
458385300
765570600
611554500
30134400
380430400
374289500
486438400
718775900
513413600
539271200
761087100
866812400
937770300
457235200
74462100
939060800
261521600
662450000
484753900
95057200
990603900
690349200
93537800
468067400
35211100
448972300
526143700
779902500
458424500
300070700
76031300
168445000
65641300
687585800
450214700
446071700
313510600
936653100
416482800
826924200
475924300
429205100
693736700
413694600
886440300
768198800
604390600
147962000
682284000
89144500
494654400
672887900
779493800
588192200
392590500
66340100
37164600
918734200
846242700
747224300
470440100
922274000
915669400
536081400
861495000
365884100
233788400
426640800
302537200
901906400
253565100
30096700
331111600
947301800
695426500
469187100
967135800
299817100
868784300
649419900
640596800
363438700
573943000
671725800
203266200
966533600
738066000
492066000
136903000
835943900
490925500
607343200
9853100
658230100
395059800
871348100
24114200
628848200
549624200
578286600
782389900
803189300
860018500
365136700
2126300
807080200
834323800
969262100
358532500
954743400
618682000
999129400
569817300
444260300
670855200
24718700
410793900
660556400
516784700
799332100
496500300
7710300
406675300
506353400
665940400
801735200
629336800
941689900
682218600
178961000
771611700
464608500
233785500
883265500
829745200
235911800
690345700
915704300
456809100
48878300
870447700
327126400
48007700
691900200
771386700
970498100
716619000
433815800
882689800
485038900
233147900
630825300
744384400
639823300
137178800
661960100
693193700
18150800
603650000
627047500
448747000
626896900
91656100
934167700
510162400
173036500
170079500
200508200
88740800
626888600
249386500
210823700
954015000
549029400
902724000
977036900
771162700
870978200
410852700
653852500
356017100
644000700
284677900
100401600
535459200
673491900
762361700
480288100
943277900
617646900
107335600
392024900
496179000
450626900
326192600
6341500
623663500
747907300
458484900
964039500
626431100
707871400
426498500
832081400
508536000
580857700
809118300
279698700
451835900
219971100
933551300
59488200
115607000
469864400
411525000
902701400
143356300
425521900
382989500
86634200
294804000
741960300
730294300
790983100
444222500
308122100
797324600
319521200
56029400
507444700
283560700
934095700
466951300
961694400
766177100
975487300
542552100
575295500
255186000
246023200
46901800
440372500
305511500
162508800
910236900
968671700
65210200
53593200
394193700
699834900
391862600
688997700
693430400
122156900
479980800
137652900
681914200
528940600
457174100
989578800
36385300
992370100
923674600
503336600
954064500
689851700
730459100
748251900
265147200
985645200
994275100
312049000
677652900
299786600
726193000
587889900
520093600
791403200
893118300
914287300
742873300
284981000
603285000
436303800
658773100
334901100
825591900
340687400
115476900
534401300
330266200
151862300
526771400
505576000
906834100
732471100
195427800
637293300
480723000
460575000
874573700
474998200
24259300
552226600
26420000
750452300
140116500
546513600
793490800
284870100
712436100
536364100
821486300
315721200
224303100
731894600
902257500
301530300
72582000
17734400
835931600
654483500
421231900
614338200
160059500
328066100
346809300
607122500
216994600
827532400
319332800
91568300
554165800
343592100
895430100
832221000
94044400
287181900
630369900
139170400
572052000
342806000
927169800
393538300
910162400
403108100
125432900
812419900
704638400
449650200
830154400
792205200
355768900
251386300
406543400
767463600
831087600
753352800
374586200
299717400
832520400
945554200
391285700
638321400
289146300
538351100
470542400
634825900
825533000
100912300
773996400
397585000
695353600
952801400
42758500
605516000
355909500
419826600
417936000
312183200
121112000
499725600
104388400
728516100
2747100
510931900
747615000
833834800
515919900
373836400
133552200
348440300
319390600
776473200
986761700
608536900
314824300
708939300
494998000
391992500
61486900
520629600
41212700
756840500
473431000
335606400
613991700
829340600
755433000
31927700
141523800
128180300
783288500
497547400
108331600
786035700
8479300
855946600
871505700
524399200
229783000
256693100
124474700
549173600
284801500
362871600
409345700
851261000
71811000
904343800
243253500
384933100
424973400
284466200
393408800
150039700
620072600
7400500
231015500
627140900
290963500
624174500
6956400
74252000
121721900
115288000
111922900
130201300
971234700
983428600
906235700
452652900
491757000
30710500
253461800
776558500
393582100
662807500
627819600
717028300
818786500
122708300
101961400
495395200
407174600
495370200
645434900
278882400
754406000
876450400
157658500
45369500
752260100
416250100
371256700
873982000
783173400
483179700
255818500
6043300
718243500
162054300
458696200
210000500
192764800
712158000
986559100
837982100
626600800
614378700
555010500
445387300
737087000
908607100
940782500
395896800
403977400
837852600
926414500
410018600
965938200
335708200
707023300
718198300
751958400
78280000
592180400
786767000
813094900
847998900
792810300
531338500
261688400
251506500
741339000
454453200
215299800
727898100
544070600
841900600
593912000
99081100
538923100
582634300
7688200
731340900
230166300
663300800
569193500
156580800
73319400
535131800
743924300
31977900
253330100
747517900
110258000
97145700
534284900
923352900
945144700
327095200
706326600
206833100
830236900
447665700
912921600
297171900
427199000
456992200
139072500
21111100
807708500
929630900
855380600
815396700
660971800
85546900
478697600
230165300
493763000
803652200
765297100
237687300
835630200
270262500
236840400
197523400
367408200
771125300
372511500
564188100
349855700
78838200
22656500
180092600
526503900
935578100
477264600
953702900
644205500
867972300
226449200
451914000
797603200
81829800
518945900
458575000
419012000
997643500
940375600
912775000
52931000
957307900
402097500
140196400
479205600
890573100
337719800
