2000
0 34 5
0 218 19
0 305 17
0 353 10
0 358 4
0 457 2
0 579 3
0 663 12
0 799 5
0 838 12
0 849 16
0 858 3
0 886 20
0 918 3
0 1036 9
0 1068 16
0 1101 10
0 1112 9
0 1232 12
0 1240 13
0 1334 8
0 1481 11
0 1610 4
0 1620 11
0 1725 7
0 1940 12
1 56 9
1 104 1
1 257 10
1 407 12
1 493 5
1 527 18
1 615 6
1 620 5
1 729 15
1 788 19
1 814 11
1 1000 10
1 1011 18
1 1107 5
1 1244 7
1 1399 15
1 1585 12
1 1685 11
1 1693 6
1 1712 15
1 1789 1
1 1840 12
1 1967 18
2 77 14
2 326 2
2 409 2
2 457 16
2 478 7
2 563 16
2 691 12
2 732 13
2 805 9
2 915 8
2 989 16
2 1065 18
2 1090 12
2 1203 4
2 1332 18
2 1346 16
2 1440 11
2 1480 7
2 1501 17
2 1511 6
2 1523 10
2 1791 7
2 1994 1
3 22 2
3 64 5
3 162 15
3 164 5
3 191 14
3 518 2
3 616 13
3 681 12
3 693 5
3 718 6
3 818 3
3 897 15
3 981 10
3 1216 5
3 1299 2
3 1319 10
3 1360 9
3 1363 7
3 1613 5
3 1633 11
3 1634 19
3 1775 3
3 1884 12
3 1908 10
4 188 19
4 195 7
4 259 20
4 330 1
4 480 4
4 487 19
4 604 6
4 1091 18
4 1108 14
4 1675 10
4 1738 11
4 1840 4
4 1844 20
4 1894 18
5 33 3
5 249 14
5 261 1
5 432 6
5 445 12
5 487 6
5 551 12
5 785 18
5 790 16
5 891 4
5 912 3
5 1020 1
5 1240 10
5 1655 18
5 1885 14
5 1916 11
6 40 9
6 54 6
6 82 14
6 171 11
6 336 1
6 418 20
6 437 12
6 501 14
6 555 4
6 609 14
6 641 4
6 727 12
6 882 16
6 1165 10
6 1181 3
6 1249 15
6 1256 20
6 1333 8
6 1416 9
6 1617 16
6 1707 14
6 1791 1
6 1795 12
6 1918 20
6 1971 17
7 22 7
7 96 18
7 122 2
7 250 20
7 278 10
7 478 18
7 624 1
7 702 2
7 718 12
7 753 17
7 805 12
7 854 3
7 891 10
7 961 3
7 1064 4
7 1221 3
7 1292 9
7 1493 7
7 1582 8
7 1756 13
7 1774 12
7 1975 19
8 10 5
8 198 14
8 218 18
8 220 2
8 350 7
8 439 16
8 734 19
8 860 9
8 977 19
8 981 17
8 1228 10
8 1419 13
8 1623 3
8 1668 2
8 1690 8
8 1691 6
8 1720 19
8 1747 3
9 28 4
9 87 12
9 134 16
9 155 4
9 259 13
9 361 6
9 598 16
9 700 7
9 836 4
9 845 6
9 952 5
9 1068 14
9 1081 7
9 1130 4
9 1308 12
9 1653 15
9 1732 14
9 1848 18
9 1894 13
10 28 18
10 82 8
10 484 15
10 585 14
10 688 12
10 1155 12
10 1283 10
10 1307 15
10 1392 3
10 1758 1
10 1878 15
10 1886 3
10 1926 1
10 1962 19
11 190 9
11 240 16
11 460 12
11 709 11
11 1177 18
11 1253 15
11 1290 3
11 1427 10
11 1532 10
11 1606 3
12 84 18
12 158 8
12 199 4
12 230 5
12 291 6
12 319 11
12 337 18
12 341 9
12 530 16
12 881 16
12 943 4
12 1004 16
12 1109 5
12 1110 19
12 1195 3
12 1284 3
12 1317 10
12 1420 18
12 1642 9
12 1676 3
12 1736 18
12 1767 3
12 1779 14
12 1794 20
13 59 18
13 98 20
13 416 2
13 510 5
13 577 17
13 593 16
13 808 18
13 847 20
13 1081 3
13 1131 12
13 1212 12
13 1218 2
13 1329 20
13 1346 2
13 1491 12
13 1542 14
13 1591 3
13 1645 12
13 1862 11
13 1921 5
13 1929 5
13 1976 10
14 48 6
14 271 7
14 285 4
14 295 6
14 415 17
14 433 11
14 444 10
14 516 17
14 543 8
14 655 16
14 680 16
14 776 11
14 820 14
14 847 2
14 919 14
14 931 1
14 1030 6
14 1042 6
14 1154 8
14 1204 14
14 1247 16
14 1324 7
14 1482 8
15 31 20
15 66 11
15 102 18
15 126 14
15 260 18
15 301 7
15 481 3
15 512 7
15 622 3
15 693 19
15 784 3
15 847 1
15 927 12
15 944 8
15 1046 9
15 1091 14
15 1245 19
15 1263 8
15 1371 4
15 1641 17
15 1919 6
16 96 15
16 334 2
16 461 18
16 558 10
16 571 12
16 627 3
16 665 7
16 686 1
16 929 20
16 1065 14
16 1159 11
16 1193 8
16 1198 15
16 1345 9
16 1360 12
16 1409 4
16 1462 18
16 1661 16
16 1673 11
16 1703 17
16 1852 12
16 1903 13
16 1942 15
16 1958 11
16 1999 3
17 24 19
17 55 14
17 86 4
17 155 8
17 429 8
17 436 13
17 468 4
17 533 18
17 612 15
17 643 19
17 721 13
17 868 12
17 1255 7
17 1443 7
17 1756 9
17 1787 7
17 1847 18
17 1895 14
18 50 8
18 279 12
18 534 12
18 610 5
18 615 2
18 789 8
18 811 5
18 1146 4
18 1219 19
18 1296 5
18 1431 20
18 1543 8
18 1692 4
18 1983 14
19 170 17
19 173 8
19 206 5
19 235 11
19 239 12
19 255 8
19 310 18
19 444 4
19 447 1
19 594 17
19 672 8
19 779 8
19 780 18
19 820 10
19 972 18
19 1010 4
19 1033 7
19 1087 20
19 1166 5
19 1185 17
19 1258 10
19 1292 9
19 1398 13
19 1414 16
19 1424 3
19 1426 7
19 1828 2
19 1968 13
20 30 20
20 108 17
20 116 1
20 314 19
20 383 10
20 647 6
20 743 17
20 866 13
20 1039 4
20 1061 11
20 1184 1
20 1284 2
20 1314 5
20 1319 6
20 1428 16
20 1533 19
20 1552 12
20 1598 13
20 1627 4
20 1650 11
20 1660 1
20 1674 1
20 1868 13
21 151 11
21 272 20
21 334 4
21 442 18
21 448 10
21 567 16
21 750 7
21 861 7
21 1129 4
21 1186 16
21 1324 5
21 1454 2
21 1514 12
21 1658 9
21 1833 4
21 1875 5
21 1901 13
21 1952 16
21 1966 20
22 232 10
22 289 10
22 296 16
22 322 5
22 383 12
22 450 17
22 583 7
22 699 19
22 895 3
22 910 19
22 986 3
22 1040 3
22 1246 9
22 1338 20
22 1404 15
22 1457 6
22 1483 8
22 1549 14
22 1555 19
22 1619 6
22 1623 11
22 1690 8
22 1762 9
22 1788 7
22 1924 6
23 142 13
23 169 8
23 350 2
23 674 14
23 747 3
23 778 3
23 780 1
23 836 2
23 840 4
23 998 15
23 1088 19
23 1201 13
23 1243 10
23 1246 2
23 1250 6
23 1373 16
23 1449 4
23 1476 2
23 1477 2
23 1538 11
23 1550 19
23 1703 10
23 1712 12
23 1910 11
24 78 6
24 200 2
24 270 12
24 288 19
24 339 5
24 347 3
24 363 14
24 405 10
24 480 1
24 513 10
24 576 10
24 607 16
24 873 1
24 928 4
24 938 5
24 1105 18
24 1122 16
24 1196 5
24 1293 18
24 1366 16
24 1398 19
24 1409 16
24 1500 8
24 1642 6
24 1655 20
24 1728 18
24 1790 10
24 1821 19
24 1901 8
25 198 5
25 201 4
25 253 9
25 322 5
25 481 5
25 514 13
25 523 7
25 607 7
25 983 14
25 1084 19
25 1144 8
25 1177 13
25 1263 13
25 1562 19
25 1720 12
25 1755 18
25 1768 7
25 1799 9
25 1832 20
26 104 20
26 122 15
26 261 14
26 326 11
26 430 14
26 465 8
26 555 1
26 599 17
26 1219 12
26 1273 13
26 1275 15
26 1349 9
26 1636 12
26 1693 20
26 1789 13
26 1807 14
26 1826 13
26 1829 13
26 1935 20
27 82 1
27 94 15
27 376 6
27 484 18
27 604 4
27 637 3
27 662 6
27 744 4
27 1035 11
27 1146 20
27 1251 17
27 1263 16
27 1275 3
27 1301 9
27 1325 12
27 1357 15
27 1366 15
27 1573 9
27 1654 13
27 1919 13
27 1924 18
27 1940 9
27 1997 2
28 505 2
28 569 16
28 818 7
28 858 1
28 862 1
28 1075 8
28 1109 12
28 1116 3
28 1244 8
28 1264 13
28 1407 7
28 1441 12
28 1455 13
28 1558 15
28 1805 14
29 235 20
29 276 12
29 284 14
29 288 8
29 302 1
29 355 1
29 365 5
29 499 7
29 619 2
29 707 17
29 897 15
29 920 11
29 1308 5
29 1334 12
29 1404 2
29 1639 4
29 1725 18
29 1809 7
29 1880 7
29 1912 11
29 1977 6
30 307 10
30 552 2
30 572 19
30 583 3
30 807 9
30 921 14
30 1413 5
30 1511 12
30 1631 15
30 1675 7
30 1718 4
30 1728 8
30 1769 2
31 150 2
31 169 20
31 373 15
31 376 14
31 526 16
31 539 6
31 577 8
31 605 16
31 636 12
31 641 12
31 659 1
31 696 15
31 808 15
31 966 11
31 1043 8
31 1091 17
31 1150 9
31 1163 5
31 1287 4
31 1354 8
31 1408 9
31 1411 15
31 1454 9
31 1583 8
31 1660 11
31 1910 9
31 1950 20
32 65 1
32 121 4
32 123 19
32 318 20
32 410 13
32 425 2
32 498 19
32 567 9
32 840 11
32 928 1
32 977 8
32 983 20
32 996 16
32 1381 6
32 1412 8
32 1563 4
32 1609 18
32 1768 18
32 1807 5
32 1830 9
32 1837 8
32 1948 18
32 1985 15
33 53 18
33 201 20
33 244 5
33 337 1
33 457 7
33 577 14
33 583 1
33 671 16
33 718 11
33 748 19
33 758 6
33 782 13
33 1005 13
33 1191 7
33 1326 10
33 1479 3
33 1498 7
33 1541 17
33 1608 14
33 1735 12
33 1793 6
33 1822 6
33 1879 5
33 1926 16
34 105 17
34 114 10
34 485 16
34 651 6
34 731 1
34 960 19
34 1152 14
34 1224 3
34 1257 19
34 1446 4
34 1466 4
34 1722 18
34 1833 18
35 62 12
35 126 1
35 182 4
35 192 12
35 387 11
35 413 7
35 482 15
35 573 6
35 617 1
35 651 6
35 729 15
35 790 16
35 871 13
35 874 10
35 1017 8
35 1188 9
35 1546 2
35 1637 19
35 1674 17
35 1718 10
35 1745 3
36 118 9
36 146 6
36 198 5
36 320 16
36 608 14
36 623 16
36 799 2
36 864 10
36 916 15
36 1295 10
36 1345 3
36 1513 10
36 1623 1
36 1713 6
36 1730 5
36 1752 14
37 88 18
37 192 15
37 200 17
37 236 15
37 301 9
37 314 16
37 370 5
37 614 13
37 866 8
37 890 6
37 895 14
37 918 16
37 1024 17
37 1089 8
37 1202 12
37 1212 14
37 1228 6
37 1230 17
37 1241 14
37 1363 2
37 1539 10
37 1650 11
37 1728 16
37 1783 17
37 1785 4
37 1889 12
38 39 7
38 129 20
38 176 11
38 325 16
38 332 13
38 389 3
38 449 4
38 639 2
38 656 17
38 679 2
38 770 9
38 820 5
38 824 1
38 896 11
38 938 8
38 957 4
38 1010 1
38 1038 5
38 1075 6
38 1474 18
38 1650 17
38 1697 11
38 1824 6
38 1926 6
38 1984 5
39 72 2
39 371 8
39 398 19
39 400 6
39 413 8
39 431 4
39 439 16
39 682 11
39 840 9
39 849 9
39 856 5
39 901 14
39 1094 14
39 1249 1
39 1327 15
39 1492 7
39 1715 15
39 1752 15
39 1756 13
39 1769 13
39 1809 4
39 1834 8
39 1871 15
39 1899 16
40 48 13
40 175 18
40 227 3
40 341 12
40 393 9
40 758 20
40 807 18
40 900 13
40 1132 8
40 1185 12
40 1258 7
40 1366 3
40 1422 6
40 1446 1
40 1562 11
40 1944 3
41 154 10
41 173 16
41 229 16
41 242 15
41 311 5
41 376 18
41 407 16
41 412 18
41 426 2
41 682 18
41 734 9
41 862 14
41 890 12
41 1078 3
41 1088 2
41 1300 7
41 1362 11
41 1516 18
41 1622 15
41 1675 12
41 1682 6
41 1686 10
41 1702 1
41 1705 18
41 1791 10
41 1911 2
41 1983 3
42 60 20
42 325 7
42 376 4
42 431 17
42 549 17
42 599 12
42 945 18
42 991 10
42 1017 3
42 1059 7
42 1123 17
42 1198 1
42 1218 3
42 1243 7
42 1251 4
42 1262 19
42 1292 3
42 1302 1
42 1339 6
42 1440 16
42 1450 19
42 1455 1
42 1472 14
42 1516 4
42 1537 13
42 1571 14
42 1661 19
43 87 3
43 112 6
43 114 11
43 115 15
43 166 17
43 225 4
43 347 17
43 412 15
43 675 18
43 685 12
43 716 11
43 802 15
43 840 11
43 920 11
43 961 16
43 1068 7
43 1124 14
43 1131 17
43 1499 2
43 1585 4
43 1734 19
43 1826 16
43 1848 8
43 1915 19
44 261 5
44 337 7
44 586 4
44 604 9
44 605 11
44 700 5
44 904 2
44 936 11
44 1007 4
44 1169 1
44 1257 4
44 1508 16
44 1512 13
44 1566 11
44 1719 2
44 1742 11
44 1759 18
44 1761 9
44 1811 7
44 1812 15
44 1848 6
44 1852 20
45 64 9
45 236 9
45 281 2
45 531 16
45 627 15
45 650 10
45 797 5
45 815 20
45 843 10
45 859 1
45 861 15
45 914 7
45 935 16
45 1054 5
45 1070 14
45 1242 18
45 1281 11
45 1282 15
45 1288 1
45 1370 8
45 1402 7
45 1624 5
45 1782 7
45 1889 14
45 1998 20
46 167 1
46 438 11
46 552 11
46 855 13
46 892 7
46 946 16
46 1322 11
46 1400 6
46 1412 14
46 1426 15
46 1476 5
46 1591 3
46 1625 8
46 1626 18
46 1842 7
46 1861 7
47 206 14
47 312 16
47 510 3
47 546 10
47 752 3
47 910 10
47 1009 2
47 1397 6
47 1491 7
47 1670 18
47 1742 8
48 181 20
48 731 18
48 868 10
48 902 3
48 926 11
48 963 9
48 981 17
48 1095 20
48 1133 14
48 1141 6
48 1250 8
48 1357 20
48 1539 1
48 1599 20
48 1684 11
48 1719 7
48 1780 14
48 1909 15
48 1941 4
49 160 6
49 343 4
49 458 14
49 573 5
49 766 12
49 953 13
49 965 7
49 999 7
49 1077 8
49 1121 6
49 1144 11
49 1193 20
49 1221 1
49 1450 6
49 1465 17
49 1566 4
49 1594 18
49 1748 16
49 1866 20
49 1892 1
49 1896 4
49 1955 3
50 53 12
50 77 14
50 92 8
50 170 1
50 194 1
50 314 18
50 377 17
50 439 17
50 466 2
50 544 5
50 669 2
50 726 8
50 789 9
50 874 19
50 899 20
50 913 10
50 995 9
50 1349 8
50 1438 13
50 1492 6
50 1528 5
50 1557 2
50 1669 20
50 1794 17
51 57 20
51 277 3
51 301 17
51 398 20
51 448 12
51 629 17
51 632 4
51 905 3
51 1314 13
51 1364 17
51 1392 10
51 1401 13
51 1487 7
51 1500 20
51 1504 16
51 1622 19
51 1645 13
51 1649 6
51 1834 10
51 1892 16
51 1915 15
51 1980 14
52 258 6
52 436 9
52 908 11
52 1147 17
52 1175 15
52 1196 18
52 1201 18
52 1203 13
52 1226 11
52 1242 8
52 1386 10
52 1394 6
52 1413 11
52 1465 12
52 1492 16
52 1493 13
52 1717 5
52 1756 17
52 1880 15
52 1971 9
53 155 6
53 339 16
53 463 16
53 524 12
53 623 3
53 666 5
53 890 5
53 897 3
53 1090 19
53 1111 12
53 1125 2
53 1147 12
53 1408 15
53 1568 1
53 1579 2
53 1635 15
53 1769 18
53 1888 19
53 1891 11
54 372 12
54 408 15
54 512 18
54 575 5
54 679 7
54 789 19
54 792 7
54 1115 1
54 1131 2
54 1151 15
54 1168 4
54 1236 17
54 1658 15
54 1791 17
54 1913 12
55 73 8
55 128 14
55 281 2
55 338 11
55 395 19
55 469 14
55 729 8
55 785 13
55 837 20
55 870 12
55 1114 12
55 1329 10
55 1452 8
55 1537 4
55 1659 4
55 1878 8
55 1979 13
56 238 14
56 379 14
56 393 11
56 410 19
56 434 19
56 440 13
56 529 14
56 550 2
56 604 5
56 830 19
56 1010 1
56 1156 2
56 1158 9
56 1461 7
56 1545 15
56 1569 5
56 1660 14
56 1711 17
56 1748 9
56 1836 13
56 1889 5
57 151 8
57 497 6
57 571 17
57 627 7
57 690 9
57 941 17
57 966 4
57 1241 1
57 1364 18
57 1548 2
57 1572 10
57 1753 9
58 74 14
58 247 3
58 324 12
58 349 15
58 390 4
58 435 1
58 488 18
58 490 15
58 545 11
58 612 13
58 985 9
58 1048 8
58 1238 14
58 1555 7
58 1564 10
58 1571 20
58 1635 15
58 1642 13
58 1709 16
58 1875 18
58 1908 8
58 1971 10
59 148 19
59 164 13
59 271 8
59 776 4
59 798 20
59 1037 14
59 1038 6
59 1088 18
59 1226 16
59 1327 8
59 1341 18
59 1516 7
59 1658 5
59 1757 7
60 214 20
60 253 4
60 313 3
60 391 19
60 631 4
60 1009 8
60 1010 8
60 1132 19
60 1360 13
60 1419 2
60 1425 15
60 1551 15
60 1596 14
60 1599 3
60 1781 16
60 1936 5
60 1961 5
61 92 8
61 168 1
61 254 3
61 267 15
61 269 11
61 305 15
61 329 2
61 414 8
61 680 7
61 760 9
61 1059 1
61 1073 1
61 1311 8
61 1322 6
61 1349 9
61 1354 19
61 1453 20
61 1469 20
61 1470 18
61 1588 4
61 1727 16
61 1882 13
61 1945 12
61 1964 9
61 1969 17
62 74 18
62 141 3
62 216 16
62 387 19
62 759 17
62 820 15
62 987 15
62 1078 8
62 1131 12
62 1424 11
62 1438 6
62 1470 4
62 1615 3
62 1638 11
62 1649 14
62 1704 17
62 1713 1
62 1860 20
63 68 7
63 124 1
63 173 7
63 186 18
63 191 4
63 302 15
63 396 19
63 503 4
63 527 7
63 728 17
63 766 2
63 791 1
63 792 3
63 978 18
63 1034 13
63 1298 15
63 1330 10
63 1352 17
63 1446 7
63 1455 4
63 1625 20
63 1659 9
63 1768 8
63 1781 17
63 1878 15
64 138 20
64 273 1
64 316 2
64 320 1
64 329 15
64 356 13
64 358 19
64 389 5
64 600 20
64 635 17
64 687 7
64 837 8
64 934 2
64 985 17
64 1042 19
64 1173 8
64 1379 11
64 1408 13
64 1533 2
64 1571 17
64 1620 8
64 1736 18
64 1757 18
64 1781 5
64 1800 8
65 96 13
65 124 10
65 207 20
65 291 12
65 342 16
65 409 4
65 619 4
65 680 18
65 874 5
65 1012 9
65 1044 10
65 1131 20
65 1192 16
65 1210 5
65 1318 3
65 1411 3
65 1513 12
65 1558 10
66 198 6
66 238 11
66 277 19
66 445 2
66 468 18
66 484 13
66 567 20
66 761 1
66 773 10
66 823 10
66 887 10
66 947 13
66 1025 1
66 1052 17
66 1074 2
66 1104 17
66 1105 2
66 1135 11
66 1146 5
66 1169 18
66 1200 3
66 1235 7
66 1388 14
66 1432 1
66 1500 13
66 1501 1
66 1570 20
66 1905 6
67 112 15
67 132 4
67 187 20
67 188 11
67 266 9
67 291 17
67 393 14
67 400 10
67 481 12
67 496 2
67 524 2
67 574 2
67 580 8
67 629 17
67 754 19
67 882 3
67 1036 19
67 1082 20
67 1134 14
67 1214 10
67 1224 10
67 1360 7
67 1708 3
67 1709 11
67 1934 8
67 1984 12
68 454 16
68 554 20
68 559 19
68 560 4
68 574 18
68 634 18
68 708 6
68 884 17
68 946 16
68 1230 3
68 1330 8
68 1349 15
68 1419 14
68 1459 3
68 1526 2
68 1538 12
68 1552 15
68 1554 8
68 1575 16
68 1938 15
69 92 19
69 133 4
69 345 20
69 354 2
69 417 9
69 691 5
69 817 20
69 953 20
69 1116 6
69 1414 13
69 1549 7
69 1572 10
69 1728 7
69 1867 7
70 242 17
70 253 13
70 309 9
70 345 12
70 447 17
70 520 14
70 567 14
70 623 16
70 658 13
70 796 17
70 827 13
70 871 18
70 1015 17
70 1132 5
70 1153 11
70 1265 17
70 1296 2
70 1314 7
70 1327 12
70 1447 5
70 1636 2
70 1659 2
70 1749 18
70 1864 13
70 1901 12
70 1975 7
71 159 17
71 168 1
71 182 14
71 611 14
71 680 8
71 724 3
71 728 16
71 735 2
71 840 3
71 934 5
71 1016 10
71 1074 5
71 1092 19
71 1156 2
71 1201 8
71 1479 1
71 1546 16
71 1572 1
71 1693 17
71 1836 6
71 1863 10
71 1865 8
71 1932 5
72 94 1
72 170 19
72 325 7
72 356 1
72 400 3
72 401 16
72 665 4
72 701 4
72 718 1
72 774 13
72 810 6
72 814 19
72 984 15
72 1050 1
72 1253 9
72 1358 20
72 1442 20
72 1483 3
72 1546 4
72 1636 20
72 1649 11
72 1657 4
72 1719 14
72 1822 15
72 1904 4
72 1909 1
73 124 12
73 188 19
73 202 15
73 245 10
73 362 19
73 522 9
73 607 3
73 622 7
73 630 19
73 650 20
73 844 18
73 890 11
73 1141 3
73 1151 6
73 1491 19
73 1511 11
73 1538 7
73 1625 20
73 1653 19
73 1669 9
73 1882 15
73 1895 5
74 114 6
74 368 11
74 398 5
74 474 12
74 754 2
74 849 1
74 887 8
74 989 17
74 1068 15
74 1070 17
74 1173 10
74 1211 17
74 1571 8
74 1679 13
74 1762 11
74 1846 19
75 186 14
75 252 9
75 442 1
75 589 14
75 754 5
75 807 1
75 909 14
75 932 15
75 976 4
75 1338 2
75 1380 17
75 1600 4
75 1713 18
75 1724 14
75 1833 19
76 159 15
76 174 4
76 255 16
76 258 6
76 281 16
76 361 17
76 364 4
76 444 9
76 716 4
76 761 14
76 824 19
76 908 2
76 1040 12
76 1422 12
76 1464 1
76 1471 1
76 1474 17
76 1490 1
76 1561 11
76 1863 3
77 147 10
77 275 1
77 472 7
77 511 12
77 698 3
77 705 18
77 873 18
77 877 3
77 1082 13
77 1145 12
77 1528 14
77 1563 5
77 1788 15
77 1860 19
78 282 10
78 313 7
78 317 20
78 606 20
78 723 1
78 736 1
78 937 7
78 1139 16
78 1182 19
78 1384 14
78 1690 2
78 1801 1
78 1889 9
78 1949 5
78 1990 12
79 530 4
79 658 3
79 730 4
79 852 16
79 883 10
79 938 7
79 967 6
79 970 12
79 976 17
79 1014 11
79 1131 16
79 1184 16
79 1306 4
79 1443 4
79 1524 20
79 1564 14
79 1623 4
79 1712 14
79 1815 12
79 1909 12
79 1927 7
79 1966 16
80 127 16
80 227 15
80 319 20
80 361 11
80 415 10
80 667 2
80 744 5
80 791 13
80 920 1
80 1006 18
80 1068 11
80 1081 8
80 1147 19
80 1328 12
80 1489 15
80 1659 12
80 1699 13
80 1729 13
81 210 20
81 346 12
81 382 19
81 442 18
81 533 1
81 644 6
81 690 8
81 775 18
81 1022 11
81 1098 2
81 1102 10
81 1323 7
81 1343 10
81 1509 11
81 1535 19
81 1690 17
81 1864 5
82 90 5
82 287 2
82 351 17
82 411 5
82 514 9
82 526 2
82 535 11
82 582 9
82 625 3
82 738 16
82 847 19
82 879 14
82 1112 8
82 1123 10
82 1198 5
82 1201 6
82 1252 16
82 1426 5
82 1626 13
82 1847 20
83 128 16
83 132 15
83 169 20
83 315 10
83 445 13
83 479 16
83 542 8
83 611 6
83 773 9
83 869 17
83 974 11
83 1157 14
83 1274 2
83 1281 10
83 1414 13
83 1503 13
83 1507 18
83 1568 8
83 1794 17
83 1960 17
84 453 5
84 835 3
84 1186 17
84 1211 12
84 1300 16
84 1332 1
84 1456 13
84 1500 2
84 1584 15
84 1590 6
84 1689 15
84 1974 19
84 1976 5
85 231 8
85 645 12
85 747 2
85 886 3
85 907 2
85 953 8
85 1169 3
85 1227 1
85 1342 19
85 1372 5
85 1449 20
85 1648 15
85 1655 5
85 1674 7
85 1854 11
86 94 8
86 191 2
86 335 17
86 387 5
86 617 2
86 689 20
86 830 6
86 869 8
86 962 3
86 1080 4
86 1142 5
86 1374 11
86 1437 13
86 1514 19
86 1557 3
86 1749 3
86 1787 11
86 1853 12
86 1861 2
87 279 9
87 353 7
87 494 7
87 543 12
87 622 19
87 690 16
87 836 9
87 838 18
87 1165 1
87 1214 6
87 1230 3
87 1312 17
87 1538 17
87 1564 13
87 1731 6
87 1749 2
87 1786 18
87 1831 20
87 1834 6
87 1891 10
87 1896 20
87 1903 15
87 1945 2
87 1950 20
87 1952 2
88 97 14
88 176 10
88 449 3
88 544 4
88 557 19
88 573 5
88 587 7
88 723 8
88 773 20
88 963 8
88 1117 11
88 1175 7
88 1185 5
88 1419 18
88 1430 3
88 1461 14
88 1562 4
88 1703 16
88 1919 8
88 1938 9
89 154 3
89 184 1
89 261 12
89 321 18
89 355 4
89 513 5
89 704 20
89 797 15
89 850 11
89 869 6
89 902 7
89 1030 7
89 1052 15
89 1096 8
89 1148 17
89 1196 14
89 1244 9
89 1411 13
89 1427 3
89 1469 5
89 1475 10
89 1557 11
89 1593 6
89 1594 2
89 1617 2
89 1663 11
90 169 18
90 295 17
90 517 8
90 518 20
90 729 18
90 776 20
90 833 20
90 950 16
90 995 20
90 1097 16
90 1180 5
90 1199 12
90 1619 19
90 1666 14
90 1716 11
90 1731 1
90 1860 18
91 138 9
91 272 8
91 364 11
91 381 4
91 530 18
91 563 9
91 691 11
91 800 1
91 876 12
91 1021 17
91 1125 4
91 1279 2
91 1297 6
91 1650 10
91 1739 8
91 1795 13
91 1842 2
91 1942 14
92 223 14
92 456 2
92 474 2
92 524 6
92 599 20
92 683 12
92 710 15
92 1007 9
92 1100 18
92 1184 9
92 1228 9
92 1269 13
92 1271 8
92 1399 10
92 1403 2
92 1501 13
92 1561 13
92 1593 4
92 1978 2
93 100 20
93 205 16
93 228 13
93 279 17
93 592 19
93 619 16
93 802 14
93 822 16
93 832 9
93 870 12
93 1099 6
93 1150 12
93 1153 5
93 1390 4
93 1509 9
93 1512 14
93 1561 5
93 1906 7
93 1924 7
94 342 5
94 375 8
94 468 10
94 966 5
94 1029 16
94 1176 13
94 1226 10
94 1255 5
94 1272 6
94 1372 7
94 1375 4
94 1410 12
94 1495 19
94 1528 6
94 1538 14
94 1588 2
94 1591 9
94 1987 14
95 389 6
95 420 11
95 585 20
95 636 15
95 794 6
95 817 16
95 898 12
95 928 1
95 1257 9
95 1279 20
95 1429 1
95 1626 6
95 1905 1
95 1926 12
95 1971 5
96 323 9
96 330 9
96 476 10
96 534 10
96 600 1
96 661 5
96 684 5
96 999 15
96 1020 8
96 1070 10
96 1094 10
96 1113 3
96 1189 10
96 1201 13
96 1285 8
96 1286 9
96 1357 15
96 1359 15
96 1473 9
96 1496 12
96 1591 10
96 1625 1
96 1871 17
97 242 19
97 269 7
97 344 13
97 736 10
97 831 4
97 1261 17
97 1417 5
97 1477 12
97 1609 14
97 1803 14
97 1934 17
98 111 19
98 222 1
98 245 2
98 257 3
98 333 18
98 432 7
98 560 8
98 585 4
98 642 18
98 756 1
98 819 4
98 948 8
98 1351 19
98 1361 6
98 1399 2
98 1475 8
98 1521 4
98 1529 15
98 1583 12
98 1674 13
98 1961 11
99 194 17
99 211 10
99 259 1
99 266 2
99 503 1
99 708 19
99 713 11
99 717 16
99 722 9
99 760 2
99 931 9
99 947 16
99 966 5
99 995 5
99 1028 8
99 1037 14
99 1198 4
99 1345 2
99 1534 4
99 1668 18
99 1672 20
99 1810 1
99 1885 4
99 1918 14
100 139 7
100 687 18
100 804 8
100 815 7
100 831 17
100 848 17
100 923 12
100 1118 18
100 1157 7
100 1298 20
100 1358 4
100 1480 18
100 1565 6
100 1669 16
100 1864 9
100 1940 3
101 137 7
101 352 1
101 663 8
101 695 13
101 773 1
101 928 14
101 1258 16
101 1286 3
101 1411 17
101 1426 4
101 1646 4
101 1703 7
101 1910 12
101 1952 19
102 147 18
102 174 10
102 176 19
102 442 4
102 465 5
102 532 13
102 785 20
102 809 18
102 958 17
102 961 17
102 1241 15
102 1304 9
102 1513 2
102 1515 17
102 1656 14
102 1721 16
102 1733 5
103 272 14
103 339 6
103 348 10
103 477 19
103 505 2
103 514 6
103 699 16
103 741 19
103 761 5
103 839 15
103 954 3
103 1199 1
103 1369 19
103 1379 14
103 1457 7
103 1584 5
103 1753 7
103 1768 2
103 1824 19
103 1839 5
103 1948 2
103 1996 6
104 136 19
104 155 16
104 358 1
104 487 4
104 540 9
104 697 7
104 715 18
104 1025 5
104 1047 10
104 1097 5
104 1173 15
104 1224 11
104 1247 19
104 1326 1
104 1374 7
104 1467 6
104 1556 7
104 1569 20
104 1604 17
104 1698 6
104 1912 7
104 1972 18
105 142 4
105 185 4
105 314 15
105 317 5
105 324 5
105 406 10
105 411 8
105 487 18
105 503 6
105 766 20
105 780 13
105 852 15
105 993 12
105 1127 14
105 1138 7
105 1188 3
105 1202 3
105 1301 13
105 1354 2
105 1383 11
105 1734 15
105 1791 20
105 1806 18
105 1830 11
105 1860 4
105 1880 5
105 1904 1
106 175 9
106 200 3
106 310 6
106 367 3
106 407 1
106 568 20
106 693 3
106 744 7
106 842 14
106 848 20
106 860 18
106 930 5
106 980 11
106 1039 15
106 1048 19
106 1091 13
106 1171 15
106 1222 13
106 1271 18
106 1336 12
106 1492 14
106 1563 10
106 1613 16
106 1760 10
106 1851 9
106 1862 5
106 1995 8
107 186 6
107 273 15
107 311 18
107 318 18
107 464 2
107 550 17
107 570 1
107 573 9
107 585 15
107 777 17
107 935 1
107 1195 10
107 1263 20
107 1444 2
107 1520 7
107 1675 13
107 1849 19
107 1892 15
107 1970 8
108 158 17
108 166 12
108 670 15
108 816 14
108 932 10
108 952 15
108 984 10
108 1004 15
108 1226 17
108 1335 5
108 1397 12
108 1468 17
108 1849 13
108 1988 20
109 113 5
109 160 5
109 363 14
109 382 5
109 427 12
109 513 15
109 557 20
109 643 10
109 1151 20
109 1236 2
109 1400 4
109 1438 1
109 1619 20
109 1876 19
109 1890 11
110 421 11
110 475 18
110 508 13
110 655 3
110 683 16
110 774 19
110 785 1
110 909 8
110 989 18
110 1008 7
110 1030 4
110 1031 7
110 1054 12
110 1152 14
110 1342 15
110 1390 6
110 1409 5
110 1475 5
110 1574 11
110 1822 14
110 1851 1
110 1861 12
110 1877 7
110 1879 20
110 1911 11
110 1912 17
110 1948 20
110 1954 15
111 146 12
111 250 3
111 580 4
111 663 5
111 748 9
111 864 17
111 890 17
111 1034 1
111 1257 20
111 1489 14
111 1519 1
111 1540 8
111 1630 20
111 1678 20
111 1687 19
111 1890 5
111 1996 3
112 171 4
112 366 7
112 373 14
112 381 5
112 417 14
112 526 7
112 586 12
112 792 6
112 799 9
112 882 19
112 915 12
112 940 5
112 981 19
112 1209 19
112 1401 11
112 1469 6
112 1614 14
112 1717 11
112 1721 6
112 1764 3
112 1803 3
112 1923 2
112 1989 7
113 129 13
113 199 18
113 258 9
113 472 6
113 546 13
113 659 15
113 744 19
113 890 1
113 1045 16
113 1060 3
113 1145 10
113 1187 3
113 1233 1
113 1435 9
113 1451 20
113 1491 5
113 1525 1
113 1558 10
113 1571 17
113 1709 18
113 1759 13
114 186 7
114 255 1
114 313 4
114 314 4
114 421 11
114 505 15
114 878 14
114 963 4
114 997 8
114 1006 20
114 1079 13
114 1248 10
114 1370 5
114 1406 15
114 1523 10
114 1762 5
114 1808 19
114 1832 5
114 1971 4
115 139 9
115 255 7
115 272 19
115 305 6
115 378 1
115 404 8
115 504 1
115 545 12
115 680 20
115 862 9
115 914 2
115 929 2
115 959 9
115 991 10
115 1097 16
115 1105 12
115 1117 11
115 1137 4
115 1150 12
115 1356 16
115 1383 4
115 1397 11
115 1503 3
115 1700 8
116 284 1
116 382 17
116 433 16
116 551 4
116 639 7
116 767 17
116 1072 1
116 1218 10
116 1304 1
116 1446 2
116 1593 11
116 1718 16
116 1802 4
117 418 11
117 579 1
117 649 1
117 1115 17
117 1336 16
117 1608 19
117 1735 6
117 1803 14
117 1884 5
117 1907 6
117 1967 5
117 1995 16
118 142 3
118 161 4
118 430 18
118 439 15
118 486 19
118 571 5
118 577 14
118 839 4
118 989 12
118 992 3
118 1009 7
118 1032 12
118 1110 11
118 1147 8
118 1260 10
118 1311 9
118 1369 19
118 1393 4
118 1628 11
118 1665 5
118 1882 18
119 411 6
119 415 19
119 431 5
119 561 8
119 624 18
119 743 16
119 771 5
119 777 17
119 808 4
119 850 14
119 920 7
119 957 7
119 1022 10
119 1066 9
119 1209 10
119 1234 5
119 1289 20
119 1413 15
119 1436 19
119 1618 14
119 1806 7
119 1884 2
120 313 6
120 377 15
120 499 13
120 617 18
120 1063 19
120 1202 10
120 1209 18
120 1242 3
120 1251 14
120 1262 10
120 1353 9
120 1402 17
120 1455 11
120 1614 12
120 1651 14
120 1661 13
120 1803 17
120 1980 6
121 136 16
121 141 15
121 273 10
121 274 7
121 340 3
121 353 17
121 590 20
121 629 7
121 676 14
121 837 3
121 1103 11
121 1441 16
121 1526 1
121 1533 16
121 1666 11
121 1853 17
121 1950 9
121 1990 1
122 280 5
122 285 14
122 403 16
122 533 2
122 567 3
122 655 3
122 809 19
122 821 14
122 879 17
122 1121 12
122 1319 16
122 1465 2
122 1467 16
122 1491 17
122 1516 7
122 1524 16
122 1553 20
122 1647 9
122 1910 9
123 150 16
123 245 18
123 526 16
123 632 17
123 647 8
123 734 10
123 821 3
123 844 20
123 980 20
123 986 18
123 1031 10
123 1076 12
123 1081 20
123 1565 16
124 211 3
124 228 3
124 342 2
124 346 4
124 392 20
124 429 13
124 655 9
124 710 3
124 754 3
124 998 3
124 1068 5
124 1127 7
124 1218 16
124 1341 19
124 1587 6
124 1649 17
124 1670 12
124 1698 13
124 1765 14
124 1774 18
124 1779 18
124 1787 19
124 1822 12
125 176 8
125 989 12
125 1036 1
125 1185 15
125 1234 9
125 1319 2
125 1437 9
125 1508 3
125 1535 16
125 1537 18
125 1560 1
125 1563 20
125 1613 15
125 1923 1
125 1963 13
126 138 19
126 216 10
126 265 5
126 476 20
126 757 14
126 883 4
126 945 4
126 1033 13
126 1166 16
126 1315 17
126 1483 8
126 1500 10
126 1968 14
126 1981 15
126 1983 18
127 273 13
127 326 14
127 353 3
127 355 16
127 400 8
127 577 13
127 654 17
127 698 10
127 837 20
127 859 12
127 906 11
127 933 3
127 969 12
127 984 12
127 1103 8
127 1343 7
127 1509 7
127 1620 2
127 1802 11
128 263 6
128 266 7
128 443 19
128 480 15
128 611 14
128 628 14
128 641 19
128 693 8
128 712 9
128 769 8
128 784 10
128 843 2
128 1195 13
128 1525 11
128 1641 12
128 1699 1
129 143 6
129 250 18
129 351 13
129 505 14
129 546 5
129 659 6
129 710 19
129 807 5
129 957 2
129 1050 9
129 1094 9
129 1153 1
129 1177 14
129 1192 8
129 1214 8
129 1253 20
129 1265 17
129 1483 5
129 1943 17
130 166 15
130 287 17
130 333 2
130 334 14
130 492 15
130 586 13
130 590 5
130 626 11
130 651 12
130 757 3
130 1006 20
130 1045 7
130 1076 4
130 1084 9
130 1158 8
130 1226 7
130 1321 3
130 1417 7
130 1519 6
130 1663 12
130 1812 2
130 1967 15
130 1968 12
131 279 18
131 418 15
131 540 3
131 567 14
131 661 2
131 735 12
131 740 1
131 771 8
131 1121 10
131 1143 19
131 1150 3
131 1162 10
131 1357 6
131 1497 13
131 1859 18
131 1879 16
131 1992 16
132 174 7
132 259 14
132 283 10
132 374 4
132 588 3
132 593 12
132 684 15
132 835 13
132 942 12
132 1048 14
132 1112 6
132 1138 3
132 1555 12
132 1668 10
132 1670 6
132 1971 5
132 1997 10
133 135 14
133 189 12
133 428 3
133 545 5
133 736 3
133 933 20
133 956 15
133 1361 10
133 1597 7
133 1643 10
133 1699 18
133 1824 9
133 1902 19
134 144 8
134 318 4
134 541 7
134 737 12
134 958 12
134 987 9
134 1135 15
134 1308 20
134 1443 3
134 1480 3
134 1481 10
134 1496 2
134 1530 19
134 1683 11
134 1797 17
134 1877 6
134 1949 3
134 1951 6
135 140 18
135 689 18
135 731 13
135 789 17
135 922 8
135 1091 10
135 1097 17
135 1101 3
135 1268 18
135 1700 3
135 1928 12
135 1998 18
136 140 2
136 371 19
136 583 7
136 605 16
136 712 17
136 745 5
136 811 1
136 887 13
136 934 10
136 1315 15
136 1373 13
136 1411 8
136 1523 18
136 1627 4
136 1636 1
136 1695 9
136 1823 8
136 1963 12
137 194 9
137 237 17
137 335 6
137 415 2
137 497 2
137 534 15
137 586 4
137 676 7
137 715 8
137 809 2
137 867 8
137 1057 17
137 1281 9
137 1336 9
137 1370 4
137 1404 8
137 1713 3
137 1802 4
137 1935 3
137 1971 9
138 350 20
138 355 20
138 403 13
138 413 15
138 600 1
138 642 20
138 654 2
138 655 12
138 845 19
138 879 9
138 1032 12
138 1044 4
138 1137 9
138 1164 20
138 1166 20
138 1548 18
138 1628 14
138 1790 10
138 1847 6
138 1910 17
139 200 15
139 397 20
139 481 9
139 619 13
139 655 3
139 725 5
139 777 5
139 948 4
139 949 12
139 965 18
139 991 6
139 1017 2
139 1023 2
139 1028 6
139 1050 7
139 1182 18
139 1188 20
139 1225 11
139 1288 16
139 1455 19
139 1860 13
139 1950 15
140 241 13
140 320 16
140 326 16
140 329 4
140 346 14
140 393 12
140 627 13
140 1010 4
140 1115 13
140 1510 16
140 1579 15
140 1686 16
140 1904 13
140 1908 14
141 181 11
141 188 5
141 363 10
141 443 6
141 457 11
141 550 1
141 574 10
141 628 19
141 655 11
141 745 18
141 929 9
141 1003 4
141 1018 1
141 1202 20
141 1417 19
141 1427 16
141 1473 5
141 1662 8
141 1667 8
141 1701 7
141 1744 3
142 202 20
142 224 6
142 696 11
142 701 18
142 728 4
142 729 13
142 959 10
142 1004 17
142 1358 7
142 1580 14
142 1597 15
142 1672 2
142 1927 16
143 373 2
143 393 18
143 604 6
143 626 17
143 740 2
143 806 6
143 816 12
143 984 8
143 1010 19
143 1073 5
143 1079 13
143 1242 12
143 1510 9
143 1695 10
143 1799 14
143 1825 9
143 1874 18
143 1965 18
144 178 13
144 207 5
144 267 17
144 451 10
144 488 17
144 523 4
144 668 11
144 798 8
144 813 13
144 1009 11
144 1111 2
144 1151 5
144 1274 7
144 1311 16
144 1365 17
144 1491 17
144 1506 4
144 1522 10
144 1543 3
144 1641 9
144 1775 20
144 1945 1
145 232 16
145 317 13
145 790 17
145 842 5
145 895 15
145 928 4
145 938 7
145 1367 18
145 1454 20
145 1557 20
145 1737 9
145 1774 4
145 1807 11
145 1971 6
146 180 14
146 184 12
146 210 8
146 217 7
146 233 13
146 362 15
146 473 7
146 680 18
146 726 12
146 858 6
146 1033 2
146 1049 10
146 1165 9
146 1234 3
146 1793 9
146 1880 19
147 223 1
147 250 3
147 299 15
147 384 1
147 396 12
147 657 18
147 669 9
147 879 10
147 882 6
147 1029 1
147 1089 16
147 1092 13
147 1269 10
147 1316 15
147 1447 16
147 1484 20
147 1496 2
147 1570 18
147 1621 20
147 1769 4
147 1856 19
147 1868 7
147 1897 17
147 1977 15
148 373 18
148 451 20
148 456 1
148 494 10
148 590 12
148 676 6
148 752 16
148 760 4
148 1024 12
148 1032 14
148 1083 4
148 1507 14
148 1561 2
148 1760 5
149 298 4
149 462 6
149 672 2
149 780 1
149 915 14
149 970 11
149 975 8
149 1041 5
149 1373 19
149 1532 14
149 1556 1
149 1709 5
149 1735 7
150 240 19
150 243 11
150 365 15
150 397 11
150 460 5
150 574 20
150 606 13
150 702 5
150 812 5
150 1089 18
150 1156 11
150 1239 19
150 1358 9
150 1412 1
150 1495 19
150 1577 1
150 1695 4
150 1782 18
150 1808 11
150 1812 11
150 1824 13
150 1887 17
151 153 8
151 249 19
151 298 16
151 497 8
151 652 3
151 717 13
151 788 10
151 827 7
151 932 1
151 1083 20
151 1469 4
151 1645 4
151 1662 4
151 1744 4
151 1831 17
151 1921 10
152 205 18
152 359 3
152 387 20
152 409 5
152 645 18
152 701 19
152 713 16
152 745 15
152 783 8
152 1199 17
152 1205 12
152 1284 4
152 1305 3
152 1492 9
152 1563 1
152 1826 4
152 1874 2
152 1921 18
152 1959 20
153 279 15
153 470 9
153 496 14
153 712 1
153 933 6
153 948 14
153 1105 11
153 1125 19
153 1211 16
153 1242 2
153 1309 14
153 1373 11
153 1818 14
153 1830 16
154 260 16
154 333 15
154 789 7
154 872 3
154 1036 12
154 1104 18
154 1117 9
154 1125 11
154 1154 13
154 1221 6
154 1315 7
154 1369 18
154 1462 4
154 1552 2
154 1569 19
154 1764 12
154 1878 14
155 254 17
155 307 6
155 367 15
155 424 15
155 657 9
155 664 6
155 729 15
155 830 7
155 852 2
155 884 15
155 887 18
155 903 7
155 941 10
155 957 9
155 1229 13
155 1239 15
155 1602 3
155 1714 14
155 1772 10
155 1858 6
155 1871 3
155 1934 12
156 180 10
156 276 2
156 467 12
156 675 13
156 861 11
156 1002 13
156 1050 3
156 1373 16
156 1393 12
156 1404 13
156 1449 20
156 1582 13
156 1595 6
156 1655 3
156 1659 4
156 1677 4
156 1700 5
156 1855 20
156 1934 19
157 206 9
157 301 5
157 328 14
157 330 19
157 479 6
157 502 2
157 547 16
157 581 17
157 703 16
157 825 2
157 935 8
157 950 19
157 998 5
157 1147 8
157 1484 11
157 1591 12
157 1669 19
157 1861 18
157 1894 11
158 239 2
158 252 4
158 398 9
158 700 4
158 858 11
158 937 11
158 1028 2
158 1162 1
158 1202 8
158 1208 14
158 1249 6
158 1333 20
158 1950 6
159 213 18
159 321 3
159 443 1
159 506 16
159 714 4
159 770 5
159 936 9
159 992 6
159 1012 15
159 1128 17
159 1159 19
159 1437 13
159 1440 1
159 1596 3
159 1708 12
160 310 12
160 339 3
160 371 19
160 378 15
160 571 5
160 685 2
160 731 8
160 791 19
160 819 12
160 881 13
160 930 4
160 973 15
160 1001 3
160 1129 7
160 1133 10
160 1235 18
160 1318 6
160 1411 20
160 1418 1
160 1459 4
160 1467 13
160 1575 11
160 1645 8
160 1695 8
160 1716 14
160 1744 14
161 540 3
161 582 4
161 913 7
161 990 11
161 1117 10
161 1189 4
161 1223 15
161 1225 3
161 1263 15
161 1326 13
161 1792 1
161 1821 11
161 1870 4
162 189 3
162 221 20
162 304 20
162 362 10
162 540 10
162 545 19
162 561 9
162 636 9
162 694 15
162 701 13
162 831 13
162 855 11
162 933 5
162 979 5
162 1146 8
162 1153 20
162 1198 19
162 1352 19
162 1443 18
162 1481 18
162 1644 4
162 1804 9
163 215 2
163 259 15
163 342 6
163 484 3
163 645 16
163 770 14
163 890 10
163 1002 10
163 1160 14
163 1410 17
163 1422 14
163 1500 14
163 1518 7
163 1535 15
163 1665 4
163 1701 17
163 1721 6
163 1760 14
163 1873 12
163 1975 18
164 386 8
164 411 12
164 565 19
164 676 15
164 808 4
164 961 18
164 1008 14
164 1054 12
164 1136 20
164 1156 17
164 1158 11
164 1168 12
164 1247 13
164 1254 3
164 1435 20
164 1450 20
164 1606 19
164 1702 1
164 1872 19
164 1877 3
164 1944 16
165 388 3
165 425 3
165 443 14
165 607 8
165 609 18
165 801 8
165 862 1
165 934 4
165 1145 13
165 1154 7
165 1269 5
165 1707 10
165 1725 2
165 1780 13
165 1790 5
165 1888 15
166 287 19
166 407 1
166 495 12
166 583 16
166 586 19
166 653 14
166 687 8
166 722 4
166 803 11
166 1093 19
166 1190 5
166 1215 16
166 1332 3
166 1344 15
166 1534 11
166 1582 4
166 1607 18
166 1617 13
166 1752 11
166 1841 11
166 1880 3
166 1988 13
167 263 17
167 302 2
167 379 18
167 394 13
167 471 1
167 541 13
167 716 1
167 797 11
167 818 2
167 873 3
167 926 14
167 1079 9
167 1214 12
167 1485 14
167 1498 17
167 1536 9
167 1748 12
167 1819 17
167 1860 18
167 1903 3
168 374 20
168 501 13
168 567 11
168 569 12
168 665 3
168 759 7
168 987 12
168 1062 8
168 1400 4
168 1445 18
168 1449 1
168 1681 4
168 1924 10
169 219 8
169 393 7
169 425 6
169 444 8
169 590 12
169 668 2
169 766 5
169 884 17
169 994 4
169 1136 8
169 1214 15
169 1264 7
169 1367 18
169 1621 17
169 1710 13
169 1820 12
170 184 13
170 264 15
170 268 7
170 275 2
170 315 17
170 437 5
170 589 10
170 701 3
170 756 11
170 801 7
170 942 3
170 1198 17
170 1455 12
170 1534 14
170 1572 14
170 1714 1
170 1789 14
170 1802 5
171 586 10
171 670 2
171 709 18
171 791 12
171 850 9
171 877 10
171 958 6
171 1104 11
171 1115 5
171 1222 11
171 1257 4
171 1347 17
171 1369 8
171 1388 5
171 1394 5
171 1457 8
171 1476 18
171 1534 17
171 1540 3
171 1728 14
171 1790 14
171 1923 13
171 1966 17
172 177 19
172 185 20
172 424 5
172 431 7
172 673 7
172 737 19
172 1141 7
172 1199 2
172 1208 1
172 1214 12
172 1328 19
172 1356 9
172 1384 20
172 1464 13
172 1610 19
172 1723 12
172 1896 14
172 1926 20
173 356 15
173 370 6
173 493 12
173 536 10
173 552 8
173 562 3
173 564 4
173 671 10
173 830 17
173 1041 17
173 1079 8
173 1272 11
173 1290 11
173 1318 2
173 1372 16
173 1468 11
173 1652 17
173 1677 14
173 1774 2
173 1922 7
174 461 14
174 496 1
174 544 4
174 874 3
174 975 2
174 1132 1
174 1327 11
174 1358 20
174 1408 7
174 1591 19
174 1681 1
175 243 5
175 388 3
175 397 16
175 450 5
175 461 8
175 528 8
175 562 10
175 591 15
175 637 18
175 729 3
175 808 11
175 907 5
175 1007 4
175 1022 10
175 1030 3
175 1320 18
175 1485 10
175 1803 7
175 1829 9
175 1832 17
175 1834 16
176 329 2
176 401 9
176 545 12
176 984 7
176 1057 17
176 1693 5
176 1707 15
176 1781 14
176 1787 4
176 1884 11
176 1932 7
176 1948 16
177 223 20
177 271 16
177 387 12
177 468 11
177 661 16
177 712 16
177 845 11
177 897 13
177 996 14
177 1163 2
177 1481 7
177 1493 1
177 1578 10
177 1608 5
177 1625 8
177 1716 12
177 1717 11
177 1838 3
177 1861 17
178 390 18
178 448 19
178 460 18
178 569 7
178 856 4
178 940 8
178 963 6
178 1026 6
178 1254 5
178 1275 5
178 1277 12
178 1347 19
178 1371 10
178 1461 7
178 1476 8
178 1610 15
178 1647 18
178 1680 15
178 1731 20
178 1821 11
178 1935 8
179 200 1
179 239 1
179 299 10
179 302 16
179 316 12
179 560 7
179 588 16
179 589 19
179 629 18
179 664 10
179 754 11
179 758 6
179 887 11
179 1164 1
179 1237 14
179 1256 18
179 1285 5
179 1312 15
179 1371 12
179 1383 3
179 1475 15
179 1555 14
179 1638 5
179 1654 14
179 1693 5
179 1697 19
179 1936 20
179 1991 16
180 184 4
180 260 9
180 385 13
180 524 4
180 530 17
180 574 11
180 615 13
180 710 8
180 725 14
180 838 18
180 881 10
180 1009 5
180 1092 13
180 1256 2
180 1334 1
180 1347 19
180 1557 7
180 1785 9
180 1786 5
180 1804 12
180 1850 4
180 1905 18
180 1986 12
181 261 15
181 270 19
181 281 5
181 381 13
181 616 20
181 627 13
181 678 17
181 781 4
181 863 17
181 890 10
181 925 17
181 958 15
181 967 7
181 985 8
181 1016 11
181 1048 15
181 1178 18
181 1285 9
181 1366 4
181 1388 5
181 1425 4
181 1442 20
181 1567 19
181 1576 15
181 1709 18
181 1852 18
181 1878 2
181 1948 11
182 336 9
182 366 2
182 367 14
182 574 2
182 911 2
182 1153 18
182 1190 1
182 1250 17
182 1265 8
182 1393 3
182 1437 15
182 1546 13
182 1756 14
182 1936 11
182 1944 8
183 232 15
183 326 20
183 589 18
183 660 10
183 716 13
183 766 5
183 924 8
183 1206 18
183 1248 13
183 1569 9
183 1665 3
183 1739 3
183 1823 3
183 1875 6
183 1879 14
183 1880 1
183 1903 19
184 190 20
184 245 16
184 262 11
184 442 13
184 462 11
184 542 8
184 703 11
184 830 2
184 895 7
184 957 19
184 1008 16
184 1032 18
184 1104 17
184 1109 12
184 1161 18
184 1234 17
184 1401 15
184 1428 9
184 1430 16
184 1589 10
185 236 20
185 269 5
185 306 4
185 381 12
185 738 2
185 973 16
185 1037 6
185 1121 7
185 1196 9
185 1348 8
185 1360 12
185 1423 17
185 1496 2
185 1570 3
185 1601 4
185 1718 12
185 1740 6
185 1745 16
185 1880 1
185 1916 11
185 1974 18
186 217 8
186 338 14
186 363 6
186 401 4
186 536 3
186 702 5
186 752 13
186 1024 13
186 1028 12
186 1057 15
186 1132 9
186 1315 6
186 1377 14
186 1438 14
186 1526 19
186 1719 18
186 1884 13
186 1918 12
186 1961 15
187 260 15
187 319 11
187 429 5
187 440 4
187 539 15
187 918 1
187 1030 18
187 1036 13
187 1063 6
187 1152 10
187 1300 20
187 1310 6
187 1536 5
187 1747 5
188 289 14
188 305 12
188 341 12
188 405 9
188 474 11
188 479 16
188 490 7
188 579 3
188 657 2
188 796 3
188 817 8
188 1123 19
188 1338 18
188 1448 17
188 1551 17
188 1733 7
188 1793 5
188 1955 14
188 1985 16
189 335 9
189 349 11
189 461 5
189 807 1
189 902 5
189 1197 11
189 1266 3
189 1414 4
189 1415 12
189 1471 18
189 1859 20
190 214 6
190 225 20
190 283 15
190 340 4
190 571 9
190 644 10
190 757 10
190 765 7
190 803 15
190 907 4
190 910 7
190 1273 16
190 1458 5
190 1579 15
190 1669 2
190 1711 3
190 1732 3
190 1963 9
191 241 2
191 478 1
191 675 2
191 693 6
191 947 5
191 1033 12
191 1124 10
191 1143 8
191 1419 20
191 1487 12
191 1519 18
191 1543 18
191 1550 4
191 1656 16
191 1837 9
192 407 9
192 415 15
192 588 11
192 629 3
192 829 15
192 857 19
192 1011 17
192 1078 5
192 1526 15
192 1572 13
192 1596 14
192 1934 3
193 344 14
193 363 8
193 367 12
193 373 3
193 380 6
193 482 4
193 683 16
193 693 10
193 707 13
193 776 15
193 816 11
193 980 17
193 1055 3
193 1143 16
193 1362 4
193 1382 11
193 1467 15
193 1628 17
193 1740 11
193 1754 6
193 1792 10
193 1880 6
193 1933 4
194 314 4
194 327 7
194 335 9
194 344 9
194 454 11
194 609 14
194 620 5
194 821 6
194 879 15
194 984 4
194 1009 18
194 1070 5
194 1121 7
194 1226 14
194 1228 7
194 1284 18
194 1308 19
194 1326 19
194 1640 15
194 1685 6
194 1853 15
194 1901 13
194 1971 7
195 451 12
195 459 13
195 532 9
195 548 14
195 703 6
195 784 14
195 819 11
195 895 19
195 943 3
195 1051 15
195 1095 1
195 1155 3
195 1170 3
195 1309 5
195 1329 12
195 1411 2
195 1419 15
195 1520 6
195 1610 7
195 1653 6
195 1748 7
195 1769 15
195 1813 8
195 1840 17
195 1848 10
195 1868 3
195 1928 5
195 1954 3
196 270 6
196 289 2
196 376 1
196 408 9
196 425 19
196 525 14
196 581 15
196 661 3
196 697 19
196 758 17
196 763 14
196 772 4
196 784 10
196 1161 17
196 1334 6
196 1469 18
196 1583 18
196 1603 13
196 1699 15
196 1875 3
196 1904 8
196 1946 5
196 1988 7
197 254 8
197 255 9
197 425 4
197 447 19
197 462 8
197 556 1
197 718 11
197 906 19
197 1070 6
197 1104 6
197 1317 10
197 1323 9
197 1341 15
197 1550 13
197 1572 7
197 1625 19
197 1933 11
198 396 14
198 565 11
198 817 6
198 860 11
198 1270 14
198 1393 10
198 1509 11
198 1585 6
198 1728 15
198 1778 17
198 1791 1
198 1811 16
198 1905 10
198 1966 16
199 324 19
199 391 16
199 413 9
199 500 11
199 531 18
199 585 11
199 624 19
199 684 13
199 806 5
199 820 12
199 861 6
199 882 18
199 886 1
199 915 16
199 1040 15
199 1079 5
199 1280 2
199 1366 17
199 1714 4
199 1773 5
200 220 3
200 303 20
200 370 5
200 428 5
200 517 8
200 529 12
200 558 7
200 600 8
200 626 9
200 632 8
200 642 18
200 704 15
200 722 6
200 935 9
200 1026 6
200 1046 8
200 1314 1
200 1359 16
200 1406 19
200 1488 1
200 1635 12
200 1967 9
201 363 12
201 476 7
201 568 13
201 789 11
201 875 12
201 936 1
201 967 2
201 1042 5
201 1227 20
201 1300 4
201 1324 9
201 1433 14
201 1525 6
201 1530 3
201 1614 17
201 1640 5
201 1782 17
201 1852 10
201 1860 2
201 1869 5
201 1921 19
202 217 16
202 352 14
202 596 20
202 757 18
202 780 10
202 907 10
202 915 19
202 964 8
202 1088 7
202 1214 20
202 1363 13
202 1519 1
202 1573 7
202 1595 14
202 1674 19
202 1780 4
202 1890 4
203 209 15
203 364 7
203 470 8
203 491 5
203 566 20
203 635 13
203 662 18
203 664 11
203 977 2
203 1055 4
203 1147 13
203 1194 1
203 1281 2
203 1362 15
203 1451 16
203 1540 17
203 1562 3
203 1571 16
203 1707 7
203 1745 15
203 1774 7
203 1830 6
203 1880 12
203 1888 4
203 1889 10
204 370 10
204 427 18
204 538 6
204 776 13
204 823 13
204 1193 4
204 1199 13
204 1434 16
204 1505 18
204 1572 2
204 1576 7
204 1710 5
204 1762 19
204 1792 20
204 1807 1
204 1812 9
204 1851 6
204 1913 5
204 1919 7
205 578 13
205 649 5
205 814 13
205 839 19
205 938 6
205 1010 11
205 1248 15
205 1263 8
205 1292 20
205 1405 17
205 1540 16
205 1556 18
205 1633 4
205 1682 18
205 1711 3
205 1736 2
205 1864 9
206 330 13
206 661 4
206 674 13
206 679 20
206 770 8
206 891 2
206 897 20
206 907 6
206 1015 5
206 1180 7
206 1530 8
206 1583 12
206 1734 11
206 1950 16
206 1967 18
207 234 13
207 328 16
207 379 9
207 447 19
207 468 10
207 475 1
207 575 13
207 582 10
207 856 11
207 993 6
207 1049 1
207 1161 10
207 1171 15
207 1263 10
207 1273 11
207 1347 19
207 1448 5
207 1488 7
207 1620 11
207 1920 18
208 220 12
208 253 9
208 304 6
208 573 16
208 578 7
208 613 7
208 694 4
208 727 13
208 813 4
208 953 5
208 977 3
208 1001 19
208 1107 9
208 1211 3
208 1319 5
208 1353 4
208 1401 3
208 1411 19
208 1490 17
208 1528 15
208 1589 16
208 1775 15
208 1817 10
208 1937 10
209 225 20
209 240 14
209 249 2
209 419 14
209 537 9
209 945 17
209 1077 10
209 1138 18
209 1243 8
209 1282 9
209 1353 1
209 1438 5
209 1592 6
210 301 17
210 436 2
210 636 8
210 743 8
210 799 20
210 894 19
210 985 20
210 1163 17
210 1187 3
210 1342 10
210 1576 14
210 1762 16
210 1805 9
210 1833 10
210 1863 18
210 1879 17
211 255 17
211 387 7
211 547 19
211 582 17
211 595 10
211 714 10
211 781 16
211 868 9
211 1100 10
211 1159 1
211 1373 10
211 1376 9
211 1462 11
211 1509 12
211 1584 8
211 1613 15
211 1658 6
211 1689 7
211 1732 18
211 1757 14
211 1792 7
211 1955 10
212 311 6
212 406 14
212 472 4
212 569 5
212 580 6
212 685 12
212 751 1
212 956 14
212 1132 15
212 1179 19
212 1344 16
212 1380 13
212 1422 4
212 1593 4
212 1677 9
212 1746 13
212 1823 1
212 1859 3
212 1876 10
213 215 1
213 232 16
213 249 16
213 435 5
213 456 9
213 501 7
213 567 19
213 736 20
213 895 8
213 990 8
213 1191 13
213 1415 16
213 1470 2
213 1483 14
213 1579 14
213 1645 1
213 1908 18
214 299 19
214 420 13
214 431 18
214 446 19
214 448 11
214 460 12
214 501 8
214 692 3
214 763 14
214 846 11
214 862 8
214 888 6
214 1391 10
214 1441 3
214 1448 8
214 1562 16
214 1751 10
214 1843 6
214 1894 8
214 1955 20
215 700 16
215 729 10
215 822 14
215 917 20
215 1071 7
215 1427 16
215 1630 3
215 1914 7
215 1946 7
215 1966 15
216 274 20
216 335 15
216 470 12
216 503 12
216 630 8
216 741 1
216 800 1
216 863 6
216 880 19
216 1021 1
216 1116 7
216 1129 5
216 1265 7
216 1286 7
216 1290 15
216 1595 7
216 1633 17
216 1808 5
216 1820 8
216 1860 13
216 1911 15
217 242 18
217 366 16
217 374 19
217 411 2
217 453 1
217 649 20
217 696 9
217 758 13
217 922 19
217 976 1
217 981 18
217 1025 8
217 1036 2
217 1124 1
217 1125 11
217 1168 17
217 1178 4
217 1312 8
217 1335 19
217 1415 17
217 1470 9
217 1538 2
217 1573 6
217 1583 3
217 1589 15
217 1821 6
217 1915 2
218 314 6
218 646 19
218 856 14
218 866 3
218 1209 20
218 1378 1
218 1570 18
218 1587 9
218 1716 9
218 1806 19
219 422 18
219 451 2
219 477 13
219 574 9
219 812 9
219 863 9
219 882 17
219 1129 11
219 1218 20
219 1358 12
219 1435 1
219 1568 3
219 1620 4
219 1782 5
219 1851 11
219 1899 3
219 1931 3
219 1970 11
220 287 1
220 499 18
220 507 13
220 773 3
220 801 10
220 860 14
220 921 3
220 933 2
220 973 2
220 1252 14
220 1265 14
220 1289 15
220 1394 16
220 1537 7
220 1814 9
221 270 3
221 310 4
221 371 18
221 746 11
221 825 4
221 876 14
221 908 4
221 1317 17
221 1320 9
221 1443 1
221 1540 9
221 1792 9
221 1815 16
221 1864 17
221 1937 3
221 1945 4
222 324 20
222 348 6
222 358 15
222 428 19
222 464 4
222 528 1
222 531 2
222 574 18
222 800 1
222 865 9
222 919 7
222 928 5
222 943 12
222 952 13
222 1002 4
222 1166 11
222 1207 2
222 1237 11
222 1315 3
222 1370 3
222 1670 12
222 1892 17
223 248 9
223 285 11
223 431 12
223 437 15
223 515 9
223 539 19
223 570 8
223 576 8
223 603 12
223 747 3
223 1003 17
223 1034 9
223 1461 11
223 1577 18
223 1601 16
223 1651 4
223 1702 12
223 1714 20
223 1715 8
223 1945 1
223 1989 14
224 387 17
224 683 11
224 713 10
224 802 4
224 1065 19
224 1113 2
224 1195 6
224 1204 8
224 1284 7
224 1541 8
224 1882 6
224 1929 17
225 500 15
225 506 14
225 620 6
225 704 15
225 777 7
225 850 19
225 945 13
225 964 18
225 1007 8
225 1015 12
225 1062 14
225 1220 19
225 1358 12
225 1532 16
225 1544 17
225 1608 12
225 1718 20
225 1802 7
225 1912 8
226 374 14
226 682 6
226 689 2
226 831 7
226 1071 19
226 1132 20
226 1176 16
226 1311 14
226 1391 4
226 1502 10
226 1545 1
226 1583 9
226 1592 3
226 1666 16
226 1743 7
226 1922 19
227 326 5
227 721 8
227 1383 14
227 1441 3
227 1459 20
227 1502 9
227 1613 4
227 1753 4
227 1767 3
227 1787 4
227 1924 14
227 1994 9
228 345 9
228 589 5
228 664 9
228 706 15
228 711 2
228 900 3
228 1131 20
228 1211 10
228 1258 10
228 1445 5
228 1636 3
228 1645 13
228 1690 18
228 1837 17
228 1911 1
229 275 17
229 599 7
229 665 12
229 773 6
229 779 13
229 894 1
229 981 20
229 1229 8
229 1315 3
229 1320 17
229 1369 8
229 1393 5
229 1575 20
229 1697 7
229 1792 14
230 363 18
230 485 13
230 486 2
230 490 1
230 557 2
230 636 12
230 723 14
230 751 6
230 813 16
230 829 10
230 953 11
230 982 19
230 1017 8
230 1053 8
230 1174 13
230 1408 4
230 1420 14
230 1540 12
230 1547 10
230 1551 6
230 1628 14
230 1813 20
230 1971 3
231 301 19
231 659 14
231 728 8
231 858 4
231 866 10
231 915 11
231 1071 13
231 1137 16
231 1384 12
231 1440 17
231 1456 9
231 1642 10
231 1658 9
231 1901 8
232 234 6
232 255 18
232 316 20
232 322 12
232 382 2
232 397 15
232 419 12
232 515 13
232 813 7
232 864 10
232 871 9
232 917 2
232 1063 9
232 1128 15
232 1238 16
232 1299 2
232 1762 14
232 1887 5
233 304 4
233 375 19
233 412 7
233 416 4
233 622 19
233 685 4
233 934 3
233 1071 18
233 1237 16
233 1381 6
233 1457 14
233 1468 1
233 1506 9
233 1628 8
233 1713 17
233 1718 9
233 1757 2
233 1848 18
233 1894 16
234 260 19
234 319 5
234 468 2
234 621 18
234 670 17
234 947 9
234 962 14
234 1143 14
234 1144 11
234 1161 6
234 1220 16
234 1383 11
234 1460 18
234 1638 9
234 1754 9
234 1856 4
234 1937 20
235 259 19
235 344 20
235 393 13
235 394 10
235 508 13
235 546 6
235 1011 11
235 1066 19
235 1303 2
235 1384 13
235 1388 10
235 1464 6
235 1509 9
235 1642 13
235 1771 4
235 1852 4
235 1930 11
235 1981 16
236 247 1
236 252 17
236 323 19
236 773 7
236 916 1
236 974 18
236 1213 19
236 1382 5
236 1559 12
236 1673 7
236 1702 6
236 1708 15
236 1735 11
236 1973 4
237 322 15
237 345 15
237 368 7
237 390 3
237 563 18
237 579 4
237 672 6
237 693 10
237 733 20
237 789 5
237 794 13
237 871 19
237 1015 2
237 1139 4
237 1144 18
237 1176 17
237 1252 10
237 1257 19
237 1324 6
237 1370 19
237 1392 7
237 1548 13
237 1611 11
237 1624 14
237 1752 2
237 1768 20
237 1788 9
237 1880 18
238 358 17
238 534 7
238 612 5
238 862 2
238 864 9
238 992 5
238 1311 16
238 1359 19
238 1432 15
238 1839 9
238 1843 13
238 1864 5
238 1982 7
239 249 4
239 647 7
239 678 10
239 765 3
239 818 15
239 819 16
239 848 20
239 889 20
239 1087 14
239 1215 9
239 1233 13
239 1279 7
239 1322 14
239 1392 15
239 1411 9
239 1479 5
239 1575 19
239 1600 8
239 1683 18
239 1783 19
240 278 18
240 621 9
240 780 17
240 798 9
240 910 3
240 951 10
240 978 2
240 1235 11
240 1320 18
240 1399 3
240 1442 17
240 1463 14
240 1698 19
240 1803 16
240 1838 5
240 1980 14
241 267 16
241 280 19
241 368 14
241 686 10
241 695 5
241 751 18
241 766 19
241 822 20
241 852 4
241 909 11
241 1056 2
241 1077 14
241 1091 15
241 1156 1
241 1518 11
241 1577 9
241 1700 4
241 1808 20
241 1924 5
242 377 20
242 437 10
242 538 1
242 653 2
242 704 6
242 741 18
242 1095 9
242 1122 5
242 1124 5
242 1388 4
242 1409 5
242 1571 10
242 1582 9
242 1693 16
242 1749 8
242 1846 11
243 274 18
243 338 11
243 363 6
243 371 13
243 421 12
243 560 7
243 630 18
243 713 12
243 841 9
243 1100 19
243 1263 17
243 1358 20
243 1360 20
243 1368 18
243 1456 5
243 1475 20
243 1506 3
243 1814 4
243 1886 5
243 1963 3
244 248 18
244 268 18
244 408 6
244 595 19
244 676 16
244 680 15
244 764 9
244 770 17
244 1108 5
244 1146 18
244 1241 10
244 1351 1
244 1387 7
244 1407 4
244 1677 1
244 1880 16
244 1951 17
245 298 6
245 421 18
245 605 15
245 632 7
245 788 18
245 921 4
245 968 3
245 1004 17
245 1056 9
245 1094 13
245 1257 13
245 1317 17
245 1494 4
245 1817 14
246 442 20
246 522 16
246 545 17
246 554 6
246 583 20
246 646 17
246 860 1
246 987 12
246 989 8
246 1000 3
246 1025 13
246 1089 17
246 1105 18
246 1126 16
246 1231 9
246 1252 12
246 1585 12
246 1603 10
246 1817 14
246 1867 19
246 1898 11
246 1916 15
247 287 2
247 336 9
247 388 3
247 509 1
247 594 5
247 897 15
247 942 12
247 1045 11
247 1068 11
247 1089 19
247 1234 20
247 1255 1
247 1322 10
247 1413 15
247 1815 6
247 1950 5
248 336 9
248 379 13
248 809 2
248 865 1
248 961 10
248 988 7
248 992 20
248 1002 20
248 1149 8
248 1268 17
248 1472 3
248 1659 2
248 1864 15
248 1868 17
248 1931 19
249 269 6
249 572 16
249 630 15
249 782 16
249 846 2
249 893 16
249 981 3
249 1113 17
249 1130 11
249 1158 16
249 1163 7
249 1365 5
249 1426 11
249 1503 2
249 1533 20
249 1593 8
249 1674 4
249 1697 20
249 1843 18
249 1863 16
249 1887 14
249 1891 1
250 358 19
250 362 8
250 376 11
250 719 12
250 721 7
250 807 11
250 954 18
250 973 11
250 1084 6
250 1401 20
250 1487 18
250 1617 6
250 1802 2
250 1834 5
250 1899 5
250 1987 18
250 1988 11
251 368 6
251 798 7
251 847 13
251 1019 5
251 1082 10
251 1103 15
251 1164 2
251 1509 11
251 1565 18
251 1633 19
251 1706 12
251 1809 9
251 1878 19
252 270 14
252 749 3
252 892 19
252 915 17
252 934 10
252 957 10
252 1031 2
252 1339 9
252 1440 4
252 1585 19
252 1714 6
252 1819 5
253 269 11
253 282 20
253 364 2
253 404 10
253 433 5
253 541 8
253 544 13
253 610 12
253 706 17
253 866 20
253 937 6
253 953 7
253 1240 2
253 1488 5
253 1745 14
253 1901 1
254 268 17
254 307 17
254 372 12
254 505 17
254 582 10
254 678 4
254 915 1
254 959 9
254 974 4
254 1034 18
254 1101 9
254 1143 15
254 1184 1
254 1335 7
254 1565 3
254 1581 20
254 1661 11
254 1752 9
254 1794 13
254 1820 9
254 1890 14
255 335 15
255 389 9
255 409 13
255 596 10
255 618 8
255 711 3
255 802 13
255 970 13
255 971 2
255 991 19
255 1027 10
255 1048 3
255 1148 11
255 1190 1
255 1537 6
255 1618 13
255 1789 16
255 1792 6
255 1831 13
255 1943 8
255 1985 10
256 330 8
256 374 12
256 495 8
256 735 3
256 743 16
256 863 6
256 1153 10
256 1157 5
256 1266 12
256 1308 15
256 1324 2
256 1504 20
256 1727 12
256 1943 16
257 279 4
257 351 14
257 383 13
257 461 5
257 473 13
257 557 20
257 648 15
257 737 14
257 746 11
257 916 6
257 975 18
257 1080 2
257 1226 17
257 1296 3
257 1333 10
257 1541 14
257 1613 15
257 1620 12
257 1693 15
257 1757 15
257 1958 13
258 266 8
258 273 14
258 314 9
258 393 17
258 410 16
258 413 11
258 513 2
258 568 20
258 597 5
258 640 10
258 682 2
258 941 9
258 943 17
258 1017 6
258 1039 11
258 1159 18
258 1554 17
258 1588 14
258 1811 16
258 1897 3
258 1994 10
259 313 11
259 410 1
259 518 11
259 676 19
259 765 13
259 847 5
259 908 12
259 913 19
259 1008 20
259 1146 18
259 1208 7
259 1384 17
259 1523 18
259 1631 12
259 1787 14
259 1794 10
259 1819 17
259 1961 10
260 387 9
260 520 4
260 599 13
260 665 8
260 760 9
260 896 6
260 940 1
260 1042 2
260 1278 2
260 1305 9
260 1495 14
260 1674 1
260 1783 4
260 1807 14
260 1890 15
261 283 10
261 290 12
261 372 15
261 423 12
261 445 7
261 450 19
261 451 5
261 476 16
261 537 2
261 589 10
261 606 15
261 729 13
261 743 1
261 847 19
261 1224 6
261 1264 13
261 1335 6
261 1400 1
261 1445 8
261 1715 3
261 1800 9
261 1878 13
261 1945 14
261 1979 19
262 299 6
262 390 8
262 481 19
262 532 2
262 551 7
262 604 11
262 887 8
262 891 13
262 1091 15
262 1185 10
262 1213 12
262 1222 17
262 1231 13
262 1242 15
262 1272 3
262 1521 5
262 1561 2
262 1696 10
262 1851 16
262 1858 19
262 1872 8
262 1905 7
263 304 1
263 331 13
263 398 3
263 511 2
263 575 8
263 578 17
263 609 16
263 708 14
263 717 1
263 762 2
263 1124 10
263 1474 8
263 1507 6
263 1623 7
263 1748 20
263 1838 2
263 1899 2
263 1995 11
263 1998 2
264 305 13
264 443 18
264 474 6
264 481 16
264 488 8
264 506 11
264 594 7
264 692 14
264 993 16
264 1038 10
264 1054 1
264 1135 11
264 1160 20
264 1171 1
264 1300 10
264 1397 17
264 1424 9
264 1874 8
264 1882 9
265 300 16
265 385 18
265 489 20
265 506 4
265 527 10
265 584 11
265 752 1
265 936 10
265 1112 5
265 1157 13
265 1259 6
265 1371 4
265 1447 15
265 1513 11
265 1568 5
265 1578 14
265 1724 19
265 1841 3
265 1889 18
266 459 3
266 460 16
266 537 11
266 584 19
266 591 8
266 597 15
266 739 10
266 820 20
266 902 18
266 1086 8
266 1279 16
266 1789 4
266 1889 5
266 1893 10
267 330 16
267 423 20
267 516 10
267 725 11
267 776 16
267 780 2
267 840 14
267 861 9
267 885 20
267 1183 1
267 1378 13
267 1493 1
267 1508 17
267 1723 20
268 449 15
268 476 17
268 478 11
268 486 10
268 536 5
268 640 7
268 724 15
268 798 13
268 888 10
268 1300 20
268 1442 3
268 1524 1
268 1658 9
268 1673 10
268 1691 1
268 1986 8
269 307 20
269 363 6
269 435 6
269 682 11
269 727 4
269 739 3
269 826 5
269 842 9
269 885 10
269 1096 10
269 1108 9
269 1249 15
269 1357 5
269 1549 7
269 1589 9
269 1706 6
270 324 20
270 371 13
270 433 10
270 544 11
270 575 1
270 619 11
270 643 17
270 881 16
270 1068 2
270 1245 5
270 1334 10
270 1442 20
270 1486 1
270 1532 13
270 1541 7
270 1652 5
270 1720 7
270 1740 1
270 1748 13
270 1831 3
270 1933 4
271 331 14
271 350 6
271 394 9
271 614 5
271 764 7
271 807 8
271 1105 10
271 1113 19
271 1260 11
271 1315 2
271 1352 13
271 1702 8
271 1819 9
271 1873 5
271 1921 2
271 1976 20
272 366 17
272 387 6
272 484 14
272 610 18
272 733 3
272 742 8
272 865 4
272 1079 19
272 1082 7
272 1122 18
272 1132 8
272 1200 19
272 1244 11
272 1272 14
272 1334 4
272 1337 20
272 1432 3
272 1434 11
272 1572 6
272 1591 10
272 1868 12
272 1922 16
272 1935 5
273 279 18
273 344 19
273 511 15
273 615 10
273 804 8
273 1015 2
273 1062 14
273 1168 8
273 1299 19
273 1427 17
273 1468 13
273 1501 2
273 1588 6
273 1628 1
273 1804 18
273 1937 9
273 1969 4
274 475 14
274 763 10
274 772 14
274 808 4
274 879 11
274 1136 13
274 1222 8
274 1292 16
274 1298 13
274 1419 19
274 1509 9
274 1518 4
274 1579 4
274 1734 18
274 1843 15
274 1987 3
275 308 12
275 405 13
275 424 14
275 467 20
275 483 18
275 521 9
275 534 12
275 588 6
275 657 5
275 684 3
275 745 12
275 1051 4
275 1172 2
275 1185 8
275 1235 19
275 1387 18
275 1656 1
275 1795 17
275 1812 13
275 1925 3
275 1935 1
275 1940 6
276 319 11
276 419 19
276 561 2
276 852 11
276 877 14
276 906 9
276 986 6
276 1279 16
276 1354 6
276 1723 2
277 279 7
277 322 6
277 363 4
277 401 7
277 641 20
277 686 20
277 871 12
277 1130 6
277 1210 1
277 1255 17
277 1268 15
277 1314 9
277 1385 3
277 1489 11
277 1519 4
277 1690 17
277 1707 7
277 1719 16
277 1897 15
277 1922 1
277 1949 5
278 371 1
278 713 9
278 856 10
278 912 2
278 1306 14
278 1456 2
278 1558 10
278 1626 10
278 1644 16
278 1781 9
278 1844 19
278 1891 9
278 1924 5
279 283 10
279 367 5
279 582 4
279 656 3
279 1101 9
279 1158 1
279 1280 9
279 1294 10
279 1519 1
279 1555 5
279 1568 20
279 1744 6
279 1758 18
279 1814 13
279 1936 11
279 1949 7
279 1963 11
279 1991 6
280 357 7
280 509 8
280 944 7
280 986 19
280 1060 11
280 1210 20
280 1411 8
280 1420 2
280 1456 1
280 1533 5
280 1636 20
280 1827 10
280 1860 1
280 1933 9
280 1956 5
280 1971 2
281 336 2
281 479 6
281 530 7
281 566 18
281 697 15
281 836 1
281 866 7
281 1020 7
281 1180 13
281 1232 16
281 1247 5
281 1290 2
281 1309 9
281 1330 15
281 1537 8
281 1654 8
281 1844 3
281 1960 14
282 462 11
282 497 19
282 559 16
282 706 8
282 767 2
282 785 1
282 1049 19
282 1206 12
282 1207 2
282 1209 7
282 1611 13
282 1617 18
282 1633 19
282 1660 13
282 1764 20
282 1782 11
282 1830 7
282 1868 5
283 440 16
283 729 3
283 988 5
283 1089 14
283 1117 18
283 1396 2
283 1568 14
283 1671 17
284 903 16
284 975 3
284 1022 15
284 1037 2
284 1062 2
284 1069 15
284 1074 19
284 1128 13
284 1248 11
284 1362 3
284 1401 11
284 1418 2
284 1668 6
284 1790 15
284 1811 20
284 1852 3
285 347 7
285 575 12
285 615 2
285 677 14
285 734 2
285 745 16
285 767 16
285 853 20
285 886 13
285 924 16
285 933 16
285 936 2
285 1347 8
285 1355 9
285 1360 17
285 1455 4
285 1715 14
285 1772 11
285 1804 7
285 1961 3
286 346 16
286 649 15
286 652 20
286 729 18
286 788 9
286 851 10
286 894 6
286 1309 3
286 1435 4
286 1444 7
286 1538 12
286 1594 9
286 1644 3
286 1782 19
286 1855 7
286 1879 8
287 307 4
287 565 11
287 633 1
287 669 20
287 703 5
287 773 20
287 775 17
287 897 16
287 1012 19
287 1112 4
287 1890 2
287 1912 11
288 325 13
288 418 2
288 453 10
288 456 8
288 651 14
288 753 3
288 834 12
288 941 15
288 1061 2
288 1185 2
288 1229 12
288 1396 14
288 1423 17
288 1669 17
288 1772 14
288 1918 17
289 363 12
289 383 6
289 761 6
289 853 5
289 892 13
289 896 8
289 1032 20
289 1051 19
289 1215 1
289 1276 11
289 1337 4
289 1358 11
289 1379 5
289 1459 6
289 1485 6
289 1492 14
289 1534 11
289 1924 7
290 340 20
290 509 5
290 545 12
290 581 16
290 607 12
290 700 15
290 815 4
290 955 6
290 1061 9
290 1149 19
290 1278 5
290 1602 7
290 1706 1
290 1746 13
290 1888 20
290 1998 11
291 376 14
291 786 1
291 806 4
291 868 6
291 919 13
291 981 12
291 1032 3
291 1112 5
291 1144 10
291 1158 18
291 1337 7
291 1361 15
291 1444 7
291 1572 2
291 1592 13
291 1859 8
292 427 3
292 431 20
292 516 16
292 597 3
292 669 7
292 968 1
292 1033 9
292 1087 8
292 1106 18
292 1121 6
292 1161 7
292 1207 12
292 1212 6
292 1249 2
292 1309 10
292 1414 7
292 1435 1
292 1579 19
292 1597 11
292 1642 3
292 1645 9
292 1903 20
293 434 18
293 495 17
293 557 17
293 640 2
293 662 11
293 726 5
293 780 3
293 964 9
293 1180 9
293 1258 19
293 1284 4
293 1359 17
293 1519 19
293 1587 6
293 1730 20
293 1949 18
294 454 13
294 527 16
294 596 19
294 659 13
294 888 16
294 975 18
294 1052 6
294 1103 10
294 1215 6
294 1261 16
294 1287 16
294 1851 10
294 1859 10
294 1953 16
294 1988 15
295 496 3
295 574 8
295 595 12
295 641 11
295 683 11
295 781 6
295 846 4
295 936 18
295 992 20
295 1080 12
295 1448 10
295 1651 8
295 1682 10
295 1705 19
295 1800 14
295 1915 20
296 391 8
296 519 11
296 648 16
296 676 12
296 698 11
296 924 8
296 927 4
296 1017 18
296 1199 14
296 1286 14
296 1295 19
296 1437 16
296 1453 16
296 1481 8
296 1652 12
296 1670 9
296 1837 5
297 340 7
297 379 5
297 394 10
297 572 12
297 640 1
297 703 2
297 824 8
297 861 1
297 1025 1
297 1067 7
297 1168 19
297 1205 4
297 1561 2
297 1694 3
297 1710 9
297 1821 5
297 1837 9
297 1874 19
297 1934 14
298 313 4
298 473 1
298 673 19
298 755 20
298 822 5
298 953 16
298 977 19
298 1331 5
298 1567 5
298 1662 1
298 1709 9
298 1806 1
298 1833 17
298 1990 9
299 433 7
299 495 19
299 540 12
299 589 13
299 600 15
299 711 15
299 745 16
299 770 2
299 901 19
299 1021 5
299 1072 5
299 1199 4
299 1211 8
299 1248 14
299 1298 5
299 1374 9
299 1410 1
299 1523 12
299 1580 1
299 1722 16
299 1908 13
299 1948 5
299 1979 9
300 325 14
300 379 14
300 442 6
300 571 18
300 617 5
300 685 14
300 730 11
300 731 13
300 794 15
300 804 20
300 862 13
300 1072 15
300 1088 1
300 1452 17
300 1551 11
300 1844 5
300 1944 20
300 1965 18
300 1992 18
300 1994 8
301 356 3
301 396 18
301 430 19
301 649 6
301 716 10
301 784 7
301 798 15
301 843 16
301 852 4
301 940 16
301 1028 13
301 1032 13
301 1056 12
301 1078 20
301 1164 19
301 1230 10
301 1331 13
301 1342 10
301 1381 5
301 1474 14
301 1515 17
301 1516 14
301 1534 18
301 1890 17
301 1973 14
302 423 8
302 465 11
302 562 19
302 599 10
302 607 5
302 676 18
302 919 20
302 1012 3
302 1176 3
302 1214 1
302 1252 15
302 1367 1
302 1404 14
302 1459 8
302 1527 18
302 1554 17
302 1841 19
302 1846 9
302 1965 8
303 319 8
303 333 20
303 354 16
303 390 6
303 518 13
303 701 1
303 831 15
303 851 8
303 866 8
303 885 6
303 952 9
303 965 16
303 1148 2
303 1314 7
303 1365 16
303 1588 6
303 1596 9
303 1625 19
303 1626 8
303 1642 11
304 321 19
304 351 20
304 392 12
304 504 13
304 527 15
304 786 6
304 856 15
304 1120 5
304 1230 15
304 1398 9
304 1551 10
304 1709 2
304 1790 18
304 1956 9
305 434 19
305 472 7
305 689 6
305 697 13
305 792 10
305 806 18
305 877 12
305 888 14
305 950 12
305 1220 10
305 1247 15
305 1295 18
305 1303 18
305 1317 3
305 1346 11
305 1371 11
305 1403 14
305 1501 13
305 1610 9
305 1620 10
305 1696 2
306 318 7
306 639 5
306 1068 12
306 1161 10
306 1162 17
306 1170 15
306 1196 12
306 1274 15
306 1500 19
306 1537 4
306 1758 17
306 1790 10
306 1899 7
307 339 2
307 500 9
307 667 4
307 908 7
307 1041 14
307 1064 1
307 1191 17
307 1259 2
307 1850 16
308 460 5
308 579 8
308 585 16
308 591 4
308 650 2
308 664 5
308 746 9
308 758 14
308 800 12
308 992 19
308 1089 18
308 1109 12
308 1141 15
308 1198 18
308 1211 20
308 1222 18
308 1244 12
308 1287 13
308 1309 2
308 1340 13
308 1479 12
308 1616 17
308 1693 4
308 1719 18
308 1823 19
308 1895 7
308 1975 12
309 320 10
309 352 9
309 719 17
309 792 14
309 893 5
309 945 7
309 1042 15
309 1193 3
309 1302 18
309 1442 8
309 1461 12
309 1502 15
309 1786 16
309 1802 6
309 1853 10
309 1981 3
310 311 17
310 395 5
310 451 13
310 630 5
310 809 15
310 832 10
310 945 19
310 1065 12
310 1178 12
310 1242 7
310 1342 9
310 1373 1
310 1451 6
310 1535 12
310 1689 5
310 1742 9
310 1833 11
310 1914 5
311 528 17
311 1157 11
311 1192 15
311 1346 4
311 1366 1
311 1520 8
311 1597 11
311 1688 9
311 1706 15
311 1709 9
311 1767 9
312 391 9
312 458 2
312 463 12
312 521 5
312 595 4
312 682 9
312 751 17
312 759 10
312 972 19
312 1102 1
312 1346 11
312 1708 3
312 1811 3
312 1840 7
312 1966 10
313 324 20
313 391 10
313 451 9
313 572 10
313 863 1
313 993 3
313 1029 5
313 1143 10
313 1444 10
313 1577 15
313 1798 10
314 378 10
314 588 7
314 768 5
314 877 6
314 1007 2
314 1052 7
314 1162 8
314 1406 17
314 1435 6
314 1437 12
314 1547 10
314 1660 11
314 1734 15
314 1954 19
315 404 10
315 575 7
315 631 20
315 647 3
315 1045 17
315 1074 9
315 1088 17
315 1128 8
315 1276 16
315 1317 2
315 1337 20
315 1461 17
315 1546 20
315 1611 18
315 1616 5
315 1685 18
315 1870 13
316 415 1
316 560 11
316 705 8
316 772 3
316 983 12
316 1318 17
316 1467 16
316 1516 11
316 1856 10
316 1936 20
317 435 19
317 439 1
317 441 18
317 876 8
317 1001 8
317 1189 15
317 1347 12
317 1362 1
317 1469 14
317 1571 10
317 1644 11
317 1821 16
317 1894 16
317 1921 15
317 1923 2
318 382 11
318 518 16
318 636 10
318 789 3
318 936 17
318 1220 19
318 1242 10
318 1310 7
318 1426 11
318 1618 9
318 1883 5
319 367 20
319 597 1
319 718 10
319 875 8
319 1007 5
319 1083 18
319 1093 10
319 1115 2
319 1210 9
319 1223 6
319 1286 16
319 1625 9
319 1696 1
319 1782 9
319 1831 8
319 1859 6
319 1868 20
319 1920 4
319 1921 19
320 543 12
320 575 16
320 658 5
320 705 9
320 789 3
320 918 1
320 1007 14
320 1091 3
320 1211 10
320 1331 7
320 1368 5
320 1441 12
320 1565 2
320 1605 17
320 1631 5
320 1656 13
320 1761 5
320 1860 9
320 1911 6
320 1960 10
321 331 13
321 393 5
321 462 15
321 465 2
321 680 9
321 690 7
321 847 4
321 895 10
321 1388 13
321 1509 20
321 1649 1
321 1892 18
321 1895 6
321 1911 15
322 352 10
322 448 11
322 471 16
322 525 5
322 549 18
322 619 18
322 718 13
322 725 1
322 739 8
322 858 17
322 869 12
322 963 14
322 1071 19
322 1086 2
322 1163 7
322 1359 2
322 1495 19
322 1621 4
322 1643 11
322 1667 6
322 1723 13
322 1739 7
322 1767 18
322 1792 18
322 1843 7
322 1900 17
322 1959 3
322 1971 10
322 1981 2
322 1983 14
323 335 3
323 424 19
323 444 18
323 533 17
323 637 9
323 658 19
323 699 20
323 808 3
323 921 7
323 998 8
323 1037 1
323 1038 16
323 1093 4
323 1187 12
323 1275 20
323 1347 17
323 1415 4
323 1425 20
323 1623 16
323 1680 14
323 1724 11
323 1739 10
323 1764 10
323 1807 16
323 1850 17
323 1861 2
323 1954 12
323 1957 11
324 497 1
324 547 9
324 744 7
324 940 16
324 1010 5
324 1013 12
324 1017 9
324 1057 13
324 1072 19
324 1161 13
324 1210 12
324 1264 7
324 1503 18
324 1643 20
324 1675 13
324 1721 12
324 1737 1
324 1964 12
325 641 10
325 778 7
325 817 16
325 991 18
325 1023 5
325 1297 19
325 1332 7
325 1690 5
325 1756 4
325 1798 1
325 1862 3
325 1887 11
326 342 6
326 433 18
326 473 15
326 521 17
326 553 20
326 611 4
326 638 15
326 640 18
326 663 13
326 664 5
326 779 1
326 829 11
326 842 9
326 917 15
326 1012 16
326 1140 20
326 1187 11
326 1273 13
326 1346 16
326 1633 11
326 1638 9
326 1650 20
326 1737 17
326 1812 1
327 747 15
327 784 6
327 881 6
327 1116 7
327 1166 19
327 1178 7
327 1382 4
327 1443 18
327 1483 17
327 1485 16
327 1811 1
327 1861 10
327 1885 9
327 1895 9
327 1952 11
328 537 1
328 620 18
328 691 9
328 698 4
328 883 4
328 1039 12
328 1044 20
328 1056 13
328 1147 8
328 1203 16
328 1339 12
328 1408 18
328 1411 8
328 1428 5
328 1538 19
328 1553 11
328 1745 4
328 1912 3
329 542 13
329 583 14
329 784 18
329 788 20
329 920 4
329 1016 6
329 1079 11
329 1133 10
329 1276 8
329 1621 6
329 1851 12
329 1934 9
329 1960 3
330 359 13
330 455 8
330 770 3
330 781 19
330 816 1
330 925 19
330 928 19
330 1245 14
330 1278 12
330 1281 1
330 1403 5
330 1428 4
330 1548 4
330 1685 7
330 1748 11
330 1841 7
330 1853 8
330 1946 20
331 371 9
331 560 10
331 586 8
331 654 3
331 718 10
331 723 9
331 908 19
331 967 4
331 1018 20
331 1136 15
331 1186 13
331 1187 11
331 1245 16
331 1289 14
331 1308 20
331 1446 17
331 1932 13
331 1980 9
332 485 2
332 554 16
332 673 8
332 715 8
332 883 9
332 1097 11
332 1261 4
332 1347 20
332 1369 5
332 1537 12
332 1763 6
332 1838 10
332 1876 17
333 458 3
333 482 14
333 634 19
333 749 16
333 859 1
333 953 9
333 1151 1
333 1175 5
333 1293 2
333 1303 20
333 1380 9
333 1383 14
333 1506 3
333 1586 13
333 1596 19
333 1763 13
334 713 9
334 797 15
334 804 9
334 895 8
334 962 15
334 985 19
334 1011 15
334 1084 15
334 1147 20
334 1293 3
334 1360 19
334 1428 14
334 1468 18
334 1479 2
334 1824 20
334 1837 3
334 1838 18
334 1863 9
334 1878 18
335 354 15
335 477 5
335 725 6
335 845 10
335 849 8
335 1029 16
335 1073 20
335 1266 12
335 1327 15
335 1338 8
335 1422 13
335 1444 19
335 1980 10
336 533 8
336 651 11
336 697 14
336 699 1
336 772 19
336 888 1
336 946 16
336 1052 10
336 1246 5
336 1302 16
336 1642 11
336 1682 3
336 1863 4
336 1901 16
336 1965 16
337 431 10
337 590 14
337 618 7
337 708 10
337 1025 1
337 1079 20
337 1168 20
337 1218 20
337 1294 12
337 1503 7
337 1534 8
337 1669 5
337 1938 2
337 1957 1
338 475 12
338 508 19
338 538 18
338 576 6
338 624 19
338 680 18
338 729 20
338 873 20
338 1010 1
338 1048 4
338 1065 8
338 1066 15
338 1098 19
338 1118 17
338 1163 16
338 1193 11
338 1255 15
338 1276 10
338 1288 9
338 1338 7
338 1609 16
338 1795 4
338 1809 12
339 487 11
339 490 14
339 546 7
339 551 13
339 591 19
339 711 15
339 830 5
339 854 5
339 989 11
339 1041 17
339 1193 14
339 1194 13
339 1214 14
339 1274 9
339 1478 11
339 1700 5
339 1710 16
340 725 19
340 742 4
340 962 18
340 995 1
340 1023 17
340 1043 1
340 1145 1
340 1251 1
340 1277 20
340 1329 7
340 1510 17
340 1779 3
340 1828 7
340 1876 10
340 1929 14
341 542 12
341 560 17
341 648 16
341 790 16
341 818 18
341 1067 14
341 1155 12
341 1184 10
341 1212 3
341 1278 12
341 1551 2
341 1552 6
341 1637 14
341 1791 20
341 1893 15
342 347 18
342 383 19
342 431 14
342 513 18
342 1110 9
342 1309 15
342 1522 19
342 1605 9
342 1633 17
342 1637 18
342 1737 11
343 418 5
343 508 2
343 612 15
343 666 7
343 762 3
343 893 3
343 979 13
343 1292 2
343 1345 11
343 1431 5
343 1473 16
343 1483 14
343 1489 16
343 1723 2
343 1764 2
343 1901 14
343 1916 1
343 1928 3
343 1943 16
344 360 19
344 451 18
344 456 1
344 534 6
344 555 19
344 840 16
344 917 14
344 939 20
344 1063 5
344 1154 12
344 1209 10
344 1324 4
344 1465 13
344 1479 7
344 1544 11
344 1556 7
344 1569 10
344 1682 14
344 1812 8
344 1878 6
344 1911 6
344 1959 7
344 1998 1
345 403 20
345 941 6
345 1160 17
345 1230 2
345 1249 7
345 1258 18
345 1262 1
345 1308 10
345 1457 10
345 1525 14
345 1816 3
345 1822 13
345 1846 7
345 1988 1
346 356 11
346 556 1
346 594 14
346 765 17
346 826 2
346 945 7
346 1141 11
346 1405 10
346 1558 5
346 1836 5
346 1887 1
346 1961 7
346 1999 19
347 363 2
347 391 13
347 394 10
347 472 10
347 529 7
347 550 11
347 628 20
347 796 6
347 1096 1
347 1131 20
347 1267 2
347 1293 6
347 1441 9
347 1545 14
347 1632 10
347 1821 5
348 371 10
348 425 14
348 427 20
348 561 8
348 579 6
348 593 13
348 634 17
348 791 15
348 802 16
348 825 12
348 854 12
348 870 7
348 922 7
348 981 1
348 1128 16
348 1222 4
348 1281 6
348 1532 18
348 1601 3
348 1632 19
348 1682 3
348 1763 10
348 1834 13
348 1866 17
348 1913 3
349 460 15
349 474 18
349 713 7
349 735 17
349 1049 14
349 1065 1
349 1073 13
349 1394 15
349 1473 2
349 1512 4
349 1538 18
349 1583 1
349 1792 7
349 1815 3
349 1920 9
349 1942 8
349 1945 4
350 395 13
350 501 15
350 697 12
350 703 9
350 751 20
350 785 14
350 810 19
350 852 15
350 858 8
350 1070 5
350 1078 20
350 1096 11
350 1098 7
350 1214 5
350 1228 9
350 1263 17
350 1325 13
350 1477 7
350 1530 11
350 1564 11
350 1672 17
350 1810 19
351 385 7
351 421 11
351 524 12
351 643 12
351 709 8
351 929 8
351 1074 6
351 1171 6
351 1213 8
351 1302 4
351 1320 5
351 1326 10
351 1389 17
351 1544 10
351 1554 2
351 1648 16
352 431 9
352 594 10
352 791 2
352 834 18
352 924 14
352 956 20
352 971 5
352 1000 14
352 1052 17
352 1254 3
352 1348 6
352 1414 3
352 1491 12
352 1503 20
352 1536 10
352 1728 18
352 1755 3
352 1799 4
352 1836 15
352 1900 16
352 1907 15
353 412 19
353 463 18
353 504 20
353 538 12
353 612 14
353 649 10
353 777 2
353 974 20
353 1013 7
353 1030 18
353 1079 11
353 1211 18
353 1309 17
353 1477 16
353 1588 4
353 1619 11
353 1749 12
353 1875 14
353 1991 18
354 436 16
354 470 5
354 1015 19
354 1022 8
354 1099 9
354 1148 9
354 1212 15
354 1221 12
354 1321 3
354 1414 17
354 1432 15
354 1435 7
354 1489 19
354 1498 10
354 1510 15
354 1753 20
354 1880 19
354 1903 14
354 1924 20
355 370 5
355 412 5
355 649 1
355 716 15
355 771 2
355 775 16
355 807 13
355 1059 6
355 1296 17
355 1374 20
355 1392 3
355 1400 2
355 1402 1
355 1458 5
355 1497 4
355 1634 2
355 1682 16
355 1691 13
355 1720 7
355 1764 19
355 1784 10
355 1852 1
355 1911 3
356 650 18
356 731 12
356 855 19
356 977 11
356 1052 7
356 1124 15
356 1164 19
356 1227 15
356 1389 17
356 1402 3
356 1456 14
356 1673 19
356 1759 1
356 1768 20
356 1775 17
356 1896 16
357 359 7
357 381 18
357 445 10
357 555 15
357 559 9
357 645 19
357 665 4
357 705 7
357 825 2
357 872 18
357 1014 9
357 1052 15
357 1136 15
357 1139 18
357 1171 7
357 1199 8
357 1502 17
357 1983 18
358 602 7
358 770 1
358 867 9
358 1015 11
358 1066 7
358 1119 12
358 1159 14
358 1211 14
358 1306 1
358 1396 9
358 1529 15
358 1626 10
358 1649 4
358 1669 9
358 1917 1
359 382 17
359 428 12
359 544 10
359 740 10
359 782 9
359 853 8
359 951 20
359 979 11
359 1010 11
359 1165 16
359 1335 1
359 1415 13
359 1627 12
359 1630 17
359 1698 16
359 1722 3
359 1774 7
359 1814 3
359 1879 19
360 400 10
360 553 5
360 613 8
360 802 10
360 1157 9
360 1298 9
360 1318 1
360 1536 4
360 1691 19
360 1756 10
360 1760 20
360 1879 9
361 384 2
361 705 5
361 774 5
361 830 14
361 860 9
361 865 8
361 880 8
361 1134 3
361 1142 18
361 1338 1
361 1562 2
361 1574 6
361 1577 2
361 1612 6
361 1727 10
361 1762 8
361 1881 6
362 363 5
362 385 16
362 456 10
362 557 6
362 710 18
362 811 16
362 912 3
362 934 18
362 1034 3
362 1037 15
362 1066 5
362 1097 15
362 1120 10
362 1136 1
362 1154 11
362 1318 10
362 1459 11
362 1745 13
362 1828 14
362 1911 16
362 1948 8
362 1953 12
362 1991 15
362 1994 8
363 367 4
363 471 6
363 475 10
363 783 12
363 787 3
363 788 15
363 844 19
363 870 5
363 901 2
363 907 3
363 1200 19
363 1286 2
363 1484 10
363 1530 4
363 1616 3
363 1732 2
363 1741 20
363 1809 6
363 1876 19
363 1942 19
364 402 14
364 410 19
364 489 6
364 498 2
364 528 6
364 705 6
364 733 3
364 873 6
364 1115 3
364 1403 13
364 1643 1
364 1710 11
364 1714 18
364 1881 18
365 467 19
365 538 15
365 1034 6
365 1120 5
365 1178 5
365 1266 20
365 1527 19
365 1529 16
365 1553 11
365 1639 4
365 1652 9
365 1854 3
365 1877 8
365 1935 15
365 1977 7
366 393 16
366 464 10
366 506 13
366 795 12
366 869 1
366 991 6
366 1109 16
366 1126 4
366 1163 11
366 1251 1
366 1274 11
366 1387 15
366 1720 1
366 1892 6
366 1930 9
367 431 17
367 454 6
367 692 1
367 726 7
367 902 17
367 927 8
367 1010 15
367 1135 6
367 1299 8
367 1396 13
367 1700 9
367 1961 15
368 372 17
368 417 19
368 472 15
368 612 3
368 743 20
368 779 3
368 861 11
368 871 16
368 1043 14
368 1061 19
368 1445 9
368 1558 12
368 1655 15
368 1840 9
369 455 11
369 936 7
369 1204 3
369 1269 13
369 1384 20
369 1457 16
369 1547 6
369 1625 12
369 1801 12
370 381 17
370 617 13
370 660 14
370 704 13
370 873 9
370 1108 3
370 1123 7
370 1135 13
370 1359 1
370 1373 1
370 1469 1
370 1652 18
370 1840 15
370 1901 4
371 381 19
371 562 19
371 716 6
371 754 11
371 934 7
371 1115 2
371 1457 4
371 1528 13
371 1549 6
371 1770 8
371 1815 11
371 1913 16
371 1921 19
372 383 5
372 560 16
372 594 4
372 612 10
372 656 4
372 761 4
372 846 1
372 916 11
372 957 5
372 1179 2
372 1229 6
372 1626 1
372 1904 7
373 498 17
373 523 17
373 549 10
373 580 9
373 718 10
373 818 6
373 1003 16
373 1058 1
373 1112 9
373 1199 4
373 1313 11
373 1578 20
373 1703 2
373 1797 4
373 1814 17
373 1950 3
373 1954 18
373 1967 20
374 400 2
374 413 7
374 420 15
374 474 11
374 572 2
374 612 7
374 761 1
374 799 9
374 1053 9
374 1097 17
374 1166 9
374 1208 4
374 1218 10
374 1428 15
374 1498 11
374 1524 18
374 1570 15
374 1580 14
374 1586 9
374 1685 6
374 1732 3
374 1817 11
374 1848 3
374 1856 4
374 1889 11
375 379 11
375 510 18
375 732 7
375 737 18
375 799 3
375 902 7
375 1015 14
375 1073 16
375 1138 2
375 1254 13
375 1286 2
375 1333 19
375 1370 13
375 1455 12
375 1493 16
375 1626 18
375 1642 1
375 1668 1
375 1788 11
375 1811 12
375 1894 13
375 1989 20
376 514 13
376 618 6
376 685 6
376 980 9
376 997 4
376 1098 4
376 1221 14
376 1318 13
376 1377 7
376 1449 18
376 1503 11
376 1532 2
376 1782 7
376 1802 8
376 1978 12
376 1988 13
376 1999 16
377 419 9
377 730 4
377 843 13
377 848 7
377 857 15
377 874 14
377 933 20
377 1024 18
377 1059 4
377 1076 17
377 1103 2
377 1105 10
377 1244 18
377 1276 11
377 1684 18
377 1798 1
377 1850 14
377 1961 5
378 463 2
378 577 8
378 776 15
378 787 10
378 803 4
378 898 17
378 938 8
378 1243 7
378 1315 9
378 1320 8
378 1325 2
378 1801 16
379 398 11
379 408 13
379 505 19
379 521 19
379 621 17
379 684 11
379 716 13
379 803 16
379 884 9
379 1150 13
379 1154 2
379 1269 2
379 1374 1
379 1448 13
379 1530 4
379 1656 5
379 1741 9
379 1937 11
379 1996 16
380 592 1
380 892 10
380 1052 14
380 1186 10
380 1295 10
380 1403 20
380 1404 12
380 1684 5
380 1790 12
380 1881 5
380 1887 16
380 1900 6
381 406 16
381 462 8
381 501 12
381 558 19
381 703 17
381 724 12
381 863 12
381 864 9
381 1154 14
381 1303 19
381 1417 13
381 1816 6
381 1900 12
381 1933 15
381 1934 18
382 424 5
382 502 16
382 691 19
382 850 10
382 975 12
382 987 4
382 1113 15
382 1148 6
382 1166 10
382 1282 5
382 1435 9
382 1447 16
382 1516 14
382 1570 5
382 1705 15
382 1794 2
383 496 19
383 517 17
383 531 18
383 730 20
383 867 10
383 939 5
383 1046 13
383 1115 11
383 1193 14
383 1254 8
383 1451 12
383 1497 7
383 1699 18
383 1730 17
383 1736 5
383 1838 7
383 1868 1
383 1932 20
384 386 7
384 403 9
384 549 3
384 817 20
384 848 9
384 1016 2
384 1026 12
384 1075 5
384 1113 15
384 1222 3
384 1338 1
384 1346 6
384 1357 14
384 1368 10
384 1431 2
384 1472 2
384 1570 4
384 1621 19
384 1976 6
385 444 3
385 721 12
385 833 16
385 913 9
385 1186 2
385 1297 20
385 1525 1
385 1700 5
385 1887 15
386 405 3
386 581 2
386 945 11
386 962 8
386 1173 2
386 1298 11
386 1365 10
386 1439 13
386 1726 17
386 1761 7
386 1798 15
386 1802 18
387 469 17
387 646 10
387 1085 1
387 1183 1
387 1185 16
387 1274 19
387 1533 13
387 1644 3
387 1694 13
387 1722 8
387 1729 20
387 1860 12
388 410 18
388 460 8
388 478 5
388 601 4
388 690 9
388 851 11
388 899 15
388 954 15
388 995 8
388 1054 3
388 1188 19
388 1200 19
388 1385 19
388 1386 19
388 1495 6
388 1501 13
388 1525 10
388 1543 15
388 1572 13
388 1586 13
388 1617 20
388 1672 3
388 1704 4
388 1743 14
388 1758 12
388 1762 3
388 1802 16
388 1840 3
388 1915 13
388 1939 6
389 523 15
389 624 16
389 1123 2
389 1142 1
389 1277 12
389 1314 10
389 1432 3
389 1610 2
389 1618 17
389 1756 12
389 1985 20
390 510 13
390 605 1
390 652 12
390 718 13
390 760 6
390 889 4
390 998 9
390 1082 9
390 1103 11
390 1116 13
390 1188 2
390 1456 2
390 1464 11
390 1515 14
390 1579 20
390 1746 12
390 1761 18
390 1779 9
390 1782 9
390 1804 5
391 399 10
391 579 4
391 583 7
391 609 7
391 965 13
391 1022 12
391 1285 19
391 1329 12
391 1549 6
391 1762 8
391 1838 4
391 1853 1
391 1922 15
392 462 4
392 485 10
392 560 17
392 587 9
392 652 17
392 775 15
392 778 6
392 952 8
392 1061 8
392 1147 14
392 1167 11
392 1177 15
392 1383 8
392 1416 18
392 1476 10
392 1537 15
392 1593 8
392 1683 7
392 1885 19
393 405 19
393 584 15
393 735 19
393 755 18
393 1022 8
393 1028 6
393 1169 11
393 1278 20
393 1327 1
393 1389 15
393 1534 9
393 1568 6
393 1593 13
393 1647 15
393 1717 12
393 1771 4
393 1983 8
394 435 9
394 518 10
394 566 13
394 930 1
394 1216 19
394 1217 3
394 1421 5
394 1527 11
394 1560 14
394 1681 16
394 1865 2
394 1922 13
394 1936 11
395 424 20
395 435 17
395 506 8
395 817 2
395 985 19
395 1019 13
395 1104 7
395 1125 6
395 1270 3
395 1751 12
395 1914 4
395 1920 3
395 1989 17
396 567 7
396 701 9
396 1070 8
396 1137 13
396 1395 10
396 1454 7
396 1515 14
396 1595 7
396 1686 14
396 1702 8
396 1736 7
396 1770 13
396 1809 6
397 595 18
397 629 19
397 755 9
397 758 12
397 905 4
397 1321 20
397 1367 1
397 1377 12
397 1698 8
397 1839 20
398 490 9
398 632 6
398 834 8
398 972 2
398 1008 8
398 1050 5
398 1054 13
398 1061 16
398 1075 7
398 1088 13
398 1114 11
398 1193 9
398 1327 8
398 1368 8
398 1397 9
398 1415 13
398 1449 12
398 1465 20
398 1474 16
398 1478 2
398 1564 8
398 1833 6
398 1935 11
398 1979 13
399 497 1
399 539 18
399 554 13
399 603 5
399 604 6
399 680 18
399 704 6
399 738 13
399 740 7
399 780 9
399 790 4
399 1029 12
399 1159 12
399 1311 19
399 1368 5
399 1526 1
399 1554 12
399 1556 19
399 1670 8
399 1719 12
399 1841 2
400 411 11
400 419 15
400 756 2
400 793 11
400 798 14
400 846 13
400 908 9
400 1008 10
400 1147 1
400 1186 13
400 1237 5
400 1310 7
400 1333 6
400 1341 2
400 1532 14
400 1656 6
400 1688 8
400 1694 5
400 1772 20
401 713 11
401 772 6
401 875 18
401 971 18
401 1035 2
401 1112 16
401 1114 2
401 1154 18
401 1342 19
401 1446 7
401 1654 18
401 1660 2
401 1732 14
401 1767 8
401 1828 9
401 1852 18
401 1942 9
402 573 12
402 1075 17
402 1147 11
402 1181 14
402 1190 15
402 1262 19
402 1376 13
402 1410 19
402 1502 6
402 1520 12
402 1533 7
402 1541 20
402 1631 14
402 1713 16
402 1716 7
402 1830 1
403 487 20
403 523 8
403 537 9
403 643 12
403 694 6
403 712 14
403 740 3
403 987 9
403 999 17
403 1071 15
403 1106 14
403 1169 13
403 1179 18
403 1230 11
403 1253 12
403 1278 9
403 1407 13
403 1492 4
403 1532 5
403 1558 16
403 1772 3
403 1816 17
403 1911 17
403 1935 15
404 420 13
404 452 13
404 461 13
404 487 14
404 507 4
404 682 9
404 834 14
404 962 16
404 982 5
404 991 10
404 1025 8
404 1029 2
404 1051 1
404 1273 9
404 1319 2
404 1331 11
404 1399 4
404 1426 6
404 1504 7
404 1510 18
404 1516 3
404 1604 16
404 1624 16
404 1710 15
404 1726 18
404 1789 20
404 1849 19
405 411 12
405 459 20
405 511 15
405 779 13
405 816 18
405 841 2
405 928 11
405 998 12
405 1053 12
405 1144 12
405 1157 6
405 1453 3
405 1566 11
405 1597 7
405 1734 16
405 1749 6
405 1975 9
406 448 17
406 470 16
406 704 17
406 896 8
406 899 14
406 999 4
406 1046 2
406 1189 20
406 1221 12
406 1277 16
406 1365 14
406 1369 11
406 1377 20
406 1470 12
406 1571 12
406 1662 6
406 1676 15
406 1823 6
406 1842 19
406 1937 11
407 418 17
407 541 4
407 559 4
407 693 13
407 706 16
407 719 19
407 721 11
407 872 7
407 994 9
407 1032 2
407 1137 11
407 1394 11
407 1493 2
407 1516 13
407 1610 4
407 1613 18
407 1619 17
407 1637 14
407 1695 12
407 1731 7
407 1849 15
407 1888 13
407 1966 10
408 626 1
408 699 16
408 715 15
408 774 9
408 793 14
408 985 20
408 1004 3
408 1047 3
408 1106 15
408 1114 18
408 1118 16
408 1119 5
408 1256 3
408 1269 17
408 1348 18
408 1523 14
408 1526 2
408 1536 9
408 1595 5
408 1657 10
408 1753 18
408 1877 15
408 1900 15
409 605 14
409 620 13
409 636 10
409 805 9
409 903 14
409 979 5
409 981 4
409 1080 1
409 1136 18
409 1215 16
409 1218 10
409 1336 6
409 1433 2
409 1453 19
409 1527 17
409 1699 17
409 1790 16
409 1841 16
409 1972 13
410 572 18
410 596 5
410 608 4
410 634 2
410 1108 15
410 1118 8
410 1411 12
410 1483 4
410 1490 2
410 1525 4
410 1717 7
411 428 6
411 434 18
411 545 10
411 572 13
411 1004 15
411 1042 2
411 1060 4
411 1071 13
411 1460 11
411 1472 16
411 1506 19
411 1527 9
411 1801 10
412 492 7
412 513 1
412 660 19
412 759 14
412 813 15
412 1008 17
412 1125 19
412 1137 1
412 1191 9
412 1530 18
412 1640 19
412 1686 14
412 1738 15
412 1747 11
412 1867 6
413 821 19
413 1103 10
413 1161 7
413 1187 3
413 1289 6
413 1455 12
413 1471 9
413 1480 12
413 1526 12
413 1779 20
414 574 17
414 669 16
414 706 8
414 941 8
414 954 6
414 1121 9
414 1127 18
414 1133 13
414 1305 8
414 1347 11
414 1412 14
414 1417 16
414 1443 5
414 1470 5
414 1743 16
414 1789 2
415 585 12
415 606 20
415 871 7
415 923 20
415 957 13
415 1221 9
415 1399 15
415 1555 11
415 1621 9
415 1669 12
415 1690 12
415 1765 10
415 1767 9
415 1942 4
416 606 11
416 702 19
416 719 17
416 761 14
416 765 12
416 839 2
416 847 15
416 970 7
416 997 10
416 1327 16
416 1376 17
416 1386 14
416 1391 16
416 1548 1
416 1604 19
416 1647 4
416 1652 5
416 1738 15
416 1774 2
417 458 14
417 546 18
417 583 16
417 593 13
417 795 5
417 836 13
417 1234 6
417 1538 9
417 1839 1
418 500 3
418 510 2
418 584 8
418 665 16
418 713 17
418 739 11
418 805 13
418 868 3
418 916 17
418 944 18
418 1118 19
418 1178 6
418 1338 12
418 1569 7
418 1940 9
418 1999 10
419 439 19
419 478 12
419 520 3
419 563 8
419 648 11
419 846 18
419 949 10
419 960 18
419 1065 17
419 1091 1
419 1123 2
419 1127 6
419 1271 9
419 1381 20
419 1426 18
419 1563 5
419 1900 10
420 449 13
420 786 6
420 1016 19
420 1132 10
420 1137 19
420 1206 13
420 1308 11
420 1628 12
420 1643 10
420 1684 1
420 1731 16
421 447 5
421 454 19
421 544 4
421 617 11
421 654 14
421 718 11
421 722 5
421 931 14
421 1000 11
421 1207 5
421 1362 14
421 1685 2
421 1998 4
422 649 6
422 755 12
422 780 4
422 932 4
422 965 12
422 1020 5
422 1091 10
422 1268 5
422 1493 16
422 1524 12
422 1611 17
422 1726 20
422 1730 12
422 1739 3
422 1743 20
422 1802 11
422 1824 17
422 1876 12
422 1993 19
423 437 12
423 491 15
423 764 15
423 825 2
423 981 13
423 1017 1
423 1043 1
423 1046 7
423 1209 7
423 1267 10
423 1518 15
423 1561 1
423 1597 18
423 1637 7
424 503 20
424 513 14
424 519 8
424 728 12
424 863 4
424 879 12
424 884 6
424 975 9
424 1117 5
424 1347 2
424 1457 16
424 1602 12
424 1645 15
424 1688 4
424 1875 4
424 1933 9
425 658 19
425 699 5
425 755 15
425 955 11
425 1160 19
425 1275 19
425 1412 16
425 1478 4
425 1528 1
425 1710 2
425 1813 16
425 1940 4
426 461 5
426 465 11
426 484 5
426 487 5
426 669 7
426 1342 4
426 1420 5
426 1493 15
426 1686 14
426 1849 11
426 1892 10
427 637 8
427 640 15
427 726 1
427 729 3
427 786 8
427 815 19
427 872 9
427 920 8
427 986 1
427 1068 18
427 1134 11
427 1310 20
427 1567 10
427 1615 14
427 1621 19
427 1870 4
428 492 15
428 523 13
428 551 20
428 608 16
428 842 6
428 879 13
428 966 4
428 1013 16
428 1291 9
428 1296 20
428 1399 7
428 1631 20
428 1637 2
428 1733 17
428 1777 2
428 1829 18
428 1870 16
428 1903 9
429 550 16
429 1314 18
429 1391 11
429 1560 15
429 1618 12
429 1625 3
429 1668 3
429 1682 15
429 1825 13
429 1896 2
430 661 10
430 725 13
430 806 13
430 1060 5
430 1532 8
430 1595 13
430 1800 2
430 1832 13
430 1876 6
430 1921 20
430 1987 8
431 659 17
431 785 10
431 793 14
431 913 17
431 923 19
431 1163 4
431 1180 2
431 1324 10
431 1547 9
431 1683 7
431 1691 18
432 446 15
432 534 15
432 609 19
432 708 4
432 845 12
432 1088 17
432 1236 15
432 1293 13
432 1563 8
432 1595 4
432 1617 12
432 1623 19
432 1729 12
433 536 3
433 561 11
433 928 7
433 931 6
433 1032 12
433 1455 6
433 1515 20
433 1770 16
433 1802 12
433 1803 12
434 607 4
434 634 20
434 636 3
434 825 13
434 1142 10
434 1168 3
434 1199 2
434 1269 17
434 1366 1
434 1375 16
434 1406 17
434 1472 1
434 1515 3
434 1694 5
434 1849 16
434 1950 12
435 469 17
435 504 16
435 537 4
435 589 15
435 736 15
435 750 19
435 976 5
435 993 10
435 1046 18
435 1052 1
435 1092 12
435 1202 17
435 1358 6
435 1388 18
435 1667 2
435 1720 10
435 1743 19
435 1939 11
436 463 15
436 491 5
436 506 16
436 564 12
436 596 8
436 675 4
436 873 9
436 949 17
436 989 14
436 1041 3
436 1111 1
436 1139 5
436 1170 6
436 1235 2
436 1464 15
436 1490 10
436 1620 12
436 1780 19
436 1793 15
436 1811 13
436 1938 3
436 1955 19
437 539 1
437 680 4
437 809 1
437 916 10
437 928 19
437 1009 11
437 1085 10
437 1090 4
437 1143 10
437 1252 5
437 1404 10
437 1415 20
437 1425 1
437 1489 6
437 1501 10
437 1604 6
437 1656 12
437 1723 15
437 1950 17
438 486 20
438 654 11
438 700 20
438 745 17
438 790 12
438 879 19
438 1250 5
438 1556 16
438 1668 19
438 1711 10
438 1728 13
438 1737 1
438 1793 10
439 770 18
439 791 19
439 817 17
439 1033 17
439 1079 6
439 1125 11
439 1163 13
439 1286 18
439 1459 7
439 1540 4
439 1598 2
439 1620 20
439 1665 14
439 1802 8
440 442 18
440 506 15
440 529 14
440 587 11
440 661 6
440 677 3
440 736 16
440 743 16
440 796 13
440 973 4
440 982 14
440 1021 4
440 1287 3
440 1555 14
440 1712 11
440 1717 15
440 1755 7
440 1763 5
440 1858 7
440 1867 7
440 1932 14
441 484 17
441 530 20
441 581 19
441 585 1
441 711 10
441 734 20
441 762 17
441 827 9
441 852 17
441 910 20
441 942 10
441 984 12
441 1026 16
441 1105 8
441 1338 4
441 1567 14
441 1610 15
441 1625 3
441 1639 2
441 1653 13
441 1656 18
442 502 2
442 659 7
442 670 10
442 984 4
442 1003 8
442 1012 13
442 1148 12
442 1171 7
442 1216 16
442 1281 5
442 1287 5
442 1508 3
442 1537 17
442 1550 1
442 1694 19
442 1910 1
443 675 19
443 738 20
443 881 17
443 915 4
443 1131 11
443 1267 15
443 1316 4
443 1322 15
443 1438 11
443 1467 12
443 1565 4
443 1669 5
443 1738 8
443 1988 3
444 467 2
444 766 13
444 893 6
444 973 19
444 1005 12
444 1204 5
444 1284 18
444 1395 5
444 1418 16
444 1485 11
444 1507 14
444 1756 5
444 1838 6
444 1883 20
445 532 11
445 661 19
445 820 13
445 856 15
445 1215 5
445 1689 20
445 1690 17
445 1760 15
445 1788 19
445 1875 5
445 1925 4
445 1951 1
445 1981 10
446 456 13
446 641 10
446 646 14
446 778 8
446 798 13
446 899 20
446 947 18
446 948 15
446 1052 7
446 1082 20
446 1211 15
446 1296 4
446 1434 19
446 1497 15
446 1548 13
446 1608 3
446 1677 2
446 1699 3
447 477 12
447 502 6
447 729 4
447 837 19
447 855 3
447 1259 15
447 1297 19
447 1353 8
447 1465 1
447 1493 14
447 1495 2
447 1551 11
447 1558 20
447 1751 3
448 504 19
448 517 14
448 519 20
448 533 2
448 573 17
448 724 4
448 816 12
448 875 14
448 1152 3
448 1399 12
448 1435 19
448 1481 16
448 1485 14
448 1499 17
448 1549 1
448 1671 11
448 1894 17
448 1996 5
449 867 16
449 1059 7
449 1126 5
449 1137 14
449 1218 1
449 1431 19
449 1529 19
449 1625 8
449 1635 11
449 1671 1
450 808 6
450 835 7
450 837 4
450 933 19
450 1013 10
450 1029 1
450 1206 10
450 1249 18
450 1273 11
450 1317 12
450 1812 18
450 1880 11
450 1897 13
450 1965 5
451 623 2
451 834 3
451 1065 19
451 1067 16
451 1089 3
451 1250 3
451 1256 2
451 1375 11
451 1507 8
451 1813 2
451 1879 5
451 1931 10
451 1941 2
452 799 15
452 821 11
452 979 11
452 992 15
452 1134 13
452 1144 7
452 1280 18
452 1288 1
452 1397 5
452 1466 12
452 1584 10
452 1598 19
452 1664 5
452 1732 1
452 1869 3
453 495 15
453 655 8
453 769 13
453 909 3
453 1020 17
453 1149 7
453 1285 4
453 1332 1
453 1539 19
453 1743 19
453 1965 10
454 474 15
454 572 7
454 600 6
454 886 6
454 898 12
454 935 1
454 1102 12
454 1218 13
454 1376 3
454 1619 12
454 1630 3
454 1663 17
454 1818 10
455 1132 6
455 1136 8
455 1140 7
455 1307 5
455 1359 17
455 1516 18
455 1542 5
455 1564 10
455 1598 16
455 1790 15
455 1846 3
456 473 6
456 476 20
456 480 8
456 527 15
456 528 6
456 532 13
456 584 10
456 660 6
456 737 1
456 1192 3
456 1216 13
456 1257 18
456 1286 2
456 1331 10
456 1372 1
456 1483 6
456 1520 16
456 1602 8
456 1605 18
456 1696 13
456 1759 13
456 1957 6
456 1971 9
457 463 5
457 539 17
457 563 18
457 583 4
457 705 2
457 770 17
457 812 13
457 879 19
457 897 2
457 910 11
457 969 3
457 995 17
457 1111 20
457 1151 16
457 1296 10
457 1307 7
457 1617 7
457 1736 4
457 1947 10
458 474 19
458 513 13
458 559 15
458 746 19
458 752 8
458 844 6
458 1016 20
458 1155 8
458 1379 8
458 1512 1
458 1707 16
458 1799 13
458 1918 1
459 501 2
459 532 7
459 698 3
459 711 12
459 786 8
459 808 10
459 916 3
459 1144 11
459 1317 9
459 1382 3
459 1444 4
459 1591 17
459 1609 9
459 1649 13
459 1797 10
460 1096 18
460 1189 5
460 1363 11
460 1438 2
460 1570 2
460 1598 10
460 1681 16
460 1710 15
460 1857 20
460 1936 4
461 718 10
461 732 11
461 783 19
461 867 11
461 1156 4
461 1160 16
461 1175 16
461 1296 6
461 1316 15
461 1317 18
461 1352 3
461 1400 6
461 1412 1
461 1521 20
461 1528 6
461 1916 14
461 1961 13
462 481 7
462 535 17
462 563 15
462 699 18
462 751 16
462 758 18
462 827 17
462 1225 8
462 1430 10
462 1431 17
462 1435 12
462 1535 11
462 1663 15
462 1699 3
462 1711 20
462 1714 10
462 1811 8
462 1828 10
462 1901 15
462 1904 18
462 1977 13
462 1993 11
463 578 6
463 611 16
463 619 10
463 668 7
463 704 15
463 739 3
463 814 14
463 995 14
463 1102 14
463 1230 8
463 1271 7
463 1333 12
463 1381 12
463 1477 18
463 1599 11
463 1672 20
463 1738 11
463 1925 16
463 1942 7
464 505 11
464 788 13
464 941 19
464 954 17
464 1046 6
464 1191 15
464 1273 6
464 1368 19
464 1621 11
464 1711 8
464 1800 3
465 482 13
465 646 7
465 731 19
465 862 14
465 884 3
465 1057 15
465 1088 14
465 1200 15
465 1212 13
465 1420 5
465 1460 18
465 1506 2
465 1593 3
465 1623 6
465 1661 10
465 1679 6
465 1689 9
465 1700 20
465 1873 5
465 1978 18
466 471 15
466 852 5
466 949 5
466 1102 13
466 1211 17
466 1355 1
466 1600 7
466 1601 16
466 1734 16
466 1744 15
466 1751 5
466 1815 14
466 1848 7
466 1855 15
466 1886 15
466 1895 7
467 561 13
467 775 14
467 888 7
467 991 9
467 1141 20
467 1364 14
467 1501 7
467 1577 20
467 1647 11
467 1964 4
468 694 17
468 728 2
468 1079 19
468 1144 4
468 1194 17
468 1197 4
468 1204 9
468 1205 2
468 1242 7
468 1447 19
468 1614 5
468 1670 20
468 1761 8
468 1778 19
468 1819 2
469 592 18
469 787 7
469 994 2
469 1234 18
469 1240 18
469 1249 6
469 1408 2
469 1451 12
469 1786 15
469 1973 13
470 546 15
470 568 3
470 585 17
470 615 18
470 674 8
470 994 12
470 1300 1
470 1343 8
470 1359 12
470 1471 10
471 523 9
471 559 5
471 576 8
471 699 13
471 848 1
471 1032 12
471 1356 1
471 1752 19
471 1928 2
472 526 15
472 556 20
472 574 13
472 606 5
472 685 3
472 1020 5
472 1060 1
472 1166 16
472 1278 3
472 1359 19
472 1369 19
472 1415 13
472 1489 8
472 1492 20
473 567 14
473 577 12
473 727 7
473 735 4
473 775 5
473 936 2
473 1299 9
473 1308 1
473 1433 18
473 1457 19
473 1536 6
473 1942 1
474 566 19
474 603 6
474 627 11
474 672 3
474 739 9
474 807 10
474 910 14
474 937 16
474 959 3
474 1044 18
474 1125 15
474 1197 12
474 1215 20
474 1253 11
474 1285 3
474 1400 17
474 1718 17
474 1992 16
475 713 14
475 740 20
475 742 5
475 768 18
475 874 11
475 1069 7
475 1074 1
475 1345 9
475 1631 3
475 1649 8
475 1722 8
475 1845 17
475 1938 12
476 480 12
476 598 16
476 695 4
476 713 11
476 733 12
476 798 14
476 830 18
476 916 9
476 963 13
476 965 19
476 1403 20
476 1435 3
476 1821 2
477 537 8
477 779 1
477 822 1
477 926 15
477 944 2
477 1191 8
477 1366 14
477 1398 8
477 1408 4
477 1451 17
477 1691 8
477 1727 5
478 561 19
478 893 8
478 977 20
478 1041 19
478 1089 11
478 1150 18
478 1175 11
478 1386 20
478 1405 4
478 1457 11
478 1506 4
478 1638 11
478 1684 10
478 1740 6
478 1796 1
478 1859 14
478 1984 3
479 670 12
479 833 2
479 907 12
479 925 9
479 1073 18
479 1214 5
479 1504 6
479 1754 14
479 1777 1
479 1828 18
479 1888 10
480 484 17
480 535 11
480 568 5
480 587 5
480 700 6
480 794 19
480 896 11
480 928 10
480 979 20
480 986 20
480 1362 13
480 1467 16
480 1474 20
480 1587 20
480 1682 1
480 1725 18
480 1816 1
480 1830 12
480 1831 12
481 490 16
481 493 16
481 632 1
481 674 14
481 849 5
481 955 8
481 1072 5
481 1154 8
481 1187 7
481 1248 13
481 1372 17
481 1452 15
481 1542 20
481 1734 15
481 1897 15
482 487 2
482 503 2
482 563 12
482 677 19
482 916 7
482 999 16
482 1018 20
482 1044 9
482 1098 13
482 1336 6
482 1346 15
482 1438 4
482 1532 17
482 1561 11
482 1610 7
482 1653 7
482 1660 16
482 1778 15
482 1796 11
482 1876 11
482 1914 16
483 536 10
483 755 14
483 780 18
483 1082 17
483 1206 13
483 1321 14
483 1651 20
483 1767 7
484 571 7
484 596 5
484 651 10
484 785 18
484 994 8
484 1025 18
484 1044 7
484 1065 10
484 1069 20
484 1145 3
484 1152 11
484 1245 2
484 1248 13
484 1540 9
484 1705 14
484 1728 20
484 1859 16
484 1881 20
484 1919 11
485 584 16
485 787 5
485 998 17
485 1029 19
485 1189 20
485 1225 7
485 1295 5
485 1515 17
485 1537 9
485 1604 8
485 1808 3
485 1930 15
486 511 2
486 801 6
486 817 7
486 886 3
486 1048 3
486 1106 1
486 1177 15
486 1494 20
486 1565 11
486 1615 3
486 1767 18
486 1787 16
486 1876 2
487 504 7
487 511 7
487 624 10
487 657 19
487 682 19
487 726 6
487 777 7
487 829 5
487 857 14
487 868 3
487 967 19
487 986 20
487 1450 3
487 1474 11
487 1500 11
487 1736 19
487 1790 5
487 1936 1
488 495 20
488 1209 8
488 1394 11
488 1431 9
488 1552 3
488 1697 1
488 1739 15
488 1815 10
488 1825 10
488 1944 14
489 532 20
489 566 9
489 663 8
489 764 11
489 870 19
489 899 20
489 1345 5
489 1388 20
489 1444 5
489 1522 18
489 1711 15
489 1874 13
490 590 11
490 659 9
490 672 11
490 707 6
490 731 10
490 865 13
490 986 15
490 1053 14
490 1313 10
490 1333 1
490 1405 16
490 1489 19
490 1821 8
490 1924 2
491 708 1
491 763 19
491 1120 18
491 1288 20
491 1410 18
491 1542 17
491 1620 18
491 1671 2
491 1749 13
491 1838 16
491 1902 1
491 1924 14
491 1984 6
492 562 3
492 656 5
492 772 9
492 879 12
492 924 7
492 1040 13
492 1061 17
492 1194 1
492 1375 5
492 1434 2
492 1501 15
492 1771 20
492 1903 17
493 500 4
493 698 19
493 718 4
493 723 11
493 926 1
493 1160 4
493 1204 12
493 1236 7
493 1343 9
493 1459 2
493 1475 18
493 1490 18
493 1730 4
493 1753 1
493 1865 3
493 1885 11
493 1901 15
493 1947 4
494 640 4
494 777 20
494 909 13
494 1007 5
494 1026 1
494 1227 2
494 1247 3
494 1302 9
494 1724 14
494 1730 8
494 1801 8
494 1814 19
495 607 8
495 613 2
495 615 5
495 740 6
495 1032 16
495 1142 2
495 1326 7
495 1363 14
495 1419 7
495 1420 12
495 1539 20
495 1741 16
495 1948 10
495 1970 1
495 1980 6
496 542 12
496 606 4
496 693 20
496 1063 14
496 1220 9
496 1223 13
496 1331 18
496 1534 15
496 1562 13
496 1837 5
496 1883 7
496 1918 3
496 1995 19
497 538 2
497 567 19
497 675 14
497 739 8
497 785 4
497 1097 11
497 1337 8
497 1344 16
497 1584 6
497 1591 18
497 1835 13
497 1914 14
497 1954 6
498 661 2
498 724 19
498 815 15
498 865 5
498 892 19
498 919 9
498 968 5
498 1035 5
498 1159 8
498 1198 9
498 1397 14
498 1431 12
498 1580 9
498 1651 11
498 1889 19
498 1912 15
498 1957 9
498 1991 16
499 556 15
499 691 5
499 695 8
499 813 9
499 829 17
499 957 17
499 1270 18
499 1271 5
499 1307 10
499 1322 15
499 1443 4
499 1530 10
499 1534 7
499 1798 8
499 1808 7
499 1842 14
499 1924 18
500 661 19
500 698 4
500 749 16
500 808 11
500 848 5
500 870 9
500 1035 2
500 1075 16
500 1104 20
500 1179 7
500 1288 14
500 1394 2
500 1411 4
500 1508 16
500 1673 1
500 1913 19
500 1979 15
501 698 17
501 980 2
501 995 2
501 1002 6
501 1069 1
501 1210 15
501 1334 2
501 1340 6
501 1476 8
501 1534 17
501 1549 3
501 1578 9
501 1637 4
501 1708 1
501 1805 10
501 1896 16
501 1923 1
502 531 7
502 651 11
502 774 20
502 792 18
502 905 13
502 941 1
502 973 1
502 1130 14
502 1283 19
502 1313 19
502 1529 9
502 1576 3
502 1612 13
502 1840 19
502 1929 6
502 1939 6
502 1950 7
503 550 12
503 625 5
503 661 13
503 683 8
503 754 2
503 831 9
503 872 7
503 922 18
503 1049 11
503 1121 20
503 1218 16
503 1468 7
503 1599 6
503 1658 7
503 1694 20
503 1767 6
503 1804 13
504 923 12
504 1552 13
504 1573 5
504 1809 16
504 1832 10
504 1863 5
505 517 17
505 533 13
505 545 7
505 807 3
505 841 20
505 904 12
505 927 19
505 1004 13
505 1080 7
505 1173 17
505 1215 3
505 1218 9
505 1261 13
505 1377 17
505 1441 9
505 1474 3
505 1524 4
505 1581 11
505 1676 11
505 1729 17
505 1802 17
505 1818 19
506 524 11
506 571 18
506 708 19
506 725 6
506 731 12
506 1047 6
506 1467 14
506 1500 19
506 1543 13
506 1552 19
506 1590 4
506 1655 2
506 1659 3
506 1780 13
506 1800 15
507 576 18
507 680 5
507 693 17
507 716 17
507 864 13
507 918 11
507 1055 5
507 1092 1
507 1153 12
507 1210 12
507 1390 2
507 1409 2
507 1421 3
507 1511 2
507 1527 13
507 1680 6
507 1749 17
507 1807 18
507 1909 12
508 732 7
508 738 3
508 803 18
508 923 18
508 941 9
508 1220 5
508 1326 7
508 1397 9
508 1569 2
508 1659 9
508 1810 14
508 1827 1
508 1946 13
509 595 1
509 622 14
509 689 15
509 947 19
509 1154 18
509 1220 3
509 1501 17
509 1558 10
509 1869 4
510 542 7
510 742 17
510 860 14
510 883 7
510 952 7
510 1106 10
510 1296 8
510 1371 19
510 1437 7
510 1459 2
510 1469 10
510 1506 7
510 1528 3
510 1633 10
510 1901 14
511 531 13
511 562 15
511 778 7
511 837 1
511 868 5
511 947 20
511 1164 2
511 1233 5
511 1270 12
511 1274 11
511 1317 6
511 1412 4
511 1611 7
511 1677 4
511 1752 4
511 1821 16
511 1859 14
511 1907 1
512 568 15
512 606 11
512 786 3
512 937 18
512 1000 13
512 1142 2
512 1180 2
512 1237 12
512 1247 16
512 1521 9
512 1622 1
512 1691 3
512 1704 5
512 1847 7
512 1862 4
512 1922 17
512 1942 10
512 1971 17
513 652 2
513 891 12
513 1068 18
513 1163 15
513 1169 10
513 1202 7
513 1267 5
513 1288 8
513 1424 3
513 1499 13
513 1822 13
513 1828 19
513 1949 1
514 575 16
514 993 6
514 1117 8
514 1178 10
514 1441 3
514 1564 6
514 1649 14
514 1799 16
514 1807 11
514 1903 13
515 529 8
515 704 15
515 769 9
515 918 5
515 932 3
515 933 3
515 1011 2
515 1232 7
515 1275 14
515 1280 3
515 1320 13
515 1382 11
515 1572 7
515 1576 7
515 1657 18
515 1709 9
515 1784 14
515 1801 12
515 1892 13
516 543 8
516 794 3
516 803 19
516 870 17
516 934 11
516 1242 14
516 1258 7
516 1369 2
516 1410 14
516 1444 15
516 1497 4
516 1582 1
516 1872 17
516 1881 14
517 623 7
517 657 2
517 829 11
517 917 11
517 1084 15
517 1285 18
517 1406 11
517 1473 10
517 1543 2
517 1629 8
517 1643 3
517 1666 20
517 1685 17
517 1709 20
517 1749 7
517 1759 18
518 579 10
518 752 16
518 774 9
518 782 20
518 846 1
518 1027 13
518 1105 4
518 1250 12
518 1299 10
518 1351 11
518 1401 15
518 1548 20
518 1618 17
518 1621 6
518 1649 6
518 1716 19
518 1728 13
518 1803 14
519 566 3
519 602 2
519 843 8
519 1030 11
519 1100 13
519 1143 13
519 1252 12
519 1267 2
519 1289 12
519 1353 15
519 1451 18
519 1643 12
519 1662 20
519 1703 9
519 1800 20
519 1843 6
520 613 10
520 615 6
520 643 8
520 647 1
520 670 13
520 716 17
520 901 19
520 1010 19
520 1256 15
520 1309 10
520 1363 13
520 1483 5
520 1511 15
520 1737 8
520 1960 2
520 1976 7
521 607 1
521 647 1
521 683 7
521 744 9
521 1132 2
521 1179 9
521 1182 4
521 1304 6
521 1314 16
521 1329 4
521 1335 12
521 1370 1
521 1567 1
521 1585 18
521 1909 2
522 603 18
522 613 13
522 822 17
522 834 11
522 872 9
522 1029 17
522 1081 9
522 1238 19
522 1259 11
522 1325 18
522 1372 8
522 1455 9
522 1482 15
522 1484 15
522 1490 18
522 1581 5
522 1715 20
522 1960 20
523 828 16
523 932 6
523 955 2
523 1079 15
523 1189 13
523 1264 19
523 1268 18
523 1280 3
523 1309 10
523 1396 9
523 1648 17
523 1771 4
523 1802 4
523 1849 15
523 1949 7
523 1953 5
524 576 16
524 598 14
524 731 3
524 826 20
524 835 20
524 838 17
524 904 18
524 914 7
524 950 15
524 1252 2
524 1285 11
524 1315 1
524 1414 16
524 1669 13
524 1681 12
524 1696 8
524 1813 20
524 1829 14
525 563 4
525 574 12
525 587 13
525 667 16
525 687 10
525 698 10
525 870 6
525 909 8
525 1001 17
525 1117 17
525 1148 7
525 1166 12
525 1199 4
525 1342 17
525 1441 20
525 1491 5
525 1523 20
525 1535 5
525 1597 12
525 1876 2
525 1900 1
525 1985 17
526 575 20
526 820 8
526 995 9
526 1147 12
526 1374 19
526 1477 12
526 1564 1
526 1752 18
527 569 8
527 632 18
527 669 7
527 738 11
527 789 5
527 960 16
527 970 9
527 1096 5
527 1192 10
527 1209 2
527 1226 5
527 1455 12
527 1526 8
527 1542 17
527 1553 7
527 1727 2
527 1775 6
527 1789 15
527 1805 15
527 1832 4
527 1834 10
527 1840 9
528 644 12
528 668 11
528 756 7
528 1244 1
528 1272 18
528 1274 15
528 1329 13
528 1373 2
528 1374 12
528 1381 5
528 1429 9
528 1689 4
528 1728 19
528 1741 3
528 1770 4
529 534 16
529 676 5
529 1067 1
529 1131 20
529 1150 19
529 1402 1
529 1471 6
529 1742 15
529 1787 3
529 1799 2
529 1923 8
529 1973 18
530 597 11
530 601 4
530 700 13
530 910 13
530 1081 9
530 1154 6
530 1690 3
530 1722 2
530 1771 10
530 1865 13
530 1923 5
531 556 3
531 767 12
531 845 17
531 996 3
531 1039 18
531 1060 17
531 1120 18
531 1134 13
531 1174 9
531 1185 4
531 1568 6
531 1722 16
531 1846 20
531 1905 2
532 762 2
532 789 8
532 791 1
532 837 18
532 932 18
532 1156 8
532 1331 9
532 1347 6
532 1367 19
532 1466 9
532 1554 14
532 1975 9
533 544 19
533 550 17
533 562 13
533 679 14
533 830 16
533 993 18
533 1024 5
533 1102 1
533 1150 6
533 1181 9
533 1466 15
533 1533 6
533 1584 2
533 1808 16
533 1811 19
533 1829 17
533 1847 6
533 1856 9
533 1867 12
533 1980 11
534 661 4
534 717 8
534 1138 2
534 1139 19
534 1367 9
534 1525 13
534 1659 18
534 1701 20
534 1816 7
535 547 10
535 596 5
535 686 10
535 765 2
535 847 13
535 1248 20
535 1349 12
535 1351 2
535 1389 4
535 1534 19
535 1783 10
535 1892 9
535 1956 13
536 608 20
536 706 10
536 1112 19
536 1150 8
536 1293 17
536 1294 9
536 1456 15
536 1500 17
536 1733 6
536 1810 5
536 1924 15
537 736 12
537 862 7
537 1132 7
537 1164 14
537 1327 11
537 1376 3
537 1445 12
537 1458 8
537 1672 8
538 546 15
538 583 9
538 896 9
538 1003 1
538 1109 7
538 1135 1
538 1159 11
538 1165 4
538 1459 9
538 1589 7
538 1641 14
538 1781 15
538 1853 12
538 1870 17
539 850 7
539 898 16
539 946 11
539 1031 3
539 1190 15
539 1191 1
539 1482 5
540 665 11
540 905 6
540 912 19
540 1037 8
540 1046 11
540 1053 14
540 1081 2
540 1190 8
540 1271 15
540 1435 9
540 1738 17
540 1764 16
540 1881 2
541 605 16
541 741 1
541 983 12
541 1052 20
541 1091 19
541 1133 6
541 1151 13
541 1248 8
541 1330 19
541 1562 4
541 1649 18
541 1692 3
541 1744 7
541 1907 16
542 777 6
542 785 12
542 794 4
542 929 19
542 1073 12
542 1088 12
542 1132 2
542 1208 18
542 1225 20
542 1239 11
542 1313 11
542 1322 6
542 1502 8
542 1529 14
542 1585 3
542 1889 5
543 583 8
543 648 10
543 776 9
543 929 5
543 1128 17
543 1189 15
543 1234 12
543 1266 2
543 1483 14
543 1593 5
543 1615 4
543 1619 6
543 1629 6
543 1640 15
543 1642 10
543 1700 16
543 1745 4
543 1908 17
543 1972 6
544 559 6
544 694 7
544 1020 19
544 1049 19
544 1183 4
544 1299 14
544 1317 16
544 1391 18
544 1612 17
544 1735 13
544 1828 10
544 1913 19
545 615 4
545 640 5
545 686 5
545 701 9
545 752 7
545 1079 5
545 1125 13
545 1370 3
545 1538 11
545 1704 7
545 1707 6
545 1712 8
545 1837 5
545 1848 11
545 1946 8
546 710 1
546 714 7
546 729 3
546 734 7
546 806 16
546 832 7
546 905 2
546 967 7
546 1199 1
546 1522 14
546 1584 11
546 1600 7
546 1606 19
546 1785 7
546 1932 5
546 1975 3
547 569 15
547 587 9
547 626 3
547 658 14
547 941 13
547 1168 12
547 1248 16
547 1259 14
547 1419 5
547 1455 1
547 1465 4
547 1507 9
547 1508 18
547 1525 8
547 1564 3
547 1590 20
547 1612 14
547 1678 18
547 1823 12
547 1970 13
548 550 1
548 557 17
548 632 18
548 775 8
548 885 9
548 1229 3
548 1439 16
548 1604 13
548 1755 12
548 1843 6
549 608 4
549 698 14
549 968 13
549 1053 6
549 1103 12
549 1253 13
549 1318 13
549 1541 8
549 1721 20
549 1782 5
549 1955 17
549 1962 16
549 1967 18
549 1988 14
550 805 13
550 836 18
550 924 6
550 1046 17
550 1364 6
550 1377 11
550 1392 10
550 1408 16
550 1469 6
550 1549 6
550 1567 5
550 1730 2
550 1739 9
550 1763 1
551 570 7
551 649 1
551 856 19
551 951 19
551 1229 17
551 1246 10
551 1257 20
551 1280 15
551 1502 1
551 1550 19
551 1766 13
552 557 19
552 695 10
552 993 11
552 1024 10
552 1052 12
552 1138 6
552 1234 9
552 1475 11
552 1750 1
552 1776 4
553 953 5
553 966 20
553 983 7
553 987 13
553 1070 2
553 1124 20
553 1268 9
553 1553 7
553 1698 2
553 1748 4
553 1771 14
554 614 18
554 705 11
554 811 7
554 871 17
554 872 19
554 968 13
554 1040 17
554 1063 5
554 1117 1
554 1193 15
554 1201 11
554 1298 2
554 1310 10
554 1424 4
554 1488 10
554 1563 7
554 1608 12
554 1639 3
554 1935 8
555 751 7
555 829 5
555 917 3
555 924 20
555 1062 8
555 1155 16
555 1171 11
555 1311 10
555 1317 17
555 1371 19
555 1455 20
555 1799 16
556 571 13
556 666 14
556 800 17
556 1179 20
556 1236 14
556 1378 12
556 1385 7
556 1432 15
556 1709 14
556 1812 5
556 1820 20
557 559 9
557 574 16
557 649 1
557 732 13
557 1108 10
557 1134 19
557 1179 14
557 1217 1
557 1376 12
557 1381 7
557 1404 8
557 1711 3
557 1882 11
558 565 17
558 627 8
558 1516 14
558 1530 14
558 1638 8
558 1655 17
558 1690 19
558 1790 9
558 1850 13
558 1983 6
558 1989 10
559 630 6
559 699 3
559 745 15
559 838 19
559 844 11
559 1241 2
559 1403 8
559 1510 15
559 1708 16
559 1711 17
559 1727 2
559 1820 20
559 1832 10
559 1982 15
560 683 1
560 828 1
560 1014 16
560 1023 19
560 1209 13
560 1244 7
560 1288 10
560 1331 18
560 1357 4
560 1566 10
560 1600 8
560 1607 14
560 1669 20
560 1833 4
560 1861 6
560 1894 6
560 1935 10
560 1937 17
561 592 19
561 703 19
561 937 10
561 1021 6
561 1031 19
561 1053 11
561 1083 14
561 1162 18
561 1261 1
561 1357 1
561 1411 2
561 1588 13
561 1593 15
561 1707 10
561 1776 7
561 1862 5
562 708 2
562 822 4
562 862 15
562 918 4
562 923 4
562 960 16
562 1188 13
562 1234 9
562 1345 10
562 1392 18
562 1395 13
562 1407 4
562 1414 11
562 1461 2
562 1465 15
562 1614 10
562 1623 16
562 1626 17
562 1818 1
562 1909 8
563 631 8
563 837 20
563 854 10
563 910 4
563 1048 3
563 1061 16
563 1133 3
563 1293 19
563 1374 8
563 1388 7
563 1396 19
563 1534 13
563 1810 15
563 1814 3
563 1869 8
563 1926 16
564 718 20
564 897 3
564 944 9
564 956 5
564 961 17
564 994 11
564 1021 17
564 1072 13
564 1159 3
564 1356 20
564 1521 18
564 1590 17
564 1604 18
564 1685 4
564 1791 16
564 1804 5
564 1874 1
564 1913 3
565 687 12
565 779 8
565 788 13
565 1184 14
565 1643 17
565 1649 7
565 1720 15
565 1817 1
565 1970 14
566 578 10
566 619 15
566 667 17
566 730 6
566 912 7
566 950 1
566 956 4
566 979 8
566 1081 15
566 1095 5
566 1125 2
566 1490 19
566 1779 19
567 569 11
567 947 4
567 1076 2
567 1168 20
567 1299 16
567 1319 11
567 1348 11
567 1516 14
567 1557 13
567 1587 3
567 1639 5
567 1711 15
567 1782 4
568 605 19
568 948 13
568 986 3
568 1195 16
568 1204 3
568 1252 11
568 1402 2
568 1500 11
568 1525 5
568 1831 11
568 1900 4
568 1902 5
568 1906 19
568 1987 4
569 869 1
569 904 13
569 932 11
569 943 13
569 1023 5
569 1090 5
569 1155 9
569 1245 16
569 1390 15
569 1460 16
569 1466 7
569 1569 17
569 1666 2
569 1817 20
569 1915 18
569 1974 19
570 715 9
570 776 17
570 1100 11
570 1103 19
570 1196 2
570 1213 4
570 1224 5
570 1267 18
570 1451 8
570 1563 4
570 1898 13
570 1933 11
570 1943 15
571 724 6
571 844 11
571 1012 16
571 1021 10
571 1135 14
571 1160 16
571 1180 20
571 1251 5
571 1297 1
571 1456 4
571 1527 1
571 1556 8
571 1585 13
571 1704 6
572 579 8
572 712 18
572 906 20
572 911 18
572 1029 15
572 1043 11
572 1050 18
572 1419 7
572 1427 2
573 631 1
573 940 18
573 968 12
573 1090 13
573 1168 4
573 1272 11
573 1288 12
573 1490 11
573 1638 19
573 1706 7
573 1850 18
573 1891 18
573 1981 15
574 626 8
574 632 3
574 651 5
574 772 19
574 834 10
574 906 3
574 954 7
574 1039 11
574 1123 4
574 1174 6
574 1357 15
574 1366 14
574 1548 15
574 1594 2
574 1598 1
574 1626 20
574 1628 2
574 1666 7
574 1690 4
574 1833 7
574 1846 4
574 1912 10
575 801 6
575 901 7
575 1286 14
575 1310 12
575 1493 11
575 1591 1
575 1704 7
575 1707 3
576 654 4
576 658 3
576 1003 1
576 1043 12
576 1251 17
576 1541 3
576 1605 4
576 1607 8
576 1756 14
576 1936 17
576 1978 14
577 601 5
577 625 19
577 765 10
577 808 17
577 882 11
577 964 1
577 977 3
577 1040 6
577 1105 16
577 1174 6
577 1317 13
577 1334 18
577 1550 19
577 1743 19
577 1893 5
578 614 13
578 673 6
578 1009 11
578 1142 14
578 1166 12
578 1228 8
578 1246 4
578 1724 3
578 1848 10
578 1879 10
578 1983 20
579 603 15
579 801 18
579 998 15
579 1030 14
579 1033 14
579 1148 8
579 1151 13
579 1247 16
579 1425 5
579 1455 4
579 1958 2
579 1972 3
580 666 10
580 762 1
580 766 5
580 793 15
580 846 2
580 1014 16
580 1116 2
580 1157 9
580 1171 16
580 1223 3
580 1233 16
580 1417 17
580 1450 18
580 1646 15
580 1758 13
580 1800 7
580 1814 5
580 1885 1
581 668 18
581 680 7
581 865 17
581 894 13
581 935 12
581 961 19
581 1068 3
581 1314 6
581 1419 10
581 1630 18
581 1783 18
581 1801 8
581 1813 11
581 1901 16
582 631 2
582 707 1
582 802 8
582 820 19
582 977 19
582 983 15
582 1050 14
582 1188 12
582 1410 11
582 1440 13
582 1914 15
583 731 9
583 735 8
583 770 12
583 773 19
583 904 13
583 968 5
583 1021 16
583 1214 3
583 1265 9
583 1271 19
583 1296 15
583 1307 19
583 1423 10
583 1561 19
583 1617 11
583 1860 9
583 1922 20
584 614 18
584 625 14
584 728 15
584 805 4
584 926 2
584 1010 13
584 1391 10
584 1482 14
584 1503 12
584 1537 16
584 1595 5
584 1676 2
584 1766 14
584 1819 16
584 1952 8
585 716 15
585 831 20
585 890 3
585 1016 8
585 1108 5
585 1363 17
585 1463 13
585 1487 14
585 1554 14
585 1658 20
585 1716 1
585 1852 16
585 1908 6
586 622 1
586 626 20
586 850 11
586 938 6
586 968 16
586 978 1
586 985 4
586 1184 19
586 1311 2
586 1411 14
586 1502 5
586 1837 9
587 616 9
587 664 4
587 763 1
587 1159 9
587 1251 14
587 1324 2
587 1343 14
587 1394 6
587 1568 18
587 1714 10
587 1767 2
587 1950 13
587 1957 13
587 1969 11
588 596 19
588 795 1
588 906 4
588 956 9
588 982 1
588 1006 18
588 1017 5
588 1022 13
588 1052 8
588 1095 10
588 1097 18
588 1185 17
588 1191 4
588 1207 15
588 1487 18
588 1563 16
588 1567 12
588 1571 8
588 1581 3
588 1615 4
588 1723 10
588 1738 10
589 596 17
589 637 12
589 842 3
589 1037 11
589 1079 19
589 1194 20
589 1312 3
589 1361 15
589 1385 19
589 1503 13
589 1507 15
589 1637 19
589 1728 19
589 1729 20
589 1782 3
590 625 20
590 1136 19
590 1160 15
590 1284 2
590 1291 7
590 1450 20
590 1594 6
590 1764 3
590 1846 1
590 1931 4
590 1988 18
591 697 8
591 814 6
591 976 12
591 1099 16
591 1290 19
591 1317 6
591 1374 9
591 1377 5
591 1611 14
591 1686 9
591 1867 6
591 1991 7
591 1999 8
592 775 18
592 898 3
592 921 11
592 960 13
592 1220 15
592 1518 20
592 1724 4
592 1726 3
592 1772 16
592 1805 12
592 1809 19
592 1836 12
592 1838 3
592 1904 9
592 1906 8
592 1946 7
593 712 11
593 766 19
593 821 7
593 837 6
593 891 5
593 942 2
593 1003 16
593 1042 18
593 1056 20
593 1098 12
593 1209 18
593 1258 15
593 1418 19
593 1475 13
593 1772 11
593 1873 17
594 653 8
594 721 3
594 755 16
594 920 7
594 947 8
594 949 14
594 1031 18
594 1046 2
594 1146 3
594 1256 19
594 1324 14
594 1396 17
594 1688 1
594 1809 1
594 1965 2
595 639 15
595 881 17
595 903 14
595 936 2
595 945 7
595 985 10
595 987 8
595 988 16
595 1064 19
595 1122 11
595 1164 6
595 1180 11
595 1267 14
595 1314 17
595 1381 7
595 1419 10
595 1486 8
595 1575 7
595 1809 16
595 1815 12
595 1827 4
595 1833 12
595 1931 6
596 633 5
596 672 4
596 746 7
596 823 7
596 893 7
596 947 9
596 1219 6
596 1282 20
596 1454 9
596 1555 5
596 1685 8
596 1781 3
597 768 5
597 803 11
597 1005 14
597 1204 3
597 1586 11
598 677 16
598 748 17
598 784 6
598 817 16
598 926 18
598 1177 5
598 1226 14
598 1298 10
598 1360 12
598 1520 1
598 1793 3
598 1825 2
598 1863 14
598 1874 7
598 1948 17
599 671 1
599 737 16
599 743 1
599 807 12
599 854 13
599 982 4
599 1001 12
599 1088 2
599 1089 16
599 1435 11
599 1460 15
599 1722 20
599 1913 4
599 1955 8
599 1978 6
600 630 2
600 637 6
600 642 12
600 661 9
600 750 2
600 903 2
600 1096 6
600 1174 4
600 1210 18
600 1324 2
600 1485 1
600 1634 19
600 1667 17
600 1756 15
600 1921 8
601 615 1
601 628 6
601 736 8
601 827 9
601 901 14
601 1211 13
601 1218 19
601 1401 16
601 1421 5
601 1725 5
601 1726 17
601 1730 10
602 722 15
602 766 15
602 938 8
602 1064 8
602 1091 13
602 1222 18
602 1350 17
602 1359 10
602 1410 7
602 1545 19
602 1672 2
602 1688 7
602 1698 5
602 1724 19
602 1726 11
602 1772 7
602 1978 11
602 1992 2
603 699 18
603 874 9
603 1081 17
603 1411 2
603 1494 13
603 1586 13
603 1648 12
603 1766 20
603 1865 15
603 1976 17
604 607 13
604 662 3
604 915 14
604 1066 15
604 1262 10
604 1291 3
604 1311 2
604 1344 4
604 1417 7
604 1682 12
605 622 17
605 643 16
605 678 18
605 752 15
605 1037 14
605 1079 18
605 1223 7
605 1291 7
605 1453 11
605 1505 4
606 723 12
606 773 12
606 915 9
606 944 7
606 1171 20
606 1181 13
606 1195 7
606 1528 5
606 1700 8
606 1766 1
606 1952 5
606 1977 18
607 665 16
607 799 3
607 814 19
607 940 14
607 999 6
607 1080 12
607 1124 7
607 1136 20
607 1159 16
607 1311 19
607 1484 7
607 1534 5
607 1728 7
607 1760 20
607 1784 19
607 1814 15
607 1876 10
607 1879 20
607 1987 18
608 614 13
608 657 1
608 852 4
608 1203 9
608 1336 4
608 1438 8
608 1529 20
608 1566 7
608 1589 20
608 1592 4
608 1676 20
608 1732 17
608 1756 15
608 1840 7
609 668 16
609 885 6
609 944 2
609 954 13
609 1009 10
609 1168 6
609 1276 14
609 1286 12
609 1296 18
609 1361 12
609 1419 18
609 1433 14
609 1486 3
609 1613 3
609 1705 10
609 1832 13
610 681 14
610 690 13
610 728 4
610 772 11
610 1027 15
610 1064 5
610 1155 12
610 1350 9
610 1580 14
610 1610 8
610 1751 15
610 1753 18
610 1798 7
610 1806 5
610 1872 18
611 617 1
611 696 14
611 738 16
611 756 10
611 800 12
611 1072 11
611 1252 7
611 1277 17
611 1326 5
611 1339 6
611 1341 11
611 1469 11
611 1481 13
611 1618 12
611 1734 17
611 1873 3
611 1906 12
612 641 10
612 765 15
612 783 1
612 825 8
612 850 15
612 905 7
612 1040 5
612 1160 1
612 1172 17
612 1238 4
612 1241 12
612 1299 1
612 1306 5
612 1375 2
612 1391 14
612 1526 12
612 1551 5
612 1766 19
612 1779 2
612 1862 9
612 1985 11
613 637 11
613 646 17
613 682 13
613 714 6
613 1059 9
613 1231 5
613 1406 20
613 1445 13
613 1562 1
613 1569 17
613 1610 17
613 1655 18
613 1695 18
613 1876 8
613 1893 15
613 1986 4
613 1990 4
614 643 15
614 720 10
614 728 9
614 738 14
614 1067 10
614 1180 8
614 1382 12
614 1468 4
614 1537 8
614 1640 17
614 1676 15
614 1707 5
615 659 18
615 705 10
615 914 15
615 1140 10
615 1151 8
615 1407 16
615 1659 11
615 1675 12
615 1726 10
615 1744 17
615 1891 6
616 675 11
616 735 14
616 758 17
616 810 11
616 827 18
616 867 8
616 1347 15
616 1501 12
616 1581 6
616 1671 8
616 1733 3
616 1799 13
617 659 8
617 683 17
617 745 13
617 858 16
617 863 18
617 1287 1
617 1449 4
617 1550 14
617 1681 13
617 1945 19
617 1946 7
617 1985 7
618 804 14
618 870 12
618 928 10
618 1126 7
618 1338 3
618 1476 4
618 1490 13
618 1578 14
618 1696 1
618 1760 18
618 1893 14
618 1959 17
619 720 8
619 1010 13
619 1016 17
619 1055 17
619 1139 14
619 1360 20
619 1450 6
619 1596 13
619 1694 9
619 1741 1
619 1761 1
619 1764 20
619 1775 9
619 1907 14
619 1919 6
619 1930 20
619 1986 20
620 824 5
620 971 16
620 980 19
620 1131 1
620 1166 10
620 1188 13
620 1230 6
620 1394 10
620 1425 11
620 1562 10
620 1851 18
620 1894 5
620 1899 17
620 1920 11
620 1977 19
621 651 8
621 690 8
621 837 3
621 1011 12
621 1018 4
621 1160 17
621 1402 4
621 1526 10
621 1532 19
621 1904 8
621 1940 7
621 1941 20
621 1979 19
622 751 3
622 1012 6
622 1200 11
622 1465 18
622 1540 13
622 1615 13
622 1754 11
623 625 9
623 632 16
623 737 16
623 761 20
623 785 10
623 948 19
623 996 11
623 1159 18
623 1187 13
623 1193 18
623 1259 16
623 1383 15
623 1483 4
623 1664 1
623 1736 14
623 1825 5
623 1929 18
624 753 6
624 1130 2
624 1153 19
624 1423 13
624 1746 2
624 1829 6
624 1949 11
624 1956 8
625 736 9
625 770 2
625 937 18
625 1185 15
625 1209 16
625 1216 5
625 1409 20
625 1659 3
625 1665 3
625 1920 10
625 1959 2
625 1971 18
625 1981 7
626 644 19
626 659 4
626 714 11
626 754 4
626 847 7
626 878 3
626 957 12
626 1195 7
626 1289 10
626 1581 13
626 1881 15
626 1996 18
627 652 6
627 778 1
627 847 7
627 926 19
627 1123 20
627 1171 6
627 1181 18
627 1306 7
627 1356 2
627 1374 1
627 1622 5
627 1932 20
627 1981 9
627 1985 10
628 684 3
628 975 13
628 985 13
628 1114 18
628 1122 2
628 1131 8
628 1389 17
628 1569 1
628 1780 11
628 1829 10
629 882 9
629 929 15
629 1178 19
629 1208 9
629 1231 9
629 1386 6
629 1555 9
629 1583 7
629 1585 16
629 1601 15
630 768 17
630 810 20
630 857 16
630 863 3
630 905 19
630 1049 19
630 1209 5
630 1248 1
630 1445 5
630 1497 13
630 1525 2
630 1540 15
630 1648 20
630 1839 4
630 1902 2
631 680 14
631 775 6
631 807 15
631 844 9
631 848 11
631 922 6
631 1274 16
631 1373 14
631 1467 7
631 1568 4
631 1786 12
631 1854 17
631 1963 20
632 758 7
632 865 16
632 919 7
632 1037 2
632 1108 18
632 1328 17
632 1348 11
632 1529 2
632 1555 20
632 1589 5
632 1627 5
632 1721 4
632 1869 12
632 1925 16
633 738 8
633 762 13
633 771 12
633 941 18
633 1182 9
633 1254 7
633 1388 16
633 1392 13
633 1408 7
633 1489 6
633 1553 6
633 1783 12
633 1834 17
633 1860 7
633 1898 6
634 638 1
634 669 19
634 676 20
634 744 2
634 785 4
634 807 7
634 1198 16
634 1322 12
634 1518 4
634 1547 10
634 1776 17
634 1784 15
634 1810 2
634 1838 13
634 1950 13
634 1954 7
635 911 19
635 941 8
635 973 17
635 1003 10
635 1026 5
635 1036 15
635 1096 10
635 1176 3
635 1184 15
635 1552 10
635 1619 11
635 1627 10
635 1712 11
635 1857 5
636 652 3
636 681 3
636 933 11
636 943 9
636 1061 17
636 1287 14
636 1418 20
636 1433 12
636 1680 7
636 1798 3
636 1854 11
636 1958 12
637 728 1
637 836 15
637 1037 17
637 1142 18
637 1215 10
637 1239 20
637 1590 16
637 1621 17
637 1632 4
637 1842 7
637 1848 4
637 1925 11
637 1976 7
638 772 2
638 1073 2
638 1084 5
638 1206 9
638 1219 16
638 1289 10
638 1387 15
638 1390 6
638 1399 18
638 1866 8
638 1882 6
638 1883 15
639 690 10
639 691 16
639 728 4
639 992 1
639 1124 2
639 1223 4
639 1253 20
639 1341 1
639 1394 3
639 1404 2
639 1459 10
639 1472 17
639 1545 2
639 1556 10
639 1611 12
639 1628 4
639 1943 3
639 1958 16
640 914 8
640 948 19
640 1218 3
640 1401 3
640 1424 2
640 1489 16
640 1607 18
640 1718 20
640 1774 3
640 1945 12
640 1962 13
641 643 8
641 663 8
641 675 9
641 1012 1
641 1041 11
641 1155 10
641 1160 16
641 1421 4
641 1599 1
641 1613 16
641 1634 10
641 1731 13
641 1774 7
641 1901 15
641 1970 19
642 707 5
642 715 9
642 763 18
642 853 3
642 911 15
642 983 1
642 1084 12
642 1119 4
642 1149 5
642 1156 12
642 1197 4
642 1249 7
642 1275 20
642 1295 8
642 1330 16
642 1772 7
642 1881 11
642 1912 15
643 792 15
643 889 6
643 914 7
643 919 3
643 935 5
643 1068 7
643 1302 12
643 1613 18
643 1832 13
643 1966 13
644 648 5
644 672 15
644 805 12
644 951 3
644 1012 9
644 1116 3
644 1349 11
644 1445 9
644 1467 19
644 1624 5
644 1669 12
644 1703 3
644 1790 3
644 1865 19
644 1877 16
645 819 4
645 1030 15
645 1257 12
645 1340 9
645 1465 3
645 1490 17
645 1559 19
645 1601 1
645 1896 7
645 1949 15
645 1981 18
646 1018 6
646 1220 19
646 1690 19
646 1803 16
646 1818 1
647 797 11
647 872 20
647 999 20
647 1053 9
647 1170 1
647 1204 14
647 1409 20
647 1681 19
647 1833 11
647 1915 13
648 662 14
648 769 5
648 777 15
648 891 14
648 892 10
648 955 3
648 987 8
648 988 7
648 1115 3
648 1141 10
648 1211 3
648 1212 20
648 1281 14
648 1386 19
648 1553 18
648 1775 15
648 1855 2
648 1920 1
649 701 1
649 718 17
649 745 18
649 832 17
649 888 18
649 936 17
649 959 11
649 1011 16
649 1052 16
649 1111 15
649 1388 15
649 1404 2
649 1425 12
649 1450 13
649 1510 18
649 1538 2
649 1588 2
649 1626 16
649 1638 13
649 1751 1
649 1755 6
649 1855 13
650 675 5
650 810 7
650 831 1
650 883 5
650 925 10
650 1233 6
650 1266 19
650 1299 19
650 1379 17
650 1507 16
650 1924 6
651 703 19
651 789 16
651 858 9
651 864 18
651 886 17
651 1068 13
651 1097 12
651 1106 6
651 1346 10
651 1533 8
651 1594 1
651 1614 11
651 1717 14
651 1823 10
651 1986 9
652 693 10
652 943 5
652 962 6
652 992 8
652 1135 18
652 1140 1
652 1427 4
652 1554 1
652 1580 19
652 1664 15
652 1838 20
652 1953 9
653 771 18
653 1039 4
653 1040 17
653 1326 6
653 1363 19
653 1381 7
653 1606 19
653 1782 5
653 1850 6
653 1915 6
654 671 2
654 757 3
654 872 2
654 885 6
654 916 7
654 996 6
654 1005 17
654 1075 14
654 1221 15
654 1291 3
654 1416 8
654 1436 17
654 1473 13
654 1739 9
654 1743 14
654 1749 5
654 1852 14
654 1868 15
654 1895 18
655 776 18
655 816 4
655 1176 3
655 1190 1
655 1278 11
655 1309 2
655 1458 9
655 1574 6
655 1609 2
655 1757 17
655 1880 16
656 710 11
656 839 7
656 988 1
656 1040 17
656 1092 14
656 1290 10
656 1738 5
656 1776 20
656 1797 1
656 1804 7
656 1856 20
656 1921 2
656 1977 10
656 1989 5
657 764 17
657 881 2
657 1188 10
657 1326 1
657 1468 18
657 1711 15
657 1722 3
657 1747 10
657 1923 9
657 1931 19
658 765 8
658 787 19
658 814 1
658 816 11
658 866 18
658 949 16
658 1112 19
658 1160 20
658 1230 1
658 1286 11
658 1322 12
658 1430 17
658 1497 3
658 1586 20
658 1689 15
658 1733 1
658 1771 1
658 1809 8
658 1925 5
659 765 3
659 786 10
659 914 1
659 1015 8
659 1057 13
659 1175 12
659 1207 17
659 1379 17
659 1548 12
659 1553 9
659 1871 13
659 1885 20
659 1915 8
659 1926 8
659 1955 18
660 746 18
660 983 13
660 1013 12
660 1051 15
660 1114 4
660 1145 8
660 1243 3
660 1260 15
660 1569 8
660 1804 6
660 1823 5
660 1825 8
661 833 11
661 861 7
661 883 17
661 930 6
661 1112 11
661 1132 20
661 1183 19
661 1284 6
661 1541 12
661 1599 16
661 1608 9
661 1686 11
661 1730 8
661 1738 19
661 1850 14
662 835 18
662 854 18
662 954 6
662 1012 18
662 1103 15
662 1217 19
662 1394 3
662 1433 9
662 1496 3
662 1509 2
662 1607 5
662 1608 19
662 1928 20
662 1956 7
663 756 10
663 799 15
663 860 7
663 905 20
663 932 14
663 934 14
663 990 8
663 1045 9
663 1060 10
663 1120 9
663 1293 2
663 1560 14
663 1610 5
663 1623 2
663 1655 19
663 1732 17
663 1769 1
664 738 13
664 744 16
664 840 16
664 889 5
664 906 3
664 908 17
664 1034 15
664 1111 4
664 1164 11
664 1264 6
664 1322 9
664 1591 19
664 1773 6
664 1800 13
665 676 20
665 835 19
665 928 1
665 995 1
665 1061 16
665 1070 2
665 1134 20
665 1319 20
665 1506 15
665 1512 7
665 1537 2
665 1551 14
665 1853 16
666 733 10
666 785 6
666 961 18
666 1014 7
666 1035 11
666 1119 10
666 1235 10
666 1263 4
666 1302 5
666 1350 8
666 1389 3
666 1408 12
666 1424 17
666 1572 5
666 1893 12
667 852 5
667 965 12
667 973 13
667 1019 4
667 1159 5
667 1190 5
667 1434 3
667 1507 10
667 1786 11
668 672 19
668 875 4
668 1053 14
668 1082 9
668 1148 12
668 1175 20
668 1177 3
668 1292 9
668 1354 20
668 1449 10
668 1475 13
668 1593 14
668 1725 19
668 1800 1
668 1976 19
669 870 20
669 1142 3
669 1385 9
669 1436 7
669 1449 15
669 1462 1
669 1578 7
669 1803 6
669 1990 19
670 721 9
670 725 9
670 812 1
670 970 20
670 981 13
670 1112 2
670 1175 17
670 1546 8
670 1692 9
670 1696 12
670 1750 20
670 1930 12
671 760 1
671 797 5
671 882 18
671 1148 6
671 1160 10
671 1164 6
671 1282 17
671 1358 3
671 1436 7
671 1481 4
671 1488 19
671 1500 4
671 1701 13
671 1832 3
671 1862 2
672 930 10
672 949 2
672 1030 14
672 1432 4
672 1436 15
672 1573 18
672 1602 10
672 1649 2
672 1738 14
672 1770 8
673 714 16
673 900 12
673 1002 16
673 1051 14
673 1085 6
673 1124 20
673 1182 5
673 1554 16
673 1638 5
673 1714 8
673 1843 15
673 1926 19
673 1931 17
674 681 7
674 720 19
674 763 10
674 766 8
674 835 3
674 870 12
674 935 14
674 1008 3
674 1158 6
674 1257 16
674 1278 13
674 1295 20
674 1423 6
674 1612 1
674 1618 16
674 1798 7
674 1875 15
675 773 15
675 1326 8
675 1333 18
675 1644 3
675 1708 19
675 1764 13
675 1768 12
675 1781 11
675 1940 13
676 1006 18
676 1065 11
676 1072 7
676 1154 9
676 1157 4
676 1175 4
676 1243 11
676 1318 10
676 1334 6
676 1387 17
676 1439 13
676 1705 20
676 1711 13
676 1725 11
676 1779 8
676 1810 18
676 1917 12
676 1969 8
677 692 9
677 780 13
677 866 14
677 899 5
677 1135 20
677 1279 9
677 1290 2
677 1322 9
677 1339 20
677 1392 13
677 1489 11
677 1515 9
677 1594 17
677 1607 9
677 1684 16
677 1938 15
678 774 16
678 793 15
678 963 16
678 1006 15
678 1247 2
678 1256 12
678 1320 3
678 1925 18
678 1996 15
679 954 7
679 982 14
679 1007 1
679 1076 1
679 1234 16
679 1326 6
679 1362 18
679 1496 3
679 1520 10
679 1734 6
680 688 19
680 711 4
680 901 20
680 1239 16
680 1271 18
680 1317 14
680 1337 19
680 1414 4
680 1555 1
680 1903 13
680 1914 6
680 1915 1
681 963 2
681 1129 18
681 1308 7
681 1317 20
681 1389 2
681 1392 17
681 1520 13
681 1945 3
682 747 19
682 832 13
682 942 12
682 1011 10
682 1030 2
682 1084 11
682 1244 7
682 1291 18
682 1357 17
682 1397 4
682 1419 15
682 1465 15
682 1471 6
682 1917 10
683 851 18
683 892 10
683 973 15
683 1004 18
683 1074 8
683 1124 10
683 1141 9
683 1221 11
683 1439 2
683 1460 11
683 1613 12
683 1668 12
683 1678 13
683 1761 8
683 1768 13
683 1820 6
684 772 2
684 906 13
684 1005 2
684 1126 19
684 1215 2
684 1243 13
684 1594 6
684 1604 8
684 1753 14
684 1872 13
685 700 15
685 837 20
685 992 6
685 1104 16
685 1113 15
685 1183 8
685 1210 6
685 1248 14
685 1438 4
685 1450 13
685 1482 4
685 1583 12
685 1819 7
685 1971 10
686 730 1
686 795 5
686 938 12
686 968 2
686 1138 11
686 1324 11
686 1350 1
686 1501 17
686 1546 20
686 1703 13
686 1719 20
686 1806 16
686 1956 1
687 964 14
687 1132 14
687 1148 16
687 1189 17
687 1283 1
687 1415 1
687 1523 5
687 1552 17
687 1559 3
687 1728 20
687 1777 5
687 1845 18
688 723 9
688 1149 1
688 1299 9
688 1361 13
688 1550 18
688 1707 14
688 1833 8
688 1863 16
688 1881 13
689 715 2
689 813 9
689 853 20
689 995 1
689 1045 15
689 1100 1
689 1189 10
689 1210 4
689 1328 6
689 1331 13
689 1527 12
689 1941 19
689 1991 2
690 740 15
690 794 4
690 800 12
690 832 3
690 870 16
690 1001 6
690 1151 6
690 1162 19
690 1178 12
690 1257 9
690 1702 9
690 1712 10
690 1834 4
690 1920 5
691 1210 2
691 1236 11
691 1276 8
691 1368 11
691 1382 7
691 1384 14
691 1523 11
691 1626 6
691 1674 4
691 1720 17
691 1806 7
691 1832 10
691 1934 14
692 713 13
692 923 14
692 957 14
692 989 7
692 1051 17
692 1143 7
692 1231 15
692 1325 7
692 1444 20
692 1546 10
692 1558 3
692 1611 2
692 1727 2
692 1784 3
692 1867 4
692 1915 14
692 1923 12
692 1946 9
693 701 3
693 801 9
693 810 9
693 915 9
693 970 15
693 983 15
693 1021 1
693 1096 5
693 1099 10
693 1211 4
693 1230 6
693 1249 20
693 1472 9
693 1913 6
694 777 20
694 839 1
694 850 5
694 926 6
694 952 14
694 1038 16
694 1122 12
694 1136 15
694 1192 5
694 1325 11
694 1549 4
694 1552 13
694 1903 11
694 1985 17
695 886 4
695 944 9
695 1082 15
695 1095 12
695 1128 15
695 1145 11
695 1270 16
695 1286 14
695 1313 4
695 1336 19
695 1455 16
695 1494 17
695 1569 8
695 1879 11
695 1976 19
695 1982 11
696 830 13
696 1007 6
696 1012 5
696 1027 17
696 1600 15
696 1689 9
696 1758 7
696 1895 18
697 759 5
697 889 20
697 1058 18
697 1333 8
697 1518 14
697 1614 20
697 1656 3
697 1698 19
697 1720 8
697 1729 12
697 1957 19
698 850 3
698 867 6
698 1096 20
698 1120 4
698 1394 8
698 1431 20
698 1451 11
698 1455 11
698 1587 11
698 1900 13
699 745 13
699 965 6
699 1076 12
699 1183 9
699 1415 18
699 1444 7
699 1464 14
699 1473 8
699 1550 10
699 1610 1
699 1672 6
699 1754 13
699 1781 14
700 737 8
700 907 18
700 928 16
700 997 4
700 1308 7
700 1314 10
700 1442 19
700 1512 10
700 1607 3
700 1695 5
700 1698 2
700 1814 6
701 779 19
701 835 2
701 872 19
701 1013 17
701 1048 17
701 1057 1
701 1085 13
701 1168 20
701 1275 7
701 1590 13
701 1792 19
701 1817 16
701 1888 12
701 1906 9
701 1907 14
702 744 6
702 787 8
702 979 10
702 1050 5
702 1108 5
702 1130 3
702 1132 11
702 1154 15
702 1157 4
702 1460 11
702 1492 7
702 1501 18
702 1528 2
702 1530 19
702 1564 18
702 1707 1
702 1713 6
702 1785 6
702 1816 9
703 930 8
703 943 8
703 964 10
703 1132 7
703 1160 12
703 1268 2
703 1307 16
703 1308 9
703 1341 19
703 1394 6
703 1412 8
703 1566 8
703 1740 6
703 1817 16
703 1860 4
703 1868 12
704 858 14
704 946 13
704 953 3
704 1120 20
704 1185 11
704 1230 10
704 1672 14
704 1695 1
704 1754 3
704 1782 17
704 1792 20
704 1864 17
704 1874 11
704 1932 10
704 1980 18
705 814 16
705 876 20
705 976 8
705 1104 9
705 1279 7
705 1327 7
705 1376 15
705 1599 11
705 1726 15
705 1737 15
705 1764 4
705 1791 11
705 1994 9
706 722 10
706 824 4
706 1241 3
706 1264 20
706 1273 7
706 1274 2
706 1410 1
706 1585 4
706 1628 5
706 1652 15
706 1668 11
706 1677 20
706 1761 13
706 1788 13
706 1790 5
706 1820 20
706 1971 10
707 836 2
707 889 12
707 943 12
707 978 4
707 1290 5
707 1427 12
707 1527 1
707 1601 10
707 1614 9
707 1678 4
707 1747 13
707 1791 2
707 1942 10
708 1003 20
708 1004 11
708 1182 17
708 1199 20
708 1242 19
708 1283 12
708 1312 13
708 1421 15
708 1986 19
709 758 19
709 846 1
709 908 4
709 1005 18
709 1188 5
709 1387 5
709 1519 18
709 1616 6
709 1719 16
709 1830 3
709 1886 11
709 1899 11
709 1983 16
710 811 12
710 889 20
710 1020 10
710 1107 7
710 1212 13
710 1271 10
710 1324 1
710 1422 18
710 1468 18
710 1492 17
710 1565 3
710 1600 1
710 1646 1
710 1694 12
710 1771 2
711 847 16
711 860 8
711 901 11
711 1027 10
711 1084 8
711 1174 14
711 1183 3
711 1308 15
711 1535 10
711 1717 18
711 1756 17
711 1774 19
711 1838 4
711 1867 2
711 1913 13
711 1950 10
712 722 11
712 923 20
712 943 7
712 1309 15
712 1468 10
712 1503 1
712 1573 5
712 1712 10
712 1738 1
712 1841 7
712 1875 20
712 1918 18
713 766 20
713 784 4
713 989 12
713 1052 2
713 1079 15
713 1298 1
713 1452 18
713 1461 5
713 1492 4
713 1704 10
713 1902 13
713 1937 16
714 770 13
714 983 2
714 1466 7
714 1529 12
714 1819 4
714 1854 1
714 1929 12
714 1974 11
715 809 8
715 845 18
715 847 11
715 905 10
715 1070 11
715 1089 3
715 1377 2
715 1699 18
715 1712 6
715 1821 3
716 766 4
716 861 17
716 1049 14
716 1121 11
716 1298 4
716 1647 10
716 1669 12
716 1698 14
716 1736 20
716 1809 13
716 1844 2
716 1856 19
716 1864 11
716 1902 8
717 834 18
717 1487 13
717 1500 19
717 1556 19
717 1747 16
717 1814 14
717 1860 4
718 725 7
718 808 15
718 852 10
718 920 7
718 956 5
718 1046 14
718 1151 5
718 1155 17
718 1229 20
718 1233 19
718 1305 11
718 1338 1
718 1502 17
718 1554 3
718 1725 7
718 1730 9
718 1750 19
718 1990 19
719 948 13
719 985 6
719 1036 5
719 1195 9
719 1490 2
719 1610 10
719 1780 3
720 909 20
720 1001 10
720 1060 2
720 1127 10
720 1213 16
720 1249 3
720 1318 12
720 1374 19
720 1375 18
720 1523 7
720 1552 17
720 1593 1
720 1668 8
720 1744 8
720 1754 9
720 1929 15
720 1939 20
720 1945 6
720 1948 11
721 883 1
721 1162 2
721 1285 5
721 1404 4
721 1475 14
721 1670 13
721 1712 14
721 1788 5
721 1879 5
721 1934 17
722 741 19
722 798 20
722 803 8
722 875 18
722 1317 9
722 1373 8
722 1438 9
722 1444 8
722 1533 13
722 1556 20
722 1584 15
722 1610 6
722 1687 20
722 1701 13
722 1705 14
722 1710 5
722 1780 9
722 1827 13
722 1896 15
723 824 20
723 844 3
723 995 4
723 1012 1
723 1105 18
723 1250 11
723 1355 14
723 1400 1
723 1418 8
723 1492 14
723 1545 20
723 1686 5
723 1954 10
724 829 6
724 898 9
724 962 7
724 1011 20
724 1107 15
724 1110 6
724 1118 17
724 1216 16
724 1312 7
724 1315 8
724 1318 12
724 1324 5
724 1325 20
724 1623 12
724 1653 16
724 1840 13
724 1875 4
725 739 7
725 908 13
725 1282 6
725 1339 4
725 1403 13
725 1591 20
725 1644 12
725 1667 10
725 1735 10
725 1743 20
726 756 4
726 968 8
726 1017 4
726 1027 10
726 1078 2
726 1083 1
726 1095 20
726 1100 6
726 1101 9
726 1496 1
726 1551 19
726 1562 14
726 1641 4
727 772 7
727 820 12
727 1170 20
727 1270 16
727 1306 19
727 1368 11
727 1444 14
727 1776 20
727 1811 6
727 1836 9
727 1887 12
727 1960 10
728 765 10
728 1020 14
728 1136 5
728 1153 2
728 1237 9
728 1444 13
728 1454 4
728 1463 3
728 1503 18
728 1731 6
728 1752 14
728 1849 4
728 1894 6
729 950 10
729 1107 6
729 1126 2
729 1147 5
729 1189 12
729 1527 9
729 1551 5
729 1697 12
729 1718 18
729 1756 10
729 1989 10
730 862 5
730 912 9
730 920 7
730 926 20
730 1085 6
730 1154 10
730 1250 19
730 1288 8
730 1469 17
730 1650 10
730 1706 9
730 1748 4
731 743 20
731 856 14
731 920 3
731 1069 10
731 1520 2
731 1560 10
731 1729 9
731 1968 4
732 806 17
732 1028 5
732 1324 9
732 1348 20
732 1651 8
732 1924 19
733 795 19
733 1017 19
733 1412 13
733 1544 14
733 1739 19
733 1898 14
734 744 12
734 1071 20
734 1087 6
734 1122 9
734 1151 1
734 1217 16
734 1392 15
734 1709 9
735 980 10
735 1395 3
735 1456 1
735 1690 14
735 1857 7
735 1968 1
736 854 14
736 951 17
736 999 7
736 1150 20
736 1463 7
736 1530 9
736 1753 12
736 1756 6
736 1796 19
736 1821 11
736 1847 4
737 808 1
737 812 7
737 1153 5
737 1330 14
737 1461 15
737 1536 19
737 1544 12
737 1749 10
737 1784 11
737 1811 15
737 1999 16
738 1044 6
738 1045 6
738 1273 16
738 1304 3
738 1346 17
738 1397 16
738 1461 4
738 1643 9
738 1728 8
738 1773 20
738 1795 2
738 1875 6
738 1914 6
738 1980 2
738 1993 3
739 897 18
739 943 10
739 1022 7
739 1056 1
739 1175 15
739 1215 13
739 1252 17
739 1271 10
739 1296 3
739 1469 16
739 1489 4
739 1843 2
739 1846 18
739 1971 4
739 1991 5
740 1056 2
740 1092 7
740 1118 20
740 1245 11
740 1276 7
740 1478 1
740 1801 11
741 883 9
741 1129 1
741 1189 17
741 1305 9
741 1318 17
741 1331 16
741 1372 10
741 1422 13
741 1578 10
741 1603 14
741 1742 6
741 1853 9
741 1884 9
741 1904 20
741 1923 8
742 773 5
742 821 19
742 1130 8
742 1139 6
742 1185 3
742 1290 14
742 1342 13
742 1999 8
743 777 1
743 806 6
743 843 7
743 979 13
743 1010 18
743 1016 4
743 1085 1
743 1087 5
743 1149 13
743 1256 1
743 1280 14
743 1582 15
743 1630 11
743 1689 2
743 1690 2
743 1773 8
743 1841 5
744 812 15
744 882 3
744 891 5
744 922 7
744 1266 6
744 1339 12
744 1496 7
744 1548 11
744 1675 20
744 1767 1
744 1865 6
744 1869 7
744 1905 5
744 1972 10
745 773 17
745 955 19
745 1170 7
745 1291 5
745 1342 6
745 1381 15
745 1467 19
745 1555 12
745 1558 16
745 1636 16
745 1677 10
746 751 9
746 800 16
746 870 6
746 948 1
746 1068 15
746 1202 2
746 1228 4
746 1229 4
746 1388 9
746 1419 7
746 1531 18
746 1541 5
746 1666 12
746 1712 20
746 1771 4
746 1912 7
747 836 9
747 1080 11
747 1129 13
747 1347 8
747 1421 9
747 1460 5
747 1470 13
747 1492 10
747 1725 8
747 1847 14
747 1881 16
747 1957 4
748 986 3
748 1326 1
748 1493 16
748 1553 13
748 1787 13
748 1838 5
749 768 4
749 866 9
749 911 13
749 956 18
749 1000 11
749 1241 11
749 1396 4
749 1414 16
749 1614 4
749 1698 7
749 1819 20
749 1863 13
749 1869 9
749 1884 19
749 1940 6
749 1979 8
750 910 4
750 1256 14
750 1258 11
750 1302 11
750 1695 2
750 1724 10
750 1995 18
751 826 2
751 1074 16
751 1344 13
751 1500 9
751 1543 6
751 1548 12
751 1564 10
751 1813 17
751 1928 14
751 1934 3
752 872 16
752 873 6
752 907 4
752 992 9
752 1162 7
752 1262 15
752 1341 13
752 1504 12
752 1613 12
752 1801 16
752 1984 7
752 1990 7
753 787 3
753 869 18
753 896 19
753 898 8
753 1277 20
753 1381 19
753 1481 4
753 1726 5
753 1761 16
753 1804 14
753 1872 11
753 1879 13
753 1892 2
753 1934 7
753 1965 14
754 857 6
754 870 13
754 985 6
754 998 2
754 1184 2
754 1292 11
754 1296 18
754 1593 3
754 1836 12
754 1898 12
755 919 18
755 962 6
755 1182 15
755 1200 9
755 1252 2
755 1274 4
755 1296 14
755 1389 17
755 1410 6
755 1446 11
755 1526 16
755 1652 1
755 1688 8
755 1725 6
755 1774 7
755 1949 19
756 881 6
756 909 15
756 920 4
756 922 6
756 1116 3
756 1155 12
756 1366 8
756 1415 15
756 1490 1
756 1657 5
756 1971 7
757 1014 14
757 1037 14
757 1126 1
757 1180 14
757 1352 20
757 1523 16
757 1897 14
758 823 20
758 847 4
758 969 11
758 1014 8
758 1069 14
758 1292 17
758 1412 3
758 1586 16
758 1733 12
758 1936 10
758 1996 8
759 763 15
759 856 17
759 894 13
759 926 6
759 981 8
759 1034 18
759 1142 1
759 1214 1
759 1291 14
759 1424 5
759 1545 12
759 1546 7
759 1837 6
760 808 8
760 1042 9
760 1130 12
760 1232 9
760 1251 11
760 1292 6
760 1452 15
760 1476 12
760 1520 4
760 1575 2
760 1735 9
760 1739 20
760 1828 9
760 1902 14
760 1957 10
761 968 4
761 1022 10
761 1026 7
761 1079 10
761 1241 20
761 1247 4
761 1534 6
761 1563 14
761 1656 12
761 1663 6
761 1745 11
761 1924 12
762 1033 20
762 1133 9
762 1255 9
762 1306 3
762 1453 14
762 1572 14
762 1592 8
762 1636 6
762 1828 6
762 1898 14
762 1947 4
763 971 10
763 1169 7
763 1252 9
763 1290 16
763 1310 7
763 1371 4
763 1525 7
763 1677 4
764 769 8
764 776 1
764 877 13
764 891 15
764 920 1
764 932 20
764 1054 8
764 1062 4
764 1071 14
764 1287 6
764 1307 12
764 1327 18
764 1397 12
764 1437 1
764 1453 7
764 1592 3
764 1646 1
764 1670 9
764 1685 10
764 1734 12
764 1765 18
765 769 19
765 775 17
765 777 6
765 918 1
765 1072 17
765 1081 19
765 1102 10
765 1175 18
765 1346 16
765 1351 13
765 1388 20
765 1397 9
765 1625 8
765 1732 16
765 1786 9
765 1904 7
765 1979 16
765 1985 12
766 782 14
766 842 12
766 901 2
766 1014 12
766 1081 14
766 1135 4
766 1197 18
766 1246 13
766 1281 3
766 1521 7
766 1633 19
766 1803 7
766 1875 7
766 1929 8
767 811 19
767 859 17
767 965 6
767 977 18
767 1100 6
767 1226 1
767 1245 18
767 1440 13
767 1879 8
767 1896 19
767 1968 18
768 778 5
768 800 14
768 932 7
768 1085 4
768 1192 4
768 1256 4
768 1352 14
768 1607 17
768 1631 1
768 1796 8
768 1955 3
769 1034 12
769 1065 14
769 1222 15
769 1341 19
769 1370 16
769 1373 1
769 1526 11
769 1527 8
769 1985 19
770 825 12
770 831 12
770 1178 17
770 1303 3
770 1322 5
770 1366 20
770 1422 18
770 1450 17
770 1552 8
770 1645 4
770 1717 1
770 1889 7
770 1935 10
771 773 15
771 833 17
771 865 18
771 877 18
771 912 5
771 931 19
771 936 14
771 975 16
771 1003 2
771 1099 9
771 1179 17
771 1244 11
771 1304 6
771 1322 9
771 1550 2
771 1580 13
771 1681 9
771 1756 18
771 1863 8
771 1869 15
771 1880 6
771 1901 9
772 820 17
772 911 5
772 930 9
772 939 8
772 1083 17
772 1219 7
772 1228 1
772 1292 16
772 1412 1
772 1641 15
772 1709 7
772 1972 13
772 1976 7
772 1984 15
773 947 4
773 1071 2
773 1083 11
773 1417 17
773 1437 3
773 1448 16
773 1531 11
773 1547 15
773 1597 1
773 1682 6
773 1763 19
773 1772 1
774 838 3
774 1016 12
774 1224 18
774 1262 8
774 1273 14
774 1297 17
774 1339 18
774 1466 5
774 1468 2
774 1571 11
774 1666 13
774 1740 8
774 1811 4
774 1835 13
774 1962 14
775 902 8
775 1113 17
775 1179 3
775 1285 6
775 1296 20
775 1341 15
775 1377 11
775 1382 17
775 1718 6
775 1877 18
776 791 16
776 807 12
776 821 18
776 1156 2
776 1343 10
776 1415 13
776 1421 15
776 1467 14
776 1489 4
776 1542 12
777 805 19
777 854 18
777 1264 4
777 1279 3
777 1297 1
777 1449 14
777 1468 16
777 1665 20
777 1687 8
777 1723 20
777 1798 3
777 1859 13
777 1865 6
777 1882 19
777 1920 1
777 1948 20
777 1952 2
778 799 16
778 941 9
778 1021 14
778 1142 8
778 1241 9
778 1261 5
778 1351 1
778 1464 16
778 1677 18
778 1963 12
779 980 9
779 1023 1
779 1103 19
779 1225 12
779 1310 3
779 1468 1
779 1575 11
779 1581 12
779 1637 18
779 1640 16
779 1702 5
779 1743 16
779 1744 12
779 1761 10
779 1824 2
779 1856 8
779 1893 11
780 791 10
780 936 6
780 938 11
780 1064 6
780 1134 7
780 1157 16
780 1175 9
780 1341 4
780 1386 18
780 1672 2
780 1746 4
780 1907 6
780 1913 14
781 874 8
781 992 4
781 1047 8
781 1244 1
781 1266 20
781 1607 6
781 1671 16
781 1683 2
781 1781 16
781 1845 3
781 1870 1
781 1881 11
781 1923 11
781 1974 7
781 1988 5
782 877 16
782 1239 16
782 1264 9
782 1430 4
782 1585 18
782 1609 20
782 1718 3
782 1827 5
782 1996 3
783 789 13
783 1148 2
783 1194 9
783 1379 9
783 1386 3
783 1474 5
783 1626 20
783 1704 4
783 1757 2
783 1776 8
784 830 8
784 941 3
784 1067 15
784 1135 16
784 1152 13
784 1203 16
784 1297 5
784 1316 5
784 1357 11
784 1533 1
784 1757 13
784 1834 19
784 1881 15
784 1919 20
785 790 11
785 906 20
785 926 19
785 935 17
785 1083 3
785 1090 4
785 1099 20
785 1154 3
785 1190 2
785 1215 9
785 1281 8
785 1376 9
785 1491 20
785 1545 9
785 1661 18
785 1713 7
785 1829 3
785 1880 6
786 846 14
786 896 19
786 1046 4
786 1119 1
786 1158 16
786 1180 6
786 1265 5
786 1325 2
786 1593 1
786 1664 13
786 1808 20
787 866 14
787 894 20
787 983 1
787 1101 4
787 1170 11
787 1364 3
787 1523 20
787 1586 7
787 1593 12
787 1629 15
787 1633 8
787 1774 3
787 1962 18
788 945 1
788 982 7
788 1013 3
788 1357 14
788 1389 3
788 1405 7
788 1716 12
788 1810 14
789 865 14
789 907 7
789 1056 19
789 1244 8
789 1309 13
789 1527 12
789 1560 19
789 1599 2
789 1647 9
789 1652 16
789 1743 8
790 937 7
790 1019 19
790 1106 9
790 1259 5
790 1521 11
790 1563 2
790 1638 15
790 1726 18
790 1759 6
790 1879 10
790 1910 10
790 1930 8
790 1961 13
791 820 15
791 871 13
791 906 17
791 1072 2
791 1168 18
791 1284 11
791 1438 13
791 1562 3
791 1667 7
791 1673 19
791 1680 10
791 1719 12
791 1796 3
791 1809 7
791 1985 13
792 987 9
792 1020 6
792 1045 9
792 1112 7
792 1125 12
792 1127 12
792 1138 1
792 1420 7
792 1729 8
792 1739 12
792 1908 14
793 844 3
793 950 7
793 977 16
793 993 18
793 1275 18
793 1396 18
793 1413 20
793 1462 15
793 1533 15
793 1549 18
793 1842 18
793 1857 19
793 1864 1
794 909 13
794 924 2
794 934 3
794 1032 4
794 1132 2
794 1151 5
794 1188 13
794 1266 16
794 1391 3
794 1444 8
794 1494 18
794 1594 19
794 1688 12
794 1692 10
794 1888 15
794 1895 7
794 1908 20
794 1913 15
794 1916 11
795 819 12
795 857 10
795 904 5
795 1018 19
795 1366 15
795 1532 1
795 1543 15
795 1653 6
795 1877 12
796 827 18
796 971 15
796 1202 13
796 1243 7
796 1362 13
796 1427 5
796 1709 18
796 1864 8
797 1127 19
797 1250 7
797 1313 10
797 1373 12
797 1391 20
797 1438 2
797 1449 10
797 1806 1
797 1832 3
797 1934 3
797 1953 8
797 1959 8
798 922 5
798 960 14
798 972 14
798 992 13
798 1071 10
798 1072 5
798 1085 14
798 1174 20
798 1218 1
798 1288 4
798 1422 12
798 1690 13
798 1751 2
798 1774 1
799 805 17
799 817 15
799 856 1
799 939 18
799 978 1
799 1110 18
799 1318 7
799 1345 20
799 1347 7
799 1648 19
799 1709 16
799 1769 14
799 1838 7
799 1911 17
799 1989 13
800 929 17
800 989 14
800 1130 15
800 1295 8
800 1303 19
800 1599 11
800 1610 11
800 1683 12
800 1769 14
800 1789 6
800 1897 10
800 1953 1
801 842 10
801 1013 15
801 1022 12
801 1168 19
801 1317 8
801 1324 16
801 1669 15
801 1672 12
801 1775 9
801 1866 2
801 1985 4
802 1139 19
802 1197 3
802 1373 4
802 1395 4
802 1459 10
802 1815 18
802 1822 5
802 1870 19
803 931 2
803 1088 17
803 1282 8
803 1293 14
803 1304 9
803 1318 16
803 1480 14
803 1664 2
803 1737 8
803 1799 2
803 1914 3
804 981 12
804 1016 2
804 1187 12
804 1260 5
804 1282 4
804 1379 15
804 1385 19
804 1408 20
804 1410 19
804 1664 5
804 1678 1
804 1781 18
804 1833 7
804 1835 4
804 1839 13
804 1994 1
805 920 7
805 991 15
805 1058 10
805 1126 11
805 1133 1
805 1267 3
805 1275 8
805 1774 4
805 1794 18
805 1885 2
805 1908 7
805 1994 10
806 877 3
806 905 14
806 945 3
806 961 4
806 1141 11
806 1182 9
806 1269 19
806 1416 6
806 1601 19
806 1784 2
806 1792 10
806 1836 10
806 1842 1
806 1947 7
806 1988 10
807 892 11
807 915 19
807 1109 15
807 1181 2
807 1267 1
807 1406 12
807 1527 13
807 1588 8
807 1882 2
807 1975 1
808 810 10
808 848 10
808 877 8
808 892 16
808 1141 17
808 1174 19
808 1293 18
808 1391 3
808 1394 20
808 1416 13
808 1431 2
808 1508 10
808 1543 11
808 1706 6
808 1906 19
808 1948 7
809 890 20
809 941 1
809 948 18
809 973 6
809 1302 9
809 1327 4
809 1424 4
809 1431 11
809 1450 9
809 1485 4
809 1630 20
809 1662 15
809 1748 10
809 1778 6
809 1859 5
809 1865 4
809 1914 17
809 1970 1
810 991 3
810 1034 8
810 1053 18
810 1093 10
810 1277 6
810 1333 12
810 1354 20
810 1487 10
810 1502 17
810 1578 6
810 1743 12
810 1799 9
811 859 1
811 921 8
811 953 13
811 1122 2
811 1391 12
811 1475 8
811 1608 16
811 1683 10
811 1911 4
811 1951 19
812 878 17
812 908 8
812 1017 11
812 1019 1
812 1064 20
812 1130 8
812 1363 10
812 1380 16
812 1572 16
812 1739 2
812 1881 10
812 1900 8
812 1976 7
813 815 3
813 918 15
813 943 2
813 1088 8
813 1292 11
813 1319 3
813 1856 4
813 1961 18
814 1091 16
814 1345 20
814 1358 11
814 1498 14
814 1718 14
814 1806 7
814 1964 20
815 972 20
815 1057 1
815 1130 9
815 1282 8
815 1361 4
815 1367 9
815 1414 3
815 1427 5
815 1454 3
815 1677 18
815 1692 1
815 1857 11
815 1908 9
815 1912 5
816 823 7
816 898 15
816 923 12
816 931 6
816 998 20
816 1027 2
816 1063 16
816 1081 11
816 1105 13
816 1189 19
816 1227 1
816 1267 5
816 1342 6
816 1410 10
816 1434 13
816 1451 18
816 1957 15
817 868 7
817 1123 12
817 1202 20
817 1316 4
817 1322 3
817 1384 7
817 1519 4
817 1563 20
817 1568 16
817 1613 15
817 1659 1
817 1881 1
818 961 12
818 962 5
818 1177 12
818 1237 15
818 1255 10
818 1301 7
818 1314 15
818 1386 11
818 1491 5
818 1531 13
818 1603 6
818 1699 19
819 979 19
819 1082 5
819 1095 13
819 1135 7
819 1433 19
819 1485 15
819 1490 4
819 1576 2
819 1779 4
819 1903 12
819 1938 20
819 1956 14
819 1977 14
820 979 10
820 1044 6
820 1065 7
820 1182 10
820 1320 3
820 1351 19
820 1477 13
820 1517 6
820 1562 12
820 1689 17
820 1730 17
820 1753 13
820 1869 9
820 1880 12
820 1915 1
820 1982 6
821 848 2
821 880 5
821 898 19
821 900 9
821 1086 1
821 1178 1
821 1228 10
821 1273 16
821 1417 15
821 1448 4
821 1684 6
821 1808 17
822 932 7
822 1004 3
822 1008 11
822 1060 10
822 1166 7
822 1517 9
822 1531 14
822 1778 5
822 1838 14
822 1846 6
823 895 10
823 945 14
823 1003 8
823 1239 5
823 1332 6
823 1763 20
823 1797 7
823 1812 11
823 1992 12
824 1086 20
824 1257 8
824 1298 19
824 1436 8
824 1526 1
824 1556 10
824 1613 17
824 1668 6
824 1717 10
824 1783 3
824 1961 19
825 1004 7
825 1106 18
825 1110 18
825 1210 17
825 1247 8
825 1267 6
825 1285 5
825 1360 5
825 1367 13
825 1574 7
825 1726 3
825 1742 1
825 1982 13
826 960 6
826 1105 16
826 1406 20
826 1412 7
826 1550 10
826 1575 1
826 1709 9
826 1784 3
826 1842 5
826 1988 7
827 844 4
827 850 17
827 855 18
827 893 17
827 1047 17
827 1120 16
827 1202 13
827 1316 20
827 1348 15
827 1485 3
827 1544 17
827 1710 16
827 1728 9
827 1818 11
827 1916 17
827 1985 15
827 1996 2
828 839 18
828 874 6
828 898 13
828 911 10
828 1015 18
828 1168 11
828 1247 16
828 1306 13
828 1368 9
828 1523 5
828 1600 16
828 1644 20
828 1665 9
828 1680 13
828 1682 7
828 1688 12
828 1787 18
828 1790 1
828 1865 15
828 1982 6
829 857 11
829 862 17
829 973 16
829 997 18
829 1236 1
829 1546 4
829 1613 18
829 1787 2
829 1795 15
829 1871 19
829 1933 12
830 958 14
830 962 15
830 975 5
830 1011 12
830 1065 9
830 1183 17
830 1239 16
830 1250 5
830 1293 6
830 1341 15
830 1770 10
831 1054 9
831 1164 10
831 1332 5
831 1586 7
831 1647 2
831 1743 7
831 1873 11
831 1934 4
832 916 3
832 949 2
832 956 2
832 1099 10
832 1100 2
832 1109 12
832 1143 14
832 1674 9
832 1758 18
832 1950 19
832 1955 10
833 838 1
833 860 11
833 943 6
833 1113 4
833 1139 20
833 1374 11
833 1398 1
833 1430 20
833 1571 9
833 1627 5
833 1725 17
834 979 8
834 1274 9
834 1362 10
834 1475 11
834 1567 15
834 1582 15
834 1587 6
834 1770 13
834 1808 9
834 1812 11
834 1829 20
834 1888 17
834 1969 8
835 936 14
835 1152 7
835 1311 15
835 1386 11
835 1769 17
835 1842 17
835 1924 2
836 930 4
836 1317 20
836 1424 14
836 1425 5
836 1465 8
836 1545 8
836 1615 9
836 1779 6
836 1892 20
836 1966 9
837 839 2
837 895 5
837 1046 6
837 1105 12
837 1171 15
837 1239 9
837 1392 20
837 1517 13
837 1637 4
837 1690 19
837 1826 11
837 1953 1
838 1029 11
838 1098 12
838 1136 10
838 1157 1
838 1266 6
838 1303 1
838 1306 5
838 1458 3
838 1501 14
838 1645 16
838 1710 18
838 1803 10
838 1836 4
838 1887 13
838 1929 4
839 848 13
839 871 15
839 978 10
839 1231 19
839 1257 18
839 1464 10
839 1465 9
839 1680 2
839 1714 16
839 1730 20
839 1966 3
840 857 7
840 979 17
840 1332 1
840 1351 3
840 1518 5
840 1658 10
841 997 3
841 1033 4
841 1103 14
841 1228 9
841 1286 10
841 1417 4
841 1435 16
841 1439 2
841 1492 11
841 1533 12
841 1538 3
841 1594 13
841 1674 8
841 1708 16
841 1978 19
842 851 8
842 1045 4
842 1132 13
842 1254 2
842 1345 19
842 1426 2
842 1434 18
842 1504 1
842 1513 17
842 1515 1
842 1649 12
842 1669 7
842 1691 6
842 1756 5
842 1895 9
842 1918 3
843 887 7
843 965 16
843 1018 12
843 1468 13
843 1474 17
843 1480 11
843 1839 16
843 1953 18
844 871 18
844 883 9
844 905 20
844 913 13
844 977 20
844 1118 5
844 1159 16
844 1173 9
844 1242 20
844 1243 1
844 1282 14
844 1333 2
844 1396 14
844 1427 7
844 1496 14
844 1548 7
844 1621 1
844 1672 2
844 1676 9
844 1751 20
844 1820 19
844 1890 20
844 1895 5
845 856 15
845 1242 19
845 1294 17
845 1578 6
845 1673 8
845 1718 2
845 1937 14
846 895 15
846 897 16
846 1055 6
846 1094 16
846 1105 16
846 1107 20
846 1205 9
846 1284 9
846 1381 7
846 1438 15
846 1461 19
846 1489 17
846 1518 14
846 1543 9
846 1553 8
846 1592 16
846 1605 19
846 1701 1
846 1713 18
846 1757 4
846 1780 4
846 1934 1
847 950 7
847 982 1
847 1120 2
847 1132 15
847 1172 12
847 1262 19
847 1312 7
847 1696 18
847 1732 10
847 1781 12
847 1794 9
847 1836 4
847 1964 2
847 1969 9
848 849 15
848 905 14
848 928 4
848 955 2
848 962 14
848 979 18
848 1030 6
848 1094 12
848 1101 9
848 1239 17
848 1259 19
848 1288 8
848 1332 17
848 1335 12
848 1356 13
848 1538 10
848 1749 14
848 1827 1
848 1951 12
849 1065 4
849 1213 15
849 1311 2
849 1535 18
849 1547 11
849 1715 9
849 1803 4
849 1829 14
849 1971 19
849 1991 17
850 974 5
850 997 4
850 1009 13
850 1115 18
850 1189 11
850 1350 14
850 1635 2
850 1745 8
850 1826 2
851 888 19
851 1189 17
851 1592 19
851 1640 4
851 1688 14
851 1689 20
851 1701 2
851 1852 16
851 1892 18
851 1986 11
852 988 10
852 1001 11
852 1052 5
852 1072 5
852 1077 1
852 1085 18
852 1294 13
852 1335 11
852 1451 1
852 1495 10
852 1545 20
852 1624 3
852 1681 18
852 1700 2
852 1710 3
852 1791 20
853 1030 8
853 1166 4
853 1167 5
853 1181 3
853 1277 20
853 1466 19
853 1496 7
853 1565 9
853 1942 14
854 864 20
854 925 13
854 991 15
854 1224 19
854 1385 6
854 1429 8
854 1594 10
854 1808 3
854 1841 18
854 1908 16
854 1942 11
854 1960 1
854 1993 17
855 1337 14
855 1354 13
855 1365 13
855 1396 15
855 1584 7
855 1779 15
855 1812 14
855 1838 15
856 1026 8
856 1072 2
856 1124 3
856 1131 7
856 1144 11
856 1162 15
856 1220 11
856 1258 19
856 1270 13
856 1335 15
856 1500 8
856 1786 1
856 1811 1
857 916 14
857 1021 16
857 1163 3
857 1231 14
857 1405 9
857 1464 18
857 1824 18
857 1993 15
858 860 13
858 992 1
858 1014 17
858 1233 18
858 1317 13
858 1510 20
858 1563 19
858 1600 9
858 1860 10
858 1896 9
858 1921 1
859 947 9
859 993 19
859 1050 17
859 1053 9
859 1071 20
859 1098 18
859 1100 18
859 1104 8
859 1118 17
859 1129 10
859 1162 12
859 1168 10
859 1259 4
859 1279 2
859 1442 2
859 1610 10
859 1779 14
859 1944 2
860 1196 17
860 1624 17
860 1759 17
860 1822 16
860 1925 6
861 900 14
861 966 2
861 1046 1
861 1137 19
861 1258 9
861 1286 8
861 1310 11
861 1418 16
861 1471 12
861 1570 4
861 1599 19
861 1667 9
861 1792 18
862 1004 7
862 1007 10
862 1052 3
862 1078 19
862 1097 2
862 1147 10
862 1151 7
862 1341 4
862 1542 8
862 1629 15
862 1707 18
862 1761 15
862 1836 8
862 1894 14
862 1963 11
863 928 6
863 998 12
863 1094 9
863 1158 18
863 1167 13
863 1331 18
863 1346 18
863 1379 20
863 1484 17
863 1611 17
863 1661 3
863 1706 13
864 874 19
864 925 12
864 1002 4
864 1089 3
864 1165 16
864 1180 3
864 1242 15
864 1292 3
864 1399 19
864 1511 17
864 1537 18
864 1654 19
864 1759 19
864 1812 1
865 929 10
865 1059 4
865 1085 6
865 1172 7
865 1300 10
865 1314 19
865 1345 15
865 1498 17
865 1514 8
865 1928 13
866 1004 9
866 1075 20
866 1100 18
866 1106 20
866 1241 2
866 1244 11
866 1266 7
866 1329 19
866 1473 17
866 1528 9
866 1573 5
866 1675 15
866 1702 3
866 1849 17
866 1874 17
866 1958 11
867 930 16
867 1042 16
867 1103 3
867 1231 11
867 1516 17
867 1787 16
867 1882 13
867 1891 11
867 1973 18
868 900 7
868 1273 6
868 1274 2
868 1377 4
868 1386 7
868 1450 15
868 1674 2
868 1727 19
868 1799 20
868 1856 12
868 1908 1
868 1994 1
869 873 19
869 878 6
869 931 18
869 992 15
869 1006 6
869 1096 18
869 1136 11
869 1329 19
869 1508 15
869 1627 3
869 1834 1
869 1891 4
869 1925 1
870 1001 15
870 1132 10
870 1171 8
870 1314 11
870 1511 13
870 1524 15
870 1732 7
870 1756 3
870 1806 17
870 1858 5
870 1912 3
870 1959 11
871 977 3
871 1025 15
871 1028 2
871 1067 6
871 1236 9
871 1422 15
871 1900 15
872 1013 13
872 1020 10
872 1063 19
872 1124 6
872 1274 15
872 1324 9
872 1445 20
872 1484 8
872 1509 19
872 1584 11
872 1591 3
872 1762 10
872 1824 14
872 1892 18
873 1040 19
873 1125 7
873 1158 1
873 1245 12
873 1329 9
873 1431 14
873 1522 2
873 1655 10
873 1660 19
873 1780 11
873 1812 5
873 1870 17
874 893 14
874 901 9
874 924 15
874 1009 3
874 1013 13
874 1398 18
874 1433 16
874 1474 19
874 1675 11
874 1794 20
874 1810 4
874 1886 4
874 1972 20
875 946 1
875 1018 4
875 1088 18
875 1135 19
875 1184 20
875 1260 15
875 1338 16
875 1623 12
875 1637 12
875 1705 7
875 1980 16
876 904 16
876 940 16
876 1214 4
876 1371 12
876 1960 18
877 912 13
877 929 11
877 1060 11
877 1109 2
877 1123 5
877 1178 15
877 1213 10
877 1446 20
877 1561 18
877 1649 3
877 1679 20
877 1685 12
877 1780 13
877 1859 5
877 1860 15
878 1020 14
878 1272 3
878 1338 10
878 1641 8
878 1695 20
878 1771 1
879 947 11
879 1074 1
879 1082 5
879 1134 7
879 1142 12
879 1145 1
879 1219 9
879 1313 10
879 1314 3
879 1327 13
879 1375 3
879 1411 6
879 1457 10
879 1481 18
879 1522 3
879 1550 10
879 1631 14
879 1705 19
879 1722 3
879 1769 19
879 1800 10
879 1890 11
879 1912 16
880 978 11
880 1241 15
880 1294 4
880 1598 6
880 1631 19
880 1636 13
880 1640 19
880 1749 20
880 1907 2
880 1954 6
881 1068 13
881 1118 4
881 1177 9
881 1207 17
881 1309 3
881 1457 5
881 1599 19
881 1887 13
881 1892 7
882 1025 1
882 1032 5
882 1086 1
882 1149 13
882 1156 13
882 1240 5
882 1336 5
882 1346 18
882 1375 17
882 1511 14
882 1568 18
882 1574 11
882 1651 1
882 1714 10
882 1739 3
883 1117 1
883 1294 13
883 1316 12
883 1367 4
883 1414 17
883 1476 1
883 1741 7
883 1998 12
884 908 9
884 935 18
884 937 6
884 1072 10
884 1110 9
884 1117 8
884 1182 7
884 1517 14
884 1615 11
884 1618 10
884 1654 3
884 1672 10
884 1728 3
884 1903 1
885 942 1
885 1036 3
885 1100 10
885 1106 17
885 1162 5
885 1181 12
885 1191 2
885 1450 8
885 1530 7
885 1816 15
885 1839 15
885 1861 19
885 1864 6
885 1944 19
886 972 7
886 1629 13
886 1749 11
886 1774 13
886 1812 4
886 1813 12
886 1959 6
887 996 6
887 1010 14
887 1101 17
887 1131 15
887 1138 4
887 1202 18
887 1207 11
887 1391 17
887 1431 16
887 1634 20
887 1635 3
887 1666 7
887 1683 13
887 1863 3
887 1867 6
887 1906 2
888 1120 20
888 1162 2
888 1255 8
888 1277 10
888 1308 11
888 1322 17
888 1423 6
888 1429 13
888 1457 17
888 1691 18
888 1900 8
888 1955 6
889 1088 17
889 1105 15
889 1250 3
889 1257 7
889 1362 10
889 1372 8
889 1404 11
889 1615 8
889 1698 4
889 1727 12
889 1739 7
889 1881 9
890 911 3
890 971 19
890 1024 15
890 1088 9
890 1114 4
890 1128 9
890 1302 18
890 1494 10
890 1498 13
890 1786 17
890 1836 3
890 1862 2
890 1976 2
891 932 16
891 1128 5
891 1195 9
891 1211 17
891 1351 17
891 1562 10
891 1593 6
891 1723 19
891 1874 18
891 1912 13
892 903 9
892 954 16
892 1000 6
892 1112 7
892 1217 16
892 1277 6
892 1288 3
892 1493 14
892 1504 19
892 1591 14
892 1594 12
892 1693 12
892 1733 7
892 1823 10
892 1853 9
892 1963 3
893 1084 11
893 1230 17
893 1327 1
893 1421 15
893 1561 14
893 1727 6
893 1789 12
893 1918 1
894 952 13
894 1047 7
894 1388 17
894 1427 12
894 1553 10
894 1703 7
894 1894 14
895 961 15
895 1023 7
895 1083 19
895 1186 11
895 1424 13
895 1472 7
895 1578 1
895 1831 16
896 1058 17
896 1390 20
896 1410 5
896 1433 2
896 1455 9
896 1726 2
896 1965 2
897 1072 1
897 1179 14
897 1191 16
897 1218 16
897 1352 10
897 1513 3
897 1728 10
897 1749 20
897 1814 18
897 1887 18
897 1909 13
897 1913 15
898 961 13
898 1085 12
898 1118 11
898 1134 18
898 1159 12
898 1236 12
898 1242 2
898 1344 14
898 1348 18
898 1407 19
898 1439 15
898 1444 17
898 1664 7
898 1746 6
898 1840 1
898 1872 12
898 1961 15
899 1294 6
899 1302 6
899 1422 16
899 1514 6
899 1529 19
899 1541 11
899 1597 11
899 1917 9
900 1053 12
900 1164 18
900 1365 16
900 1534 18
900 1558 20
900 1596 18
900 1628 7
900 1954 7
900 1971 11
901 1133 6
901 1197 8
901 1212 8
901 1378 17
901 1492 13
901 1578 5
901 1596 12
901 1733 17
902 994 12
902 1012 4
902 1296 19
902 1383 7
902 1469 8
902 1508 8
902 1519 15
902 1542 6
902 1743 15
902 1747 9
902 1811 4
903 1229 1
903 1373 2
903 1431 5
903 1628 11
903 1665 20
903 1706 19
903 1746 20
903 1813 6
903 1858 2
904 937 15
904 1090 11
904 1116 19
904 1121 4
904 1245 6
904 1354 8
904 1645 1
904 1702 4
904 1900 17
904 1980 15
905 966 18
905 1084 20
905 1115 2
905 1155 10
905 1300 16
905 1334 18
905 1407 19
905 1703 11
905 1839 3
905 1967 1
906 1064 14
906 1208 4
906 1524 16
906 1615 15
906 1626 5
906 1798 20
906 1838 11
906 1844 8
906 1907 1
906 1918 14
907 952 20
907 1283 5
907 1407 1
907 1512 19
907 1530 10
907 1567 15
907 1724 14
907 1743 4
907 1756 9
908 1397 12
908 1481 10
908 1555 7
908 1692 20
908 1817 11
908 1986 20
909 1173 4
909 1233 14
909 1238 9
909 1476 12
909 1540 9
909 1676 15
909 1740 1
909 1793 5
910 921 15
910 948 16
910 950 10
910 1021 5
910 1073 13
910 1216 16
910 1228 19
910 1348 1
910 1573 5
910 1651 13
910 1697 10
910 1785 14
911 920 2
911 926 5
911 1357 19
911 1437 12
911 1771 9
911 1918 13
911 1919 2
912 936 8
912 1010 1
912 1106 3
912 1441 9
912 1447 15
912 1507 16
912 1568 7
912 1681 10
912 1706 14
912 1792 6
912 1922 15
913 1032 18
913 1113 12
913 1363 20
913 1777 15
913 1813 18
913 1830 14
914 1014 5
914 1060 5
914 1123 7
914 1163 13
914 1203 10
914 1204 18
914 1417 20
914 1435 10
914 1512 1
914 1638 5
914 1928 19
914 1961 20
915 935 18
915 1166 7
915 1333 4
915 1470 20
915 1672 7
915 1724 15
915 1971 14
916 963 2
916 966 19
916 1005 8
916 1313 18
916 1330 5
916 1343 2
916 1454 13
916 1472 7
916 1958 14
916 1986 2
917 927 6
917 1166 12
917 1339 18
917 1341 1
917 1347 20
917 1398 6
917 1564 12
917 1678 2
917 1703 8
917 1728 2
917 1782 6
917 1801 3
917 1930 8
917 1957 8
917 1959 16
918 945 4
918 978 17
918 1065 10
918 1192 8
918 1207 2
918 1385 18
918 1439 4
918 1446 13
918 1489 4
918 1549 14
918 1576 5
918 1578 18
918 1661 7
918 1845 17
918 1880 18
918 1921 3
918 1938 3
918 1956 19
919 1005 3
919 1030 19
919 1059 17
919 1244 12
919 1262 17
919 1265 19
919 1411 20
919 1582 10
919 1724 17
919 1757 19
919 1791 17
919 1842 20
919 1867 8
919 1891 18
920 964 14
920 972 4
920 1210 13
920 1252 12
920 1404 2
920 1464 20
920 1472 19
920 1650 3
920 1859 11
920 1949 2
920 1975 2
921 996 14
921 1025 4
921 1072 15
921 1094 9
921 1316 16
921 1691 9
921 1758 11
921 1863 7
921 1931 9
922 924 8
922 997 16
922 1010 7
922 1099 15
922 1123 13
922 1153 11
922 1328 2
922 1513 4
922 1514 4
922 1626 9
922 1631 11
923 1253 20
923 1441 8
923 1522 14
923 1533 9
923 1664 20
923 1957 9
924 1132 11
924 1200 20
924 1234 9
924 1366 10
924 1432 18
924 1481 20
924 1538 5
924 1772 20
924 1841 16
924 1883 10
925 1001 3
925 1081 6
925 1197 6
925 1226 12
925 1238 19
925 1340 7
925 1389 10
925 1555 3
925 1579 6
925 1609 15
925 1628 5
925 1729 9
926 1040 9
926 1114 14
926 1171 5
926 1283 13
926 1414 19
926 1626 20
926 1824 20
927 1025 9
927 1161 17
927 1320 11
927 1513 8
927 1680 2
927 1805 6
927 1880 1
928 967 18
928 1094 12
928 1121 3
928 1168 15
928 1223 3
928 1474 12
928 1831 19
928 1849 18
928 1982 9
929 1357 11
929 1443 15
929 1508 12
929 1616 7
929 1653 12
929 1843 12
929 1986 12
929 1992 19
930 1063 8
930 1200 9
930 1205 5
930 1234 2
930 1302 1
930 1504 11
930 1613 12
930 1651 1
930 1699 8
930 1733 8
930 1747 7
930 1905 9
930 1926 14
930 1930 14
930 1939 1
930 1963 14
931 1101 4
931 1273 1
931 1301 7
931 1334 6
931 1444 8
931 1639 14
931 1923 17
931 1926 1
931 1986 12
932 1043 15
932 1163 11
932 1241 16
932 1262 10
932 1313 9
932 1317 4
932 1458 5
932 1615 5
932 1828 16
932 1863 6
932 1938 1
933 935 5
933 958 13
933 1040 12
933 1198 15
933 1232 10
933 1537 16
933 1566 13
933 1846 19
934 1049 13
934 1199 6
934 1216 13
934 1268 3
934 1495 2
934 1543 7
934 1658 7
934 1900 3
934 1916 8
934 1969 20
935 956 14
935 982 6
935 1129 10
935 1185 1
935 1225 11
935 1238 17
935 1268 11
935 1299 10
935 1387 4
935 1438 12
935 1573 4
935 1578 10
935 1623 12
935 1702 18
935 1825 20
935 1926 13
936 1364 2
936 1523 1
936 1606 18
936 1842 11
937 1041 6
937 1112 10
937 1347 16
937 1361 12
937 1497 17
937 1886 11
938 1083 7
938 1315 1
938 1356 18
938 1445 14
938 1614 16
938 1641 16
938 1701 11
938 1781 17
938 1813 6
938 1867 20
939 950 15
939 1050 9
939 1182 17
939 1320 1
939 1558 7
939 1627 17
939 1789 13
939 1839 5
940 1091 7
940 1173 17
940 1590 19
940 1642 11
940 1673 3
940 1779 11
940 1854 7
941 1003 16
941 1010 9
941 1015 5
941 1315 12
941 1388 16
941 1542 12
941 1546 6
941 1557 14
941 1603 5
941 1723 5
941 1739 20
941 1785 16
941 1823 18
942 944 17
942 1061 9
942 1071 5
942 1072 2
942 1218 17
942 1280 19
942 1304 18
942 1475 20
942 1507 20
943 1030 18
943 1188 15
943 1227 9
943 1261 15
943 1265 18
943 1372 11
943 1455 15
943 1486 14
943 1508 16
943 1537 1
943 1668 1
943 1710 7
943 1789 8
943 1801 1
943 1819 19
943 1955 1
943 1957 15
944 1080 12
944 1193 6
944 1239 16
944 1333 18
944 1341 5
944 1366 10
944 1641 3
944 1714 10
944 1734 11
944 1823 4
944 1922 12
945 965 17
945 1091 14
945 1104 6
945 1246 14
945 1347 8
945 1483 15
945 1746 6
945 1783 17
945 1991 12
946 1265 6
946 1341 4
946 1417 4
946 1466 3
946 1567 20
946 1662 13
946 1681 8
946 1685 11
946 1708 14
946 1759 11
946 1841 13
946 1861 6
946 1916 3
947 1349 1
947 1552 6
947 1982 10
948 1091 15
948 1092 16
948 1128 1
948 1385 16
948 1474 10
948 1519 18
948 1552 15
948 1577 12
948 1638 1
948 1674 9
948 1870 20
948 1950 11
949 1133 9
949 1287 13
949 1554 10
949 1660 14
950 999 13
950 1181 10
950 1204 5
950 1232 14
950 1253 17
950 1470 5
950 1582 20
950 1863 6
950 1937 8
950 1994 19
951 954 1
951 955 13
951 961 20
951 982 14
951 1019 12
951 1045 19
951 1072 17
951 1074 15
951 1092 2
951 1234 9
951 1319 16
951 1340 3
951 1546 14
951 1633 2
951 1722 12
951 1833 15
952 1086 7
952 1183 4
952 1235 13
952 1245 2
952 1246 19
952 1357 1
952 1391 11
952 1797 16
952 1862 12
952 1885 6
953 1134 19
953 1174 6
953 1195 7
953 1478 15
953 1520 20
953 1575 8
953 1639 13
953 1640 10
953 1774 4
953 1867 19
953 1868 9
954 1350 13
954 1459 4
954 1465 16
954 1620 3
954 1624 5
954 1695 13
954 1754 12
954 1937 18
955 966 15
955 1019 6
955 1082 20
955 1088 14
955 1338 2
955 1422 3
955 1532 9
955 1611 16
955 1878 17
955 1952 8
956 1092 3
956 1538 14
956 1648 14
956 1650 8
956 1672 16
956 1705 12
956 1810 5
956 1963 6
956 1965 20
956 1984 19
957 1036 4
957 1196 8
957 1564 11
957 1605 3
957 1743 12
957 1933 11
957 1983 20
958 1034 14
958 1043 15
958 1351 15
958 1358 18
958 1440 15
958 1450 4
958 1478 16
958 1553 12
958 1562 9
958 1762 3
958 1940 11
958 1994 3
959 987 19
959 1150 10
959 1169 10
959 1257 19
959 1371 19
959 1385 7
959 1533 20
959 1647 19
959 1667 11
959 1690 5
959 1729 15
959 1858 3
960 1102 8
960 1152 9
960 1266 19
960 1348 1
960 1379 10
960 1430 14
960 1622 10
960 1661 11
960 1811 19
960 1818 5
960 1979 17
960 1999 9
961 1119 12
961 1386 18
961 1425 13
961 1458 14
961 1743 8
961 1760 17
962 989 4
962 1058 17
962 1071 16
962 1122 12
962 1144 1
962 1158 6
962 1181 14
962 1272 1
962 1476 15
962 1531 2
962 1541 9
962 1562 13
962 1642 19
962 1749 7
962 1867 10
962 1937 12
962 1972 18
963 1070 1
963 1171 12
963 1261 10
963 1302 8
963 1323 10
963 1385 4
963 1412 8
963 1414 11
963 1777 3
963 1794 1
963 1913 18
963 1942 4
964 1241 20
964 1449 3
964 1573 5
964 1575 3
964 1583 16
964 1619 9
964 1719 15
964 1722 4
964 1725 8
964 1740 7
964 1786 15
964 1987 17
965 1025 11
965 1180 12
965 1181 18
965 1196 3
965 1509 7
965 1681 10
965 1710 8
965 1744 12
966 1022 17
966 1039 13
966 1137 12
966 1230 3
966 1264 8
966 1490 11
966 1521 3
966 1533 4
966 1543 9
966 1630 20
966 1719 12
966 1818 14
967 1279 16
967 1369 7
967 1417 9
967 1483 20
967 1487 15
967 1549 12
967 1555 4
967 1644 17
967 1671 18
967 1673 14
967 1676 5
967 1681 11
967 1746 20
967 1844 7
968 1196 3
968 1245 17
968 1293 6
968 1309 17
968 1580 9
968 1701 7
968 1737 7
968 1910 5
969 978 16
969 1094 1
969 1232 19
969 1255 1
969 1263 3
969 1395 10
969 1475 4
969 1659 17
969 1722 5
970 1085 5
970 1186 4
970 1214 14
970 1259 19
970 1345 20
970 1569 10
970 1666 16
970 1774 7
970 1806 4
970 1811 1
970 1814 19
970 1916 3
970 1956 3
971 1054 11
971 1130 16
971 1189 7
971 1287 4
971 1307 13
971 1398 4
971 1417 14
971 1444 16
971 1475 10
971 1485 3
971 1645 14
971 1741 11
971 1904 18
971 1905 2
971 1947 12
972 1071 4
972 1147 8
972 1331 8
972 1368 14
972 1383 9
972 1535 4
972 1723 10
972 1931 11
972 1971 19
973 985 18
973 1041 5
973 1056 17
973 1100 13
973 1138 1
973 1181 3
973 1637 9
973 1659 12
973 1716 8
973 1750 5
973 1759 6
973 1763 7
973 1785 2
973 1847 1
973 1849 11
973 1973 10
973 1999 16
974 1081 2
974 1269 14
974 1316 8
974 1405 3
974 1709 9
974 1768 8
975 983 7
975 994 20
975 1217 12
975 1234 15
975 1290 17
975 1387 13
975 1416 9
975 1681 20
975 1913 15
976 1011 2
976 1039 14
976 1138 13
976 1234 18
976 1236 11
976 1249 15
976 1252 7
976 1381 9
976 1424 16
976 1535 2
977 1148 5
977 1319 4
977 1511 12
977 1865 18
977 1875 4
977 1922 11
978 1087 18
978 1196 16
978 1229 7
978 1307 8
978 1387 16
978 1504 2
978 1547 1
978 1633 10
978 1662 6
978 1768 11
978 1816 18
978 1833 3
978 1886 5
978 1960 19
979 1119 1
979 1315 19
979 1425 17
979 1433 4
979 1490 3
979 1631 1
979 1680 18
979 1740 5
979 1782 16
979 1846 2
980 1038 16
980 1159 15
980 1533 3
980 1894 17
980 1941 9
981 991 9
981 1090 16
981 1150 1
981 1177 1
981 1333 8
981 1520 9
981 1687 18
981 1729 10
981 1795 2
981 1887 3
981 1899 5
981 1953 20
981 1992 11
982 1020 2
982 1260 9
982 1310 19
982 1321 4
982 1330 9
982 1539 19
982 1655 2
982 1656 3
982 1705 13
982 1726 19
982 1728 6
982 1829 2
982 1879 1
983 1053 9
983 1497 12
983 1509 17
983 1566 6
983 1693 5
983 1962 14
984 992 5
984 1030 3
984 1295 10
984 1416 16
984 1497 18
984 1631 9
984 1822 3
984 1925 16
984 1954 10
984 1981 11
984 1983 20
985 1058 19
985 1117 11
985 1142 11
985 1179 17
985 1584 6
985 1793 19
986 988 9
986 1093 8
986 1119 16
986 1208 19
986 1228 6
986 1246 10
986 1285 14
986 1396 2
986 1617 14
986 1639 10
986 1646 17
986 1758 4
986 1905 15
986 1921 13
987 1062 15
987 1234 7
987 1393 7
987 1469 14
987 1473 7
987 1542 10
987 1667 18
987 1669 9
987 1699 14
987 1707 16
987 1731 11
987 1969 7
988 1019 19
988 1047 10
988 1065 13
988 1088 20
988 1257 19
988 1266 19
988 1285 16
988 1312 16
988 1347 6
988 1425 3
988 1457 14
988 1568 20
988 1586 15
988 1633 4
988 1738 6
988 1792 11
988 1795 6
988 1904 18
988 1998 11
989 1048 17
989 1227 20
989 1355 19
989 1444 14
989 1468 17
989 1561 14
989 1811 6
989 1887 10
989 1972 13
989 1979 19
990 1158 10
990 1316 5
990 1336 17
990 1612 16
990 1649 12
990 1748 4
990 1937 16
991 1037 4
991 1126 18
991 1234 16
991 1347 17
991 1382 1
991 1610 7
991 1611 1
991 1617 7
991 1659 15
991 1768 10
991 1801 3
991 1810 3
991 1862 14
991 1884 12
991 1924 12
992 1035 17
992 1041 6
992 1083 15
992 1224 1
992 1344 7
992 1403 1
992 1550 19
992 1557 19
992 1644 5
992 1694 6
992 1980 10
993 1027 16
993 1054 11
993 1056 7
993 1213 9
993 1312 16
993 1398 1
993 1487 7
993 1680 12
993 1877 11
994 1185 7
994 1235 10
994 1411 15
994 1431 2
994 1606 15
994 1931 20
995 1152 2
995 1186 11
995 1204 12
995 1342 2
995 1420 5
995 1477 2
995 1533 15
995 1549 17
995 1691 16
995 1695 6
995 1708 5
995 1736 6
995 1749 17
996 1090 10
996 1248 1
996 1319 7
996 1333 1
996 1648 13
996 1664 12
996 1668 4
997 1083 14
997 1086 14
997 1136 12
997 1240 1
997 1279 17
997 1298 3
997 1403 14
997 1433 6
997 1540 18
997 1589 9
997 1648 12
997 1771 10
997 1866 17
997 1900 17
998 1051 14
998 1122 20
998 1126 1
998 1252 15
998 1273 1
998 1301 9
998 1340 17
998 1383 9
998 1519 18
998 1706 3
998 1729 15
998 1742 7
998 1902 2
998 1981 9
998 1993 4
999 1026 9
999 1165 16
999 1212 14
999 1337 11
999 1391 3
999 1456 3
999 1461 20
999 1561 5
999 1566 11
999 1643 6
999 1678 10
999 1745 17
999 1791 8
999 1918 7
999 1968 10
1000 1189 8
1000 1317 11
1000 1361 11
1000 1387 2
1000 1482 16
1000 1556 15
1000 1794 14
1000 1862 11
1000 1939 16
1001 1333 19
1001 1337 11
1001 1603 1
1001 1693 4
1001 1909 14
1002 1139 1
1002 1166 13
1002 1168 13
1002 1679 9
1002 1836 2
1002 1900 5
1002 1971 16
1003 1159 6
1003 1343 12
1003 1365 14
1003 1470 19
1003 1714 13
1003 1755 10
1004 1063 2
1004 1134 2
1004 1339 2
1004 1359 13
1004 1584 19
1004 1761 6
1004 1889 6
1005 1102 20
1005 1177 20
1005 1183 13
1005 1251 20
1005 1310 14
1005 1417 7
1005 1436 15
1005 1646 19
1005 1681 16
1005 1827 3
1005 1858 15
1005 1875 14
1005 1884 10
1005 1886 16
1005 1918 18
1005 1972 12
1006 1235 13
1006 1429 4
1006 1735 10
1006 1746 19
1006 1751 11
1006 1756 12
1006 1779 1
1006 1863 12
1006 1924 19
1006 1990 16
1007 1008 15
1007 1036 4
1007 1059 1
1007 1061 15
1007 1148 16
1007 1225 10
1007 1333 17
1007 1345 10
1007 1460 16
1007 1508 10
1007 1624 9
1007 1771 1
1007 1871 8
1007 1894 7
1008 1133 9
1008 1262 13
1008 1288 9
1008 1361 6
1008 1392 12
1008 1394 14
1008 1445 13
1008 1516 7
1008 1644 3
1008 1725 1
1008 1972 19
1009 1023 8
1009 1335 11
1009 1337 4
1009 1346 9
1009 1516 19
1009 1544 18
1009 1616 18
1009 1726 19
1009 1745 20
1009 1802 10
1009 1817 6
1009 1929 15
1010 1328 4
1010 1503 6
1010 1625 7
1010 1721 15
1010 1746 9
1010 1837 6
1011 1141 1
1011 1154 13
1011 1281 5
1011 1349 17
1011 1369 3
1011 1397 17
1011 1575 13
1011 1593 15
1011 1786 13
1011 1820 6
1011 1827 7
1011 1932 6
1011 1964 7
1012 1059 3
1012 1079 2
1012 1102 14
1012 1139 12
1012 1243 13
1012 1267 10
1012 1406 15
1012 1514 6
1012 1592 15
1012 1606 20
1012 1667 13
1012 1738 14
1012 1820 2
1012 1842 13
1012 1930 19
1012 1936 3
1013 1101 10
1013 1391 14
1013 1583 14
1013 1644 19
1013 1704 10
1013 1720 6
1013 1735 14
1013 1811 11
1013 1823 3
1013 1825 9
1013 1918 13
1014 1956 17
1015 1255 13
1015 1322 13
1015 1356 2
1015 1546 4
1015 1573 8
1015 1806 2
1015 1922 12
1016 1168 6
1016 1258 10
1016 1304 17
1016 1325 13
1016 1569 9
1016 1614 6
1016 1659 9
1016 1681 13
1016 1704 11
1016 1920 1
1016 1933 1
1016 1967 14
1016 1995 14
1017 1172 4
1017 1239 14
1017 1431 14
1017 1474 2
1017 1685 5
1017 1877 9
1017 1955 12
1018 1150 19
1018 1194 2
1018 1250 10
1018 1275 12
1018 1462 12
1018 1572 16
1018 1575 9
1018 1584 13
1018 1861 5
1018 1892 9
1019 1343 7
1019 1416 13
1019 1441 13
1019 1456 13
1019 1536 11
1019 1673 8
1019 1692 14
1019 1751 17
1020 1135 18
1020 1233 1
1020 1261 6
1020 1405 5
1020 1513 11
1020 1626 10
1020 1831 19
1021 1121 17
1021 1168 19
1021 1176 13
1021 1303 5
1021 1581 18
1021 1663 2
1021 1714 10
1022 1397 4
1022 1463 12
1022 1533 2
1022 1602 16
1022 1631 9
1022 1695 4
1022 1756 19
1023 1043 2
1023 1238 3
1023 1446 2
1023 1453 16
1023 1485 16
1023 1501 13
1023 1731 13
1023 1886 18
1024 1061 10
1024 1236 10
1024 1275 16
1024 1444 11
1024 1457 13
1024 1470 9
1024 1472 11
1024 1514 7
1024 1557 5
1024 1856 9
1024 1951 12
1025 1048 1
1025 1132 12
1025 1159 7
1025 1281 20
1025 1318 19
1025 1395 2
1025 1538 18
1025 1559 7
1025 1582 19
1025 1590 6
1025 1628 9
1025 1666 4
1025 1675 2
1025 1705 2
1025 1727 9
1025 1893 4
1025 1924 14
1025 1957 16
1025 1960 10
1026 1104 20
1026 1395 15
1026 1469 8
1026 1483 17
1026 1548 7
1026 1561 19
1026 1645 16
1026 1682 12
1026 1761 15
1026 1862 8
1027 1108 1
1027 1369 20
1027 1490 11
1027 1603 18
1027 1617 3
1027 1767 16
1027 1799 19
1027 1820 1
1027 1866 9
1027 1880 13
1028 1102 3
1028 1240 3
1028 1273 18
1028 1278 2
1028 1317 15
1028 1322 15
1028 1394 20
1028 1585 7
1028 1620 16
1028 1636 12
1028 1840 16
1028 1854 15
1028 1920 17
1029 1033 18
1029 1083 1
1029 1237 3
1029 1338 20
1029 1397 19
1029 1422 10
1029 1438 7
1029 1494 8
1029 1565 15
1029 1670 18
1029 1673 15
1029 1690 4
1029 1726 7
1029 1822 14
1029 1891 15
1029 1952 12
1030 1344 12
1030 1401 2
1030 1542 2
1030 1543 12
1030 1558 20
1030 1563 2
1030 1736 3
1030 1746 19
1030 1789 4
1030 1839 19
1030 1934 9
1030 1971 5
1031 1044 2
1031 1111 1
1031 1167 11
1031 1178 3
1031 1237 15
1031 1279 9
1031 1335 18
1031 1361 2
1031 1565 20
1031 1645 9
1031 1700 3
1031 1774 8
1031 1812 5
1031 1870 16
1032 1106 19
1032 1126 20
1032 1286 1
1032 1288 18
1032 1457 10
1032 1538 9
1032 1651 14
1032 1699 19
1032 1802 13
1032 1997 18
1033 1329 13
1033 1360 4
1033 1652 19
1033 1723 4
1033 1739 17
1033 1887 16
1034 1197 11
1034 1480 12
1034 1560 9
1034 1650 17
1034 1660 12
1034 1775 17
1035 1051 18
1035 1154 20
1035 1163 10
1035 1186 7
1035 1359 7
1035 1430 15
1035 1590 19
1035 1676 20
1035 1725 2
1035 1764 19
1035 1834 15
1036 1065 6
1036 1087 14
1036 1090 12
1036 1126 15
1036 1391 9
1036 1568 8
1036 1577 7
1036 1596 12
1036 1634 13
1036 1688 4
1036 1750 4
1036 1751 20
1036 1897 5
1037 1073 17
1037 1121 12
1037 1172 16
1037 1269 11
1037 1272 19
1037 1280 20
1037 1461 9
1037 1472 5
1037 1549 1
1037 1703 8
1037 1852 16
1037 1855 16
1037 1966 3
1037 1971 9
1038 1165 18
1038 1491 20
1038 1565 20
1038 1570 4
1038 1994 20
1039 1192 10
1039 1226 14
1039 1281 12
1039 1289 19
1039 1480 8
1039 1548 18
1039 1904 16
1040 1093 3
1040 1202 6
1040 1269 13
1040 1280 4
1040 1363 19
1040 1401 6
1040 1524 3
1040 1592 16
1040 1594 9
1040 1642 5
1040 1759 20
1040 1778 15
1040 1916 15
1041 1090 4
1041 1188 5
1041 1189 3
1041 1208 15
1041 1386 18
1041 1581 5
1041 1739 11
1041 1741 14
1041 1850 13
1041 1915 3
1041 1972 12
1042 1070 1
1042 1291 4
1042 1305 5
1042 1332 12
1042 1337 17
1042 1354 8
1042 1661 9
1042 1962 9
1043 1102 7
1043 1119 20
1043 1225 3
1043 1494 8
1043 1592 20
1043 1618 8
1043 1791 14
1043 1815 2
1044 1054 9
1044 1119 12
1044 1146 7
1044 1183 6
1044 1330 19
1044 1361 12
1044 1469 10
1044 1502 17
1044 1543 4
1044 1610 20
1044 1652 1
1044 1722 10
1044 1736 11
1044 1899 6
1044 1925 11
1044 1941 1
1045 1123 17
1045 1433 3
1045 1525 3
1045 1536 20
1045 1608 10
1045 1620 20
1045 1638 2
1045 1728 14
1045 1806 20
1045 1883 12
1045 1955 16
1045 1987 10
1046 1169 2
1046 1232 18
1046 1440 4
1046 1475 12
1046 1701 17
1046 1752 8
1046 1756 18
1046 1759 18
1046 1795 3
1046 1932 19
1046 1975 6
1047 1065 1
1047 1108 15
1047 1132 13
1047 1164 7
1047 1210 4
1047 1373 9
1047 1432 7
1047 1604 16
1047 1646 10
1047 1678 9
1047 1876 4
1048 1097 2
1048 1123 16
1048 1312 3
1048 1593 18
1048 1630 18
1048 1645 15
1048 1696 4
1048 1711 6
1048 1821 4
1049 1181 18
1049 1326 15
1049 1421 2
1049 1448 20
1049 1450 13
1049 1478 13
1049 1780 7
1049 1850 11
1049 1915 6
1050 1089 11
1050 1243 7
1050 1279 18
1050 1424 5
1050 1516 20
1050 1589 14
1050 1693 8
1050 1782 20
1050 1963 16
1051 1219 19
1051 1505 9
1051 1601 18
1051 1760 19
1051 1787 7
1051 1947 14
1052 1055 19
1052 1105 5
1052 1493 10
1052 1515 4
1052 1698 17
1052 1718 6
1052 1861 6
1052 1971 4
1053 1154 14
1053 1167 1
1053 1207 3
1053 1208 12
1053 1209 2
1053 1267 15
1053 1320 12
1053 1358 1
1053 1433 11
1053 1465 13
1053 1466 8
1053 1554 2
1053 1619 8
1053 1623 7
1053 1629 4
1053 1704 8
1053 1712 7
1053 1751 13
1053 1932 8
1053 1933 11
1054 1101 8
1054 1136 12
1054 1629 4
1054 1679 16
1054 1729 3
1054 1845 19
1054 1857 17
1054 1959 18
1055 1112 20
1055 1153 15
1055 1180 14
1055 1233 17
1055 1262 9
1055 1422 8
1055 1452 16
1055 1456 2
1055 1465 16
1055 1540 14
1055 1553 13
1055 1574 1
1055 1761 18
1055 1767 16
1056 1097 7
1056 1216 4
1056 1310 20
1056 1366 12
1056 1406 4
1056 1537 16
1056 1739 7
1056 1744 6
1056 1751 16
1056 1757 8
1056 1826 10
1057 1113 3
1057 1248 19
1057 1335 9
1057 1352 7
1057 1423 11
1057 1458 11
1057 1570 16
1057 1571 14
1057 1651 10
1057 1697 6
1057 1890 20
1057 1914 5
1057 1974 4
1058 1167 17
1058 1321 1
1058 1331 6
1058 1407 14
1058 1611 14
1058 1656 6
1058 1694 16
1058 1708 9
1058 1767 8
1059 1065 17
1059 1126 9
1059 1127 7
1059 1153 20
1059 1167 11
1059 1419 12
1059 1447 11
1059 1514 7
1059 1524 6
1059 1554 2
1059 1773 15
1059 1950 20
1060 1120 15
1060 1131 7
1060 1269 15
1060 1273 14
1060 1329 9
1060 1350 2
1060 1672 5
1060 1963 4
1060 1996 20
1061 1183 4
1061 1317 19
1061 1336 10
1061 1411 3
1061 1451 18
1061 1529 20
1061 1555 17
1061 1977 13
1062 1229 17
1062 1362 16
1062 1384 4
1062 1407 8
1062 1452 12
1062 1621 15
1062 1660 8
1062 1751 13
1062 1945 14
1063 1107 16
1063 1152 17
1063 1156 9
1063 1201 18
1063 1283 13
1063 1332 1
1063 1355 1
1063 1434 15
1063 1473 7
1063 1700 9
1063 1781 19
1063 1825 2
1063 1889 19
1063 1935 6
1063 1972 13
1064 1070 17
1064 1106 19
1064 1172 4
1064 1210 7
1064 1310 16
1064 1371 1
1064 1400 7
1064 1580 7
1064 1660 11
1064 1664 6
1064 1695 15
1064 1779 14
1064 1912 7
1065 1453 12
1065 1511 19
1065 1683 20
1065 1737 13
1065 1740 4
1065 1750 8
1065 1934 7
1065 1936 3
1066 1291 18
1066 1364 17
1066 1503 14
1066 1516 5
1066 1625 7
1066 1656 1
1066 1715 4
1066 1935 7
1066 1975 3
1067 1128 16
1067 1172 16
1067 1248 17
1067 1259 6
1067 1435 15
1067 1466 1
1067 1566 10
1067 1724 19
1067 1885 7
1067 1907 15
1067 1950 4
1067 1961 8
1068 1429 15
1068 1720 9
1068 1762 7
1069 1083 8
1069 1095 12
1069 1212 15
1069 1231 7
1069 1250 6
1069 1413 6
1069 1440 19
1069 1764 13
1070 1108 17
1070 1139 9
1070 1140 7
1070 1177 18
1070 1294 11
1070 1316 11
1070 1503 7
1070 1681 2
1070 1696 18
1070 1773 19
1070 1796 3
1070 1855 15
1070 1925 1
1070 1941 5
1071 1180 6
1071 1279 10
1071 1306 9
1071 1411 16
1071 1466 15
1071 1470 3
1071 1558 16
1071 1684 12
1071 1720 8
1072 1154 6
1072 1172 1
1072 1340 8
1072 1345 8
1072 1591 20
1072 1719 1
1072 1997 14
1073 1114 5
1073 1156 10
1073 1225 16
1073 1360 5
1073 1398 10
1073 1412 17
1073 1568 3
1073 1667 13
1073 1680 2
1073 1744 20
1073 1893 15
1073 1956 14
1074 1553 6
1074 1726 10
1074 1816 17
1074 1880 16
1074 1945 7
1074 1965 11
1075 1086 13
1075 1399 18
1075 1415 3
1075 1675 12
1075 1793 12
1075 1831 1
1075 1886 11
1075 1904 13
1076 1117 1
1076 1131 16
1076 1161 14
1076 1192 2
1076 1212 9
1076 1239 15
1076 1338 14
1076 1353 3
1076 1361 6
1076 1413 1
1076 1681 20
1076 1709 15
1076 1830 4
1076 1980 7
1077 1139 5
1077 1171 14
1077 1240 20
1077 1269 14
1077 1306 11
1077 1359 15
1077 1506 9
1077 1540 11
1077 1628 18
1077 1644 19
1077 1690 11
1077 1711 18
1077 1774 19
1077 1802 4
1077 1854 3
1077 1858 3
1077 1909 12
1078 1803 11
1079 1130 3
1079 1206 2
1079 1428 15
1079 1448 10
1079 1612 2
1079 1733 4
1079 1919 7
1079 1997 6
1080 1196 16
1080 1310 12
1080 1463 10
1080 1764 5
1080 1792 12
1080 1892 19
1081 1095 10
1081 1134 16
1081 1230 7
1081 1235 3
1081 1398 16
1081 1538 20
1081 1661 4
1081 1666 16
1081 1752 7
1081 1826 12
1081 1847 12
1082 1100 20
1082 1178 18
1082 1408 11
1082 1416 4
1082 1639 7
1082 1763 15
1082 1866 16
1082 1977 6
1083 1093 11
1083 1187 4
1083 1243 15
1083 1629 17
1083 1922 8
1083 1943 12
1083 1972 1
1084 1145 7
1084 1241 14
1084 1295 9
1084 1365 20
1084 1389 19
1084 1643 1
1084 1770 8
1084 1826 13
1084 1948 20
1085 1144 2
1085 1629 2
1085 1771 17
1085 1921 10
1085 1942 10
1086 1101 13
1086 1162 4
1086 1290 4
1086 1448 18
1086 1468 8
1086 1483 20
1086 1565 14
1086 1597 4
1086 1666 17
1086 1824 16
1086 1877 8
1086 1878 18
1087 1131 7
1087 1149 20
1087 1174 6
1087 1234 8
1087 1499 6
1087 1566 13
1087 1580 19
1087 1831 13
1087 1930 2
1087 1957 4
1088 1260 1
1088 1278 18
1088 1313 11
1088 1447 10
1088 1584 5
1088 1659 20
1088 1671 13
1088 1763 18
1088 1874 11
1089 1105 13
1089 1206 6
1089 1248 4
1089 1262 20
1089 1314 10
1089 1449 11
1089 1462 11
1089 1533 19
1089 1693 4
1089 1775 7
1089 1908 19
1089 1922 4
1089 1952 2
1090 1143 15
1090 1173 11
1090 1180 19
1090 1579 5
1090 1627 16
1090 1744 15
1090 1755 17
1090 1861 7
1091 1142 1
1091 1186 3
1091 1207 11
1091 1302 19
1091 1449 11
1091 1582 18
1091 1591 11
1091 1758 3
1091 1940 8
1092 1130 2
1092 1275 9
1092 1444 6
1092 1478 9
1092 1606 13
1092 1609 18
1092 1707 14
1092 1748 4
1092 1852 18
1092 1874 6
1092 1879 8
1093 1150 2
1093 1233 8
1093 1267 20
1093 1291 6
1093 1312 18
1093 1369 15
1093 1479 6
1093 1627 12
1093 1676 15
1093 1719 17
1093 1724 7
1094 1457 16
1094 1499 9
1094 1676 17
1094 1781 10
1094 1928 18
1095 1114 5
1095 1251 8
1095 1254 11
1095 1321 12
1095 1382 18
1095 1423 17
1095 1460 16
1095 1539 4
1095 1555 16
1095 1753 17
1095 1788 6
1096 1126 13
1096 1254 2
1096 1532 18
1096 1633 10
1096 1671 12
1096 1675 17
1096 1727 9
1096 1774 19
1096 1790 1
1096 1810 20
1096 1940 13
1096 1972 10
1097 1108 5
1097 1127 13
1097 1157 20
1097 1190 12
1097 1204 2
1097 1235 7
1097 1458 9
1097 1480 1
1097 1517 4
1097 1563 6
1097 1585 5
1097 1641 14
1097 1684 5
1097 1890 6
1098 1161 11
1098 1180 10
1098 1362 1
1098 1488 5
1098 1717 15
1098 1831 2
1099 1104 5
1099 1159 6
1099 1325 13
1099 1779 12
1099 1786 13
1099 1826 17
1099 1964 1
1100 1250 11
1100 1306 8
1100 1473 15
1100 1580 2
1100 1637 16
1100 1663 18
1100 1811 2
1100 1856 2
1100 1939 11
1101 1151 20
1101 1329 9
1101 1526 4
1101 1903 17
1102 1222 18
1102 1376 2
1102 1410 6
1102 1413 5
1102 1559 12
1102 1748 11
1102 1798 15
1102 1844 12
1103 1107 8
1103 1193 4
1103 1394 1
1103 1481 20
1103 1499 10
1103 1602 20
1103 1805 16
1103 1823 15
1104 1117 14
1104 1229 6
1104 1268 6
1104 1280 19
1104 1619 10
1104 1644 11
1104 1801 18
1104 1844 8
1104 1875 1
1104 1937 6
1105 1272 11
1105 1319 19
1105 1339 18
1105 1354 17
1105 1602 11
1105 1696 4
1105 1748 6
1105 1912 12
1105 1920 4
1106 1158 10
1106 1196 17
1106 1250 1
1106 1274 2
1106 1388 11
1106 1594 16
1106 1884 18
1106 1903 6
1107 1209 2
1107 1269 19
1107 1513 2
1107 1724 19
1107 1826 9
1107 1844 10
1107 1852 10
1108 1332 13
1108 1360 13
1108 1397 18
1108 1518 14
1108 1547 16
1108 1609 20
1108 1730 11
1109 1222 20
1109 1290 19
1109 1447 2
1109 1539 9
1109 1588 20
1109 1664 5
1109 1771 10
1109 1800 9
1109 1870 3
1109 1906 16
1110 1116 8
1110 1170 14
1110 1200 2
1110 1210 6
1110 1321 13
1110 1425 15
1110 1473 8
1110 1623 14
1110 1664 13
1110 1703 6
1110 1713 3
1110 1766 2
1110 1883 17
1110 1915 5
1111 1242 7
1111 1363 10
1111 1402 11
1111 1518 3
1111 1562 9
1111 1645 16
1111 1658 19
1111 1686 6
1111 1871 9
1111 1883 7
1111 1962 15
1111 1981 12
1112 1123 10
1112 1250 2
1112 1297 20
1112 1313 19
1112 1314 16
1112 1512 4
1112 1821 14
1113 1190 4
1113 1192 20
1113 1259 4
1113 1337 20
1113 1370 3
1113 1712 20
1113 1774 10
1113 1836 2
1113 1857 5
1113 1936 5
1113 1959 10
1114 1436 5
1114 1444 1
1114 1450 6
1114 1487 15
1114 1612 19
1114 1720 9
1114 1868 15
1114 1968 16
1114 1988 6
1115 1161 16
1115 1175 1
1115 1252 13
1115 1618 9
1115 1629 16
1115 1687 7
1115 1813 10
1115 1900 20
1115 1964 10
1116 1615 11
1116 1727 16
1116 1759 10
1116 1866 1
1117 1196 12
1117 1198 19
1117 1252 15
1117 1265 1
1117 1348 13
1117 1352 17
1117 1657 19
1117 1835 13
1117 1939 8
1118 1293 15
1118 1365 13
1118 1619 8
1119 1192 4
1119 1232 1
1119 1323 16
1119 1502 5
1119 1531 4
1119 1603 20
1119 1604 20
1119 1663 17
1119 1759 9
1119 1800 10
1119 1830 14
1119 1985 7
1119 1991 11
1120 1137 1
1120 1151 1
1120 1225 18
1120 1328 6
1120 1362 16
1120 1421 5
1120 1675 13
1120 1686 7
1120 1788 7
1121 1166 3
1121 1346 7
1121 1367 20
1121 1419 15
1121 1466 13
1121 1485 14
1121 1514 2
1121 1610 19
1121 1773 19
1121 1779 18
1121 1792 10
1121 1857 1
1121 1916 6
1122 1254 2
1122 1357 11
1122 1431 17
1122 1567 4
1122 1609 14
1122 1643 11
1122 1645 13
1122 1697 16
1123 1279 5
1123 1298 3
1123 1388 18
1123 1411 8
1123 1721 8
1123 1829 7
1123 1845 10
1123 1994 7
1124 1194 14
1124 1275 11
1124 1330 15
1124 1416 3
1124 1454 5
1124 1667 12
1124 1801 17
1124 1883 1
1124 1976 17
1125 1268 3
1125 1409 17
1125 1447 8
1125 1583 2
1125 1595 8
1125 1949 3
1125 1955 13
1125 1982 1
1126 1159 6
1126 1160 13
1126 1193 15
1126 1214 16
1126 1328 17
1126 1467 14
1126 1521 15
1126 1588 16
1126 1794 5
1127 1238 18
1127 1318 17
1127 1397 16
1127 1462 5
1127 1560 7
1127 1578 13
1127 1669 11
1127 1831 3
1128 1236 9
1128 1274 4
1128 1564 6
1128 1616 4
1128 1672 9
1128 1698 10
1128 1717 5
1128 1719 5
1129 1149 14
1129 1195 6
1129 1304 18
1129 1350 4
1129 1398 18
1129 1447 15
1129 1470 1
1129 1500 11
1129 1563 14
1129 1667 3
1129 1686 3
1129 1713 7
1129 1853 12
1129 1877 15
1130 1313 18
1130 1316 7
1130 1525 11
1130 1622 3
1130 1653 3
1130 1708 1
1130 1763 1
1130 1774 3
1130 1860 6
1130 1914 2
1130 1950 6
1130 1954 10
1131 1160 13
1131 1258 16
1131 1270 12
1131 1279 16
1131 1377 3
1131 1428 5
1131 1442 9
1131 1744 2
1131 1773 11
1131 1840 6
1131 1995 8
1132 1167 7
1132 1237 18
1132 1284 5
1132 1311 6
1132 1407 11
1132 1552 13
1132 1572 8
1132 1694 8
1132 1827 4
1132 1846 20
1132 1910 15
1132 1995 16
1133 1156 11
1133 1243 7
1133 1297 3
1133 1385 20
1133 1521 15
1133 1630 19
1133 1761 5
1133 1843 15
1133 1978 14
1134 1192 9
1134 1228 1
1134 1306 20
1134 1488 6
1134 1560 10
1134 1636 14
1134 1749 18
1134 1834 4
1135 1228 15
1135 1234 18
1135 1353 5
1135 1399 15
1135 1471 13
1135 1508 13
1135 1636 2
1135 1707 2
1135 1719 19
1135 1724 12
1135 1769 6
1135 1812 1
1136 1178 7
1136 1187 13
1136 1366 11
1136 1443 4
1136 1564 10
1136 1643 6
1136 1648 9
1136 1751 9
1136 1974 13
1137 1178 11
1137 1451 14
1137 1456 4
1137 1544 13
1137 1552 13
1137 1700 2
1137 1802 16
1138 1366 18
1138 1572 7
1138 1577 1
1138 1654 14
1138 1819 19
1138 1831 13
1138 1951 2
1139 1193 12
1139 1259 13
1139 1285 14
1139 1327 14
1139 1401 19
1139 1658 20
1139 1679 20
1139 1763 13
1139 1910 1
1139 1918 3
1140 1142 11
1140 1182 7
1140 1201 9
1140 1256 9
1140 1299 18
1140 1470 1
1140 1473 12
1140 1744 18
1140 1755 10
1140 1792 14
1140 1832 12
1140 1957 11
1141 1147 20
1141 1330 20
1141 1336 17
1141 1340 10
1141 1422 15
1141 1845 6
1141 1870 1
1141 1942 5
1141 1989 13
1142 1166 10
1142 1248 8
1142 1262 18
1142 1306 3
1142 1335 16
1142 1420 20
1142 1500 4
1142 1586 17
1142 1649 8
1142 1715 9
1142 1834 4
1142 1840 1
1142 1880 20
1142 1980 17
1143 1381 19
1143 1500 7
1143 1635 5
1143 1742 12
1143 1836 18
1143 1901 4
1143 1906 5
1143 1968 17
1144 1370 18
1144 1419 8
1144 1510 19
1144 1573 12
1144 1760 13
1144 1830 6
1144 1978 1
1145 1188 17
1145 1236 16
1145 1407 18
1145 1451 4
1145 1850 12
1146 1255 6
1146 1362 10
1146 1541 10
1146 1584 17
1146 1649 14
1146 1749 2
1146 1794 1
1146 1811 12
1146 1943 6
1146 1983 18
1147 1224 11
1147 1268 6
1147 1358 9
1147 1555 10
1147 1640 19
1147 1662 1
1147 1757 1
1147 1777 4
1147 1797 4
1148 1218 8
1148 1315 19
1148 1373 10
1148 1424 18
1148 1524 12
1148 1556 6
1148 1613 14
1148 1682 4
1148 1852 13
1148 1853 14
1149 1301 10
1149 1501 3
1149 1746 13
1149 1897 20
1150 1370 1
1150 1510 7
1150 1548 14
1150 1617 7
1150 1624 9
1150 1802 7
1150 1999 11
1151 1203 15
1151 1338 6
1151 1420 9
1151 1465 5
1151 1613 7
1151 1839 13
1151 1942 1
1151 1997 15
1152 1167 19
1152 1235 10
1152 1261 19
1152 1286 1
1152 1323 11
1152 1395 19
1152 1449 4
1152 1682 10
1152 1737 13
1152 1752 16
1152 1795 11
1152 1843 13
1152 1987 7
1153 1365 5
1153 1595 13
1153 1686 4
1154 1316 13
1154 1401 2
1154 1482 14
1154 1528 10
1154 1590 2
1154 1696 4
1154 1768 3
1154 1785 17
1154 1805 15
1154 1940 7
1154 1983 13
1155 1169 3
1155 1229 19
1155 1251 1
1155 1386 13
1155 1715 5
1155 1880 2
1155 1916 16
1155 1990 3
1156 1211 11
1156 1212 5
1156 1254 4
1156 1327 7
1156 1335 12
1156 1393 15
1156 1492 2
1156 1619 15
1156 1671 13
1156 1823 1
1156 1828 1
1156 1873 2
1157 1253 9
1157 1430 20
1157 1434 4
1157 1474 12
1157 1555 9
1157 1641 9
1157 1667 9
1157 1696 1
1157 1709 13
1157 1752 7
1157 1777 14
1157 1976 15
1157 1979 6
1158 1279 10
1158 1320 16
1158 1353 20
1158 1359 17
1158 1490 2
1158 1520 9
1158 1527 10
1158 1617 2
1158 1709 12
1158 1833 5
1158 1900 14
1158 1910 9
1158 1965 17
1159 1399 20
1159 1558 1
1159 1562 13
1159 1688 10
1159 1727 9
1159 1794 15
1159 1942 14
1159 1986 5
1160 1241 8
1160 1323 8
1160 1441 13
1160 1502 10
1160 1518 9
1160 1705 14
1160 1783 12
1160 1807 5
1160 1856 5
1160 1857 2
1160 1971 19
1161 1197 11
1161 1241 9
1161 1282 14
1161 1336 2
1161 1527 12
1161 1831 6
1161 1898 9
1161 1943 15
1161 1958 20
1162 1345 2
1162 1590 6
1162 1736 2
1162 1957 11
1163 1272 17
1163 1331 7
1163 1513 6
1163 1526 16
1163 1703 19
1163 1811 11
1163 1820 3
1163 1822 7
1163 1856 9
1163 1877 10
1163 1979 15
1164 1210 16
1164 1233 18
1164 1276 12
1164 1311 11
1164 1363 15
1164 1467 4
1164 1484 2
1164 1645 10
1164 1833 7
1164 1927 17
1165 1206 7
1165 1440 8
1165 1561 10
1165 1564 10
1165 1589 15
1165 1649 13
1165 1670 2
1165 1691 9
1165 1700 8
1165 1730 10
1165 1809 7
1165 1932 9
1165 1993 5
1166 1235 14
1166 1296 10
1166 1303 3
1166 1326 1
1166 1642 11
1166 1711 14
1166 1749 7
1166 1753 14
1166 1940 18
1167 1222 19
1167 1391 8
1167 1452 14
1167 1492 19
1167 1643 1
1167 1664 10
1167 1716 6
1167 1828 16
1167 1998 20
1168 1220 16
1168 1302 9
1168 1362 7
1168 1430 7
1168 1477 17
1168 1483 16
1168 1546 13
1168 1558 19
1168 1566 17
1168 1602 2
1168 1716 17
1168 1724 7
1168 1873 20
1169 1195 3
1169 1204 14
1169 1207 13
1169 1209 1
1169 1430 14
1169 1467 16
1169 1671 3
1169 1725 12
1169 1737 1
1169 1753 2
1169 1785 19
1169 1818 8
1169 1998 7
1170 1200 11
1170 1203 11
1170 1268 11
1170 1322 20
1170 1362 1
1170 1476 8
1170 1598 19
1170 1683 16
1170 1988 2
1171 1210 1
1171 1265 2
1171 1405 16
1171 1541 2
1171 1550 20
1171 1773 15
1171 1843 13
1171 1891 9
1171 1994 1
1172 1246 2
1172 1265 9
1172 1338 6
1172 1867 1
1172 1895 5
1172 1929 20
1172 1957 19
1173 1178 18
1173 1251 19
1173 1408 16
1173 1745 20
1173 1761 10
1173 1861 11
1173 1939 6
1173 1986 18
1174 1563 1
1174 1616 19
1174 1671 9
1174 1768 1
1174 1851 18
1174 1913 4
1174 1917 20
1175 1216 5
1175 1221 10
1175 1584 2
1175 1647 12
1175 1720 13
1175 1769 7
1175 1867 9
1176 1272 5
1176 1292 3
1176 1343 20
1176 1628 10
1177 1203 19
1177 1256 6
1177 1400 10
1177 1407 19
1177 1470 15
1177 1578 4
1177 1629 3
1177 1634 9
1177 1680 17
1177 1798 14
1178 1225 7
1178 1277 15
1178 1400 10
1178 1406 17
1178 1669 17
1178 1694 5
1178 1889 11
1178 1978 14
1179 1414 18
1179 1425 14
1179 1691 15
1179 1709 5
1179 1819 3
1179 1864 4
1179 1959 4
1179 1972 4
1179 1994 1
1180 1214 12
1180 1246 4
1180 1511 13
1180 1717 17
1181 1201 8
1181 1227 8
1181 1502 16
1181 1623 10
1181 1656 13
1181 1720 16
1181 1811 7
1181 1841 3
1181 1883 17
1182 1721 5
1182 1860 9
1182 1915 14
1182 1969 11
1182 1982 14
1182 1985 17
1183 1510 11
1183 1603 9
1183 1613 19
1183 1665 3
1183 1699 9
1183 1838 6
1183 1840 6
1183 1876 20
1183 1901 11
1183 1921 13
1183 1945 8
1183 1988 17
1184 1273 8
1184 1423 15
1184 1433 13
1184 1611 2
1184 1797 8
1184 1809 16
1184 1904 6
1184 1935 16
1184 1938 15
1184 1951 15
1184 1954 20
1184 1987 16
1184 1988 6
1185 1431 20
1185 1547 16
1185 1564 7
1185 1675 18
1185 1742 17
1186 1226 3
1186 1275 7
1186 1426 13
1186 1523 15
1186 1892 19
1186 1897 11
1187 1239 5
1187 1243 15
1187 1253 3
1187 1256 14
1187 1408 1
1187 1497 3
1187 1652 3
1187 1670 6
1187 1693 12
1187 1698 14
1187 1733 17
1187 1762 17
1187 1850 6
1187 1902 4
1188 1241 2
1188 1415 17
1188 1574 13
1188 1702 19
1188 1780 4
1188 1786 14
1188 1897 19
1189 1198 7
1189 1208 13
1189 1486 8
1189 1763 17
1189 1830 10
1189 1857 15
1190 1249 1
1190 1387 8
1190 1533 3
1190 1539 3
1190 1561 5
1190 1613 4
1190 1688 20
1190 1827 3
1191 1274 14
1191 1285 3
1191 1304 6
1191 1365 19
1191 1424 19
1191 1586 15
1191 1637 13
1191 1682 15
1191 1861 15
1192 1437 15
1192 1731 9
1192 1802 1
1192 1886 3
1192 1969 11
1193 1387 4
1193 1523 6
1193 1540 7
1193 1599 10
1193 1717 5
1193 1819 16
1194 1263 12
1194 1319 12
1194 1330 5
1194 1351 8
1194 1360 13
1194 1462 7
1194 1494 14
1194 1511 9
1194 1648 1
1194 1709 16
1194 1720 15
1194 1758 16
1194 1846 15
1194 1895 5
1194 1965 9
1195 1200 19
1195 1753 5
1195 1980 14
1196 1231 19
1196 1333 11
1196 1341 5
1196 1416 20
1196 1586 16
1196 1595 20
1196 1661 8
1196 1695 19
1196 1711 20
1196 1834 12
1196 1889 1
1196 1894 19
1196 1960 4
1196 1984 3
1197 1244 14
1197 1278 15
1197 1521 8
1197 1544 18
1197 1682 5
1197 1847 9
1197 1887 9
1198 1217 1
1198 1236 6
1198 1304 9
1198 1369 3
1198 1381 12
1198 1412 12
1198 1438 2
1198 1684 15
1198 1717 3
1198 1795 13
1198 1808 5
1198 1822 9
1198 1858 16
1198 1904 1
1198 1939 5
1199 1367 13
1199 1725 16
1200 1265 16
1200 1318 3
1200 1467 5
1200 1613 9
1200 1978 15
1201 1381 15
1201 1470 13
1201 1488 4
1201 1704 2
1201 1732 12
1202 1539 5
1202 1652 16
1202 1688 17
1202 1698 7
1203 1352 1
1203 1471 5
1203 1560 11
1203 1733 4
1203 1947 17
1203 1960 18
1204 1371 17
1204 1379 7
1204 1521 15
1204 1573 13
1204 1581 9
1204 1644 16
1204 1740 2
1204 1824 15
1204 1891 1
1204 1948 15
1205 1227 19
1205 1256 15
1205 1299 7
1205 1335 4
1205 1407 14
1205 1517 5
1205 1562 16
1205 1730 7
1205 1783 14
1206 1227 16
1206 1514 12
1206 1541 20
1206 1646 20
1206 1681 7
1206 1685 17
1206 1926 13
1206 1929 16
1207 1428 20
1207 1499 3
1207 1720 19
1207 1754 12
1207 1792 19
1207 1857 5
1207 1968 4
1208 1214 3
1208 1259 20
1208 1309 6
1208 1401 15
1208 1478 18
1208 1849 17
1208 1862 13
1208 1976 2
1209 1280 9
1209 1288 19
1209 1545 16
1209 1548 12
1209 1586 1
1209 1609 15
1209 1656 1
1209 1681 2
1209 1703 7
1209 1794 8
1209 1947 10
1209 1984 13
1210 1305 8
1210 1411 10
1210 1510 15
1210 1553 10
1210 1594 14
1210 1770 19
1210 1882 8
1210 1897 9
1210 1970 13
1211 1285 9
1211 1406 9
1211 1614 4
1211 1645 14
1211 1664 1
1211 1726 13
1211 1769 1
1211 1782 13
1211 1953 8
1212 1269 2
1212 1397 6
1212 1423 10
1212 1425 10
1212 1472 19
1212 1505 13
1212 1655 4
1212 1867 15
1213 1324 20
1213 1362 4
1213 1573 7
1213 1616 14
1213 1622 17
1213 1795 6
1213 1921 16
1214 1359 7
1214 1403 3
1214 1509 1
1214 1577 6
1214 1582 9
1214 1601 6
1214 1816 3
1214 1882 20
1214 1972 14
1214 1990 7
1215 1317 12
1215 1367 11
1215 1474 20
1215 1498 17
1215 1690 15
1215 1733 7
1215 1797 9
1215 1861 20
1215 1879 7
1215 1890 16
1215 1915 16
1216 1300 16
1216 1471 13
1216 1476 11
1216 1588 20
1216 1674 2
1216 1707 17
1216 1866 6
1216 1891 11
1216 1904 16
1216 1987 11
1217 1248 11
1217 1389 11
1217 1553 5
1217 1554 12
1217 1820 8
1217 1887 3
1218 1380 18
1218 1680 19
1218 1855 14
1219 1269 19
1219 1527 12
1219 1566 7
1219 1596 12
1219 1718 1
1219 1729 13
1219 1845 1
1220 1281 11
1220 1465 16
1220 1546 1
1220 1593 17
1220 1789 6
1221 1313 10
1221 1478 17
1221 1553 8
1221 1779 16
1221 1813 15
1221 1939 15
1222 1254 12
1222 1294 14
1222 1344 16
1222 1371 16
1222 1383 10
1222 1678 15
1223 1388 18
1223 1886 19
1223 1996 10
1224 1380 1
1224 1401 2
1224 1527 6
1224 1608 8
1224 1682 7
1224 1823 14
1224 1827 20
1225 1290 13
1225 1427 18
1225 1445 4
1225 1547 8
1225 1572 20
1225 1581 7
1225 1614 4
1225 1618 6
1225 1817 20
1225 1825 3
1225 1857 14
1225 1910 16
1226 1488 19
1226 1511 17
1226 1693 11
1226 1704 3
1226 1721 9
1226 1858 7
1227 1348 8
1227 1492 12
1227 1495 10
1227 1535 4
1227 1701 16
1227 1902 16
1228 1422 5
1228 1448 10
1228 1496 3
1228 1555 8
1228 1701 2
1228 1760 3
1228 1876 2
1229 1296 12
1229 1413 4
1229 1493 9
1229 1568 12
1229 1611 14
1229 1635 17
1229 1866 3
1229 1871 5
1229 1886 10
1230 1383 3
1230 1443 10
1230 1587 7
1230 1668 3
1230 1708 13
1230 1797 18
1230 1895 4
1230 1928 1
1230 1994 17
1231 1269 3
1231 1440 2
1231 1628 6
1231 1774 2
1232 1288 11
1232 1446 17
1232 1514 15
1232 1561 14
1233 1377 1
1233 1481 12
1233 1635 18
1233 1701 2
1233 1898 6
1233 1919 10
1233 1966 12
1233 1999 7
1234 1259 12
1234 1279 4
1234 1281 12
1234 1388 9
1234 1455 12
1234 1520 14
1234 1644 12
1234 1740 1
1234 1878 12
1234 1913 3
1234 1990 7
1235 1249 18
1235 1300 11
1235 1447 8
1235 1484 11
1235 1542 9
1235 1597 6
1235 1645 11
1235 1920 3
1236 1320 17
1236 1372 7
1236 1509 1
1236 1546 4
1236 1613 11
1236 1853 20
1237 1283 5
1237 1343 11
1237 1457 19
1237 1689 13
1237 1709 2
1237 1905 10
1237 1919 12
1237 1993 8
1238 1277 15
1238 1310 13
1238 1324 17
1238 1345 2
1238 1398 11
1238 1421 18
1238 1435 6
1238 1530 3
1238 1697 10
1238 1714 18
1238 1721 12
1238 1730 17
1238 1731 8
1238 1833 2
1238 1834 2
1239 1400 16
1239 1472 5
1239 1477 11
1239 1505 4
1239 1658 5
1239 1684 5
1239 1697 10
1239 1809 2
1239 1924 9
1239 1991 15
1240 1247 13
1240 1415 4
1240 1442 17
1240 1444 1
1240 1495 4
1240 1516 9
1240 1807 4
1240 1811 7
1240 1999 11
1241 1292 8
1241 1305 4
1241 1312 3
1241 1377 1
1241 1469 12
1241 1561 18
1241 1566 8
1241 1638 4
1241 1660 4
1241 1685 9
1241 1991 4
1242 1397 12
1242 1416 19
1242 1420 6
1242 1503 5
1242 1525 8
1242 1594 18
1242 1718 8
1242 1792 14
1242 1832 12
1242 1870 16
1242 1885 2
1243 1446 16
1243 1809 17
1244 1328 16
1244 1485 19
1244 1580 19
1244 1976 17
1245 1353 18
1245 1453 11
1245 1455 10
1245 1532 6
1245 1886 12
1245 1916 20
1246 1423 12
1246 1477 10
1246 1486 16
1246 1523 13
1246 1548 12
1246 1588 2
1246 1685 7
1246 1724 8
1246 1915 20
1246 1969 7
1247 1258 10
1247 1296 7
1247 1348 14
1247 1524 4
1247 1527 16
1247 1584 17
1247 1746 19
1247 1975 7
1247 1998 6
1248 1307 12
1248 1382 9
1248 1393 3
1248 1528 7
1248 1580 13
1248 1640 12
1248 1675 7
1248 1923 20
1248 1970 3
1249 1396 19
1249 1434 12
1249 1445 8
1249 1478 13
1249 1490 4
1249 1567 7
1249 1577 8
1249 1667 20
1249 1767 13
1249 1909 1
1250 1264 15
1250 1503 17
1250 1643 18
1250 1941 16
1250 1948 6
1251 1295 2
1251 1580 5
1251 1695 13
1251 1718 2
1251 1784 9
1251 1853 8
1251 1872 12
1251 1894 2
1251 1946 13
1252 1263 17
1252 1328 1
1252 1348 12
1252 1516 20
1252 1589 14
1252 1606 4
1252 1642 13
1252 1697 4
1253 1670 12
1253 1764 3
1253 1784 11
1253 1882 10
1253 1946 17
1254 1444 6
1254 1698 4
1254 1709 2
1254 1874 1
1254 1887 16
1255 1288 10
1255 1586 13
1255 1861 9
1256 1273 6
1256 1316 12
1256 1342 9
1256 1349 5
1256 1369 2
1256 1674 4
1256 1753 20
1256 1842 18
1256 1938 17
1257 1522 7
1257 1877 20
1257 1903 10
1257 1990 4
1258 1268 9
1258 1638 17
1258 1681 14
1258 1755 9
1258 1795 15
1258 1860 14
1259 1324 1
1259 1549 17
1259 1676 6
1259 1800 2
1259 1927 12
1260 1362 20
1260 1396 8
1260 1401 17
1260 1409 14
1260 1467 9
1260 1478 2
1260 1575 8
1260 1793 15
1260 1861 10
1261 1372 2
1261 1412 18
1261 1777 8
1261 1819 3
1261 1960 18
1262 1335 17
1262 1363 16
1262 1460 17
1262 1764 11
1262 1916 12
1262 1938 17
1263 1307 4
1263 1423 20
1263 1546 4
1263 1568 8
1263 1595 18
1264 1423 20
1264 1431 2
1264 1551 16
1264 1827 9
1264 1832 6
1264 1915 20
1265 1277 13
1265 1298 8
1265 1326 7
1265 1400 13
1265 1411 10
1265 1482 10
1265 1605 15
1265 1616 5
1265 1668 7
1265 1863 3
1266 1390 18
1266 1446 11
1266 1489 8
1266 1558 6
1266 1692 12
1266 1729 20
1266 1984 7
1267 1550 16
1267 1634 5
1267 1684 4
1267 1700 2
1267 1863 6
1267 1889 17
1268 1291 18
1268 1361 19
1268 1774 3
1268 1993 2
1269 1280 19
1269 1307 12
1269 1309 10
1269 1361 3
1269 1452 10
1269 1686 2
1269 1691 17
1269 1706 2
1269 1750 19
1269 1756 19
1269 1847 3
1269 1983 15
1270 1357 6
1270 1412 11
1270 1522 1
1270 1532 15
1270 1555 13
1270 1702 10
1270 1937 7
1271 1488 19
1271 1612 18
1271 1709 2
1271 1785 10
1272 1275 10
1272 1347 19
1272 1380 20
1272 1411 1
1272 1508 13
1272 1582 19
1272 1644 16
1273 1350 3
1273 1440 20
1273 1624 20
1273 1656 11
1273 1665 11
1273 1679 13
1273 1700 17
1273 1725 1
1273 1948 6
1274 1306 11
1274 1366 15
1274 1394 5
1274 1492 15
1274 1535 10
1274 1689 13
1274 1824 2
1274 1906 16
1275 1306 16
1275 1334 13
1275 1552 20
1275 1651 18
1275 1716 18
1275 1851 11
1275 1920 9
1275 1957 18
1276 1467 5
1276 1472 1
1276 1531 10
1276 1660 13
1276 1674 10
1276 1678 15
1276 1716 16
1276 1822 17
1276 1832 10
1276 1882 15
1277 1298 3
1277 1315 3
1277 1358 3
1277 1393 11
1277 1513 15
1277 1684 17
1277 1899 7
1277 1951 9
1277 1980 19
1277 1996 13
1278 1313 7
1278 1397 1
1278 1411 12
1278 1427 7
1278 1458 15
1278 1486 8
1278 1687 13
1278 1807 16
1278 1845 9
1278 1893 16
1278 1937 9
1279 1351 15
1279 1519 8
1279 1642 19
1279 1686 14
1279 1722 6
1279 1983 2
1279 1996 18
1280 1307 18
1280 1342 14
1280 1372 6
1280 1538 17
1280 1628 8
1280 1690 16
1280 1722 16
1280 1762 4
1280 1903 5
1281 1370 5
1281 1649 19
1281 1832 6
1281 1845 8
1281 1866 15
1281 1870 11
1281 1912 18
1282 1345 12
1282 1390 17
1282 1410 17
1282 1418 13
1282 1538 11
1282 1611 19
1282 1618 6
1282 1694 15
1282 1697 8
1282 1877 18
1283 1344 1
1283 1377 4
1283 1599 19
1283 1804 9
1283 1875 14
1284 1371 15
1284 1463 4
1284 1474 15
1284 1499 3
1284 1578 20
1284 1695 10
1284 1764 13
1284 1818 16
1284 1997 9
1285 1297 10
1285 1399 4
1285 1413 1
1285 1452 10
1285 1544 6
1285 1547 6
1285 1559 14
1285 1807 9
1285 1875 10
1285 1962 12
1286 1544 4
1286 1586 4
1286 1891 20
1286 1951 10
1287 1329 8
1287 1343 3
1287 1461 18
1287 1977 4
1288 1333 3
1288 1365 5
1288 1402 9
1288 1508 16
1288 1617 2
1288 1619 13
1288 1852 4
1288 1870 7
1288 1934 4
1288 1936 13
1289 1316 20
1289 1322 15
1289 1373 18
1289 1440 10
1289 1495 19
1289 1651 3
1289 1774 14
1289 1843 2
1289 1874 5
1290 1484 3
1290 1657 10
1290 1797 15
1290 1983 8
1290 1996 19
1291 1368 16
1291 1418 19
1291 1419 7
1291 1505 1
1291 1747 14
1291 1767 18
1291 1775 14
1292 1307 16
1292 1343 14
1292 1429 12
1292 1546 3
1292 1574 12
1292 1651 7
1292 1883 18
1293 1325 13
1293 1342 3
1293 1509 14
1293 1513 17
1293 1605 4
1293 1711 18
1293 1763 8
1294 1324 14
1294 1344 8
1294 1381 13
1294 1759 18
1294 1834 19
1294 1942 14
1295 1323 3
1295 1328 8
1295 1335 7
1295 1374 15
1295 1414 12
1295 1461 12
1295 1664 16
1295 1732 19
1295 1772 16
1295 1895 4
1295 1931 11
1295 1972 11
1296 1534 20
1296 1556 5
1296 1618 5
1296 1638 19
1296 1646 12
1296 1745 5
1296 1815 19
1296 1844 2
1296 1847 13
1296 1859 2
1296 1861 5
1296 1902 20
1296 1989 19
1297 1402 1
1297 1518 9
1297 1529 1
1297 1622 16
1297 1681 20
1297 1686 10
1297 1721 15
1297 1729 11
1297 1762 5
1297 1905 11
1298 1349 2
1298 1355 15
1298 1360 13
1298 1475 10
1298 1735 14
1299 1353 1
1299 1384 2
1299 1405 2
1299 1463 5
1299 1506 5
1299 1585 16
1299 1992 17
1299 1995 5
1300 1430 17
1300 1570 12
1300 1975 15
1301 1310 15
1301 1345 12
1301 1474 8
1301 1530 1
1301 1876 15
1302 1344 18
1302 1446 9
1302 1554 9
1302 1601 14
1302 1749 7
1302 1902 15
1302 1978 11
1303 1368 15
1303 1384 11
1303 1408 1
1303 1791 10
1303 1899 16
1304 1334 20
1304 1725 17
1304 1795 19
1304 1805 7
1304 1873 5
1304 1877 5
1305 1312 8
1305 1454 5
1305 1706 12
1305 1843 13
1305 1844 4
1305 1931 10
1305 1986 17
1306 1313 5
1306 1343 11
1306 1360 19
1306 1375 5
1306 1426 19
1306 1500 3
1306 1629 9
1306 1715 19
1306 1717 5
1306 1819 15
1306 1960 6
1307 1350 8
1307 1362 14
1307 1531 20
1307 1569 4
1307 1679 16
1307 1752 2
1307 1860 16
1307 1873 19
1307 1951 14
1308 1456 20
1308 1486 15
1308 1829 5
1308 1854 9
1308 1932 5
1309 1324 3
1309 1526 13
1309 1676 13
1309 1707 5
1309 1708 1
1309 1789 18
1309 1964 7
1310 1400 18
1310 1449 5
1310 1562 2
1310 1615 12
1310 1655 13
1310 1748 13
1310 1774 15
1310 1785 9
1310 1912 4
1310 1959 2
1310 1973 3
1310 1983 16
1311 1322 10
1311 1491 1
1311 1526 7
1311 1758 18
1311 1766 7
1312 1322 10
1312 1485 11
1312 1721 19
1312 1928 6
1313 1399 1
1313 1661 5
1313 1666 7
1313 1876 2
1313 1950 3
1314 1414 8
1314 1421 14
1314 1424 18
1314 1463 10
1314 1502 15
1314 1568 8
1314 1620 10
1314 1671 10
1314 1804 6
1314 1864 2
1315 1414 17
1315 1532 14
1315 1616 14
1315 1681 16
1315 1691 2
1315 1966 3
1316 1418 17
1316 1456 6
1316 1492 1
1316 1743 15
1316 1783 19
1316 1819 15
1316 1842 6
1316 1890 10
1317 1731 19
1318 1353 9
1318 1480 20
1318 1552 18
1318 1671 1
1318 1688 17
1318 1869 12
1318 1977 13
1318 1981 5
1319 1448 13
1319 1490 4
1319 1589 7
1319 1598 1
1319 1734 4
1319 1783 20
1319 1820 17
1319 1856 5
1320 1611 6
1320 1739 9
1320 1896 8
1321 1324 7
1321 1507 9
1321 1521 17
1321 1562 5
1321 1650 6
1321 1753 20
1321 1852 16
1322 1447 6
1322 1635 19
1322 1721 12
1323 1570 2
1323 1707 2
1323 1708 14
1323 1714 8
1323 1901 14
1323 1954 18
1324 1547 5
1324 1755 2
1324 1785 18
1324 1819 13
1325 1447 12
1325 1455 17
1325 1606 19
1325 1792 9
1325 1948 11
1325 1981 2
1326 1569 10
1326 1768 2
1326 1844 5
1327 1340 6
1327 1368 12
1327 1567 10
1327 1578 15
1327 1663 11
1327 1861 13
1327 1949 20
1327 1972 3
1328 1421 9
1328 1497 8
1328 1517 1
1328 1529 4
1328 1563 5
1328 1809 7
1328 1937 16
1329 1691 13
1329 1753 13
1329 1799 7
1329 1891 17
1329 1992 18
1330 1391 20
1330 1424 4
1330 1427 20
1330 1487 7
1330 1534 5
1330 1657 12
1330 1692 20
1330 1715 7
1330 1791 1
1330 1843 7
1330 1864 14
1331 1423 4
1331 1428 11
1331 1531 19
1331 1562 8
1331 1610 2
1331 1710 9
1331 1792 1
1331 1893 17
1332 1400 1
1332 1418 7
1332 1517 5
1332 1573 6
1332 1610 17
1332 1741 7
1332 1927 14
1332 1948 11
1332 1956 12
1332 1963 1
1333 1396 5
1333 1460 17
1333 1736 2
1333 1766 9
1333 1805 19
1333 1855 3
1333 1878 5
1334 1365 4
1334 1442 5
1334 1556 18
1334 1628 1
1334 1640 18
1334 1928 9
1335 1458 4
1335 1527 10
1335 1579 13
1335 1681 9
1335 1828 15
1335 1862 13
1336 1351 8
1336 1484 19
1336 1489 4
1336 1605 3
1336 1772 14
1336 1895 14
1336 1962 8
1337 1374 11
1337 1398 20
1337 1437 16
1337 1452 18
1337 1618 19
1337 1637 20
1337 1677 5
1337 1846 6
1338 1377 20
1338 1518 5
1338 1710 3
1338 1739 18
1338 1802 8
1338 1940 12
1338 1963 12
1339 1363 15
1339 1454 15
1339 1497 3
1339 1624 17
1339 1696 19
1339 1836 8
1339 1837 5
1339 1850 19
1339 1959 9
1339 1973 15
1340 1525 20
1340 1633 2
1340 1737 1
1340 1860 20
1340 1973 7
1341 1496 15
1341 1601 14
1341 1605 1
1341 1856 15
1341 1992 15
1342 1394 20
1342 1659 18
1342 1719 20
1342 1848 1
1342 1867 18
1342 1955 13
1343 1386 19
1343 1412 6
1343 1485 10
1343 1544 10
1343 1761 12
1343 1765 20
1343 1799 18
1343 1866 3
1343 1984 1
1344 1551 17
1344 1558 5
1344 1583 5
1344 1628 11
1344 1701 20
1344 1787 2
1344 1824 11
1344 1998 14
1345 1386 1
1345 1564 3
1345 1768 17
1345 1803 12
1345 1830 7
1345 1838 15
1345 1883 4
1345 1967 14
1346 1348 12
1346 1620 20
1346 1756 20
1346 1853 10
1346 1871 12
1347 1377 3
1347 1413 18
1347 1637 1
1347 1802 14
1347 1815 3
1347 1824 13
1347 1988 8
1348 1542 13
1348 1566 15
1348 1623 11
1348 1627 12
1348 1710 20
1348 1731 20
1348 1848 11
1348 1941 7
1349 1495 6
1349 1598 15
1349 1612 10
1349 1857 5
1349 1974 1
1350 1582 18
1350 1614 11
1350 1738 12
1350 1870 9
1350 1994 13
1351 1400 16
1351 1729 8
1351 1990 6
1352 1354 19
1352 1441 15
1352 1629 11
1352 1671 20
1352 1753 2
1352 1790 3
1352 1794 2
1352 1821 6
1352 1886 17
1353 1385 17
1353 1468 8
1353 1478 15
1354 1460 9
1354 1661 17
1354 1683 20
1354 1770 1
1354 1935 3
1354 1973 7
1355 1358 3
1355 1407 3
1355 1433 11
1355 1483 6
1355 1650 6
1355 1687 15
1355 1746 3
1355 1762 3
1355 1807 12
1356 1509 5
1356 1514 6
1356 1584 13
1356 1748 3
1356 1749 19
1356 1828 6
1356 1946 6
1357 1650 3
1357 1676 18
1357 1721 9
1357 1726 7
1357 1949 5
1358 1376 1
1358 1456 20
1358 1881 8
1358 1914 8
1359 1469 1
1359 1570 15
1359 1597 2
1359 1599 17
1359 1640 16
1359 1744 20
1359 1825 15
1360 1383 8
1360 1390 1
1360 1416 17
1360 1565 14
1360 1578 5
1360 1606 10
1360 1777 17
1361 1641 8
1361 1745 13
1361 1841 5
1361 1869 5
1361 1885 15
1361 1985 14
1362 1382 3
1362 1494 15
1362 1625 10
1362 1766 15
1362 1795 2
1362 1839 13
1363 1518 19
1363 1629 17
1363 1691 5
1363 1953 18
1363 1959 13
1363 1983 18
1364 1366 14
1364 1831 7
1364 1836 6
1364 1856 16
1364 1863 5
1364 1889 12
1364 1908 5
1364 1931 1
1364 1971 13
1365 1445 18
1365 1503 17
1365 1564 15
1365 1589 9
1365 1860 19
1365 1972 6
1366 1446 4
1366 1619 6
1366 1625 6
1366 1664 6
1366 1916 6
1366 1921 16
1367 1475 3
1367 1539 4
1367 1602 11
1368 1400 10
1368 1458 1
1368 1753 11
1369 1449 5
1369 1525 6
1369 1603 3
1369 1631 9
1369 1803 9
1369 1880 4
1369 1924 8
1370 1414 17
1370 1420 2
1370 1569 17
1370 1623 15
1370 1666 15
1370 1675 4
1370 1794 3
1370 1976 12
1370 1998 2
1371 1518 12
1371 1550 9
1371 1562 6
1371 1563 9
1371 1841 5
1371 1860 16
1371 1923 18
1372 1440 11
1372 1646 12
1372 1697 20
1372 1894 12
1372 1953 13
1373 1432 18
1373 1516 17
1373 1768 9
1373 1786 18
1373 1789 8
1373 1859 6
1373 1880 20
1374 1444 6
1374 1638 12
1374 1894 20
1374 1902 8
1374 1996 15
1375 1449 10
1375 1613 18
1375 1749 20
1375 1851 16
1375 1880 5
1376 1525 3
1376 1544 16
1376 1775 13
1376 1820 2
1376 1845 7
1377 1408 6
1377 1526 5
1377 1735 12
1377 1832 8
1377 1892 16
1377 1935 16
1377 1978 10
1378 1603 18
1378 1650 16
1378 1672 17
1378 1763 10
1378 1812 11
1379 1526 19
1379 1682 1
1379 1817 14
1379 1982 12
1380 1402 6
1380 1406 1
1380 1439 9
1380 1472 8
1380 1487 13
1380 1706 6
1380 1736 7
1380 1781 17
1380 1787 2
1380 1908 5
1380 1951 4
1381 1550 19
1381 1604 8
1381 1616 18
1381 1617 5
1381 1779 3
1382 1689 17
1382 1839 9
1382 1896 3
1382 1914 8
1382 1930 11
1383 1491 5
1383 1858 6
1384 1475 14
1384 1770 12
1384 1887 15
1385 1552 7
1385 1590 17
1385 1650 19
1385 1659 18
1385 1979 12
1385 1998 11
1386 1595 3
1386 1764 15
1386 1810 1
1386 1900 3
1386 1932 5
1386 1959 9
1386 1961 13
1387 1526 3
1387 1797 20
1387 1946 16
1388 1655 20
1388 1989 4
1389 1493 7
1389 1501 12
1389 1665 13
1389 1682 1
1389 1836 16
1389 1884 9
1389 1886 8
1389 1902 19
1390 1476 6
1390 1739 10
1391 1441 10
1391 1479 15
1391 1515 15
1391 1573 6
1391 1655 8
1391 1859 4
1391 1966 19
1392 1416 13
1392 1444 13
1392 1619 13
1392 1637 4
1392 1651 8
1392 1744 7
1392 1796 20
1392 1862 10
1392 1915 1
1393 1483 16
1393 1527 2
1393 1605 10
1393 1701 11
1393 1907 11
1393 1914 13
1393 1953 2
1394 1405 19
1394 1825 19
1395 1544 16
1395 1864 7
1395 1879 1
1396 1543 12
1396 1554 3
1396 1568 4
1396 1775 19
1396 1780 15
1396 1807 18
1396 1829 20
1396 1946 3
1397 1421 9
1397 1475 19
1397 1497 14
1397 1555 3
1397 1728 1
1397 1864 13
1397 1883 10
1397 1953 11
1398 1504 12
1398 1531 13
1398 1647 17
1398 1749 10
1398 1771 1
1398 1805 8
1398 1874 5
1398 1884 8
1399 1449 20
1399 1485 5
1399 1509 9
1399 1627 15
1399 1710 6
1399 1719 5
1399 1746 5
1399 1799 11
1399 1838 7
1399 1872 5
1399 1895 11
1400 1534 13
1400 1620 6
1400 1749 20
1400 1772 2
1400 1781 12
1401 1488 11
1401 1557 10
1401 1625 14
1401 1750 18
1401 1790 10
1401 1964 1
1401 1985 10
1402 1496 3
1402 1527 13
1402 1757 20
1402 1774 14
1403 1450 9
1403 1659 15
1403 1724 5
1403 1970 17
1404 1441 1
1404 1837 5
1404 1934 20
1405 1579 8
1405 1765 14
1405 1927 6
1406 1418 4
1406 1448 14
1406 1538 11
1406 1698 7
1406 1728 20
1407 1488 19
1407 1583 6
1407 1598 6
1407 1643 1
1407 1780 11
1407 1791 12
1408 1538 18
1408 1556 11
1408 1576 13
1408 1705 4
1408 1770 7
1408 1851 7
1408 1964 16
1409 1410 3
1409 1502 8
1409 1736 8
1409 1855 7
1410 1478 2
1410 1544 16
1410 1668 2
1410 1706 5
1410 1724 4
1410 1823 10
1410 1910 16
1411 1439 19
1411 1553 16
1411 1631 6
1411 1672 2
1411 1714 15
1411 1717 20
1411 1815 16
1411 1828 19
1412 1416 6
1412 1459 16
1412 1476 17
1412 1485 20
1412 1487 7
1412 1617 19
1412 1665 8
1412 1709 3
1412 1823 10
1412 1925 14
1413 1464 14
1413 1596 3
1413 1670 5
1413 1941 17
1413 1964 6
1414 1475 17
1414 1512 16
1414 1567 12
1414 1647 15
1414 1683 16
1414 1739 6
1414 1780 12
1414 1867 4
1414 1875 7
1414 1939 1
1415 1703 19
1415 1762 12
1415 1925 14
1415 1998 1
1416 1571 14
1416 1599 8
1416 1840 7
1416 1857 16
1416 1902 8
1416 1980 5
1417 1737 15
1417 1749 3
1418 1609 9
1418 1691 5
1419 1597 7
1419 1676 16
1419 1724 14
1419 1871 6
1419 1884 14
1419 1891 6
1420 1422 6
1420 1427 13
1420 1804 1
1420 1947 20
1421 1819 7
1421 1824 15
1421 1923 10
1422 1569 19
1422 1949 14
1423 1561 14
1423 1612 8
1423 1892 9
1423 1898 3
1424 1440 13
1424 1479 6
1424 1489 19
1424 1585 6
1424 1753 13
1424 1863 20
1424 1913 5
1424 1969 1
1425 1739 2
1425 1770 13
1425 1983 6
1426 1468 3
1426 1607 4
1426 1641 14
1426 1645 9
1426 1668 3
1426 1705 7
1426 1765 18
1426 1919 20
1427 1507 11
1427 1631 14
1427 1638 20
1427 1894 14
1427 1930 9
1427 1952 20
1428 1485 7
1428 1505 17
1428 1643 14
1428 1796 8
1428 1842 4
1429 1461 16
1429 1638 9
1429 1826 11
1429 1976 15
1430 1436 13
1430 1450 12
1430 1593 16
1430 1678 11
1430 1796 20
1430 1979 15
1431 1527 16
1431 1734 15
1431 1790 5
1431 1821 5
1432 1628 8
1432 1932 3
1432 1965 5
1432 1974 15
1433 1501 14
1433 1777 20
1433 1784 16
1433 1883 13
1433 1959 4
1433 1972 9
1434 1460 10
1434 1480 17
1434 1551 3
1434 1594 2
1434 1650 6
1434 1719 8
1434 1834 6
1434 1877 11
1435 1528 18
1435 1581 13
1435 1884 10
1435 1937 15
1435 1999 20
1436 1451 12
1436 1616 15
1436 1672 17
1436 1717 8
1436 1806 11
1436 1853 9
1436 1998 4
1437 1496 14
1437 1587 2
1437 1600 1
1437 1670 1
1437 1785 18
1437 1918 12
1438 1453 3
1438 1455 8
1438 1734 12
1438 1756 14
1438 1804 12
1438 1808 6
1438 1828 1
1438 1846 17
1438 1998 7
1439 1508 5
1439 1562 10
1439 1714 1
1440 1519 9
1440 1622 18
1440 1693 12
1440 1711 6
1440 1861 10
1440 1872 10
1440 1904 3
1440 1997 17
1441 1443 3
1441 1568 7
1441 1755 18
1441 1899 15
1441 1958 3
1442 1443 5
1442 1482 13
1442 1665 20
1442 1748 19
1442 1894 11
1442 1989 6
1443 1448 15
1443 1468 1
1443 1604 4
1443 1621 18
1443 1674 16
1443 1755 9
1443 1791 13
1443 1857 2
1443 1884 8
1443 1886 9
1443 1962 10
1444 1470 8
1444 1600 15
1444 1799 18
1444 1875 20
1445 1550 1
1445 1609 6
1445 1695 4
1445 1870 18
1445 1982 3
1446 1592 6
1446 1816 3
1446 1894 3
1447 1493 1
1447 1578 7
1447 1589 7
1447 1757 1
1447 1808 5
1447 1842 18
1447 1917 12
1448 1730 19
1448 1824 3
1448 1853 18
1448 1936 18
1448 1960 5
1449 1460 19
1449 1710 10
1449 1794 4
1449 1873 6
1449 1947 9
1450 1488 9
1450 1634 7
1450 1638 6
1450 1846 14
1450 1883 12
1450 1930 15
1450 1973 15
1451 1475 14
1451 1666 9
1451 1745 19
1451 1857 16
1451 1868 18
1452 1789 11
1452 1872 2
1452 1936 18
1452 1999 15
1453 1496 1
1453 1530 1
1453 1610 3
1453 1723 16
1453 1735 20
1453 1788 15
1453 1886 20
1453 1971 3
1454 1592 11
1454 1623 20
1454 1729 18
1454 1778 3
1454 1813 16
1454 1909 14
1454 1958 17
1455 1498 3
1455 1625 16
1455 1822 13
1455 1975 9
1456 1491 11
1456 1595 18
1456 1654 12
1456 1701 7
1456 1804 3
1456 1884 15
1456 1914 6
1456 1958 19
1457 1469 14
1457 1474 10
1457 1524 18
1457 1539 7
1457 1698 11
1457 1893 20
1458 1522 12
1458 1566 15
1458 1580 17
1458 1776 4
1458 1970 7
1459 1468 4
1459 1482 13
1459 1511 2
1459 1685 4
1459 1703 12
1459 1794 2
1459 1934 15
1459 1952 2
1460 1478 18
1460 1525 16
1460 1665 5
1460 1683 13
1460 1734 9
1460 1750 1
1460 1880 9
1460 1894 1
1460 1985 3
1461 1475 17
1461 1796 4
1461 1948 16
1461 1952 7
1462 1581 12
1462 1765 18
1462 1787 12
1462 1843 3
1462 1967 4
1463 1543 6
1463 1634 10
1463 1703 13
1463 1710 16
1463 1734 2
1463 1775 5
1463 1780 1
1464 1668 12
1464 1768 2
1464 1771 11
1464 1812 10
1464 1909 5
1464 1987 11
1465 1551 5
1465 1670 2
1465 1673 18
1465 1756 1
1465 1772 10
1465 1811 16
1465 1897 18
1465 1911 13
1466 1545 13
1466 1623 1
1466 1702 8
1466 1892 16
1466 1898 7
1467 1574 16
1467 1583 19
1467 1736 18
1467 1798 3
1467 1917 19
1467 1965 17
1467 1998 3
1468 1534 8
1468 1637 8
1468 1682 4
1468 1770 17
1468 1903 8
1469 1747 2
1469 1779 14
1469 1815 11
1469 1855 14
1470 1477 18
1470 1718 19
1470 1765 14
1470 1934 11
1470 1978 7
1471 1476 6
1471 1489 3
1471 1654 1
1471 1724 13
1471 1877 6
1472 1492 10
1472 1768 15
1472 1889 16
1472 1914 8
1472 1945 14
1472 1983 18
1473 1599 1
1473 1668 7
1473 1686 14
1473 1818 18
1473 1887 19
1473 1921 20
1473 1969 14
1474 1543 17
1474 1666 5
1474 1841 2
1474 1958 14
1475 1497 11
1475 1503 2
1475 1514 14
1475 1523 19
1475 1589 9
1475 1650 12
1475 1669 7
1475 1726 8
1475 1871 16
1475 1894 19
1475 1936 7
1476 1718 11
1476 1749 16
1476 1921 7
1477 1521 13
1477 1572 12
1477 1764 16
1477 1833 9
1477 1847 3
1478 1589 20
1478 1614 11
1478 1649 17
1478 1689 6
1478 1702 3
1478 1773 1
1478 1791 3
1478 1819 2
1478 1908 14
1479 1542 13
1479 1852 9
1479 1874 20
1479 1934 3
1480 1525 15
1480 1642 5
1480 1893 15
1481 1495 15
1481 1747 20
1481 1783 1
1481 1824 6
1481 1842 17
1482 1633 11
1482 1688 15
1482 1944 16
1483 1515 14
1483 1645 12
1483 1852 9
1483 1965 17
1484 1489 2
1484 1564 7
1484 1654 13
1484 1822 7
1484 1931 12
1485 1524 20
1485 1791 2
1485 1866 5
1485 1900 11
1486 1503 8
1486 1551 2
1486 1584 12
1486 1664 17
1486 1740 5
1486 1896 7
1487 1506 16
1487 1542 17
1487 1649 16
1487 1785 3
1487 1866 13
1488 1645 18
1488 1825 3
1489 1545 5
1489 1664 17
1489 1795 12
1489 1839 10
1489 1938 4
1489 1955 13
1490 1568 20
1490 1596 13
1490 1741 12
1490 1745 14
1490 1838 18
1490 1870 3
1491 1548 15
1491 1560 1
1491 1583 9
1492 1696 4
1492 1843 11
1492 1890 6
1492 1995 19
1493 1532 12
1493 1556 20
1493 1612 13
1493 1662 5
1493 1834 10
1493 1847 8
1493 1894 15
1493 1914 11
1494 1626 5
1494 1699 15
1494 1742 1
1494 1798 6
1494 1919 19
1495 1562 4
1495 1588 19
1495 1686 16
1495 1689 18
1495 1748 13
1495 1968 18
1496 1504 10
1496 1514 6
1496 1751 2
1497 1662 2
1497 1737 13
1497 1842 13
1497 1861 20
1497 1989 9
1498 1509 6
1498 1883 2
1499 1538 2
1499 1707 12
1499 1713 4
1499 1780 18
1499 1835 6
1499 1854 17
1499 1872 6
1499 1890 10
1500 1635 10
1500 1969 4
1501 1510 10
1501 1528 6
1501 1726 8
1501 1799 1
1501 1810 20
1501 1935 9
1502 1519 13
1502 1600 13
1502 1641 10
1502 1690 16
1502 1722 2
1502 1723 20
1502 1774 19
1502 1803 10
1502 1916 1
1503 1560 7
1503 1783 13
1503 1796 4
1503 1800 18
1503 1819 7
1503 1924 7
1503 1978 2
1503 1989 15
1504 1720 16
1504 1879 11
1504 1887 11
1504 1980 14
1505 1552 20
1505 1601 13
1505 1624 10
1505 1748 4
1505 1779 1
1505 1800 12
1505 1805 13
1505 1920 19
1506 1570 18
1506 1734 13
1506 1951 6
1507 1535 15
1507 1577 16
1507 1592 20
1507 1686 3
1507 1767 4
1507 1834 20
1508 1699 9
1508 1722 19
1508 1762 19
1508 1825 5
1508 1915 11
1509 1525 9
1509 1590 5
1509 1603 20
1509 1610 11
1509 1664 7
1509 1674 9
1509 1743 17
1509 1813 17
1510 1678 20
1510 1866 2
1510 1989 18
1511 1971 20
1511 1992 11
1512 1630 13
1512 1647 20
1512 1686 18
1512 1699 1
1512 1789 14
1512 1939 12
1512 1952 3
1513 1608 11
1513 1785 14
1515 1648 20
1515 1823 15
1515 1980 4
1515 1990 18
1516 1548 15
1516 1641 8
1516 1696 12
1516 1743 4
1516 1839 9
1516 1841 1
1516 1927 19
1517 1607 6
1517 1674 3
1517 1678 16
1517 1734 9
1518 1581 6
1518 1612 19
1518 1735 5
1518 1931 15
1519 1522 20
1519 1542 17
1519 1622 16
1519 1756 4
1519 1790 3
1520 1531 13
1520 1749 13
1520 1866 13
1521 1530 3
1521 1549 20
1521 1581 14
1521 1588 3
1521 1664 4
1521 1731 20
1521 1794 11
1521 1811 13
1521 1886 3
1521 1897 18
1522 1532 2
1522 1612 8
1522 1668 20
1522 1729 16
1522 1777 19
1522 1829 10
1522 1892 17
1522 1967 7
1522 1994 3
1523 1790 14
1523 1875 17
1523 1981 8
1524 1541 7
1524 1681 6
1524 1696 18
1524 1744 8
1524 1830 2
1524 1993 19
1525 1642 17
1525 1779 10
1525 1791 10
1525 1830 7
1525 1926 1
1525 1988 6
1525 1990 6
1526 1540 2
1526 1807 3
1527 1657 9
1527 1675 8
1527 1786 9
1527 1873 5
1527 1986 18
1527 1999 4
1528 1562 6
1528 1684 1
1528 1989 5
1529 1560 4
1529 1704 3
1529 1820 18
1529 1848 4
1530 1662 6
1530 1710 9
1530 1759 17
1530 1851 4
1530 1910 1
1530 1920 4
1531 1750 9
1531 1843 20
1531 1862 9
1531 1869 5
1531 1871 5
1531 1945 8
1532 1798 12
1532 1872 14
1532 1903 16
1533 1681 14
1534 1608 5
1534 1645 15
1534 1981 8
1535 1629 12
1536 1549 5
1536 1635 1
1536 1741 6
1536 1859 14
1536 1861 7
1536 1884 19
1536 1929 7
1536 1993 16
1537 1632 16
1537 1653 20
1537 1769 9
1537 1862 1
1537 1998 20
1539 1562 19
1539 1568 14
1539 1903 6
1539 1927 13
1539 1939 2
1540 1654 16
1540 1801 4
1540 1943 10
1540 1949 3
1541 1542 12
1541 1548 4
1541 1696 17
1542 1736 2
1542 1750 17
1542 1816 10
1543 1850 15
1543 1886 3
1544 1582 10
1544 1694 18
1544 1717 14
1544 1861 3
1544 1889 6
1544 1969 7
1545 1664 16
1545 1719 10
1545 1768 5
1545 1817 19
1546 1593 11
1546 1668 19
1546 1722 15
1546 1869 9
1547 1582 12
1547 1585 7
1547 1721 15
1547 1793 7
1547 1850 11
1547 1909 18
1547 1943 1
1547 1990 6
1548 1600 11
1548 1627 16
1548 1659 5
1548 1686 19
1548 1701 7
1548 1724 5
1548 1790 10
1548 1803 16
1549 1664 14
1549 1672 17
1549 1768 14
1549 1897 20
1550 1576 18
1550 1711 18
1550 1837 12
1550 1930 15
1551 1628 1
1551 1746 5
1551 1936 7
1552 1564 7
1552 1664 19
1552 1682 3
1552 1689 13
1552 1701 16
1552 1745 1
1552 1885 12
1552 1913 17
1552 1930 19
1554 1603 1
1554 1911 16
1555 1878 16
1555 1936 1
1556 1750 17
1556 1777 20
1556 1779 16
1556 1930 7
1556 1990 16
1557 1560 9
1557 1757 2
1557 1811 17
1557 1960 18
1558 1671 4
1558 1749 10
1558 1811 20
1558 1853 20
1558 1921 14
1559 1688 14
1559 1857 7
1559 1984 16
1560 1622 10
1560 1654 9
1560 1691 1
1561 1681 8
1561 1728 1
1561 1826 19
1562 1601 20
1562 1682 16
1562 1691 2
1562 1702 15
1562 1717 19
1562 1719 20
1562 1784 11
1562 1838 13
1562 1931 4
1562 1932 16
1563 1756 19
1563 1772 9
1563 1781 4
1563 1796 9
1563 1968 1
1564 1775 7
1564 1841 18
1564 1865 5
1564 1904 18
1565 1608 2
1565 1632 9
1565 1642 3
1565 1894 17
1565 1906 19
1566 1570 4
1566 1602 16
1566 1650 20
1566 1705 17
1566 1852 2
1567 1589 12
1567 1616 2
1567 1747 7
1567 1790 1
1567 1983 3
1568 1611 16
1568 1698 7
1568 1755 3
1568 1870 15
1568 1919 9
1569 1652 19
1570 1593 18
1570 1658 10
1570 1751 14
1570 1877 5
1570 1937 20
1571 1639 13
1571 1652 3
1571 1707 11
1571 1874 3
1572 1788 8
1572 1894 19
1572 1957 12
1573 1576 12
1573 1671 6
1573 1740 7
1573 1817 9
1573 1982 10
1574 1594 19
1574 1612 1
1574 1674 13
1574 1765 7
1574 1831 4
1574 1840 4
1574 1852 14
1574 1879 13
1575 1678 4
1575 1711 18
1575 1878 8
1575 1958 15
1576 1583 17
1576 1588 9
1576 1687 19
1576 1696 12
1576 1745 12
1576 1871 5
1576 1971 3
1576 1986 16
1577 1682 3
1577 1864 11
1578 1591 17
1578 1684 8
1578 1693 11
1578 1810 17
1579 1697 5
1579 1744 6
1579 1851 3
1579 1889 5
1580 1659 8
1580 1739 15
1580 1743 2
1580 1761 18
1580 1850 19
1581 1842 5
1581 1900 16
1581 1985 15
1582 1583 4
1582 1632 5
1582 1636 1
1582 1700 7
1582 1765 4
1582 1809 20
1582 1851 17
1582 1995 1
1583 1626 13
1583 1679 19
1583 1704 18
1584 1654 20
1584 1710 17
1584 1747 13
1584 1870 2
1585 1657 20
1585 1695 3
1587 1636 11
1587 1654 4
1587 1840 20
1587 1956 12
1588 1707 11
1588 1811 10
1588 1821 20
1588 1843 13
1588 1863 5
1588 1932 17
1588 1988 15
1589 1615 16
1589 1720 13
1589 1736 11
1589 1852 19
1589 1915 5
1590 1614 18
1590 1656 6
1590 1661 2
1590 1995 16
1591 1658 5
1591 1680 4
1591 1815 12
1591 1910 10
1592 1663 20
1592 1763 11
1592 1771 5
1592 1936 14
1593 1605 7
1593 1632 12
1593 1634 18
1593 1761 11
1593 1963 6
1593 1971 12
1594 1618 15
1594 1678 16
1594 1685 5
1594 1717 19
1594 1814 2
1594 1826 3
1594 1889 1
1595 1717 4
1595 1727 1
1595 1928 4
1595 1970 8
1596 1843 16
1596 1971 18
1597 1785 15
1597 1796 19
1597 1972 20
1598 1882 18
1598 1952 17
1598 1985 6
1599 1610 1
1599 1652 12
1599 1685 16
1599 1746 7
1599 1786 4
1599 1806 9
1599 1988 14
1600 1653 16
1600 1722 17
1600 1755 6
1600 1874 17
1600 1909 12
1600 1975 2
1601 1638 17
1601 1653 8
1601 1663 14
1601 1768 8
1601 1845 20
1601 1991 18
1602 1648 2
1602 1681 7
1602 1793 4
1602 1899 8
1603 1755 13
1603 1837 20
1603 1864 11
1603 1866 2
1603 1889 2
1604 1723 7
1604 1904 17
1604 1952 7
1604 1958 16
1605 1626 7
1605 1662 8
1605 1705 4
1605 1791 17
1605 1796 9
1605 1846 13
1605 1879 8
1605 1920 16
1605 1937 18
1605 1959 5
1606 1919 16
1606 1926 7
1607 1820 14
1607 1936 9
1608 1762 8
1608 1820 20
1608 1887 20
1608 1932 6
1608 1991 14
1609 1802 5
1609 1836 9
1609 1877 19
1609 1964 10
1610 1757 19
1610 1804 1
1610 1857 7
1611 1744 5
1612 1698 13
1612 1712 10
1612 1724 19
1612 1924 7
1613 1648 5
1614 1724 4
1614 1737 5
1614 1787 8
1614 1880 5
1615 1646 9
1615 1649 17
1615 1686 9
1615 1800 6
1615 1910 11
1615 1931 17
1615 1987 15
1616 1783 8
1616 1940 19
1617 1726 19
1617 1760 17
1617 1813 11
1617 1864 20
1617 1928 14
1618 1635 4
1618 1654 16
1618 1765 1
1618 1766 5
1618 1908 7
1618 1946 12
1618 1965 1
1618 1983 3
1619 1634 6
1619 1666 15
1619 1819 12
1620 1622 8
1620 1687 11
1620 1741 14
1620 1878 20
1620 1893 5
1620 1961 12
1621 1998 16
1622 1649 19
1622 1713 4
1622 1810 13
1622 1849 2
1622 1909 16
1623 1686 12
1623 1691 17
1623 1746 17
1623 1828 10
1623 1974 19
1624 1693 2
1624 1739 14
1624 1887 4
1624 1925 17
1624 1958 15
1625 1785 11
1625 1786 16
1626 1657 2
1626 1826 7
1626 1920 19
1627 1676 18
1627 1934 18
1628 1715 2
1628 1719 13
1628 1927 3
1629 1810 17
1630 1697 7
1630 1820 8
1630 1956 17
1631 1794 5
1631 1866 11
1631 1983 5
1632 1646 15
1632 1661 5
1632 1670 8
1632 1699 20
1632 1702 9
1632 1863 15
1633 1773 5
1633 1783 20
1634 1639 6
1634 1649 8
1634 1842 8
1634 1883 4
1634 1915 4
1634 1951 1
1635 1729 15
1635 1752 4
1635 1758 10
1635 1798 2
1635 1849 6
1635 1886 11
1635 1948 5
1635 1968 16
1636 1717 17
1636 1873 8
1637 1786 17
1637 1857 5
1637 1894 17
1637 1929 8
1638 1666 2
1638 1817 4
1638 1995 11
1639 1725 4
1640 1857 15
1640 1931 19
1640 1976 13
1640 1980 12
1641 1876 1
1642 1762 13
1642 1946 12
1642 1984 8
1643 1662 15
1643 1667 19
1643 1749 6
1643 1819 2
1643 1853 1
1643 1855 7
1644 1722 13
1644 1866 11
1644 1868 20
1644 1912 16
1644 1967 15
1645 1769 17
1645 1822 15
1645 1842 6
1645 1878 15
1645 1945 7
1646 1698 19
1646 1776 15
1646 1864 13
1647 1695 7
1647 1744 11
1647 1988 17
1648 1893 5
1649 1846 4
1649 1871 8
1649 1896 2
1650 1653 17
1650 1687 8
1650 1706 14
1650 1715 16
1650 1721 5
1650 1876 12
1650 1981 11
1651 1690 17
1651 1940 7
1652 1654 17
1652 1658 17
1652 1667 17
1652 1716 7
1652 1719 10
1652 1743 6
1652 1906 10
1652 1965 10
1653 1667 8
1653 1743 13
1653 1927 16
1653 1949 13
1654 1678 14
1654 1805 4
1654 1861 9
1654 1963 16
1655 1702 7
1655 1805 4
1655 1977 20
1656 1761 15
1656 1889 9
1657 1690 12
1657 1711 19
1657 1820 1
1657 1864 6
1658 1756 17
1658 1810 14
1658 1985 15
1659 1695 18
1659 1722 11
1659 1724 8
1659 1746 15
1659 1856 13
1659 1860 13
1659 1967 1
1660 1729 6
1660 1739 13
1660 1789 4
1660 1806 10
1660 1980 12
1660 1984 8
1661 1793 7
1661 1877 5
1661 1940 9
1661 1958 15
1662 1759 7
1662 1944 15
1663 1800 5
1663 1971 9
1664 1718 18
1664 1744 1
1664 1962 8
1664 1996 4
1665 1703 15
1665 1710 4
1665 1722 3
1666 1866 3
1666 1872 18
1667 1682 8
1667 1873 4
1667 1897 17
1667 1931 5
1667 1937 3
1667 1945 7
1667 1992 1
1668 1916 17
1668 1917 7
1668 1957 3
1669 1770 1
1669 1779 7
1669 1796 13
1669 1829 13
1669 1922 17
1670 1722 6
1670 1838 13
1670 1851 19
1671 1806 2
1671 1960 3
1671 1965 3
1671 1987 4
1672 1761 17
1672 1860 2
1672 1872 1
1672 1916 16
1672 1963 5
1673 1680 11
1673 1728 19
1674 1690 8
1675 1757 1
1676 1689 18
1676 1829 19
1677 1747 12
1677 1750 19
1679 1905 5
1679 1947 16
1680 1806 9
1681 1705 15
1681 1723 9
1681 1747 15
1681 1775 2
1681 1801 19
1681 1953 17
1682 1708 2
1682 1909 4
1683 1787 5
1683 1847 5
1683 1911 15
1683 1945 14
1684 1712 15
1684 1835 1
1684 1991 18
1685 1721 10
1685 1812 13
1685 1900 10
1685 1904 2
1686 1905 8
1686 1956 8
1688 1787 10
1688 1898 8
1688 1965 13
1689 1853 19
1689 1874 5
1689 1879 9
1689 1881 19
1689 1964 2
1690 1717 11
1690 1913 5
1691 1799 8
1691 1823 7
1692 1748 4
1692 1796 16
1692 1989 13
1693 1747 18
1693 1787 1
1695 1780 6
1695 1961 16
1696 1732 1
1696 1855 11
1696 1910 13
1697 1766 4
1697 1976 3
1697 1986 10
1698 1726 10
1698 1861 2
1698 1926 4
1698 1964 5
1698 1973 1
1698 1994 7
1699 1855 16
1700 1750 4
1701 1708 17
1701 1745 3
1701 1848 5
1702 1712 1
1702 1866 1
1702 1929 7
1702 1951 5
1704 1801 11
1704 1874 3
1704 1881 15
1704 1882 8
1704 1900 3
1705 1727 19
1705 1762 18
1705 1825 6
1706 1861 20
1706 1872 2
1706 1915 1
1706 1940 7
1706 1954 3
1706 1994 20
1707 1763 19
1707 1857 16
1707 1863 1
1707 1974 7
1708 1766 8
1708 1909 10
1709 1769 12
1709 1906 10
1710 1765 1
1710 1817 11
1710 1918 15
1710 1929 20
1711 1775 19
1712 1735 5
1712 1756 11
1712 1820 15
1712 1946 20
1713 1718 16
1713 1903 20
1713 1907 14
1713 1931 4
1713 1983 10
1714 1732 14
1714 1864 2
1714 1890 2
1714 1911 10
1714 1994 20
1715 1731 8
1715 1801 2
1715 1922 1
1715 1950 14
1715 1952 19
1715 1990 19
1716 1771 18
1717 1790 3
1717 1828 16
1718 1758 14
1718 1919 14
1718 1923 6
1718 1939 10
1718 1982 16
1719 1805 12
1719 1849 12
1719 1879 17
1719 1980 6
1720 1748 13
1720 1848 7
1720 1987 9
1720 1991 17
1721 1936 1
1722 1832 1
1722 1883 15
1723 1751 19
1724 1820 5
1724 1957 17
1725 1801 17
1725 1825 19
1725 1940 6
1726 1754 6
1726 1846 4
1726 1868 20
1727 1826 9
1727 1986 2
1728 1853 20
1728 1869 7
1728 1947 4
1729 1934 15
1729 1996 13
1730 1949 5
1731 1782 11
1731 1810 3
1731 1836 4
1732 1829 13
1732 1855 7
1732 1872 3
1732 1943 11
1732 1963 14
1733 1772 17
1733 1834 7
1733 1855 18
1733 1900 13
1733 1965 4
1734 1754 3
1734 1820 4
1734 1821 5
1734 1869 11
1735 1757 13
1735 1818 20
1735 1840 8
1736 1742 4
1736 1926 16
1736 1967 14
1737 1905 19
1737 1993 8
1738 1827 18
1739 1850 10
1740 1805 8
1740 1821 4
1741 1904 7
1741 1950 6
1742 1784 8
1742 1834 13
1742 1920 7
1743 1781 12
1743 1872 14
1744 1752 8
1744 1901 17
1744 1940 15
1745 1929 8
1746 1751 16
1746 1910 11
1746 1928 19
1747 1881 7
1747 1967 14
1747 1977 8
1748 1761 14
1748 1837 2
1748 1909 6
1748 1935 1
1748 1962 2
1749 1786 3
1749 1826 17
1749 1972 11
1750 1762 19
1750 1893 10
1750 1937 2
1751 1755 13
1751 1893 16
1752 1755 16
1752 1901 8
1752 1941 19
1752 1970 8
1753 1802 5
1754 1763 6
1754 1784 4
1754 1964 20
1755 1894 8
1755 1970 6
1756 1768 8
1756 1834 3
1756 1992 10
1757 1866 1
1757 1889 8
1757 1907 4
1758 1847 15
1758 1876 20
1759 1764 17
1759 1774 17
1759 1829 11
1759 1882 20
1760 1808 16
1760 1914 3
1760 1917 10
1761 1774 5
1761 1803 11
1761 1969 9
1762 1820 5
1762 1848 19
1762 1915 5
1762 1916 2
1762 1939 14
1763 1780 19
1763 1934 19
1763 1951 20
1764 1923 15
1765 1791 16
1765 1898 17
1765 1954 6
1765 1994 1
1766 1789 10
1767 1818 9
1767 1837 1
1767 1863 2
1768 1810 13
1768 1849 1
1769 1982 13
1770 1806 1
1770 1854 12
1770 1900 12
1770 1967 1
1772 1954 17
1773 1800 1
1773 1811 6
1773 1854 6
1773 1868 18
1773 1947 5
1774 1802 19
1774 1814 3
1774 1880 15
1775 1935 5
1776 1823 3
1777 1864 10
1778 1847 16
1778 1927 4
1779 1781 7
1779 1786 5
1779 1982 17
1780 1882 10
1780 1928 13
1781 1845 9
1782 1907 4
1782 1978 12
1782 1995 20
1783 1913 14
1785 1950 9
1786 1877 17
1787 1947 3
1787 1966 18
1789 1852 5
1789 1869 20
1789 1876 11
1790 1834 18
1791 1910 17
1791 1929 4
1791 1943 3
1792 1829 19
1792 1899 17
1792 1942 20
1793 1871 15
1793 1913 8
1793 1966 19
1793 1981 20
1794 1944 9
1795 1893 1
1795 1897 9
1796 1814 18
1796 1847 15
1797 1838 10
1797 1852 12
1797 1975 4
1798 1896 11
1800 1827 7
1800 1903 15
1802 1884 13
1805 1916 2
1806 1815 3
1806 1829 12
1807 1851 10
1807 1865 20
1808 1869 10
1808 1998 14
1809 1988 10
1810 1830 4
1810 1968 1
1811 1846 7
1811 1997 15
1812 1847 18
1812 1849 7
1814 1820 6
1814 1826 15
1814 1884 12
1815 1892 3
1815 1923 17
1815 1959 18
1816 1908 13
1816 1953 10
1817 1984 19
1818 1921 12
1819 1876 8
1819 1899 3
1821 1840 18
1821 1930 20
1824 1849 20
1824 1971 10
1825 1860 6
1825 1876 13
1825 1914 2
1827 1872 14
1827 1886 12
1827 1958 19
1828 1928 16
1829 1839 4
1829 1860 9
1829 1877 10
1829 1946 2
1829 1974 6
1831 1858 12
1832 1905 14
1833 1870 3
1833 1942 12
1833 1969 2
1833 1971 5
1834 1924 9
1834 1955 15
1835 1884 10
1836 1847 11
1837 1883 4
1837 1898 1
1837 1930 15
1837 1990 11
1838 1870 16
1839 1876 17
1839 1903 8
1839 1905 16
1840 1974 7
1842 1882 5
1843 1894 12
1844 1858 11
1844 1898 12
1845 1885 16
1845 1933 13
1845 1990 10
1846 1867 17
1846 1921 2
1847 1902 6
1847 1981 10
1848 1932 1
1848 1957 6
1849 1855 2
1850 1874 12
1850 1970 9
1851 1945 14
1852 1868 5
1852 1994 6
1854 1912 12
1855 1874 16
1856 1923 17
1858 1894 20
1859 1908 13
1859 1954 4
1860 1956 18
1861 1929 16
1861 1958 5
1861 1990 17
1862 1918 12
1864 1930 9
1865 1882 6
1865 1919 5
1866 1999 1
1868 1871 20
1868 1963 9
1868 1972 13
1869 1881 18
1870 1907 11
1871 1954 6
1872 1971 8
1873 1918 18
1873 1928 19
1876 1909 11
1876 1998 16
1877 1894 5
1877 1918 17
1878 1881 15
1879 1987 9
1880 1973 13
1881 1950 1
1882 1952 3
1882 1972 1
1883 1918 18
1884 1893 12
1884 1926 5
1884 1927 2
1885 1998 4
1886 1914 20
1887 1995 3
1889 1967 7
1890 1938 7
1890 1969 7
1890 1972 18
1891 1906 2
1891 1955 1
1893 1961 12
1893 1964 20
1893 1993 16
1894 1938 20
1895 1914 9
1895 1983 15
1896 1955 8
1896 1956 15
1897 1903 17
1897 1968 8
1897 1971 19
1897 1999 9
1898 1964 11
1898 1993 9
1898 1998 4
1899 1978 5
1899 1982 3
1900 1985 2
1901 1906 11
1901 1945 10
1902 1927 12
1903 1957 9
1904 1977 8
1906 1976 5
1909 1971 4
1910 1990 12
1912 1947 4
1912 1996 2
1912 1998 13
1914 1917 9
1914 1955 12
1916 1945 9
1917 1984 2
1918 1943 7
1918 1966 12
1919 1941 11
1920 1940 12
1922 1967 2
1922 1992 11
1923 1942 3
1923 1963 10
1925 1932 7
1926 1931 19
1926 1933 8
1926 1945 5
1926 1965 16
1927 1986 5
1928 1939 16
1929 1996 19
1930 1935 19
1931 1971 4
1932 1963 5
1934 1948 3
1934 1991 5
1935 1938 16
1936 1970 13
1937 1973 16
1937 1986 17
1939 1980 2
1941 1949 5
1941 1952 2
1941 1998 9
1943 1988 2
1945 1958 6
1945 1972 19
1945 1993 1
1946 1986 4
1949 1982 7
1951 1969 18
1953 1989 15
1955 1978 10
1956 1968 16
1960 1989 20
1962 1982 13
1971 1998 5
1973 1978 4
1973 1992 17
1975 1986 20
1975 1987 16
1977 1987 14
1980 1997 16
1996 1998 18
