2000
0 54 2
0 119 20
0 208 6
0 322 15
0 347 9
0 354 8
0 389 1
0 731 16
0 787 11
0 831 17
0 834 10
0 837 19
0 965 14
0 998 11
0 1024 15
0 1032 10
0 1138 18
0 1194 11
0 1286 6
0 1347 8
0 1449 9
0 1473 11
0 1597 1
0 1722 9
0 1998 10
1 80 13
1 430 19
1 576 1
1 590 18
1 762 2
1 807 10
1 961 15
1 968 19
1 976 10
1 1006 5
1 1010 8
1 1017 1
1 1125 12
1 1134 11
1 1193 20
1 1337 7
1 1384 17
1 1426 2
1 1486 13
1 1639 15
1 1730 19
1 1923 9
1 1934 2
1 1983 10
1 1991 10
2 39 16
2 52 8
2 493 10
2 502 12
2 587 15
2 713 16
2 750 17
2 1015 3
2 1022 15
2 1292 7
2 1369 17
2 1380 5
2 1453 18
2 1585 14
2 1648 13
2 1678 16
2 1822 9
2 1883 7
2 1888 17
3 165 14
3 353 18
3 363 16
3 463 9
3 564 7
3 655 12
3 970 18
3 1339 18
3 1366 2
3 1384 15
3 1491 12
3 1745 4
3 1872 14
3 1875 20
3 1882 15
3 1955 12
4 45 10
4 106 12
4 310 15
4 342 2
4 380 2
4 542 18
4 713 19
4 772 13
4 1004 13
4 1078 20
4 1110 9
4 1211 18
4 1945 2
5 362 5
5 417 9
5 511 17
5 612 15
5 634 13
5 643 12
5 692 19
5 712 14
5 751 10
5 783 12
5 935 18
5 1137 20
5 1310 2
5 1475 10
5 1579 8
5 1695 16
5 1874 10
6 54 9
6 61 7
6 323 1
6 375 4
6 409 10
6 465 6
6 477 17
6 481 3
6 583 12
6 601 11
6 602 8
6 671 15
6 749 11
6 761 4
6 766 12
6 809 4
6 847 18
6 1116 18
6 1119 16
6 1140 16
6 1374 20
6 1401 3
6 1427 17
6 1484 11
6 1580 10
6 1626 16
6 1693 8
6 1913 15
6 1918 3
6 1964 12
7 78 15
7 139 7
7 154 3
7 189 10
7 277 5
7 363 7
7 504 14
7 528 18
7 547 7
7 748 9
7 865 4
7 918 20
7 933 12
7 968 3
7 1059 17
7 1097 16
7 1238 13
7 1264 13
7 1289 16
7 1362 11
7 1459 15
7 1468 2
7 1473 11
7 1521 13
7 1582 1
7 1673 12
7 1754 17
7 1862 4
8 86 12
8 178 6
8 364 5
8 461 11
8 542 11
8 587 18
8 745 20
8 785 13
8 839 6
8 885 20
8 931 14
8 938 14
8 993 12
8 1044 15
8 1168 5
8 1691 15
8 1824 12
8 1957 5
9 87 18
9 136 10
9 168 18
9 245 14
9 304 1
9 481 13
9 532 10
9 547 14
9 574 10
9 592 20
9 687 8
9 702 3
9 724 14
9 750 5
9 810 14
9 875 13
9 982 10
9 1013 20
9 1019 14
9 1026 7
9 1156 2
9 1232 15
9 1333 17
9 1879 7
9 1929 8
10 107 11
10 136 7
10 192 2
10 207 2
10 264 3
10 441 4
10 519 1
10 701 5
10 771 19
10 797 9
10 849 12
10 852 20
10 870 8
10 879 8
10 894 3
10 976 1
10 1078 6
10 1231 2
10 1432 19
10 1624 13
10 1642 19
10 1837 13
10 1871 12
10 1912 18
11 317 7
11 609 3
11 703 9
11 792 10
11 802 16
11 817 17
11 1058 10
11 1078 10
11 1289 5
11 1387 18
11 1510 2
11 1562 13
11 1566 20
11 1730 4
11 1801 4
11 1864 7
11 1869 12
12 96 15
12 181 17
12 344 6
12 991 19
12 1003 1
12 1102 20
12 1147 6
12 1201 10
12 1238 19
12 1269 13
12 1396 9
12 1401 2
12 1562 9
12 1602 5
12 1603 10
12 1650 14
12 1928 14
13 29 17
13 95 13
13 284 12
13 292 20
13 373 8
13 555 7
13 691 15
13 769 5
13 972 14
13 1032 3
13 1134 18
13 1217 18
13 1220 17
13 1362 13
13 1440 14
13 1500 6
13 1553 8
13 1660 1
13 1775 3
13 1816 12
13 1904 17
13 1964 4
13 1996 7
14 189 13
14 225 19
14 253 15
14 457 7
14 617 13
14 645 17
14 652 5
14 711 3
14 881 11
14 1047 8
14 1128 10
14 1245 19
14 1246 11
14 1268 3
14 1301 14
14 1444 17
14 1531 16
14 1553 20
14 1559 6
14 1655 11
14 1702 6
14 1952 19
15 190 11
15 209 6
15 418 12
15 517 18
15 535 13
15 744 7
15 832 13
15 914 5
15 928 2
15 944 8
15 1191 12
15 1294 19
15 1392 8
15 1444 16
15 1447 20
15 1537 4
15 1557 19
15 1584 19
15 1604 12
15 1621 14
15 1720 1
15 1748 6
15 1911 1
15 1924 18
15 1932 4
15 1972 5
16 31 7
16 117 3
16 267 4
16 644 5
16 680 4
16 696 10
16 765 18
16 987 16
16 1154 9
16 1301 13
16 1338 12
16 1690 5
16 1820 9
16 1915 17
17 38 9
17 104 5
17 147 18
17 238 16
17 320 2
17 337 1
17 496 12
17 638 19
17 699 7
17 773 15
17 872 15
17 998 13
17 1008 8
17 1354 18
17 1358 10
17 1378 1
17 1459 1
17 1612 14
17 1745 11
18 71 10
18 129 11
18 156 19
18 371 3
18 483 5
18 636 10
18 712 2
18 752 6
18 918 4
18 1119 4
18 1341 13
18 1531 5
18 1632 18
18 1837 2
18 1891 1
19 89 8
19 238 1
19 375 20
19 378 11
19 399 19
19 564 6
19 693 14
19 870 20
19 871 10
19 872 7
19 907 10
19 1136 7
19 1222 6
19 1254 5
19 1258 5
19 1279 19
19 1280 7
19 1520 12
19 1603 17
19 1661 4
19 1729 15
19 1731 4
19 1791 10
19 1866 20
19 1878 8
19 1967 3
20 109 11
20 243 2
20 298 18
20 360 10
20 460 6
20 493 11
20 540 6
20 593 3
20 597 6
20 617 6
20 622 17
20 799 17
20 999 13
20 1026 4
20 1102 9
20 1177 16
20 1235 20
20 1240 14
20 1412 18
20 1414 1
20 1675 19
20 1798 16
20 1824 1
20 1867 9
20 1915 1
20 1942 14
21 72 17
21 405 13
21 412 2
21 481 6
21 684 14
21 690 7
21 851 10
21 1121 15
21 1176 13
21 1203 18
21 1218 5
21 1238 6
21 1297 15
21 1567 8
21 1793 10
21 1794 4
21 1840 12
21 1933 20
22 148 15
22 233 18
22 299 16
22 304 7
22 341 4
22 560 5
22 766 20
22 1030 13
22 1087 2
22 1089 11
22 1175 11
22 1197 5
22 1457 5
22 1600 9
22 1776 12
22 1786 12
22 1945 16
23 28 3
23 29 3
23 202 12
23 365 6
23 404 1
23 417 18
23 426 2
23 580 7
23 624 17
23 678 20
23 848 14
23 1073 1
23 1113 2
23 1119 6
23 1234 3
23 1239 2
23 1265 20
23 1333 16
23 1373 8
23 1407 3
23 1453 2
23 1511 15
23 1516 4
23 1802 16
23 1823 3
23 1964 18
23 1994 18
24 227 4
24 304 19
24 318 15
24 359 19
24 364 19
24 370 20
24 452 20
24 572 4
24 625 11
24 712 15
24 727 2
24 1055 6
24 1308 17
24 1411 9
24 1570 2
24 1755 8
24 1923 13
25 53 20
25 213 1
25 559 9
25 764 13
25 783 17
25 849 10
25 1034 20
25 1231 1
25 1692 1
25 1739 5
25 1740 4
25 1884 15
25 1964 7
26 52 18
26 60 5
26 94 4
26 300 12
26 314 19
26 697 15
26 750 17
26 752 19
26 999 4
26 1026 5
26 1082 4
26 1173 4
26 1181 7
26 1228 6
26 1311 4
26 1526 6
26 1555 8
26 1571 5
26 1816 15
26 1973 6
27 136 13
27 379 18
27 406 5
27 628 16
27 693 12
27 774 5
27 791 10
27 1052 14
27 1062 17
27 1156 4
27 1180 15
27 1191 13
27 1798 11
27 1876 20
28 65 16
28 123 13
28 261 3
28 304 8
28 459 17
28 629 12
28 678 9
28 801 12
28 832 2
28 951 17
28 1218 13
28 1263 11
28 1428 14
28 1446 7
28 1508 16
28 1810 11
28 1831 9
28 1971 13
28 1983 18
29 142 16
29 197 15
29 283 3
29 304 5
29 529 9
29 569 13
29 570 10
29 611 19
29 640 15
29 708 15
29 710 17
29 766 1
29 789 4
29 1080 11
29 1160 5
29 1167 7
29 1241 11
29 1590 20
29 1814 15
30 259 5
30 389 6
30 398 2
30 501 18
30 634 19
30 760 7
30 966 3
30 970 14
30 994 19
30 1041 7
30 1064 14
30 1073 9
30 1182 9
30 1215 7
30 1323 14
30 1349 1
30 1382 6
30 1610 8
30 1611 10
30 1619 6
30 1658 8
30 1709 19
30 1711 17
30 1965 17
31 295 6
31 397 8
31 540 15
31 563 13
31 710 2
31 1219 8
31 1283 5
31 1450 5
31 1576 2
31 1599 10
31 1805 10
31 1909 11
32 242 17
32 269 1
32 424 1
32 534 7
32 559 17
32 646 19
32 787 3
32 800 5
32 820 6
32 841 10
32 1006 17
32 1017 7
32 1111 5
32 1162 5
32 1248 18
32 1310 15
32 1375 11
32 1492 15
32 1699 4
32 1715 15
32 1768 12
32 1800 12
33 338 4
33 365 13
33 439 9
33 685 7
33 704 9
33 809 13
33 821 13
33 845 10
33 1094 6
33 1161 7
33 1187 6
33 1252 17
33 1258 1
33 1267 1
33 1676 7
33 1696 6
33 1736 10
33 1806 15
33 1818 12
33 1957 7
34 49 11
34 77 18
34 123 9
34 158 8
34 209 16
34 215 18
34 359 12
34 396 10
34 428 1
34 463 5
34 693 15
34 832 13
34 1298 13
34 1355 20
34 1368 9
34 1370 9
34 1558 9
34 1656 15
34 1776 2
34 1810 13
34 1911 15
35 36 18
35 49 17
35 72 15
35 82 10
35 129 16
35 173 1
35 324 6
35 378 12
35 490 16
35 545 5
35 941 19
35 1179 1
35 1497 14
35 1555 6
35 1719 2
35 1803 5
35 1813 19
35 1882 19
35 1938 19
36 58 11
36 86 9
36 113 7
36 115 7
36 169 11
36 205 8
36 235 9
36 315 17
36 323 18
36 364 3
36 424 17
36 511 10
36 565 5
36 722 1
36 883 8
36 988 19
36 1016 15
36 1050 15
36 1063 5
36 1226 3
36 1276 2
36 1334 8
36 1437 8
36 1486 10
36 1515 12
36 1548 6
36 1583 18
36 1692 19
36 1899 18
36 1952 19
36 1957 2
36 1972 19
37 43 2
37 159 7
37 195 17
37 211 3
37 320 10
37 367 2
37 510 6
37 555 20
37 610 10
37 626 4
37 824 12
37 844 12
37 885 18
37 1061 15
37 1082 16
37 1100 2
37 1309 7
37 1510 14
37 1553 4
37 1643 6
37 1679 14
37 1695 2
37 1768 5
37 1769 4
37 1864 20
37 1908 19
38 44 3
38 137 3
38 196 17
38 218 11
38 320 3
38 416 9
38 421 5
38 493 14
38 559 1
38 747 8
38 964 20
38 1562 1
38 1708 18
38 1752 3
39 57 12
39 109 6
39 263 16
39 324 18
39 454 16
39 776 19
39 889 17
39 1007 11
39 1017 15
39 1077 1
39 1182 7
39 1211 18
39 1282 11
39 1400 10
39 1418 4
39 1421 20
39 1596 15
39 1615 15
39 1811 19
39 1876 13
40 522 2
40 869 13
40 955 9
40 1032 9
40 1284 11
40 1303 19
40 1386 4
40 1564 15
40 1579 15
40 1715 12
40 1883 3
40 1924 17
41 42 19
41 134 8
41 179 3
41 200 2
41 236 2
41 300 15
41 330 17
41 614 18
41 778 9
41 952 16
41 1439 15
41 1564 15
41 1581 3
41 1739 13
41 1744 3
41 1759 14
41 1838 13
41 1876 6
41 1935 4
41 1997 20
42 145 13
42 904 8
42 975 7
42 991 1
42 1055 8
42 1087 20
42 1295 13
42 1387 14
42 1483 20
42 1633 4
42 1785 7
42 1887 15
42 1893 8
43 321 18
43 339 6
43 521 4
43 545 16
43 587 7
43 644 7
43 697 4
43 810 16
43 818 2
43 848 3
43 891 10
43 957 17
43 960 15
43 1033 3
43 1051 14
43 1121 7
43 1150 5
43 1349 14
43 1420 16
43 1799 17
43 1820 12
43 1923 5
44 181 9
44 430 12
44 432 20
44 437 16
44 453 17
44 467 7
44 822 19
44 886 18
44 1022 1
44 1046 1
44 1101 14
44 1281 20
44 1424 3
44 1472 4
44 1696 20
44 1712 2
45 111 14
45 252 6
45 267 19
45 380 12
45 486 11
45 576 17
45 641 12
45 646 2
45 744 3
45 759 18
45 1051 3
45 1081 6
45 1137 3
45 1216 10
45 1248 8
45 1257 3
45 1284 1
45 1286 15
45 1295 16
45 1322 19
45 1328 9
45 1477 7
45 1716 14
45 1901 3
45 1923 11
46 72 10
46 78 3
46 133 1
46 181 11
46 209 1
46 238 18
46 385 17
46 533 20
46 658 18
46 672 6
46 831 12
46 929 2
46 1010 16
46 1138 17
46 1183 5
46 1201 3
46 1287 17
46 1324 3
46 1342 14
46 1599 14
46 1604 5
46 1662 9
46 1717 17
46 1725 14
46 1753 11
46 1896 14
47 155 8
47 192 20
47 199 14
47 406 2
47 600 10
47 631 8
47 678 15
47 689 6
47 815 4
47 986 14
47 1100 1
47 1270 15
47 1341 3
47 1343 17
47 1348 1
47 1392 14
47 1470 11
47 1553 13
47 1766 1
47 1822 12
47 1909 3
47 1922 3
47 1978 20
48 114 10
48 295 14
48 339 2
48 403 6
48 472 20
48 517 17
48 535 3
48 597 15
48 698 15
48 845 17
48 846 5
48 955 6
48 1061 8
48 1099 18
48 1181 8
48 1229 14
48 1240 15
48 1251 15
48 1318 18
48 1411 2
48 1425 15
48 1496 2
48 1697 15
48 1793 2
48 1860 17
49 99 2
49 183 11
49 200 6
49 212 4
49 369 5
49 684 19
49 709 12
49 736 13
49 742 9
49 810 8
49 960 2
49 1052 17
49 1222 2
49 1292 2
49 1303 4
49 1529 8
49 1575 16
49 1596 10
49 1640 3
49 1863 11
49 1923 15
50 56 2
50 73 15
50 106 13
50 120 9
50 352 9
50 381 3
50 450 6
50 751 15
50 818 11
50 988 18
50 1032 14
50 1186 3
50 1248 14
50 1280 15
50 1368 7
50 1517 3
50 1533 20
50 1597 9
50 1722 18
50 1983 20
51 123 7
51 279 7
51 323 18
51 367 16
51 395 7
51 464 16
51 489 13
51 516 6
51 518 19
51 523 2
51 554 6
51 598 19
51 796 3
51 1043 20
51 1207 2
51 1226 18
51 1489 5
51 1525 4
51 1616 6
51 1717 15
51 1926 18
52 117 18
52 160 13
52 260 2
52 295 2
52 510 2
52 539 3
52 584 6
52 617 13
52 760 20
52 788 4
52 796 8
52 816 18
52 891 3
52 909 19
52 1014 8
52 1051 8
52 1312 14
52 1444 18
52 1516 20
52 1701 15
52 1753 2
52 1777 9
52 1812 13
52 1898 14
53 208 15
53 356 14
53 621 19
53 674 13
53 683 17
53 1012 3
53 1112 12
53 1176 2
53 1343 19
53 1353 10
53 1448 3
53 1775 10
53 1802 16
53 1944 15
53 1967 5
53 1976 5
53 1980 2
53 1998 4
54 303 6
54 556 12
54 590 1
54 595 2
54 650 8
54 712 12
54 1038 11
54 1086 10
54 1227 5
54 1389 10
54 1395 2
54 1426 3
54 1444 5
54 1539 8
54 1699 7
54 1808 2
54 1869 14
55 166 14
55 335 13
55 342 8
55 539 9
55 540 19
55 689 1
55 930 3
55 982 9
55 1205 18
55 1266 2
55 1284 20
55 1428 18
55 1561 6
55 1585 19
55 1716 9
55 1750 18
55 1768 7
55 1914 1
55 1947 11
56 286 14
56 298 5
56 509 6
56 544 10
56 698 19
56 827 6
56 845 15
56 899 7
56 931 2
56 996 12
56 1162 14
56 1252 15
56 1356 19
56 1372 18
56 1543 11
56 1569 8
56 1640 16
56 1716 8
56 1727 1
56 1775 15
56 1993 20
56 1995 13
57 252 3
57 307 20
57 534 16
57 541 16
57 591 6
57 666 19
57 789 18
57 999 3
57 1106 9
57 1125 3
57 1641 2
57 1680 19
57 1787 15
57 1864 14
58 209 6
58 240 5
58 345 11
58 408 4
58 718 15
58 728 5
58 778 2
58 855 4
58 931 4
58 1001 6
58 1219 18
58 1262 19
58 1274 3
58 1335 15
58 1411 5
58 1583 1
58 1638 15
58 1656 14
58 1678 8
58 1687 2
58 1706 3
58 1838 4
59 143 6
59 444 7
59 457 12
59 558 4
59 582 20
59 708 11
59 709 15
59 736 14
59 825 7
59 908 13
59 1056 20
59 1100 2
59 1313 8
59 1362 7
59 1369 3
59 1432 9
59 1513 20
59 1684 20
59 1825 5
59 1919 4
60 89 20
60 224 5
60 244 4
60 435 7
60 731 17
60 901 10
60 924 18
60 1185 14
60 1303 16
60 1343 10
60 1548 19
60 1594 19
60 1738 9
60 1848 11
60 1904 13
60 1907 8
61 82 14
61 375 9
61 679 9
61 938 4
61 1079 8
61 1440 3
61 1519 13
61 1523 3
61 1660 14
61 1735 14
61 1779 15
61 1925 11
61 1965 12
62 170 12
62 230 19
62 241 12
62 359 12
62 421 20
62 518 16
62 584 17
62 639 2
62 711 13
62 716 17
62 997 13
62 1109 20
62 1185 12
62 1210 6
62 1217 5
62 1324 9
62 1556 13
62 1617 12
62 1734 17
62 1806 20
62 1884 15
63 83 1
63 148 14
63 165 8
63 313 17
63 367 19
63 567 20
63 1400 12
63 1475 19
63 1556 5
63 1596 8
63 1638 13
63 1777 13
63 1809 1
63 1985 5
64 163 11
64 225 6
64 227 17
64 438 20
64 494 18
64 588 10
64 627 8
64 664 20
64 789 1
64 873 9
64 1003 19
64 1010 6
64 1084 10
64 1101 6
64 1146 7
64 1165 5
64 1248 14
64 1360 1
64 1575 12
64 1655 15
64 1818 13
64 1948 12
64 1988 10
65 280 13
65 297 6
65 438 8
65 954 4
65 1020 8
65 1055 1
65 1068 17
65 1231 7
65 1268 3
65 1305 20
65 1400 9
65 1728 13
65 1807 2
66 79 12
66 125 10
66 324 19
66 380 1
66 564 9
66 654 12
66 655 1
66 763 6
66 909 13
66 1127 9
66 1162 6
66 1268 11
66 1379 8
66 1551 16
66 1572 20
66 1618 16
66 1818 16
66 1834 4
66 1872 7
66 1976 15
67 101 12
67 102 9
67 108 9
67 388 8
67 498 18
67 500 5
67 593 7
67 612 8
67 759 7
67 862 1
67 878 16
67 1018 3
67 1041 12
67 1045 17
67 1385 8
67 1446 11
67 1606 7
67 1704 19
68 143 13
68 323 2
68 431 6
68 444 15
68 475 3
68 620 13
68 792 16
68 877 16
68 1000 19
68 1017 19
68 1083 7
68 1504 16
68 1590 14
68 1694 20
68 1749 7
68 1804 6
68 1818 8
68 1845 15
68 1847 2
69 103 2
69 129 16
69 142 8
69 217 1
69 303 6
69 333 9
69 449 4
69 520 15
69 542 20
69 832 17
69 1067 2
69 1123 6
69 1178 16
69 1313 11
69 1413 14
69 1880 19
69 1922 9
69 1997 13
70 215 16
70 314 2
70 568 8
70 580 20
70 660 4
70 800 15
70 856 4
70 888 2
70 984 5
70 1032 11
70 1067 16
70 1200 16
70 1347 16
70 1351 9
70 1356 5
70 1482 6
70 1500 12
70 1582 8
70 1647 9
70 1700 4
70 1702 16
70 1762 5
70 1887 14
71 140 6
71 416 14
71 418 8
71 551 16
71 771 4
71 862 3
71 943 16
71 1206 15
71 1217 6
71 1255 6
71 1551 10
72 86 19
72 114 12
72 151 11
72 155 20
72 177 12
72 275 10
72 316 18
72 435 4
72 697 7
72 740 4
72 789 14
72 983 4
72 1062 17
72 1095 17
72 1188 7
72 1340 1
72 1367 6
72 1426 6
72 1448 12
72 1532 14
72 1590 10
72 1648 11
73 151 10
73 242 11
73 364 3
73 568 7
73 639 13
73 741 6
73 831 13
73 906 19
73 921 18
73 982 14
73 1019 19
73 1039 20
73 1082 19
73 1122 15
73 1185 10
73 1220 17
73 1408 2
73 1559 7
73 1946 12
73 1960 8
74 104 14
74 185 13
74 201 14
74 221 17
74 229 5
74 369 8
74 455 11
74 521 8
74 663 20
74 922 2
74 1025 14
74 1102 8
74 1270 15
74 1334 4
74 1392 10
74 1470 17
74 1549 11
74 1650 19
74 1666 1
74 1768 10
75 114 5
75 189 11
75 198 6
75 229 18
75 385 17
75 617 20
75 1042 18
75 1045 1
75 1078 12
75 1375 4
75 1414 3
75 1458 19
75 1566 2
75 1798 8
75 1828 12
75 1996 4
76 142 10
76 267 20
76 652 7
76 694 11
76 776 5
76 982 11
76 986 19
76 989 4
76 993 9
76 1054 8
76 1087 15
76 1239 10
76 1267 11
76 1312 2
76 1572 17
76 1711 3
76 1857 5
77 190 18
77 193 15
77 284 9
77 326 19
77 336 16
77 414 11
77 467 16
77 619 11
77 620 8
77 719 10
77 884 11
77 886 1
77 1020 10
77 1315 10
77 1420 10
77 1520 10
77 1627 4
77 1854 12
77 1959 18
78 344 19
78 404 15
78 569 9
78 689 17
78 852 7
78 923 17
78 976 3
78 1000 1
78 1045 16
78 1135 2
78 1473 1
78 1487 14
78 1489 2
78 1669 20
78 1774 10
79 91 9
79 107 15
79 117 7
79 180 3
79 256 18
79 584 7
79 615 14
79 619 18
79 726 10
79 914 6
79 938 17
79 1017 11
79 1072 5
79 1090 2
79 1106 19
79 1108 17
79 1145 19
79 1259 10
79 1327 3
79 1548 10
79 1630 20
80 163 7
80 206 1
80 323 8
80 400 20
80 405 3
80 475 10
80 566 8
80 567 13
80 573 10
80 576 3
80 633 19
80 776 8
80 788 3
80 795 2
80 1015 2
80 1051 20
80 1104 14
80 1241 9
80 1358 15
80 1653 5
80 1657 3
80 1734 8
80 1836 2
80 1872 1
80 1900 19
81 346 7
81 475 12
81 702 4
81 710 12
81 802 19
81 908 16
81 1087 17
81 1124 10
81 1153 6
81 1165 15
81 1221 1
81 1255 12
81 1278 19
81 1333 9
81 1456 15
81 1825 3
81 1840 16
82 84 3
82 175 15
82 301 7
82 661 20
82 878 14
82 929 14
82 972 16
82 977 13
82 1042 14
82 1045 6
82 1230 4
82 1300 5
82 1398 1
82 1472 9
82 1473 16
82 1515 18
82 1519 10
82 1560 6
82 1646 5
82 1686 4
82 1716 4
82 1919 6
82 1924 18
83 284 1
83 355 16
83 396 12
83 515 3
83 525 11
83 605 6
83 639 18
83 752 9
83 808 18
83 833 4
83 979 11
83 994 5
83 1051 2
83 1409 16
83 1653 4
83 1716 19
83 1728 18
83 1816 9
83 1831 17
83 1848 4
84 473 13
84 554 11
84 688 16
84 811 9
84 849 14
84 878 18
84 941 12
84 1062 15
84 1080 11
84 1081 20
84 1099 7
84 1114 20
84 1182 1
84 1237 10
84 1240 11
84 1241 5
84 1251 20
84 1252 8
84 1474 10
84 1583 20
84 1627 17
85 90 3
85 302 20
85 311 20
85 359 12
85 531 7
85 554 11
85 627 14
85 752 1
85 780 2
85 850 13
85 1140 9
85 1147 8
85 1281 8
85 1441 14
85 1503 17
85 1600 15
85 1648 20
85 1679 4
85 1796 13
85 1898 14
85 1998 19
86 296 4
86 321 11
86 339 17
86 360 1
86 372 16
86 378 13
86 585 5
86 609 8
86 731 2
86 808 4
86 1060 1
86 1113 15
86 1130 9
86 1223 13
86 1262 18
86 1391 6
86 1421 20
86 1567 8
86 1750 14
86 1772 7
86 1842 11
87 123 7
87 229 3
87 511 7
87 604 19
87 707 20
87 896 13
87 1100 12
87 1107 16
87 1128 6
87 1222 16
87 1266 20
87 1275 16
87 1388 11
87 1444 16
87 1465 16
87 1469 14
87 1689 12
87 1840 12
87 1858 12
88 108 14
88 228 9
88 472 12
88 561 8
88 754 13
88 1080 11
88 1133 6
88 1246 18
88 1553 7
88 1827 16
89 114 13
89 156 16
89 179 6
89 219 2
89 252 11
89 291 3
89 311 3
89 326 20
89 381 8
89 413 20
89 443 1
89 579 8
89 580 15
89 604 13
89 1472 15
89 1493 15
89 1680 18
89 1702 20
89 1703 12
89 1709 20
89 1791 17
89 1922 16
90 169 14
90 351 8
90 367 18
90 381 13
90 496 12
90 563 4
90 584 1
90 664 10
90 773 15
90 794 19
90 910 15
90 1002 9
90 1144 4
90 1187 16
90 1332 11
90 1361 3
90 1364 13
90 1450 4
90 1531 12
90 1612 16
90 1685 14
90 1701 4
90 1710 10
90 1811 13
90 1814 7
90 1824 14
91 474 1
91 514 3
91 646 3
91 728 18
91 899 11
91 1273 8
91 1301 10
91 1442 3
91 1476 2
91 1732 4
91 1740 20
91 1901 6
91 1904 2
92 264 6
92 345 15
92 352 13
92 549 6
92 800 10
92 834 13
92 1026 2
92 1029 11
92 1103 20
92 1184 15
92 1201 4
92 1271 5
92 1353 2
92 1356 8
92 1515 16
92 1535 16
92 1830 3
92 1837 9
92 1945 8
93 238 17
93 632 15
93 710 18
93 855 7
93 878 2
93 1025 11
93 1162 8
93 1242 18
93 1546 20
93 1749 8
93 1932 4
94 115 20
94 224 6
94 276 13
94 353 11
94 414 18
94 510 12
94 559 2
94 663 12
94 719 10
94 721 3
94 947 18
94 1004 12
94 1085 5
94 1286 18
94 1343 1
94 1418 15
94 1471 8
94 1502 7
94 1506 15
94 1546 12
94 1693 9
94 1897 9
95 195 14
95 474 11
95 664 19
95 695 8
95 736 19
95 773 3
95 820 1
95 835 8
95 916 18
95 1029 11
95 1076 17
95 1262 6
95 1284 10
95 1451 10
95 1639 1
95 1731 15
96 193 1
96 332 9
96 563 17
96 567 10
96 626 18
96 693 13
96 930 18
96 1116 6
96 1161 13
96 1163 9
96 1245 9
96 1306 20
96 1353 17
96 1390 12
96 1464 8
96 1530 7
96 1536 2
96 1738 17
96 1758 17
96 1899 2
96 1924 11
96 1995 2
97 106 3
97 300 7
97 398 8
97 493 7
97 532 3
97 686 17
97 697 17
97 837 1
97 954 6
97 1109 2
97 1145 10
97 1148 14
97 1300 4
97 1350 8
97 1365 18
97 1386 18
97 1612 18
97 1633 4
97 1791 7
97 1823 1
97 1829 20
97 1953 17
98 156 4
98 189 14
98 197 5
98 235 13
98 239 20
98 308 8
98 727 16
98 825 10
98 1032 9
98 1051 20
98 1054 20
98 1184 13
98 1314 14
98 1357 19
98 1414 15
98 1751 20
98 1764 18
98 1850 19
98 1899 11
98 1978 3
98 1982 6
99 152 6
99 167 20
99 266 1
99 311 9
99 479 4
99 555 13
99 567 17
99 597 13
99 914 12
99 920 13
99 955 3
99 1010 11
99 1033 17
99 1481 12
99 1526 7
99 1639 18
99 1709 11
99 1787 9
100 227 17
100 250 9
100 294 7
100 414 20
100 451 18
100 606 12
100 673 13
100 728 3
100 763 1
100 783 17
100 836 4
100 862 3
100 953 15
100 1102 20
100 1294 7
100 1362 2
100 1384 6
100 1400 19
100 1404 18
100 1486 6
100 1505 1
100 1519 17
100 1539 6
100 1546 8
100 1936 18
100 1968 2
101 131 12
101 198 18
101 245 19
101 333 15
101 370 13
101 415 2
101 589 12
101 591 18
101 675 12
101 852 17
101 949 14
101 1014 7
101 1017 13
101 1035 15
101 1039 9
101 1041 7
101 1302 9
101 1372 9
101 1419 1
101 1715 16
101 1847 7
101 1894 5
101 1926 12
102 239 9
102 365 15
102 440 18
102 598 17
102 660 15
102 720 12
102 858 15
102 893 14
102 1272 4
102 1498 2
102 1555 8
102 1648 2
102 1930 10
103 198 16
103 331 2
103 596 13
103 699 11
103 776 5
103 801 7
103 940 6
103 1027 3
103 1230 18
103 1249 12
103 1263 4
103 1273 7
103 1291 8
103 1316 14
103 1377 9
103 1401 12
103 1494 15
103 1647 16
103 1829 14
104 128 19
104 317 9
104 396 18
104 400 13
104 591 20
104 661 2
104 739 2
104 880 9
104 890 11
104 932 15
104 1129 7
104 1218 10
104 1223 20
104 1323 20
104 1482 20
105 215 11
105 338 15
105 502 14
105 602 6
105 708 17
105 757 2
105 775 8
105 1131 12
105 1298 17
105 1341 1
105 1415 8
105 1472 11
105 1553 6
105 1571 12
105 1601 14
105 1793 7
105 1841 2
105 1842 9
106 129 11
106 194 5
106 227 17
106 328 5
106 440 11
106 489 2
106 503 9
106 554 12
106 585 13
106 640 12
106 884 13
106 976 2
106 1173 8
106 1193 17
106 1213 17
106 1329 7
106 1531 4
106 1660 2
106 1710 10
106 1848 18
106 1891 4
107 138 18
107 248 6
107 571 15
107 636 14
107 702 10
107 818 17
107 891 15
107 974 16
107 1181 1
107 1327 8
107 1371 15
107 1455 11
107 1487 9
107 1542 13
107 1570 5
107 1812 14
107 1931 11
108 206 13
108 252 16
108 321 15
108 368 13
108 413 5
108 457 6
108 548 4
108 585 7
108 824 4
108 859 6
108 929 13
108 1011 14
108 1179 16
108 1184 13
108 1472 6
108 1657 20
108 1802 9
108 1809 6
108 1835 6
108 1847 4
108 1901 13
109 317 12
109 557 6
109 607 16
109 674 5
109 862 7
109 877 15
109 982 13
109 1055 9
109 1057 14
109 1291 8
109 1515 4
109 1523 12
109 1796 16
110 440 13
110 580 8
110 641 5
110 648 10
110 702 5
110 745 13
110 812 14
110 846 3
110 1006 12
110 1162 15
110 1239 19
110 1258 9
110 1410 4
110 1533 5
110 1573 4
110 1588 6
110 1635 9
110 1767 4
110 1827 8
111 162 10
111 297 19
111 385 16
111 437 11
111 487 7
111 525 1
111 586 16
111 694 19
111 817 16
111 1029 2
111 1201 3
111 1298 18
111 1317 4
111 1333 11
111 1402 9
111 1430 12
111 1552 12
111 1563 2
111 1655 4
111 1670 7
111 1721 17
111 1737 7
111 1822 6
112 176 11
112 227 4
112 329 11
112 351 8
112 412 14
112 428 13
112 761 3
112 767 8
112 792 2
112 851 7
112 940 12
112 1003 1
112 1012 14
112 1112 4
112 1203 4
112 1209 18
112 1223 8
112 1470 12
112 1525 13
112 1543 17
112 1630 1
112 1654 16
112 1741 11
112 1754 19
112 1758 11
112 1794 14
112 1825 17
113 180 4
113 355 12
113 422 16
113 438 7
113 668 15
113 1179 11
113 1185 20
113 1389 4
113 1504 14
113 1579 1
113 1625 7
113 1752 7
113 1923 16
114 162 9
114 258 7
114 304 2
114 627 9
114 635 7
114 725 3
114 726 1
114 794 5
114 850 13
114 857 5
114 877 15
114 904 17
114 906 11
114 958 4
114 1064 1
114 1094 14
114 1207 13
114 1215 13
114 1279 9
114 1371 8
114 1379 18
114 1456 6
114 1698 19
114 1853 6
114 1861 7
114 1862 12
115 225 7
115 393 6
115 464 20
115 499 19
115 501 20
115 719 16
115 798 10
115 974 20
115 995 4
115 1043 2
115 1609 7
115 1884 14
115 1929 3
115 1991 1
116 305 18
116 448 3
116 538 16
116 691 3
116 852 16
116 1064 4
116 1296 16
116 1297 18
116 1357 8
116 1369 2
116 1443 6
116 1573 16
116 1592 11
116 1843 9
116 1919 15
117 287 19
117 300 1
117 396 15
117 715 16
117 843 6
117 961 2
117 1207 11
117 1219 20
117 1273 3
117 1444 4
117 1459 14
117 1494 13
117 1563 18
117 1667 3
117 1859 15
117 1902 7
117 1937 6
117 1941 18
117 1995 19
118 135 16
118 161 10
118 191 17
118 236 6
118 257 14
118 271 6
118 327 4
118 363 17
118 514 12
118 715 17
118 836 20
118 886 3
118 949 15
118 1009 20
118 1462 7
118 1648 18
118 1658 3
118 1748 17
118 1844 20
118 1879 9
118 1900 18
119 236 1
119 251 17
119 356 9
119 404 20
119 412 5
119 495 5
119 545 1
119 595 13
119 610 17
119 660 12
119 1469 14
119 1555 14
119 1570 6
119 1591 13
119 1939 1
120 231 8
120 273 19
120 278 10
120 443 5
120 638 15
120 725 13
120 868 6
120 988 16
120 1029 18
120 1031 5
120 1090 8
120 1401 1
120 1411 1
120 1452 11
120 1613 14
120 1879 17
120 1914 4
121 237 18
121 337 15
121 503 14
121 513 6
121 653 18
121 690 7
121 691 13
121 696 5
121 1053 16
121 1147 3
121 1242 8
121 1353 12
121 1377 12
121 1512 3
121 1520 6
121 1910 1
121 1911 11
121 1971 1
122 398 1
122 409 15
122 414 18
122 513 8
122 675 2
122 779 3
122 785 19
122 845 11
122 1019 7
122 1085 7
122 1111 12
122 1193 5
122 1347 14
122 1461 15
122 1616 18
122 1624 19
122 1680 6
122 1695 20
122 1740 15
122 1748 2
122 1907 15
122 1920 3
123 166 3
123 191 1
123 260 1
123 409 20
123 526 1
123 530 10
123 574 6
123 621 20
123 633 7
123 779 1
123 836 15
123 884 1
123 950 18
123 957 18
123 970 11
123 1060 3
123 1071 20
123 1119 4
123 1270 8
123 1386 4
123 1688 14
123 1711 15
123 1778 15
123 1860 7
123 1890 11
123 1918 8
124 250 10
124 285 19
124 620 20
124 702 5
124 767 6
124 813 18
124 957 6
124 984 4
124 986 9
124 1160 20
124 1219 8
124 1320 14
124 1414 16
124 1438 4
124 1479 15
124 1648 4
124 1656 10
124 1675 4
124 1726 4
124 1766 9
124 1817 9
125 130 16
125 175 5
125 336 18
125 373 9
125 457 15
125 557 7
125 589 13
125 604 4
125 610 13
125 828 10
125 1081 10
125 1106 4
125 1205 13
125 1240 9
125 1394 9
125 1451 9
125 1480 17
125 1496 8
125 1738 14
125 1868 9
125 1890 2
125 1984 9
126 250 14
126 258 14
126 428 9
126 642 18
126 668 6
126 700 14
126 761 13
126 834 20
126 841 7
126 983 2
126 1038 16
126 1147 10
126 1269 18
126 1441 11
126 1458 17
126 1733 13
126 1869 13
126 1982 11
127 136 9
127 229 16
127 334 8
127 892 6
127 1033 2
127 1037 9
127 1066 2
127 1485 7
127 1567 2
127 1626 10
127 1712 12
127 1783 11
127 1846 3
127 1851 7
127 1878 19
127 1880 5
127 1964 15
128 133 2
128 287 16
128 316 14
128 487 18
128 563 16
128 798 4
128 800 16
128 883 12
128 970 13
128 983 19
128 1008 15
128 1016 16
128 1217 13
128 1316 4
128 1584 18
128 1690 16
128 1774 1
129 271 13
129 523 5
129 1027 1
129 1041 17
129 1223 2
129 1236 12
129 1325 16
129 1475 4
129 1557 13
129 1693 8
129 1862 11
129 1952 12
129 1996 3
130 259 6
130 298 16
130 374 16
130 575 2
130 672 6
130 761 6
130 807 1
130 958 15
130 981 3
130 993 13
130 994 11
130 1020 9
130 1078 16
130 1167 9
130 1336 1
130 1460 17
130 1690 19
130 1739 2
130 1807 20
130 1823 11
130 1889 16
130 1923 19
131 239 7
131 279 3
131 358 6
131 543 18
131 794 15
131 924 15
131 1053 14
131 1071 4
131 1488 3
131 1551 12
131 1756 2
131 1856 16
131 1879 11
131 1957 8
131 1964 19
131 1976 17
132 307 8
132 336 6
132 355 12
132 398 7
132 793 20
132 810 6
132 935 8
132 959 3
132 1201 14
132 1259 9
132 1319 13
132 1423 18
132 1442 13
132 1513 14
132 1609 5
132 1680 1
132 1926 8
132 1971 14
132 1982 7
133 238 12
133 594 6
133 652 17
133 663 12
133 967 5
133 1160 9
133 1242 16
133 1269 7
133 1271 3
133 1438 8
133 1514 13
133 1552 10
133 1565 5
133 1573 1
133 1574 10
133 1803 7
134 290 11
134 347 8
134 586 14
134 631 19
134 954 6
134 1068 7
134 1134 6
134 1333 12
134 1393 14
134 1612 9
134 1632 1
134 1670 18
135 185 18
135 348 1
135 464 19
135 572 13
135 584 19
135 598 16
135 723 8
135 775 19
135 784 18
135 1056 6
135 1108 11
135 1208 16
135 1216 11
135 1255 8
135 1300 19
135 1327 13
135 1342 11
135 1346 1
135 1483 3
135 1663 11
135 1851 1
135 1926 14
135 1995 20
136 221 15
136 251 4
136 292 4
136 313 3
136 728 17
136 758 18
136 786 18
136 887 8
136 1340 6
136 1396 19
136 1516 1
136 1616 12
136 1663 11
136 1949 1
137 194 8
137 488 17
137 501 9
137 555 2
137 818 1
137 828 12
137 899 2
137 904 15
137 1078 16
137 1188 5
137 1195 3
137 1262 11
137 1381 4
137 1423 17
137 1485 13
137 1650 1
137 1722 10
137 1756 12
137 1814 9
137 1894 5
138 149 15
138 272 2
138 491 15
138 514 14
138 527 16
138 753 20
138 800 20
138 916 14
138 1473 3
138 1539 13
138 1577 13
138 1635 17
138 1640 3
138 1735 7
139 159 17
139 505 9
139 555 19
139 810 14
139 975 10
139 1437 15
139 1641 18
139 1650 18
139 1878 1
140 271 16
140 405 13
140 459 2
140 478 16
140 880 8
140 959 5
140 1168 19
140 1194 10
140 1199 16
140 1240 3
140 1372 11
140 1536 15
140 1778 2
140 1898 20
140 1942 14
140 1950 18
140 1961 20
141 194 7
141 308 14
141 349 18
141 475 17
141 605 11
141 638 3
141 658 9
141 700 20
141 791 5
141 940 8
141 985 10
141 1050 19
141 1094 9
141 1125 12
141 1395 3
141 1490 4
141 1608 12
141 1643 18
141 1792 1
141 1836 1
141 1844 19
141 1967 4
142 168 17
142 219 20
142 227 10
142 239 17
142 337 14
142 488 13
142 854 13
142 946 9
142 1011 18
142 1054 18
142 1085 15
142 1110 18
142 1220 6
142 1425 13
142 1642 11
142 1668 1
142 1794 1
142 1875 12
142 1977 9
143 184 4
143 304 18
143 393 20
143 478 17
143 509 10
143 677 6
143 683 2
143 701 10
143 732 9
143 753 4
143 779 4
143 820 8
143 908 18
143 1063 1
143 1286 1
143 1290 15
143 1402 3
143 1479 14
143 1550 13
143 1875 7
143 1947 1
144 394 3
144 570 10
144 612 11
144 669 18
144 725 20
144 819 6
144 1472 17
144 1600 11
144 1607 10
144 1688 15
144 1734 16
145 153 7
145 195 15
145 230 14
145 442 8
145 670 18
145 675 7
145 1075 17
145 1087 13
145 1100 17
145 1141 8
145 1152 6
145 1202 11
145 1230 4
145 1346 8
145 1402 2
145 1537 10
145 1611 4
145 1628 18
145 1737 12
145 1784 13
145 1916 9
145 1942 15
146 549 12
146 666 19
146 735 4
146 1015 19
146 1078 17
146 1105 16
146 1117 15
146 1174 19
146 1221 18
146 1251 11
146 1264 4
146 1345 9
146 1412 19
146 1501 20
146 1526 13
146 1541 8
146 1560 12
146 1635 20
146 1754 9
146 1834 4
146 1894 6
147 462 12
147 527 10
147 555 18
147 592 3
147 735 5
147 762 11
147 1076 19
147 1081 9
147 1145 20
147 1251 15
147 1318 19
147 1341 14
147 1433 11
147 1604 7
147 1856 9
147 1904 1
148 208 16
148 256 2
148 359 16
148 406 14
148 416 2
148 562 8
148 620 11
148 1145 15
148 1226 15
148 1586 20
148 1858 10
149 284 2
149 381 12
149 900 19
149 972 17
149 994 4
149 1094 20
149 1182 13
149 1199 14
149 1443 20
149 1552 12
149 1680 16
149 1684 15
149 1704 2
149 1778 13
149 1823 8
149 1824 5
150 237 2
150 313 3
150 324 10
150 427 15
150 433 20
150 473 5
150 509 18
150 530 4
150 599 17
150 636 16
150 753 2
150 795 3
150 1028 18
150 1136 2
150 1149 9
150 1345 4
150 1416 4
150 1447 10
150 1638 9
150 1839 7
150 1882 10
150 1915 4
151 311 7
151 355 17
151 428 8
151 448 12
151 467 4
151 870 9
151 907 16
151 1014 20
151 1053 15
151 1235 11
151 1243 3
151 1272 17
151 1579 3
151 1580 4
151 1665 3
151 1778 14
151 1827 11
151 1838 9
151 1901 20
152 287 19
152 374 7
152 387 6
152 455 20
152 487 18
152 570 16
152 602 16
152 687 18
152 743 6
152 967 17
152 1129 9
152 1137 16
152 1153 20
152 1159 14
152 1220 9
152 1258 15
152 1433 18
152 1505 14
152 1816 10
153 296 14
153 308 16
153 382 3
153 498 8
153 533 7
153 576 3
153 614 5
153 705 3
153 739 19
153 877 10
153 895 7
153 904 12
153 1001 10
153 1064 2
153 1120 2
153 1220 12
153 1257 15
153 1312 2
153 1552 4
153 1661 2
153 1755 1
153 1839 3
153 1914 8
154 391 6
154 392 11
154 427 13
154 871 9
154 916 8
154 926 10
154 1024 16
154 1291 11
154 1436 8
154 1448 18
154 1503 4
154 1525 14
154 1677 18
154 1711 7
154 1804 15
154 1930 1
154 1991 20
154 1995 19
155 165 3
155 169 16
155 279 15
155 760 16
155 773 7
155 806 18
155 815 7
155 931 4
155 1128 9
155 1155 17
155 1157 18
155 1188 3
155 1199 12
155 1272 11
155 1358 3
155 1452 5
155 1467 13
155 1599 4
155 1659 16
155 1762 7
155 1765 10
155 1811 16
156 463 5
156 475 12
156 476 4
156 623 15
156 917 20
156 1022 18
156 1166 10
156 1237 11
156 1388 13
156 1555 1
156 1618 2
156 1623 1
156 1686 10
156 1806 13
156 1910 6
156 1932 17
157 309 12
157 382 7
157 467 14
157 594 15
157 709 6
157 733 3
157 756 15
157 811 3
157 970 19
157 1048 9
157 1152 12
157 1212 17
157 1251 5
157 1346 18
157 1398 8
157 1426 7
157 1511 14
157 1518 8
157 1580 14
157 1595 7
157 1651 2
157 1715 16
157 1846 6
157 1929 11
158 190 7
158 230 2
158 351 1
158 374 5
158 390 19
158 481 17
158 552 6
158 611 13
158 801 9
158 920 12
158 949 17
158 1054 14
158 1080 13
158 1600 11
158 1613 10
158 1631 18
158 1873 11
159 181 8
159 214 4
159 285 8
159 460 15
159 516 11
159 545 13
159 636 20
159 862 8
159 914 3
159 1245 19
159 1833 6
159 1872 2
159 1881 1
160 178 7
160 270 8
160 501 13
160 527 7
160 593 9
160 651 6
160 796 4
160 805 18
160 813 19
160 973 5
160 1134 19
160 1211 14
160 1510 11
160 1569 6
160 1654 15
160 1766 10
161 275 12
161 386 14
161 660 2
161 721 8
161 756 10
161 765 15
161 785 12
161 786 9
161 870 1
161 894 8
161 1185 9
161 1227 9
161 1356 17
161 1512 18
161 1601 5
162 188 4
162 206 3
162 326 16
162 359 2
162 481 7
162 559 20
162 846 15
162 869 5
162 1003 6
162 1113 1
162 1251 17
162 1265 17
162 1415 14
162 1569 16
162 1666 20
162 1806 4
162 1813 14
162 1863 17
163 209 14
163 226 15
163 249 10
163 295 13
163 302 17
163 450 2
163 477 12
163 560 17
163 644 13
163 647 5
163 794 14
163 810 18
163 1179 14
163 1215 18
163 1230 15
163 1311 10
163 1404 8
163 1413 18
163 1429 10
163 1518 11
163 1609 19
163 1617 11
163 1681 13
163 1891 9
163 1957 13
164 190 19
164 365 7
164 436 5
164 576 8
164 800 20
164 970 6
164 1100 16
164 1136 9
164 1196 19
164 1342 6
164 1375 16
164 1530 18
164 1589 13
164 1590 20
164 1673 16
164 1716 13
164 1753 4
164 1783 18
164 1827 19
164 1989 2
165 325 5
165 472 16
165 516 12
165 571 6
165 625 3
165 626 8
165 828 14
165 835 20
165 895 4
165 914 2
165 952 4
165 955 10
165 1050 15
165 1237 3
165 1238 14
165 1366 14
165 1386 16
165 1536 12
165 1560 15
165 1655 17
165 1867 1
166 183 1
166 425 5
166 519 20
166 650 10
166 695 2
166 792 17
166 860 20
166 1042 7
166 1144 1
166 1206 13
166 1219 1
166 1429 15
166 1461 11
166 1509 8
166 1660 4
166 1704 17
166 1709 5
166 1756 16
167 420 20
167 438 20
167 472 8
167 531 12
167 555 19
167 618 4
167 689 19
167 785 8
167 810 4
167 847 7
167 922 11
167 1196 15
167 1300 16
167 1399 16
167 1478 2
167 1793 2
168 180 12
168 305 2
168 485 4
168 530 9
168 741 17
168 1106 15
168 1133 20
168 1135 14
168 1320 8
168 1574 6
168 1753 15
168 1791 11
168 1881 1
168 1945 9
168 1969 4
169 318 14
169 375 13
169 484 20
169 898 2
169 1153 15
169 1258 1
169 1282 7
169 1315 16
169 1316 14
169 1521 15
169 1540 12
169 1560 18
170 183 7
170 258 20
170 284 2
170 784 6
170 847 18
170 874 20
170 967 18
170 1006 20
170 1115 6
170 1196 16
170 1228 4
170 1248 2
170 1270 1
170 1358 17
170 1763 10
170 1878 16
170 1885 7
170 1988 10
171 257 2
171 309 7
171 349 19
171 644 11
171 654 1
171 671 3
171 751 3
171 911 16
171 941 20
171 981 12
171 1427 16
171 1505 14
171 1720 16
171 1746 3
171 1888 4
171 1909 5
172 296 4
172 325 14
172 415 19
172 807 11
172 973 6
172 978 6
172 989 8
172 1224 1
172 1314 17
172 1544 3
172 1649 15
172 1725 12
172 1781 12
172 1851 16
172 1913 1
172 1950 11
173 201 5
173 246 2
173 306 6
173 314 1
173 318 15
173 516 15
173 570 1
173 622 15
173 643 18
173 657 1
173 922 1
173 930 2
173 1515 9
173 1595 3
173 1641 12
173 1781 5
173 1890 6
173 1961 17
173 1996 8
174 321 1
174 327 6
174 395 9
174 781 5
174 788 19
174 823 20
174 978 8
174 1002 5
174 1269 2
174 1378 7
174 1423 3
174 1466 15
174 1549 2
174 1556 17
174 1655 6
174 1664 1
174 1725 9
174 1855 19
175 395 7
175 410 14
175 569 5
175 673 10
175 683 14
175 771 11
175 832 2
175 1594 2
175 1627 16
175 1768 19
175 1850 2
175 1886 18
175 1933 14
176 199 16
176 341 16
176 542 14
176 571 3
176 654 12
176 770 5
176 780 4
176 791 4
176 817 6
176 883 10
176 1027 17
176 1214 16
176 1223 4
176 1423 14
176 1461 7
176 1510 6
176 1640 13
176 1692 18
176 1732 19
176 1866 11
176 1954 15
176 1991 17
177 325 14
177 464 9
177 552 6
177 646 17
177 1054 5
177 1327 15
177 1552 17
177 1641 7
177 1691 19
177 1736 20
177 1764 10
177 1781 15
177 1823 1
177 1861 6
178 593 17
178 624 7
178 752 3
178 767 10
178 900 16
178 920 3
178 952 14
178 985 20
178 1103 12
178 1303 17
178 1309 18
178 1422 12
178 1456 16
178 1533 19
178 1555 11
178 1559 8
178 1561 18
178 1682 7
178 1820 7
178 1845 3
178 1928 14
178 1973 15
179 298 20
179 495 12
179 498 19
179 692 17
179 1055 20
179 1158 2
179 1298 10
179 1358 5
179 1443 16
179 1445 8
179 1454 16
179 1738 18
179 1934 16
179 1989 17
180 191 15
180 232 14
180 284 14
180 326 18
180 992 15
180 1009 6
180 1125 17
180 1176 16
180 1191 15
180 1350 7
180 1522 10
180 1713 15
180 1786 1
180 1827 11
180 1833 13
180 1911 6
180 1951 4
180 1967 11
180 1972 19
181 379 20
181 406 8
181 516 20
181 609 12
181 613 7
181 680 9
181 862 5
181 904 3
181 1046 2
181 1358 1
181 1503 11
181 1514 18
181 1698 13
181 1829 6
181 1851 15
182 340 2
182 383 10
182 412 3
182 471 13
182 484 2
182 494 1
182 625 13
182 769 12
182 802 16
182 879 19
182 960 4
182 975 9
182 1124 16
182 1203 11
182 1532 18
182 1762 7
182 1852 1
182 1892 11
182 1940 3
182 1996 11
183 261 14
183 297 15
183 390 16
183 512 6
183 586 1
183 632 19
183 723 12
183 848 1
183 937 20
183 1207 13
183 1342 19
183 1370 6
183 1421 17
183 1536 10
183 1545 7
183 1562 12
183 1693 8
183 1915 18
184 247 2
184 313 13
184 495 9
184 531 11
184 587 4
184 612 15
184 684 12
184 797 11
184 1067 4
184 1100 19
184 1162 12
184 1341 10
184 1651 9
184 1806 14
184 1861 2
184 1989 19
185 271 2
185 289 13
185 311 5
185 347 17
185 406 12
185 494 8
185 706 6
185 847 10
185 1062 17
185 1154 20
185 1201 11
185 1274 18
185 1506 7
185 1571 18
185 1577 1
185 1714 15
185 1838 20
185 1984 6
186 200 19
186 229 1
186 288 19
186 379 11
186 499 15
186 598 3
186 624 9
186 722 17
186 910 12
186 1016 16
186 1023 16
186 1115 14
186 1146 10
186 1191 14
186 1215 14
186 1219 3
186 1375 6
186 1422 10
186 1505 1
186 1603 10
186 1612 16
186 1864 6
186 1901 3
187 207 2
187 274 20
187 275 17
187 332 2
187 428 17
187 538 14
187 541 16
187 592 20
187 596 7
187 641 20
187 770 15
187 797 3
187 799 17
187 810 19
187 831 19
187 879 19
187 1043 20
187 1170 8
187 1317 15
187 1457 9
187 1613 3
187 1703 14
187 1704 12
188 400 14
188 431 13
188 648 9
188 738 12
188 922 11
188 959 6
188 988 17
188 1017 5
188 1057 3
188 1173 18
188 1185 19
188 1256 9
188 1406 18
188 1553 10
188 1653 12
188 1715 20
188 1836 19
188 1873 17
188 1936 5
188 1944 19
189 241 3
189 244 14
189 297 4
189 470 3
189 489 16
189 841 11
189 851 5
189 1169 5
189 1174 20
189 1204 4
189 1220 15
189 1245 18
189 1280 13
189 1314 20
189 1329 3
189 1334 8
189 1376 15
189 1438 5
189 1567 2
189 1626 20
189 1710 5
189 1803 6
189 1808 4
190 217 10
190 620 3
190 677 14
190 967 17
190 1034 4
190 1058 13
190 1472 2
190 1671 13
190 1857 5
191 228 6
191 274 19
191 453 19
191 537 11
191 776 4
191 844 16
191 1092 16
191 1251 12
191 1628 12
191 1696 4
191 1771 6
191 1832 3
191 1875 3
191 1879 3
192 248 4
192 375 19
192 500 1
192 599 7
192 632 1
192 699 9
192 822 5
192 1028 5
192 1051 11
192 1080 20
192 1154 7
192 1429 17
192 1455 12
192 1462 17
192 1472 10
192 1534 15
192 1547 18
192 1627 8
192 1841 3
192 1865 7
192 1928 5
192 1978 3
193 226 4
193 335 12
193 358 10
193 399 19
193 561 7
193 567 10
193 591 15
193 680 2
193 1036 16
193 1141 15
193 1827 13
193 1849 18
193 1853 15
193 1868 18
193 1899 12
193 1936 15
194 235 4
194 347 20
194 358 9
194 394 9
194 450 5
194 567 16
194 701 14
194 871 14
194 883 14
194 924 2
194 958 20
194 1402 3
194 1497 7
194 1505 20
194 1634 11
194 1690 17
194 1767 20
194 1853 9
194 1861 12
194 1900 19
195 272 7
195 408 15
195 553 14
195 611 16
195 904 6
195 988 5
195 998 7
195 1240 11
195 1243 13
195 1320 15
195 1408 16
195 1421 5
195 1487 16
195 1515 16
195 1545 2
195 1628 14
195 1784 14
195 1801 16
196 199 13
196 350 10
196 394 16
196 476 11
196 537 11
196 573 4
196 698 10
196 712 20
196 747 9
196 852 3
196 869 3
196 895 13
196 950 2
196 1124 19
196 1763 18
196 1795 8
196 1931 1
197 276 8
197 291 11
197 312 16
197 363 20
197 476 11
197 683 4
197 755 13
197 838 5
197 943 10
197 983 12
197 1007 4
197 1211 1
197 1443 12
197 1523 17
197 1539 16
197 1572 17
197 1634 6
197 1775 1
197 1814 18
197 1958 7
197 1984 14
198 355 14
198 547 13
198 567 1
198 635 14
198 693 10
198 825 3
198 886 1
198 1028 2
198 1133 4
198 1143 9
198 1363 1
198 1395 15
198 1402 2
198 1466 9
198 1743 15
198 1829 5
198 1850 16
198 1881 1
199 471 14
199 529 4
199 581 2
199 587 18
199 700 12
199 988 15
199 1503 14
199 1687 5
199 1859 7
199 1970 17
199 1983 1
200 414 6
200 448 7
200 556 10
200 581 1
200 739 13
200 1070 15
200 1099 7
200 1119 1
200 1198 10
200 1323 14
200 1564 20
200 1723 19
200 1750 8
200 1761 14
200 1921 15
201 330 15
201 339 20
201 509 16
201 514 11
201 573 12
201 602 19
201 648 12
201 775 8
201 776 18
201 903 20
201 909 10
201 1026 14
201 1034 20
201 1148 18
201 1152 15
201 1209 16
201 1352 4
201 1672 1
201 1802 3
201 1822 16
201 1835 9
201 1960 19
201 1983 3
202 205 12
202 249 3
202 294 4
202 343 16
202 396 13
202 593 6
202 837 7
202 872 3
202 905 15
202 946 14
202 1120 11
202 1203 3
202 1228 14
202 1269 1
202 1334 20
202 1359 7
202 1694 11
202 1771 12
202 1926 12
203 283 12
203 309 16
203 480 3
203 655 12
203 1032 15
203 1180 10
203 1216 7
203 1257 15
203 1369 16
203 1440 8
203 1523 16
203 1569 5
203 1590 16
203 1620 12
203 1637 3
204 245 19
204 309 4
204 421 18
204 422 1
204 698 7
204 781 10
204 795 17
204 797 15
204 814 4
204 859 5
204 1150 6
204 1294 18
204 1295 16
204 1410 2
204 1442 4
204 1474 9
204 1506 7
204 1521 6
204 1545 4
204 1585 9
204 1606 16
204 1673 19
204 1963 8
204 1997 2
205 537 13
205 643 6
205 674 20
205 700 6
205 790 16
205 871 15
205 943 14
205 1038 2
205 1152 7
205 1199 18
205 1312 9
205 1325 4
205 1375 14
205 1453 1
205 1456 7
205 1499 12
205 1514 4
205 1546 16
205 1649 3
205 1746 3
205 1754 12
205 1808 9
206 237 11
206 264 6
206 266 16
206 480 2
206 529 3
206 587 13
206 829 15
206 897 19
206 939 5
206 1007 10
206 1136 5
206 1723 2
206 1736 9
206 1754 18
206 1846 19
206 1869 1
206 1890 13
206 1893 9
206 1943 11
207 321 14
207 445 19
207 521 4
207 661 8
207 989 18
207 1014 13
207 1020 1
207 1238 4
207 1287 4
207 1494 3
207 1660 12
208 317 14
208 357 5
208 409 7
208 567 18
208 592 6
208 650 5
208 704 1
208 866 6
208 1078 5
208 1096 7
208 1123 13
208 1247 18
208 1278 4
208 1300 20
208 1512 8
208 1705 17
208 1904 18
208 1937 10
209 225 9
209 322 7
209 365 15
209 421 13
209 436 12
209 570 7
209 601 5
209 602 7
209 604 3
209 1004 2
209 1047 1
209 1155 8
209 1225 13
209 1326 9
209 1381 8
209 1395 1
209 1421 9
209 1680 11
209 1690 7
209 1801 16
209 1862 18
209 1901 5
209 1926 4
210 221 19
210 303 13
210 326 7
210 375 18
210 427 2
210 446 3
210 488 17
210 618 5
210 634 10
210 692 3
210 823 15
210 836 9
210 927 18
210 993 8
210 1459 10
210 1490 5
210 1540 13
210 1609 16
210 1610 16
210 1698 11
210 1780 2
210 1901 3
210 1941 19
211 405 4
211 427 10
211 518 3
211 597 1
211 672 19
211 688 20
211 717 10
211 738 18
211 785 17
211 897 7
211 917 6
211 956 11
211 1005 13
211 1025 16
211 1095 8
211 1204 15
211 1213 2
211 1252 1
211 1373 16
211 1477 5
211 1504 4
211 1506 8
211 1591 20
211 1660 2
211 1787 11
211 1846 4
211 1912 10
211 1931 1
211 1994 7
212 280 4
212 396 13
212 469 16
212 547 8
212 657 19
212 781 18
212 790 19
212 992 10
212 1042 20
212 1319 13
212 1404 4
212 1577 11
212 1849 12
212 1866 1
212 1981 4
212 1999 8
213 242 5
213 363 17
213 380 19
213 560 1
213 611 15
213 665 14
213 810 20
213 839 7
213 1064 6
213 1089 1
213 1090 16
213 1256 1
213 1326 6
213 1406 1
213 1505 9
213 1534 1
213 1541 20
213 1630 16
213 1673 15
213 1752 18
213 1772 2
213 1803 17
213 1930 15
214 223 1
214 251 9
214 366 5
214 509 1
214 764 1
214 835 18
214 1241 18
214 1393 7
214 1482 5
214 1522 11
214 1595 18
214 1632 2
215 305 7
215 594 19
215 840 19
215 919 8
215 955 4
215 1037 16
215 1042 9
215 1090 19
215 1587 14
215 1792 3
215 1801 17
215 1898 6
215 1939 16
216 221 13
216 303 18
216 321 11
216 398 10
216 486 6
216 586 12
216 635 18
216 638 4
216 730 18
216 1039 14
216 1163 10
216 1236 1
216 1302 7
216 1391 7
216 1429 19
216 1433 7
216 1513 18
216 1569 2
216 1835 7
216 1852 16
216 1964 12
217 372 17
217 414 20
217 522 3
217 569 17
217 570 14
217 737 20
217 827 10
217 1201 4
217 1207 17
217 1219 1
217 1322 9
217 1355 18
217 1551 8
217 1626 9
217 1683 11
217 1697 17
217 1710 11
217 1814 1
217 1903 20
218 298 3
218 319 13
218 418 14
218 621 13
218 834 4
218 849 9
218 1013 10
218 1098 8
218 1124 6
218 1288 8
218 1721 9
218 1775 18
218 1931 12
219 361 4
219 520 11
219 545 18
219 717 3
219 812 11
219 823 2
219 872 14
219 969 13
219 994 2
219 1012 1
219 1215 13
219 1224 15
219 1249 11
219 1387 8
219 1456 4
219 1498 8
219 1537 8
219 1583 2
219 1593 13
219 1796 17
219 1872 14
219 1909 15
220 313 20
220 616 16
220 628 8
220 638 4
220 761 6
220 914 20
220 936 18
220 1003 16
220 1004 9
220 1027 17
220 1120 15
220 1172 16
220 1280 18
220 1328 10
220 1382 5
220 1441 4
220 1471 4
220 1566 16
220 1603 18
220 1666 4
220 1722 12
220 1725 9
220 1820 20
220 1851 19
220 1860 2
221 259 14
221 304 15
221 317 7
221 392 9
221 476 8
221 740 13
221 852 3
221 875 9
221 978 17
221 1198 16
221 1443 6
221 1481 2
221 1775 11
221 1839 16
221 1870 10
221 1934 11
221 1971 19
222 422 8
222 462 10
222 597 15
222 612 4
222 660 12
222 812 10
222 820 4
222 925 13
222 941 2
222 966 15
222 1084 11
222 1331 10
222 1501 7
222 1689 15
222 1752 1
222 1758 13
223 241 1
223 353 15
223 553 19
223 579 10
223 661 17
223 703 20
223 969 1
223 1087 19
223 1134 8
223 1137 19
223 1649 12
223 1755 6
223 1854 11
223 1953 20
224 274 15
224 322 18
224 394 7
224 554 16
224 581 12
224 630 17
224 713 20
224 796 1
224 826 17
224 875 8
224 998 1
224 1068 5
224 1078 4
224 1172 20
224 1343 9
224 1366 16
224 1367 13
224 1387 19
224 1534 5
224 1553 5
224 1681 16
224 1733 10
225 298 1
225 379 19
225 384 15
225 444 12
225 517 3
225 536 18
225 701 16
225 941 2
225 1182 1
225 1283 1
225 1292 13
225 1296 6
225 1431 7
225 1840 1
225 1864 19
225 1963 7
226 263 18
226 303 11
226 312 2
226 481 5
226 573 8
226 798 14
226 862 20
226 974 18
226 1084 2
226 1529 7
226 1621 12
226 1862 10
226 1916 11
226 1943 7
226 1945 17
226 1954 9
227 252 9
227 392 12
227 492 19
227 494 18
227 691 19
227 955 11
227 956 3
227 1026 15
227 1125 13
227 1135 9
227 1168 11
227 1188 17
227 1292 19
227 1330 4
227 1390 4
227 1400 10
227 1675 13
227 1747 7
227 1764 15
227 1906 20
227 1955 10
227 1973 19
228 258 17
228 355 15
228 456 2
228 462 18
228 573 8
228 599 2
228 907 8
228 1064 2
228 1111 18
228 1334 10
228 1340 4
228 1352 1
228 1536 14
228 1580 16
228 1685 3
228 1742 6
228 1804 6
228 1827 20
228 1895 9
228 1918 11
228 1951 14
229 351 14
229 435 3
229 443 20
229 511 2
229 695 19
229 818 10
229 883 13
229 968 4
229 996 3
229 1011 16
229 1018 7
229 1063 12
229 1119 13
229 1302 9
229 1415 3
229 1495 6
229 1539 13
229 1553 16
229 1671 17
229 1800 11
229 1949 8
229 1955 6
230 283 18
230 297 10
230 312 1
230 350 19
230 372 11
230 475 13
230 575 17
230 736 3
230 982 3
230 1001 8
230 1159 5
230 1173 19
230 1201 9
230 1223 10
230 1239 17
230 1423 20
230 1462 1
230 1581 1
230 1798 17
231 282 8
231 400 2
231 580 8
231 613 18
231 697 7
231 1011 19
231 1070 2
231 1124 9
231 1190 13
231 1282 6
231 1367 17
231 1387 18
231 1463 8
231 1538 1
231 1567 7
231 1690 12
231 1792 12
231 1804 2
231 1830 20
231 1982 16
232 347 7
232 445 8
232 740 3
232 804 14
232 884 11
232 968 12
232 969 16
232 1006 14
232 1032 7
232 1151 5
232 1218 4
232 1291 8
232 1415 7
232 1439 20
232 1484 6
232 1507 3
232 1627 19
232 1651 8
232 1698 20
232 1781 3
232 1788 7
232 1865 9
233 306 16
233 307 14
233 377 16
233 436 11
233 521 13
233 558 20
233 637 8
233 653 20
233 847 18
233 895 11
233 979 20
233 987 3
233 1015 15
233 1089 8
233 1148 6
233 1227 20
233 1360 14
233 1477 14
233 1556 12
233 1599 16
233 1602 3
233 1605 2
233 1696 19
233 1774 16
234 266 20
234 550 3
234 564 10
234 647 14
234 652 16
234 681 2
234 717 7
234 784 7
234 807 3
234 895 15
234 966 8
234 1216 2
234 1443 5
234 1510 17
234 1619 5
234 1715 1
235 277 15
235 382 9
235 459 17
235 599 6
235 617 1
235 683 12
235 853 12
235 1010 13
235 1059 4
235 1271 10
235 1306 18
235 1419 12
235 1574 13
235 1589 13
235 1655 18
235 1748 5
235 1986 4
236 261 12
236 444 18
236 513 13
236 899 17
236 907 15
236 922 12
236 1583 4
236 1595 9
236 1667 10
236 1676 4
236 1716 2
236 1844 8
236 1850 6
237 273 18
237 307 2
237 328 1
237 379 2
237 481 5
237 630 20
237 922 4
237 1042 15
237 1057 12
237 1140 13
237 1162 7
237 1455 16
237 1467 9
237 1561 6
237 1626 11
237 1983 10
238 282 13
238 302 14
238 309 19
238 335 2
238 372 2
238 549 13
238 873 14
238 936 10
238 991 2
238 1069 19
238 1088 6
238 1101 6
238 1114 6
238 1155 8
238 1186 1
238 1578 4
238 1773 19
238 1794 15
239 407 5
239 439 1
239 496 2
239 528 5
239 538 1
239 581 6
239 740 9
239 742 14
239 842 11
239 966 11
239 1079 15
239 1306 7
239 1347 10
239 1418 6
239 1432 9
239 1440 10
239 1493 7
239 1729 12
239 1913 18
239 1941 20
239 1967 5
240 341 8
240 396 17
240 547 3
240 566 18
240 621 19
240 648 8
240 650 6
240 799 5
240 961 17
240 981 14
240 1006 17
240 1153 13
240 1183 2
240 1481 3
240 1500 14
240 1674 19
240 1711 3
240 1919 10
241 346 9
241 404 1
241 409 12
241 572 14
241 691 15
241 943 13
241 1140 4
241 1301 2
241 1635 12
241 1636 15
241 1829 16
241 1830 18
241 1919 2
241 1947 4
242 255 8
242 283 14
242 285 15
242 469 6
242 475 2
242 528 11
242 551 20
242 642 2
242 701 3
242 900 7
242 945 16
242 995 16
242 1254 9
242 1275 2
242 1310 11
242 1336 1
242 1377 3
242 1517 6
242 1713 15
242 1993 3
243 285 3
243 378 2
243 540 19
243 553 20
243 606 6
243 687 6
243 795 6
243 861 8
243 955 18
243 1106 5
243 1108 18
243 1218 12
243 1295 12
243 1346 14
243 1399 13
243 1421 16
243 1466 1
243 1538 10
243 1613 10
243 1747 9
243 1756 6
243 1783 12
243 1785 10
243 1789 4
243 1877 16
243 1925 10
244 351 18
244 528 9
244 646 15
244 710 3
244 965 13
244 981 2
244 1023 13
244 1168 20
244 1353 10
244 1768 2
244 1950 7
245 485 12
245 492 8
245 518 18
245 658 11
245 664 19
245 794 1
245 1140 18
245 1147 10
245 1277 13
245 1355 17
245 1536 2
245 1557 17
245 1561 4
245 1706 8
245 1983 10
245 1988 11
246 366 16
246 388 8
246 728 8
246 786 2
246 883 8
246 898 15
246 1089 18
246 1118 12
246 1155 5
246 1257 19
246 1301 1
246 1584 3
246 1649 14
246 1791 3
246 1914 1
246 1941 6
246 1943 6
246 1977 13
247 254 12
247 332 18
247 624 20
247 699 20
247 738 9
247 975 1
247 1125 18
247 1463 10
247 1465 7
247 1619 4
247 1729 12
247 1897 6
247 1923 19
247 1945 9
247 1977 7
248 354 11
248 379 11
248 894 14
248 901 11
248 1129 10
248 1185 10
248 1294 10
248 1403 13
248 1474 5
248 1550 17
248 1628 5
248 1693 8
248 1704 10
248 1947 1
248 1979 17
249 696 14
249 881 18
249 970 5
249 996 2
249 1001 13
249 1286 15
249 1309 11
249 1372 13
249 1373 7
249 1488 14
249 1572 4
249 1763 10
249 1908 18
249 1969 17
250 388 15
250 585 16
250 602 3
250 690 12
250 739 17
250 1068 1
250 1073 2
250 1254 4
250 1296 6
250 1434 8
250 1549 13
250 1684 8
250 1897 10
250 1921 17
250 1922 6
250 1986 2
251 340 4
251 363 5
251 454 13
251 625 7
251 634 20
251 721 19
251 748 13
251 750 3
251 864 19
251 867 12
251 875 2
251 905 17
251 983 2
251 1077 13
251 1247 9
251 1388 19
251 1448 13
251 1551 8
251 1655 6
251 1865 6
251 1906 18
251 1910 5
251 1935 12
252 266 10
252 376 11
252 436 16
252 610 11
252 718 12
252 841 17
252 910 20
252 1037 4
252 1102 19
252 1288 13
252 1426 5
252 1627 19
252 1719 8
252 1787 15
252 1893 14
252 1894 2
252 1939 13
253 279 13
253 321 11
253 475 6
253 517 15
253 527 13
253 583 8
253 588 12
253 665 18
253 774 6
253 804 2
253 917 7
253 979 2
253 1115 18
253 1161 10
253 1168 8
253 1234 17
253 1272 17
253 1460 17
253 1578 12
253 1582 18
253 1642 6
253 1674 7
253 1719 18
253 1761 2
253 1908 19
254 264 6
254 424 16
254 428 13
254 457 6
254 588 9
254 1027 2
254 1056 5
254 1105 15
254 1173 16
254 1203 19
254 1213 17
254 1286 18
254 1354 12
254 1380 12
254 1452 10
254 1543 13
254 1634 4
254 1741 3
254 1949 6
254 1964 3
254 1974 20
255 368 17
255 474 13
255 563 4
255 624 15
255 767 8
255 796 4
255 808 15
255 839 18
255 948 17
255 1233 17
255 1268 2
255 1485 7
255 1533 9
256 311 1
256 562 12
256 664 2
256 688 18
256 938 11
256 1084 16
256 1167 12
256 1172 11
256 1409 20
256 1690 10
256 1891 3
256 1981 10
257 284 11
257 289 19
257 337 1
257 371 17
257 476 9
257 728 5
257 752 6
257 956 3
257 976 11
257 984 13
257 987 7
257 1011 6
257 1123 12
257 1192 17
257 1501 16
257 1630 18
257 1742 6
257 1764 11
257 1921 9
257 1972 2
257 1984 18
258 307 17
258 335 7
258 477 15
258 785 10
258 1171 15
258 1648 8
258 1708 12
258 1860 14
259 330 9
259 393 12
259 514 13
259 610 9
259 694 6
259 698 12
259 792 19
259 866 11
259 1062 17
259 1112 9
259 1160 8
259 1168 15
259 1227 20
259 1388 9
259 1535 10
259 1682 6
259 1748 15
259 1875 17
259 1909 1
260 265 9
260 477 11
260 530 20
260 1083 10
260 1158 3
260 1263 8
260 1542 3
260 1586 5
260 1859 7
260 1902 7
261 431 2
261 469 16
261 482 3
261 558 9
261 621 12
261 631 7
261 658 4
261 668 5
261 835 10
261 880 15
261 1055 6
261 1310 18
261 1478 11
261 1521 9
261 1770 6
261 1882 15
261 1941 18
262 335 8
262 484 15
262 743 9
262 799 1
262 816 4
262 864 19
262 881 16
262 979 10
262 997 11
262 1141 14
262 1232 18
262 1424 12
262 1580 13
262 1719 8
262 1898 1
263 327 14
263 391 4
263 644 19
263 736 2
263 975 11
263 1031 2
263 1506 5
263 1568 20
263 1577 6
263 1581 8
263 1735 9
263 1778 5
263 1878 4
264 455 7
264 553 13
264 587 19
264 592 1
264 666 2
264 1075 3
264 1086 14
264 1248 4
264 1481 19
264 1551 3
264 1617 6
264 1655 14
264 1675 18
264 1822 1
264 1957 7
265 268 16
265 289 2
265 291 10
265 308 1
265 356 12
265 471 7
265 531 19
265 532 18
265 864 17
265 1000 12
265 1012 8
265 1021 5
265 1310 1
265 1365 20
265 1445 4
265 1614 19
265 1708 12
265 1746 17
265 1880 7
265 1920 15
265 1955 8
265 1961 11
266 305 7
266 361 11
266 382 10
266 467 18
266 477 16
266 525 20
266 543 15
266 580 8
266 693 13
266 954 18
266 1057 15
266 1161 17
266 1337 10
266 1377 6
266 1624 14
266 1709 20
266 1746 17
266 1864 4
266 1872 4
267 346 8
267 371 19
267 398 17
267 400 7
267 509 19
267 547 9
267 632 3
267 684 17
267 975 18
267 1087 9
267 1260 6
267 1392 18
267 1455 20
267 1659 10
267 1692 1
267 1729 8
267 1792 7
267 1923 1
268 503 17
268 707 18
268 972 20
268 1101 2
268 1327 16
268 1500 18
268 1549 15
268 1582 5
268 1690 19
268 1841 6
269 347 12
269 486 19
269 577 10
269 770 14
269 853 1
269 859 2
269 1038 17
269 1040 15
269 1149 17
269 1222 9
269 1393 8
269 1407 17
269 1541 17
269 1639 7
269 1695 2
269 1987 20
270 416 6
270 437 9
270 544 11
270 571 14
270 573 16
270 576 6
270 617 4
270 646 17
270 670 19
270 733 1
270 738 3
270 748 11
270 955 9
270 984 6
270 1123 4
270 1161 2
270 1168 2
270 1351 6
270 1375 2
270 1492 2
270 1575 12
270 1596 1
270 1705 13
270 1832 18
270 1867 12
270 1918 4
270 1965 12
271 285 10
271 345 16
271 359 7
271 616 18
271 779 18
271 824 6
271 1036 5
271 1312 10
271 1316 10
271 1452 14
271 1497 8
271 1504 18
271 1684 5
271 1696 13
271 1721 11
271 1872 18
272 306 9
272 316 16
272 352 17
272 444 11
272 550 10
272 607 1
272 992 3
272 1061 11
272 1106 9
272 1198 1
272 1251 18
272 1309 20
272 1372 13
272 1406 5
272 1453 13
272 1589 5
272 1633 10
272 1860 3
272 1863 11
273 278 11
273 431 6
273 437 8
273 521 3
273 548 2
273 679 18
273 738 20
273 820 8
273 974 17
273 1188 15
273 1294 5
273 1311 12
273 1379 14
273 1506 16
273 1721 5
273 1760 17
273 1779 8
274 306 5
274 364 8
274 387 10
274 418 6
274 419 11
274 421 2
274 459 18
274 542 2
274 584 7
274 695 11
274 843 15
274 980 14
274 1159 10
274 1364 15
274 1376 10
274 1509 17
274 1570 19
274 1648 1
274 1736 13
274 1771 5
274 1825 17
274 1840 6
274 1869 12
274 1980 19
275 289 19
275 302 7
275 630 2
275 765 6
275 812 8
275 847 19
275 856 4
275 943 8
275 988 12
275 1071 19
275 1074 12
275 1225 3
275 1299 6
275 1399 1
275 1578 13
275 1615 19
275 1616 17
275 1695 13
275 1731 8
275 1762 19
275 1848 15
275 1890 16
275 1970 20
276 486 10
276 518 12
276 716 15
276 721 9
276 747 9
276 753 1
276 775 6
276 1016 2
276 1080 19
276 1157 14
276 1174 13
276 1276 7
276 1386 9
276 1395 4
276 1458 12
276 1516 12
276 1614 9
276 1691 10
276 1917 10
276 1980 15
277 435 19
277 574 3
277 663 11
277 669 12
277 912 12
277 1221 8
277 1230 8
277 1274 9
277 1351 11
277 1385 14
277 1493 4
277 1662 3
277 1674 6
277 1694 1
277 1733 12
277 1866 17
278 367 6
278 416 17
278 476 19
278 531 19
278 629 15
278 722 4
278 787 5
278 852 7
278 880 6
278 940 10
278 1034 13
278 1045 5
278 1069 15
278 1101 13
278 1263 5
278 1367 15
278 1378 18
278 1440 13
278 1555 12
278 1590 12
278 1702 4
278 1732 16
279 300 11
279 315 5
279 396 6
279 559 13
279 627 7
279 880 15
279 924 17
279 1177 16
279 1200 5
279 1250 19
279 1402 17
279 1747 6
279 1768 13
279 1876 18
279 1914 9
280 352 8
280 510 8
280 514 3
280 605 2
280 647 18
280 910 5
280 962 9
280 1041 19
280 1053 8
280 1092 9
280 1134 4
280 1143 6
280 1208 1
280 1209 7
280 1218 12
280 1322 1
280 1508 12
280 1742 6
281 570 17
281 743 14
281 785 8
281 838 3
281 980 18
281 1309 6
281 1396 20
281 1474 19
281 1539 15
281 1606 20
281 1652 13
281 1707 11
281 1723 3
281 1847 3
282 324 15
282 433 5
282 438 19
282 457 18
282 496 8
282 719 6
282 761 9
282 860 5
282 862 12
282 990 9
282 1028 11
282 1099 1
282 1186 16
282 1262 15
282 1408 17
282 1711 12
282 1765 5
282 1848 3
282 1892 5
282 1934 13
283 449 12
283 517 1
283 589 6
283 616 16
283 646 17
283 721 10
283 757 18
283 853 6
283 1313 17
283 1321 13
283 1497 6
283 1557 8
283 1644 18
283 1662 3
283 1712 9
283 1792 19
283 1811 6
283 1951 12
284 485 9
284 584 3
284 693 9
284 812 12
284 884 19
284 1140 18
284 1331 1
284 1373 14
284 1478 8
284 1531 4
284 1576 9
284 1601 17
284 1644 9
284 1754 3
284 1914 2
285 590 13
285 761 17
285 1174 14
285 1470 5
285 1597 3
285 1692 3
285 1728 1
285 1838 20
285 1863 7
285 1911 7
285 1920 10
285 1974 5
286 330 11
286 495 9
286 502 1
286 572 6
286 658 11
286 1065 12
286 1078 15
286 1197 17
286 1236 17
286 1317 11
286 1436 1
286 1548 4
286 1597 1
286 1652 3
286 1709 11
286 1747 11
286 1766 7
286 1930 14
287 383 20
287 457 2
287 510 9
287 514 5
287 569 3
287 601 9
287 664 5
287 676 18
287 717 14
287 785 6
287 870 10
287 942 7
287 1078 13
287 1859 14
287 1898 16
287 1911 2
288 330 8
288 407 6
288 446 6
288 654 8
288 706 5
288 757 16
288 803 5
288 903 16
288 904 5
288 1041 18
288 1085 4
288 1436 11
288 1509 17
288 1553 7
288 1708 8
289 294 19
289 346 3
289 567 18
289 672 7
289 695 13
289 749 17
289 785 20
289 901 15
289 1007 17
289 1015 8
289 1127 20
289 1148 11
289 1801 15
289 1979 3
290 551 18
290 1008 13
290 1114 9
290 1313 14
290 1421 17
290 1539 11
290 1627 10
290 1671 11
290 1772 8
290 1867 13
290 1887 9
291 399 11
291 461 14
291 619 15
291 685 4
291 928 5
291 993 9
291 1077 7
291 1365 15
291 1439 9
291 1599 1
291 1641 5
291 1773 10
292 573 5
292 756 17
292 846 16
292 870 7
292 882 2
292 912 18
292 1004 7
292 1057 9
292 1141 16
292 1226 6
292 1422 20
292 1511 6
292 1653 10
292 1747 17
292 1875 5
292 1926 14
293 324 16
293 719 6
293 858 1
293 859 2
293 875 3
293 900 16
293 901 19
293 1204 12
293 1216 14
293 1230 7
293 1232 10
293 1323 13
293 1386 3
293 1561 2
293 1748 20
293 1916 17
293 1960 5
294 528 14
294 620 20
294 697 11
294 777 14
294 845 7
294 998 10
294 1051 2
294 1190 12
294 1256 16
294 1321 17
294 1384 14
294 1578 10
294 1591 17
294 1704 5
294 1715 1
294 1885 13
295 389 14
295 436 8
295 609 6
295 615 14
295 662 11
295 681 16
295 734 7
295 891 3
295 1108 13
295 1300 1
295 1325 8
295 1584 20
295 1675 3
296 357 10
296 456 3
296 470 13
296 543 7
296 880 16
296 939 9
296 1137 6
296 1171 9
296 1207 11
296 1273 9
296 1406 10
296 1446 1
296 1708 17
296 1786 16
296 1909 17
296 1963 10
297 395 2
297 472 20
297 483 14
297 576 19
297 802 16
297 874 6
297 930 19
297 963 4
297 998 15
297 1063 10
297 1076 1
297 1114 8
297 1260 13
297 1376 10
297 1406 12
297 1479 9
297 1554 15
297 1560 3
297 1678 20
297 1714 10
297 1868 9
298 347 9
298 388 19
298 394 19
298 457 10
298 552 7
298 706 5
298 783 9
298 824 12
298 878 4
298 895 4
298 899 14
298 1065 2
298 1238 8
298 1445 4
298 1484 11
298 1657 17
298 1660 12
298 1731 10
298 1800 14
298 1833 10
298 1846 10
299 520 9
299 544 6
299 801 18
299 852 5
299 892 12
299 1114 5
299 1170 20
299 1312 13
299 1686 7
299 1703 12
299 1746 8
299 1957 1
300 319 4
300 375 10
300 407 9
300 420 17
300 546 18
300 657 12
300 730 7
300 764 5
300 853 8
300 1040 12
300 1077 14
300 1176 6
300 1189 8
300 1297 19
300 1350 19
300 1366 7
300 1484 20
300 1829 18
300 1923 13
301 361 10
301 467 17
301 573 13
301 773 10
301 917 3
301 925 19
301 1028 6
301 1180 19
301 1358 17
301 1387 16
301 1420 9
301 1423 7
301 1595 6
302 348 13
302 547 15
302 692 16
302 1056 11
302 1103 19
302 1184 12
302 1189 5
302 1257 7
302 1419 2
302 1896 14
302 1983 17
303 633 10
303 705 1
303 804 18
303 831 2
303 833 19
303 1042 18
303 1102 9
303 1332 7
303 1405 1
303 1424 13
303 1702 13
303 1723 4
303 1824 18
303 1847 6
304 373 2
304 787 7
304 788 20
304 937 13
304 1062 17
304 1251 17
304 1425 1
304 1439 20
304 1466 17
304 1468 8
304 1505 10
304 1632 19
304 1757 10
305 392 20
305 479 7
305 505 2
305 661 7
305 681 19
305 736 8
305 1282 18
305 1361 8
305 1513 15
305 1563 20
305 1592 15
305 1607 4
305 1839 19
305 1877 19
305 1907 7
305 1926 19
305 1949 2
305 1968 4
305 1986 2
306 321 5
306 341 2
306 534 1
306 577 19
306 626 19
306 692 18
306 705 3
306 738 7
306 766 3
306 972 12
306 985 19
306 1188 10
306 1435 6
306 1574 5
306 1695 20
306 1697 12
306 1938 9
306 1960 8
307 314 6
307 350 17
307 610 17
307 797 6
307 942 5
307 1019 12
307 1074 7
307 1104 8
307 1297 6
307 1378 10
307 1528 4
307 1650 3
307 1781 9
307 1867 16
308 497 15
308 505 12
308 544 1
308 572 2
308 749 13
308 755 6
308 901 9
308 1097 5
308 1307 9
308 1418 12
308 1720 17
308 1747 15
308 1749 11
308 1779 5
308 1790 3
308 1898 7
309 320 9
309 348 3
309 522 19
309 588 18
309 694 9
309 896 13
309 926 20
309 938 20
309 1048 14
309 1075 7
309 1077 20
309 1103 5
309 1524 16
309 1563 8
309 1647 9
309 1773 10
309 1893 12
309 1907 2
310 342 8
310 367 10
310 369 10
310 452 18
310 497 9
310 661 16
310 1201 9
310 1440 19
310 1457 15
310 1477 7
310 1545 20
310 1574 10
310 1662 5
310 1773 9
310 1814 5
310 1914 14
311 347 20
311 416 17
311 450 3
311 658 14
311 732 12
311 964 15
311 994 2
311 1074 18
311 1211 20
311 1299 2
311 1565 8
311 1725 12
311 1840 5
311 1841 12
312 448 6
312 478 19
312 601 6
312 652 4
312 681 7
312 737 5
312 849 7
312 960 3
312 1120 17
312 1135 12
312 1166 16
312 1342 14
312 1470 19
312 1599 5
312 1809 3
312 1947 6
312 1953 11
312 1957 15
313 488 15
313 567 11
313 649 19
313 881 15
313 890 1
313 1101 3
313 1180 2
313 1416 3
313 1677 16
313 1705 8
313 1760 20
313 1788 20
313 1885 11
313 1981 7
313 1984 1
314 418 13
314 640 10
314 842 16
314 936 8
314 1464 9
314 1603 17
314 1670 18
314 1677 2
314 1681 14
314 1940 15
315 321 4
315 368 6
315 389 9
315 469 9
315 558 12
315 615 3
315 628 10
315 653 15
315 705 18
315 745 8
315 958 16
315 1023 12
315 1039 20
315 1316 12
315 1328 1
315 1456 15
315 1588 17
315 1766 15
315 1938 6
315 1974 8
316 359 6
316 618 8
316 725 18
316 929 15
316 940 1
316 953 1
316 1244 6
316 1299 18
316 1486 2
316 1661 1
316 1785 11
316 1794 14
317 329 13
317 380 11
317 506 10
317 631 12
317 688 5
317 721 11
317 742 3
317 830 18
317 878 9
317 887 5
317 1246 13
317 1251 7
317 1308 13
317 1612 12
317 1798 18
317 1829 8
317 1836 8
317 1905 6
318 382 13
318 410 7
318 500 20
318 588 5
318 658 17
318 688 20
318 734 13
318 887 16
318 924 3
318 1001 6
318 1047 14
318 1166 9
318 1309 9
318 1354 11
318 1358 4
318 1420 9
318 1465 5
318 1577 19
318 1701 1
318 1734 15
318 1751 20
318 1767 6
318 1837 16
318 1932 5
319 470 11
319 573 13
319 628 13
319 639 17
319 704 6
319 794 18
319 809 20
319 817 7
319 957 15
319 967 4
319 1140 12
319 1162 17
319 1238 15
319 1326 8
319 1693 13
319 1828 6
319 1849 13
320 582 5
320 777 15
320 1207 6
320 1304 18
320 1805 12
320 1903 20
321 384 19
321 452 8
321 566 6
321 649 14
321 722 18
321 739 16
321 755 10
321 814 16
321 1291 19
321 1582 20
321 1645 11
321 1691 10
321 1692 4
321 1711 9
321 1794 4
321 1830 15
322 390 17
322 394 10
322 459 5
322 648 17
322 733 11
322 748 16
322 756 14
322 949 11
322 1015 17
322 1262 6
322 1310 5
322 1373 8
322 1615 15
322 1629 14
322 1692 15
322 1799 4
322 1888 13
322 1926 20
323 530 6
323 587 6
323 732 7
323 848 5
323 1100 6
323 1201 13
323 1229 8
323 1386 8
323 1910 2
324 559 5
324 849 11
324 1023 18
324 1050 18
324 1052 15
324 1301 20
324 1395 7
324 1404 5
324 1418 20
324 1482 19
324 1625 9
324 1653 2
325 383 17
325 398 4
325 454 3
325 492 8
325 546 17
325 784 4
325 833 6
325 1070 8
325 1101 9
325 1166 10
325 1246 17
325 1319 1
325 1592 15
325 1632 11
325 1658 9
325 1758 6
325 1782 18
325 1825 19
326 352 17
326 434 15
326 487 16
326 662 4
326 866 17
326 910 4
326 941 2
326 987 1
326 1021 16
326 1116 14
326 1131 14
326 1187 18
326 1307 16
326 1339 7
326 1467 3
326 1672 16
326 1808 16
326 1815 10
326 1906 14
327 374 17
327 394 14
327 448 4
327 571 20
327 668 20
327 722 11
327 831 17
327 1075 8
327 1290 5
327 1389 1
327 1788 11
327 1837 19
327 1968 3
327 1992 11
328 482 15
328 669 12
328 727 12
328 745 11
328 755 8
328 773 8
328 816 2
328 830 10
328 837 9
328 862 14
328 1184 7
328 1338 5
328 1537 19
328 1590 20
328 1931 15
328 1970 9
328 1983 14
329 383 20
329 402 7
329 628 13
329 825 11
329 900 6
329 1050 3
329 1051 10
329 1076 2
329 1084 4
329 1101 18
329 1185 19
329 1222 1
329 1572 19
329 1585 8
329 1598 4
329 1684 1
329 1715 4
329 1741 4
329 1765 2
329 1769 15
329 1856 4
330 401 3
330 443 2
330 483 1
330 499 5
330 603 8
330 688 5
330 704 14
330 717 1
330 757 14
330 837 10
330 1041 4
330 1092 5
330 1257 14
330 1384 15
330 1593 11
330 1613 3
330 1636 15
330 1687 15
330 1762 17
330 1880 17
331 359 6
331 454 16
331 510 8
331 659 12
331 846 12
331 956 18
331 968 19
331 1032 1
331 1245 6
331 1334 11
331 1347 1
331 1362 14
331 1727 3
331 1747 16
331 1749 16
331 1820 10
332 394 18
332 446 17
332 708 17
332 713 11
332 791 2
332 802 6
332 946 9
332 973 20
332 1066 8
332 1090 17
332 1166 18
332 1380 3
332 1572 13
332 1694 2
332 1844 3
332 1856 20
332 1957 3
333 696 3
333 803 3
333 909 2
333 943 15
333 948 13
333 966 1
333 985 19
333 1116 18
333 1258 12
333 1292 3
333 1562 4
333 1618 10
333 1621 6
333 1688 10
333 1712 3
333 1729 4
333 1767 17
333 1794 12
333 1839 18
334 587 19
334 635 1
334 734 19
334 741 11
334 758 4
334 785 9
334 870 7
334 966 2
334 1031 10
334 1229 10
334 1481 12
334 1599 4
334 1891 3
334 1966 2
335 402 14
335 441 14
335 591 8
335 762 18
335 1017 4
335 1067 17
335 1069 16
335 1076 8
335 1368 8
335 1562 2
335 1659 3
335 1663 19
335 1712 17
335 1715 6
335 1731 11
335 1787 13
335 1932 3
335 1958 1
335 1962 19
336 549 4
336 562 11
336 570 5
336 707 19
336 795 10
336 843 13
336 942 4
336 967 1
336 1009 2
336 1028 15
336 1090 1
336 1221 15
336 1272 20
336 1527 13
336 1692 20
336 1761 15
336 1816 14
336 1869 2
336 1902 15
337 367 15
337 376 5
337 430 14
337 470 2
337 555 14
337 688 8
337 724 13
337 746 9
337 1032 6
337 1087 2
337 1297 11
337 1354 20
337 1498 20
337 1519 17
337 1568 11
337 1602 18
337 1786 13
337 1889 5
338 382 15
338 431 5
338 568 3
338 612 12
338 635 4
338 680 6
338 708 15
338 818 5
338 839 18
338 879 4
338 896 15
338 966 1
338 1003 2
338 1260 17
338 1301 5
338 1319 5
338 1342 8
338 1653 8
338 1758 14
338 1874 3
338 1951 6
338 1959 16
339 350 4
339 391 4
339 426 3
339 517 4
339 809 10
339 908 10
339 1024 20
339 1073 6
339 1230 3
339 1317 5
339 1323 11
339 1360 18
339 1694 6
339 1858 12
339 1908 3
339 1954 13
339 1964 6
339 1974 11
339 1991 6
340 417 15
340 432 19
340 519 7
340 551 5
340 619 7
340 668 14
340 695 12
340 750 8
340 890 11
340 1470 19
340 1612 17
340 1956 5
341 425 2
341 461 18
341 610 1
341 631 19
341 639 9
341 805 4
341 814 12
341 923 1
341 1116 12
341 1166 20
341 1219 2
341 1323 2
341 1334 14
341 1562 12
341 1577 10
341 1600 11
341 1685 8
341 1754 10
341 1938 14
341 1954 19
341 1956 17
341 1961 10
342 489 12
342 526 8
342 580 6
342 716 5
342 733 17
342 826 8
342 884 9
342 1022 4
342 1097 20
342 1201 5
342 1215 20
342 1229 12
342 1273 18
342 1377 9
342 1407 1
342 1419 5
342 1420 18
342 1506 20
342 1526 12
342 1556 13
342 1670 15
342 1735 6
342 1789 2
342 1829 18
342 1908 6
342 1951 15
343 346 1
343 351 19
343 501 15
343 629 20
343 783 1
343 889 9
343 938 7
343 1079 19
343 1104 3
343 1136 19
343 1185 6
343 1468 14
343 1491 16
343 1579 1
343 1617 1
343 1828 15
343 1882 16
344 348 9
344 350 17
344 581 12
344 672 1
344 692 16
344 707 14
344 773 10
344 974 4
344 1026 10
344 1102 6
344 1192 19
344 1247 17
344 1260 2
344 1403 7
344 1486 11
344 1526 11
344 1594 8
344 1741 1
344 1990 13
345 423 4
345 468 13
345 563 20
345 585 9
345 613 12
345 727 13
345 756 4
345 1521 9
345 1602 17
345 1696 4
345 1801 10
345 1838 9
345 1874 20
345 1979 16
346 441 14
346 474 12
346 755 16
346 939 16
346 981 10
346 994 19
346 1021 14
346 1051 6
346 1167 13
346 1174 8
346 1232 6
346 1352 10
346 1424 17
346 1556 2
346 1568 7
346 1602 7
346 1656 9
346 1924 10
347 626 3
347 823 16
347 1079 14
347 1184 15
347 1309 2
347 1336 18
347 1338 19
347 1353 1
347 1420 9
347 1509 13
347 1587 20
347 1779 18
347 1786 5
347 1796 2
347 1812 20
347 1936 16
347 1975 15
348 457 9
348 574 2
348 596 15
348 605 3
348 819 4
348 847 4
348 955 2
348 1060 10
348 1111 1
348 1138 14
348 1140 6
348 1238 18
348 1255 12
348 1513 4
348 1543 11
348 1807 16
348 1909 4
348 1913 11
349 459 17
349 538 2
349 591 2
349 632 11
349 722 12
349 770 4
349 1515 16
349 1597 1
349 1891 4
349 1966 11
350 361 18
350 433 17
350 463 15
350 549 10
350 557 13
350 721 18
350 810 13
350 1051 16
350 1062 14
350 1250 3
350 1269 19
350 1343 2
350 1490 18
350 1511 3
350 1531 6
350 1537 10
350 1656 3
350 1861 6
350 1900 4
350 1947 18
350 1970 12
351 637 6
351 694 12
351 864 6
351 1090 13
351 1116 20
351 1136 8
351 1234 2
351 1249 17
351 1254 10
351 1445 14
351 1542 19
351 1576 7
351 1626 12
351 1650 16
351 1665 10
351 1708 18
351 1790 2
351 1874 19
352 368 17
352 411 8
352 423 12
352 433 17
352 494 10
352 554 18
352 593 8
352 775 17
352 903 6
352 1097 6
352 1402 9
352 1461 14
352 1508 4
352 1823 20
352 1975 18
352 1990 14
353 382 5
353 483 8
353 557 11
353 602 4
353 700 17
353 779 1
353 928 18
353 1172 10
353 1273 4
353 1372 18
353 1482 17
353 1501 7
353 1716 7
353 1803 3
353 1819 6
353 1966 13
354 355 17
354 363 6
354 490 6
354 497 16
354 560 7
354 956 19
354 1350 16
354 1781 5
354 1822 18
354 1829 14
354 1858 16
354 1913 19
354 1964 12
355 578 4
355 947 7
355 971 10
355 1080 7
355 1326 3
355 1367 17
355 1460 4
355 1474 9
355 1696 5
355 1719 15
355 1775 9
355 1793 4
355 1954 18
356 401 12
356 428 20
356 495 8
356 517 3
356 525 7
356 549 13
356 572 9
356 573 10
356 614 6
356 634 11
356 667 12
356 705 2
356 774 9
356 1038 8
356 1320 1
356 1367 14
356 1380 13
356 1438 6
356 1573 11
356 1599 15
356 1620 4
356 1716 7
356 1734 19
356 1824 5
356 1901 1
356 1906 14
356 1912 6
357 519 13
357 557 5
357 624 6
357 723 18
357 781 20
357 816 13
357 817 10
357 1077 17
357 1345 4
357 1504 5
357 1508 10
357 1553 18
357 1619 9
357 1822 6
357 1826 19
358 383 7
358 609 3
358 882 18
358 1018 1
358 1052 16
358 1200 5
358 1234 20
358 1320 11
358 1345 12
358 1367 13
358 1690 17
358 1811 6
358 1864 15
358 1975 2
359 360 11
359 405 9
359 468 11
359 576 14
359 610 16
359 730 16
359 776 5
359 901 18
359 927 7
359 1022 19
359 1060 12
359 1144 17
359 1156 1
359 1258 19
359 1346 5
359 1366 15
359 1480 8
359 1533 14
359 1549 5
359 1569 2
359 1713 15
359 1714 12
359 1729 12
359 1750 2
360 389 2
360 416 10
360 418 3
360 530 2
360 537 13
360 720 15
360 721 6
360 769 19
360 775 3
360 806 14
360 830 10
360 917 15
360 1034 18
360 1144 3
360 1276 1
360 1320 2
360 1382 6
360 1529 4
360 1537 20
360 1646 1
360 1690 13
360 1691 9
360 1932 10
360 1986 2
361 481 16
361 502 18
361 682 7
361 696 9
361 828 20
361 994 9
361 1121 9
361 1184 18
361 1223 16
361 1262 6
361 1283 11
361 1310 8
361 1465 3
361 1578 13
361 1884 4
362 502 16
362 531 19
362 690 1
362 751 19
362 895 6
362 1045 19
362 1195 1
362 1398 20
362 1488 16
362 1489 13
362 1601 2
362 1641 5
362 1863 16
363 568 9
363 615 4
363 795 9
363 1028 4
363 1092 14
363 1204 14
363 1239 19
363 1241 1
363 1524 19
363 1594 19
363 1614 3
363 1859 2
363 1971 4
364 396 2
364 533 2
364 670 1
364 817 1
364 1043 11
364 1100 9
364 1312 6
364 1453 15
364 1513 19
364 1548 2
364 1589 8
365 510 2
365 651 17
365 840 7
365 869 17
365 1049 5
365 1183 17
365 1466 20
365 1538 5
365 1684 17
365 1736 8
365 1879 9
365 1961 14
366 400 5
366 467 8
366 501 15
366 511 4
366 608 4
366 654 3
366 976 4
366 980 7
366 1066 18
366 1170 10
366 1235 19
366 1593 7
366 1691 1
366 1748 12
366 1764 4
366 1781 18
366 1941 9
367 495 9
367 560 18
367 563 20
367 673 19
367 842 4
367 891 5
367 937 7
367 978 14
367 998 16
367 1181 9
367 1229 12
367 1232 19
367 1492 7
367 1608 15
367 1711 13
367 1738 16
367 1740 8
367 1749 16
367 1873 2
367 1876 12
368 531 20
368 728 3
368 895 9
368 1074 15
368 1366 14
368 1375 1
368 1668 20
368 1683 11
368 1699 17
368 1757 11
368 1823 9
369 405 10
369 580 20
369 733 7
369 773 6
369 912 10
369 1017 1
369 1038 9
369 1119 18
369 1264 19
369 1471 17
369 1481 9
369 1489 5
369 1977 18
369 1980 10
370 404 4
370 718 2
370 788 14
370 806 18
370 829 16
370 872 17
370 948 6
370 1043 13
370 1107 10
370 1128 12
370 1194 4
370 1317 19
370 1334 7
370 1385 7
370 1446 17
370 1560 15
370 1755 14
370 1857 19
371 389 13
371 437 17
371 499 16
371 736 14
371 890 12
371 974 8
371 1010 14
371 1116 20
371 1190 11
371 1198 12
371 1507 12
371 1517 15
371 1623 4
371 1652 12
371 1695 3
371 1826 12
371 1837 13
371 1864 12
371 1883 5
371 1970 13
372 596 6
372 624 10
372 808 20
372 1039 20
372 1241 16
372 1478 2
372 1550 19
372 1566 19
372 1575 5
372 1592 20
372 1602 7
372 1839 5
373 379 9
373 448 4
373 560 20
373 643 10
373 649 19
373 791 16
373 882 7
373 1435 18
373 1519 7
373 1611 7
373 1664 17
373 1875 14
373 1883 17
373 1952 10
373 1959 19
374 419 19
374 463 9
374 527 16
374 705 14
374 770 4
374 933 1
374 962 18
374 1043 10
374 1096 10
374 1107 11
374 1118 7
374 1159 10
374 1245 1
374 1246 7
374 1313 8
374 1349 1
374 1359 2
374 1414 8
374 1456 1
374 1535 6
374 1611 14
374 1788 10
374 1791 13
375 491 1
375 514 18
375 626 15
375 675 17
375 691 18
375 724 20
375 846 14
375 849 14
375 891 9
375 964 19
375 1034 15
375 1132 5
375 1534 4
375 1606 12
375 1642 20
375 1676 6
375 1683 11
375 1961 6
375 1972 17
375 1984 17
376 406 16
376 425 19
376 539 5
376 622 16
376 648 11
376 684 6
376 700 14
376 776 19
376 904 1
376 932 2
376 1424 1
376 1569 16
376 1581 15
376 1615 17
376 1697 7
376 1750 13
376 1806 18
376 1885 20
376 1918 19
376 1984 2
376 1996 7
377 498 18
377 616 10
377 827 20
377 830 18
377 1249 13
377 1342 10
377 1467 5
377 1495 8
377 1619 13
377 1647 13
377 1672 2
377 1694 5
377 1702 20
378 512 12
378 522 11
378 681 9
378 790 5
378 809 16
378 844 8
378 851 1
378 971 8
378 1007 20
378 1328 5
378 1339 5
378 1340 18
378 1347 16
378 1360 14
378 1688 17
378 1777 8
378 1977 20
379 430 20
379 711 6
379 739 15
379 799 4
379 905 12
379 967 1
379 1043 5
379 1208 1
379 1268 19
379 1314 15
379 1399 13
379 1407 3
379 1452 17
379 1483 17
379 1638 10
379 1717 14
379 1812 15
379 1953 18
379 1963 13
380 573 9
380 618 6
380 746 13
380 779 3
380 833 11
380 834 10
380 841 6
380 883 9
380 999 2
380 1032 12
380 1219 19
380 1260 13
380 1373 6
380 1411 8
380 1604 10
380 1640 18
380 1647 16
380 1776 3
380 1780 1
380 1855 11
380 1860 7
381 387 12
381 417 1
381 459 1
381 662 5
381 767 17
381 799 3
381 858 18
381 881 13
381 903 20
381 907 20
381 987 9
381 1071 20
381 1287 10
381 1433 11
381 1531 11
381 1597 9
381 1841 14
381 1846 12
381 1889 10
381 1952 18
382 389 14
382 688 12
382 842 5
382 933 20
382 1154 3
382 1211 5
382 1272 10
382 1411 5
382 1433 7
382 1482 11
382 1536 11
383 451 18
383 559 17
383 699 3
383 755 10
383 876 20
383 913 9
383 988 7
383 1105 11
383 1145 15
383 1228 7
383 1232 10
383 1251 3
383 1280 1
383 1307 11
383 1421 1
383 1490 6
383 1543 14
383 1644 14
383 1700 16
383 1887 18
384 653 16
384 705 3
384 711 1
384 823 6
384 846 18
384 999 13
384 1085 4
384 1091 5
384 1158 15
384 1184 18
384 1367 3
384 1427 13
384 1453 8
384 1703 13
384 1897 4
384 1935 13
385 405 5
385 414 3
385 478 11
385 701 19
385 788 13
385 847 4
385 871 13
385 923 20
385 1094 14
385 1118 8
385 1143 5
385 1295 16
385 1343 16
385 1438 13
385 1530 3
385 1555 14
385 1628 9
385 1681 11
385 1776 9
385 1811 10
385 1858 11
385 1875 13
385 1921 20
385 1977 14
386 519 2
386 700 18
386 836 10
386 851 13
386 1263 8
386 1280 11
386 1294 9
386 1325 3
386 1341 15
386 1344 9
386 1643 5
386 1719 6
386 1747 10
386 1755 11
387 454 4
387 463 5
387 591 20
387 814 14
387 819 5
387 859 7
387 1109 19
387 1173 17
387 1196 15
387 1251 1
387 1267 5
387 1394 2
387 1436 13
387 1655 6
387 1806 12
387 1809 18
387 1851 11
387 1971 2
387 1982 1
388 457 12
388 542 15
388 674 19
388 900 16
388 1023 14
388 1025 18
388 1088 8
388 1144 18
388 1219 10
388 1284 5
388 1622 17
388 1640 6
388 1734 14
389 392 20
389 552 2
389 694 6
389 709 11
389 731 7
389 766 19
389 1036 14
389 1278 4
389 1396 18
389 1530 6
389 1679 7
389 1748 1
389 1762 10
389 1805 4
389 1832 9
389 1856 2
390 432 18
390 477 8
390 506 14
390 579 4
390 599 11
390 1043 16
390 1059 14
390 1367 7
390 1481 10
390 1610 5
390 1745 5
390 1831 8
390 1871 1
390 1922 3
391 506 2
391 546 15
391 568 18
391 607 16
391 693 13
391 784 1
391 825 1
391 911 11
391 1041 10
391 1113 10
391 1209 7
391 1234 6
391 1332 16
391 1338 6
391 1473 16
391 1526 14
391 1614 4
391 1678 14
391 1786 10
391 1811 4
392 765 1
392 967 2
392 1012 3
392 1266 14
392 1301 5
392 1343 2
392 1506 3
392 1552 4
392 1592 13
392 1598 12
392 1682 17
392 1733 14
392 1856 19
392 1882 11
392 1892 8
393 526 7
393 569 16
393 604 12
393 652 2
393 815 12
393 994 14
393 1028 18
393 1105 8
393 1451 11
393 1661 7
393 1816 9
394 526 5
394 558 7
394 623 6
394 636 11
394 807 2
394 1012 1
394 1045 12
394 1172 18
394 1218 6
394 1247 8
394 1391 7
394 1401 7
394 1533 6
394 1568 7
394 1608 15
394 1903 7
394 1964 16
395 591 7
395 687 5
395 691 14
395 789 19
395 818 10
395 890 3
395 1143 1
395 1214 6
395 1354 6
395 1448 20
395 1465 11
395 1474 9
396 627 5
396 773 11
396 877 15
396 1268 8
396 1294 20
396 1325 4
396 1414 6
396 1651 19
396 1808 1
396 1941 6
397 697 16
397 809 11
397 920 15
397 987 11
397 1154 13
397 1303 6
397 1328 12
397 1437 15
397 1741 12
397 1743 3
397 1816 18
397 1860 10
397 1864 3
398 535 16
398 543 10
398 583 4
398 612 19
398 824 11
398 954 13
398 988 12
398 1398 9
398 1653 13
398 1690 9
398 1711 19
398 1740 10
399 530 12
399 813 15
399 1307 14
399 1448 6
399 1636 15
399 1673 14
399 1681 18
399 1762 18
399 1775 14
399 1779 5
399 1834 10
399 1843 15
400 484 10
400 655 15
400 703 16
400 865 11
400 947 10
400 1043 9
400 1212 7
400 1263 13
400 1268 14
400 1469 19
400 1539 9
400 1614 5
400 1650 1
400 1778 11
400 1821 1
400 1980 11
400 1993 7
401 408 17
401 410 7
401 525 10
401 572 13
401 582 4
401 610 13
401 654 18
401 775 10
401 872 3
401 882 9
401 968 16
401 1051 4
401 1161 9
401 1196 5
401 1284 9
401 1315 1
401 1543 13
401 1615 12
401 1657 16
401 1722 2
401 1890 6
402 559 1
402 594 6
402 689 15
402 723 17
402 767 14
402 905 2
402 1285 9
402 1323 17
402 1427 5
402 1485 3
402 1501 15
402 1541 17
402 1762 14
402 1812 5
402 1846 14
402 1907 13
402 1916 3
402 1960 15
402 1984 20
402 1996 6
403 457 15
403 581 20
403 636 18
403 671 4
403 750 8
403 816 3
403 865 3
403 982 5
403 1030 9
403 1226 10
403 1290 10
403 1293 8
403 1375 4
403 1465 3
403 1480 18
403 1848 20
403 1930 11
403 1996 15
404 416 13
404 496 5
404 624 9
404 851 8
404 956 8
404 1081 9
404 1123 16
404 1313 13
404 1398 3
404 1510 18
404 1565 18
404 1630 1
404 1685 19
404 1745 11
404 1757 13
404 1776 13
405 482 11
405 604 5
405 1039 14
405 1102 15
405 1159 14
405 1233 20
405 1418 15
405 1540 15
405 1568 18
405 1810 5
405 1821 14
405 1829 6
405 1863 18
406 450 6
406 685 10
406 746 4
406 843 8
406 1022 5
406 1044 3
406 1057 9
406 1088 17
406 1116 19
406 1211 10
406 1331 7
406 1354 9
406 1489 18
406 1624 12
406 1652 20
406 1710 15
406 1791 18
406 1811 11
406 1855 13
406 1973 13
407 626 7
407 808 12
407 833 4
407 938 14
407 1195 15
407 1216 3
407 1366 13
407 1515 1
407 1529 6
407 1745 13
407 1748 17
407 1764 17
407 1930 12
407 1948 17
408 422 14
408 499 6
408 543 1
408 554 11
408 571 9
408 936 12
408 993 11
408 1069 4
408 1135 2
408 1434 12
408 1632 18
408 1773 9
408 1992 10
409 937 15
409 1114 8
409 1193 20
409 1320 5
409 1474 10
409 1485 1
409 1512 1
409 1580 15
409 1611 7
409 1740 18
409 1763 15
410 508 16
410 514 9
410 599 19
410 640 19
410 803 20
410 978 9
410 1237 14
410 1321 11
410 1394 4
410 1444 3
410 1507 4
410 1558 1
410 1632 11
410 1674 8
410 1720 19
410 1796 16
410 1845 1
410 1872 17
410 1904 8
410 1929 12
411 447 2
411 453 19
411 826 8
411 876 18
411 1102 5
411 1180 14
411 1293 19
411 1382 8
411 1440 15
411 1494 19
411 1723 11
411 1811 18
411 1920 9
411 1995 20
411 1996 9
412 523 10
412 527 3
412 752 2
412 1031 5
412 1113 19
412 1237 15
412 1408 9
412 1514 13
412 1559 16
412 1643 15
412 1729 20
412 1758 16
412 1775 12
412 1865 18
412 1960 15
413 569 11
413 620 5
413 741 5
413 748 15
413 757 12
413 916 10
413 924 5
413 1049 20
413 1114 19
413 1327 2
413 1354 20
413 1356 13
413 1582 17
413 1591 19
413 1610 20
414 443 9
414 491 7
414 510 15
414 516 15
414 662 9
414 778 1
414 1033 4
414 1151 19
414 1507 6
414 1667 8
414 1671 13
414 1987 17
415 419 7
415 475 3
415 934 16
415 1029 15
415 1049 14
415 1148 20
415 1381 18
415 1532 10
415 1539 20
415 1686 10
415 1699 8
415 1781 10
415 1798 5
416 533 6
416 537 9
416 722 17
416 750 17
416 1208 4
416 1239 7
416 1358 5
416 1407 5
416 1542 11
416 1647 17
416 1683 7
416 1706 2
416 1724 11
416 1760 19
416 1927 19
417 465 16
417 473 17
417 588 10
417 948 6
417 954 16
417 989 8
417 1049 5
417 1209 8
417 1560 19
417 1595 14
417 1680 3
417 1698 5
417 1738 7
418 458 10
418 497 9
418 590 13
418 669 2
418 781 12
418 831 3
418 891 1
418 900 8
418 1217 16
418 1230 15
418 1251 2
418 1411 3
418 1606 18
418 1617 7
418 1651 12
418 1819 17
418 1851 12
418 1960 6
418 1993 9
419 436 19
419 593 15
419 607 15
419 658 13
419 695 18
419 724 8
419 790 4
419 848 10
419 927 19
419 975 16
419 1072 16
419 1134 15
419 1162 16
419 1571 14
419 1663 15
419 1774 12
419 1828 11
419 1962 1
419 1975 12
419 1990 20
420 458 7
420 479 19
420 555 3
420 573 19
420 669 4
420 678 20
420 791 7
420 822 4
420 944 1
420 947 17
420 1025 16
420 1063 17
420 1211 11
420 1466 5
420 1502 4
420 1526 16
420 1584 16
420 1595 13
420 1631 6
420 1646 3
420 1707 20
420 1981 14
421 491 14
421 702 10
421 911 4
421 945 9
421 951 5
421 1026 5
421 1047 4
421 1123 15
421 1135 1
421 1181 9
421 1239 6
421 1623 13
421 1648 16
421 1675 18
421 1793 17
421 1803 5
421 1935 10
421 1974 11
422 459 17
422 501 1
422 713 1
422 795 2
422 877 13
422 905 11
422 990 8
422 1023 17
422 1055 3
422 1280 8
422 1324 3
422 1401 4
422 1428 6
422 1430 2
422 1614 2
422 1677 7
422 1716 4
422 1742 11
423 435 9
423 883 18
423 1228 1
423 1324 5
423 1397 11
423 1422 3
423 1663 9
423 1817 8
423 1850 1
424 444 2
424 579 13
424 604 10
424 689 15
424 743 15
424 757 6
424 801 2
424 1024 1
424 1364 14
424 1545 15
424 1803 20
424 1854 13
424 1923 5
425 581 8
425 610 12
425 762 11
425 788 15
425 1114 5
425 1257 18
425 1444 11
425 1853 9
425 1961 20
426 524 12
426 561 19
426 679 19
426 813 17
426 875 13
426 898 14
426 907 14
426 912 15
426 1135 16
426 1147 1
426 1148 20
426 1157 6
426 1188 19
426 1316 3
426 1341 3
426 1423 9
426 1438 6
426 1481 16
426 1518 5
426 1584 10
426 1586 17
426 1695 3
426 1741 18
426 1769 6
426 1958 6
427 507 5
427 565 17
427 646 16
427 792 1
427 1134 9
427 1398 18
427 1625 8
427 1648 12
427 1660 18
427 1736 12
428 465 19
428 468 4
428 511 5
428 537 2
428 586 9
428 613 1
428 615 10
428 644 18
428 742 14
428 979 5
428 1032 4
428 1075 11
428 1238 11
428 1346 13
428 1556 1
428 1742 18
428 1819 8
428 1824 5
428 1827 13
428 1851 10
428 1903 11
429 509 3
429 552 19
429 689 6
429 701 1
429 781 13
429 1034 6
429 1036 3
429 1037 3
429 1093 14
429 1117 8
429 1118 7
429 1262 16
429 1435 6
429 1467 2
429 1635 15
429 1884 14
430 496 17
430 519 11
430 615 5
430 728 11
430 776 15
430 809 16
430 844 15
430 951 5
430 960 14
430 1054 7
430 1131 19
430 1140 15
430 1196 15
430 1545 8
430 1729 13
430 1782 16
430 1971 6
430 1988 16
431 597 3
431 808 6
431 893 8
431 969 12
431 1028 6
431 1053 10
431 1082 7
431 1126 7
431 1491 16
431 1508 12
431 1621 11
431 1689 9
431 1756 4
431 1822 5
431 1953 10
432 597 10
432 615 1
432 747 6
432 823 10
432 878 1
432 905 17
432 1002 1
432 1140 15
432 1163 17
432 1267 2
432 1355 18
432 1392 18
432 1403 2
432 1541 12
432 1567 20
432 1609 2
432 1694 5
432 1840 16
432 1904 3
432 1940 17
432 1977 11
433 638 12
433 648 8
433 1127 20
433 1251 6
433 1259 14
433 1379 5
433 1410 14
433 1570 16
433 1584 2
433 1646 16
433 1651 14
433 1694 17
433 1987 18
434 729 15
434 744 5
434 846 3
434 949 11
434 1067 6
434 1101 20
434 1174 10
434 1305 17
434 1376 19
434 1884 3
435 468 12
435 470 13
435 504 18
435 594 15
435 653 10
435 710 17
435 921 2
435 1017 8
435 1263 19
435 1447 14
435 1530 16
435 1567 9
435 1572 7
435 1683 1
435 1707 18
435 1720 18
436 586 16
436 910 5
436 1019 15
436 1195 3
436 1234 19
436 1261 20
436 1380 12
436 1616 5
436 1752 1
436 1818 17
436 1847 6
436 1934 14
437 455 10
437 486 6
437 546 7
437 805 6
437 809 14
437 1003 15
437 1415 2
437 1443 12
437 1457 7
437 1587 18
437 1839 12
437 1985 12
438 504 8
438 519 1
438 575 4
438 671 8
438 691 17
438 722 1
438 795 14
438 840 2
438 963 3
438 968 9
438 1098 13
438 1171 12
438 1248 20
438 1299 3
438 1554 19
438 1688 6
438 1784 7
438 1829 17
438 1883 6
438 1975 9
439 465 4
439 717 13
439 741 8
439 759 18
439 814 6
439 974 1
439 1195 15
439 1368 15
439 1441 7
439 1478 3
439 1498 8
439 1695 7
439 1750 17
439 1813 2
439 1894 3
439 1915 2
439 1985 4
440 753 9
440 868 2
440 875 20
440 983 1
440 1200 3
440 1379 11
440 1471 18
440 1706 18
440 1831 5
440 1838 12
440 1842 8
440 1858 10
440 1951 8
441 490 18
441 632 20
441 729 15
441 879 5
441 898 2
441 907 7
441 1061 6
441 1114 13
441 1150 1
441 1212 6
441 1246 9
441 1347 13
441 1350 7
441 1848 16
441 1868 18
442 730 6
442 733 17
442 827 20
442 846 19
442 959 12
442 1459 1
442 1622 11
442 1709 6
442 1743 5
442 1848 9
443 454 11
443 465 14
443 746 3
443 894 7
443 987 7
443 988 1
443 1049 15
443 1156 17
443 1269 19
443 1270 17
443 1271 20
443 1276 20
443 1602 17
443 1625 16
443 1752 1
443 1904 8
444 497 8
444 676 2
444 896 13
444 992 20
444 996 15
444 1059 14
444 1183 19
444 1473 9
444 1571 11
444 1689 3
444 1693 5
444 1954 12
444 1978 12
445 562 4
445 586 11
445 600 14
445 1099 20
445 1104 3
445 1317 12
445 1354 15
445 1368 18
445 1378 3
445 1468 2
445 1575 2
445 1689 11
445 1692 3
445 1743 2
445 1792 4
445 1835 15
446 490 3
446 565 20
446 592 20
446 835 9
446 861 7
446 935 13
446 980 4
446 1218 19
446 1256 8
446 1365 3
446 1481 16
446 1486 18
446 1543 17
446 1778 13
446 1796 5
446 1838 17
446 1984 1
447 526 13
447 687 10
447 786 6
447 790 16
447 849 17
447 853 19
447 960 17
447 970 6
447 1055 12
447 1073 7
447 1112 5
447 1139 9
447 1202 17
447 1250 8
447 1304 1
447 1449 12
447 1558 16
447 1589 9
447 1630 5
447 1709 14
447 1798 6
447 1844 20
447 1893 6
447 1942 1
447 1984 4
448 602 15
448 616 15
448 709 13
448 846 7
448 974 16
448 1034 15
448 1119 13
448 1190 6
448 1293 4
448 1308 7
448 1365 5
448 1380 16
448 1443 20
448 1563 7
448 1597 4
448 1679 15
448 1725 6
448 1816 5
449 475 1
449 513 12
449 747 9
449 863 16
449 941 16
449 1110 11
449 1243 3
449 1307 8
449 1331 16
449 1351 16
449 1383 7
449 1598 18
449 1628 15
449 1718 12
449 1830 2
450 503 18
450 530 19
450 564 17
450 965 9
450 1129 16
450 1167 11
450 1195 6
450 1360 3
450 1399 9
450 1523 19
450 1582 15
450 1637 14
450 1668 3
451 618 9
451 651 15
451 714 5
451 759 1
451 991 5
451 1220 8
451 1248 12
451 1757 9
451 1846 8
451 1851 8
451 1892 1
451 1942 2
452 469 18
452 582 2
452 666 13
452 690 20
452 715 9
452 829 2
452 950 4
452 1110 4
452 1121 12
452 1130 5
452 1178 13
452 1198 4
452 1247 18
452 1357 12
452 1375 6
452 1450 7
452 1568 8
452 1591 18
452 1673 5
452 1680 7
453 496 6
453 518 14
453 703 7
453 723 6
453 736 9
453 755 18
453 762 8
453 764 17
453 988 2
453 1029 16
453 1085 7
453 1104 16
453 1136 14
453 1235 10
453 1311 5
453 1367 10
453 1516 11
453 1534 17
453 1614 6
453 1693 8
453 1828 1
453 1872 2
454 482 3
454 855 12
454 980 4
454 1019 14
454 1111 11
454 1135 11
454 1283 5
454 1367 5
454 1374 8
454 1521 20
454 1531 16
454 1638 2
454 1846 10
455 479 9
455 657 7
455 734 18
455 1187 13
455 1199 15
455 1325 13
455 1326 1
455 1331 10
455 1356 7
455 1394 12
455 1423 6
455 1609 12
455 1655 17
455 1671 4
455 1699 19
455 1749 6
455 1888 11
456 532 10
456 537 10
456 546 19
456 711 13
456 725 19
456 824 7
456 941 17
456 1170 18
456 1357 7
456 1440 14
456 1584 8
456 1624 1
456 1652 11
456 1782 7
456 1882 7
456 1949 1
457 615 11
457 683 3
457 749 15
457 762 4
457 914 2
457 1144 11
457 1206 16
457 1304 20
457 1463 3
457 1683 18
457 1764 9
457 1879 1
458 577 11
458 687 6
458 715 6
458 1095 4
458 1112 5
458 1199 20
458 1248 18
458 1326 19
458 1482 18
458 1646 19
458 1841 4
459 627 4
459 749 9
459 783 4
459 866 6
459 869 2
459 969 7
459 1006 5
459 1413 12
459 1456 15
459 1500 14
459 1512 11
459 1517 2
459 1560 14
459 1748 9
459 1767 6
459 1815 19
460 548 13
460 549 1
460 630 3
460 637 13
460 684 11
460 774 11
460 846 10
460 1019 5
460 1037 6
460 1068 7
460 1329 9
460 1539 6
460 1781 3
460 1822 15
460 1823 12
460 1867 2
460 1929 17
461 568 2
461 712 17
461 750 14
461 1257 11
461 1353 20
461 1396 16
461 1411 8
461 1423 2
461 1431 10
461 1546 18
461 1615 19
461 1626 7
461 1642 12
461 1984 6
462 676 13
462 707 12
462 772 16
462 856 17
462 1001 7
462 1322 11
462 1346 8
462 1362 16
462 1511 20
462 1666 17
462 1763 6
462 1768 11
462 1815 8
462 1947 9
462 1989 20
463 472 2
463 584 13
463 707 2
463 868 11
463 876 11
463 900 2
463 918 18
463 1037 4
463 1070 19
463 1132 10
463 1194 9
463 1269 20
463 1497 13
463 1633 2
463 1786 12
463 1862 16
464 515 5
464 521 20
464 539 18
464 664 10
464 680 19
464 924 3
464 963 17
464 1120 18
464 1153 14
464 1264 11
464 1271 8
464 1388 15
464 1410 9
464 1490 9
464 1850 10
465 478 5
465 835 3
465 1125 10
465 1128 20
465 1254 12
465 1472 17
465 1499 4
465 1501 20
465 1663 6
465 1844 13
465 1871 17
465 1922 3
465 1935 13
465 1984 15
466 663 14
466 681 6
466 727 1
466 915 5
466 1119 19
466 1361 15
466 1672 6
466 1714 17
466 1841 7
466 1858 12
467 740 12
467 762 20
467 774 17
467 1183 11
467 1355 17
467 1411 1
467 1561 3
467 1641 9
467 1707 20
467 1791 19
467 1904 19
467 1910 19
468 535 13
468 681 10
468 700 3
468 773 3
468 898 17
468 1009 9
468 1219 12
468 1335 15
468 1442 1
468 1528 10
468 1575 9
469 713 19
469 735 5
469 968 5
469 1038 2
469 1083 20
469 1182 19
469 1199 7
469 1213 9
469 1343 14
469 1364 9
469 1505 7
469 1522 4
469 1661 6
469 1705 6
469 1817 7
469 1828 8
469 1969 13
470 490 9
470 563 5
470 601 10
470 648 5
470 668 4
470 785 5
470 978 8
470 1214 19
470 1315 19
470 1393 15
470 1458 3
470 1581 14
470 1632 9
470 1816 9
470 1866 8
470 1919 15
470 1977 7
471 560 6
471 571 6
471 587 11
471 964 20
471 1190 11
471 1198 14
471 1246 1
471 1299 17
471 1388 3
471 1680 17
471 1705 9
472 515 12
472 530 19
472 797 14
472 851 7
472 898 1
472 905 9
472 924 2
472 1086 12
472 1202 10
472 1369 1
472 1404 5
472 1420 18
472 1514 13
472 1656 19
472 1682 20
472 1790 5
472 1967 16
473 860 20
473 1032 7
473 1232 5
473 1349 7
473 1409 5
473 1446 20
473 1510 8
473 1518 13
473 1581 12
473 1659 3
473 1667 2
473 1876 18
473 1901 13
474 646 20
474 783 8
474 1111 19
474 1346 7
474 1410 17
474 1461 8
474 1614 6
474 1711 4
474 1720 1
474 1911 13
474 1945 6
475 497 3
475 514 7
475 582 20
475 603 16
475 646 19
475 679 6
475 776 18
475 878 12
475 998 7
475 1105 8
475 1210 2
475 1246 10
475 1665 15
475 1857 14
475 1898 10
476 562 7
476 670 12
476 858 8
476 861 19
476 1064 10
476 1082 10
476 1094 11
476 1143 6
476 1185 19
476 1226 9
476 1253 17
476 1400 2
476 1402 19
476 1411 19
476 1434 4
476 1477 20
476 1518 6
476 1864 17
476 1888 13
476 1934 17
477 666 16
477 739 11
477 746 9
477 786 20
477 822 5
477 869 12
477 1320 2
477 1418 9
477 1426 14
477 1435 18
477 1465 2
477 1850 16
477 1918 7
477 1960 19
478 534 17
478 583 3
478 625 12
478 721 2
478 773 11
478 788 7
478 1105 12
478 1242 5
478 1262 19
478 1421 18
478 1555 11
478 1762 3
478 1770 19
478 1863 13
478 1897 6
478 1905 5
478 1963 9
479 494 7
479 537 5
479 598 10
479 750 3
479 874 17
479 964 4
479 1024 20
479 1026 8
479 1061 7
479 1254 5
479 1404 4
479 1522 5
479 1698 4
479 1843 20
480 552 10
480 651 19
480 737 13
480 746 5
480 807 17
480 846 8
480 849 4
480 879 18
480 1005 11
480 1057 9
480 1235 7
480 1370 13
480 1455 2
480 1544 12
480 1692 19
480 1715 8
480 1733 4
480 1790 2
480 1907 6
480 1958 9
481 534 9
481 549 2
481 781 17
481 924 19
481 1061 11
481 1155 7
481 1216 12
481 1289 11
481 1348 7
481 1363 14
481 1437 11
481 1502 14
481 1624 16
481 1826 14
481 1901 9
481 1943 9
482 508 16
482 572 4
482 696 16
482 915 18
482 950 19
482 1056 14
482 1074 8
482 1156 13
482 1190 11
482 1200 15
482 1254 19
482 1340 3
482 1529 14
482 1810 18
482 1860 2
482 1942 14
482 1976 9
483 853 14
483 888 5
483 983 17
483 1027 6
483 1035 19
483 1193 2
483 1265 18
483 1295 16
483 1383 19
483 1668 3
483 1692 5
483 1968 5
484 578 1
484 713 10
484 885 8
484 986 8
484 1003 6
484 1014 15
484 1075 6
484 1105 15
484 1302 13
484 1697 10
484 1844 19
484 1872 4
484 1928 14
485 504 3
485 514 4
485 655 5
485 694 17
485 763 4
485 824 16
485 887 16
485 917 17
485 935 3
485 998 4
485 1149 14
485 1158 5
485 1182 7
485 1414 20
485 1440 1
485 1509 6
485 1544 16
485 1695 17
485 1847 13
485 1852 6
485 1918 11
486 667 17
486 678 8
486 692 17
486 800 3
486 938 3
486 1237 4
486 1485 11
486 1535 12
486 1695 1
486 1745 7
486 1864 12
486 1870 6
487 545 9
487 665 13
487 674 20
487 708 12
487 895 6
487 971 19
487 1313 5
487 1470 13
487 1837 12
487 1841 18
487 1957 5
487 1973 20
488 595 11
488 691 10
488 838 20
488 859 3
488 962 13
488 982 1
488 1002 19
488 1102 1
488 1111 11
488 1121 4
488 1229 13
488 1395 17
488 1508 18
488 1621 18
488 1628 20
488 1856 9
488 1911 16
489 584 5
489 701 16
489 743 19
489 896 19
489 927 4
489 945 18
489 969 12
489 1169 20
489 1200 11
489 1319 20
489 1562 6
489 1580 2
489 1912 7
489 1951 11
489 1978 20
489 1980 2
490 560 13
490 677 17
490 710 6
490 761 8
490 838 8
490 841 11
490 925 14
490 948 6
490 968 2
490 1081 12
490 1383 20
490 1437 3
490 1553 5
490 1579 11
490 1592 7
490 1616 7
490 1658 7
490 1797 3
490 1906 6
490 1989 4
491 532 18
491 556 20
491 626 14
491 652 2
491 706 6
491 749 9
491 825 9
491 930 16
491 973 10
491 1071 9
491 1229 4
491 1278 19
491 1443 19
491 1568 19
491 1599 10
491 1690 15
491 1705 8
491 1841 19
492 526 5
492 619 13
492 673 11
492 731 7
492 832 20
492 859 7
492 861 18
492 898 13
492 907 1
492 1029 2
492 1110 20
492 1389 20
492 1439 15
492 1459 2
492 1471 4
492 1595 18
492 1628 14
492 1885 4
492 1958 10
493 573 6
493 625 15
493 626 15
493 788 11
493 962 14
493 1046 19
493 1387 7
493 1486 5
493 1502 16
493 1562 12
493 1771 6
494 562 8
494 1028 10
494 1066 1
494 1118 1
494 1282 12
494 1507 9
494 1680 6
494 1729 5
494 1754 10
494 1760 20
494 1933 12
495 497 13
495 682 5
495 746 3
495 890 19
495 1187 11
495 1315 16
495 1409 17
495 1487 4
495 1677 3
495 1684 3
495 1748 3
495 1837 16
495 1841 14
495 1898 17
496 701 9
496 927 9
496 1209 20
496 1316 15
496 1376 18
496 1468 16
496 1503 18
496 1546 13
496 1672 17
496 1698 5
496 1752 4
496 1831 6
496 1907 19
497 524 7
497 570 19
497 711 14
497 776 12
497 826 4
497 897 2
497 987 12
497 1011 15
497 1022 15
497 1033 7
497 1352 13
497 1797 18
498 509 6
498 589 15
498 637 11
498 660 13
498 678 5
498 845 3
498 880 6
498 979 16
498 1079 8
498 1106 5
498 1114 10
498 1164 19
498 1217 16
498 1314 8
498 1315 15
498 1327 20
498 1367 2
498 1424 17
498 1749 8
498 1769 7
498 1962 18
498 1983 10
499 524 11
499 538 11
499 561 5
499 583 12
499 637 14
499 890 1
499 1002 9
499 1084 4
499 1173 19
499 1193 11
499 1215 13
499 1405 9
499 1591 4
499 1647 9
499 1874 17
499 1975 7
500 551 5
500 574 16
500 605 5
500 804 1
500 814 2
500 886 9
500 887 6
500 913 4
500 917 17
500 1001 13
500 1107 13
500 1166 17
500 1209 14
500 1569 18
500 1591 2
500 1699 6
500 1712 15
500 1782 17
500 1881 9
501 689 18
501 708 11
501 749 5
501 768 17
501 791 12
501 818 10
501 820 14
501 845 7
501 872 16
501 936 4
501 945 1
501 1043 13
501 1051 1
501 1188 3
501 1504 1
501 1638 8
501 1674 17
501 1711 5
501 1891 20
501 1908 1
501 1967 7
502 598 11
502 683 11
502 796 15
502 843 4
502 844 18
502 895 11
502 1061 14
502 1092 2
502 1145 17
502 1294 15
502 1574 18
502 1693 10
502 1779 20
503 649 3
503 871 18
503 912 6
503 929 16
503 989 2
503 1003 11
503 1233 3
503 1241 1
503 1256 19
503 1268 9
503 1269 13
503 1339 12
503 1514 3
503 1550 16
503 1626 4
503 1637 11
503 1779 18
503 1797 3
503 1810 20
503 1888 16
503 1970 5
504 539 17
504 571 20
504 722 15
504 729 8
504 755 13
504 1185 5
504 1227 19
504 1240 12
504 1260 8
504 1315 20
504 1330 18
504 1382 15
504 1758 1
504 1789 10
504 1846 18
504 1867 11
504 1912 16
504 1939 10
504 1941 18
505 622 8
505 711 8
505 810 15
505 1260 5
505 1410 20
505 1564 2
505 1704 18
505 1755 2
505 1903 6
506 596 18
506 607 11
506 647 1
506 778 15
506 882 17
506 993 20
506 1197 3
506 1227 20
506 1358 2
506 1450 10
506 1459 16
506 1475 6
506 1665 13
506 1697 10
506 1802 15
506 1803 2
506 1816 9
506 1934 17
507 533 14
507 690 12
507 1092 20
507 1286 2
507 1350 11
507 1554 1
507 1700 16
507 1702 4
507 1987 18
508 603 11
508 829 3
508 903 16
508 1057 3
508 1077 13
508 1115 6
508 1154 5
508 1165 9
508 1277 5
508 1368 8
508 1374 12
508 1593 8
508 1822 1
508 1990 14
509 517 6
509 556 14
509 978 4
509 1033 10
509 1063 6
509 1076 18
509 1082 18
509 1099 4
509 1353 20
509 1355 14
509 1529 14
509 1539 17
509 1604 11
509 1628 15
509 1683 16
509 1763 15
509 1766 16
509 1781 3
509 1801 20
509 1855 4
510 543 16
510 563 11
510 676 10
510 798 18
510 799 10
510 816 7
510 827 19
510 1085 6
510 1210 6
510 1244 1
510 1329 18
510 1435 11
510 1699 10
511 601 10
511 611 12
511 1082 4
511 1231 13
511 1245 20
511 1260 7
511 1487 10
511 1654 4
511 1665 1
511 1680 18
511 1726 17
511 1852 20
511 1867 8
511 1934 1
511 1978 14
511 1980 6
511 1985 5
512 537 20
512 593 16
512 730 17
512 852 14
512 894 7
512 1061 11
512 1082 15
512 1287 14
512 1308 12
512 1466 19
512 1519 15
512 1555 11
512 1571 8
512 1835 15
512 1929 8
512 1990 2
513 628 4
513 761 12
513 849 11
513 924 2
513 959 4
513 1022 12
513 1036 18
513 1129 19
513 1151 15
513 1228 11
513 1502 8
513 1700 9
513 1795 12
513 1801 4
514 684 7
514 758 20
514 926 7
514 950 7
514 1090 5
514 1286 18
514 1292 2
514 1343 5
514 1362 15
514 1473 9
514 1572 2
514 1594 17
515 619 3
515 758 9
515 776 15
515 858 10
515 860 14
515 904 3
515 911 7
515 1026 9
515 1036 6
515 1098 10
515 1217 10
515 1390 5
515 1427 5
515 1431 20
515 1595 17
515 1849 20
516 520 16
516 665 3
516 723 8
516 799 15
516 943 15
516 1014 12
516 1301 14
516 1306 3
516 1312 17
516 1355 3
516 1428 9
516 1510 4
516 1546 17
516 1673 19
516 1674 18
516 1685 20
517 685 11
517 956 15
517 1064 1
517 1079 4
517 1197 8
517 1228 4
517 1294 2
517 1351 5
517 1439 8
517 1495 3
517 1612 19
517 1777 1
517 1792 11
518 522 2
518 705 11
518 780 8
518 854 14
518 872 19
518 913 14
518 1019 15
518 1070 4
518 1071 12
518 1134 12
518 1336 15
518 1374 9
518 1431 2
518 1558 3
518 1669 16
518 1863 16
518 1906 7
518 1958 13
519 536 8
519 560 20
519 651 2
519 796 7
519 857 7
519 882 6
519 1036 9
519 1058 14
519 1077 1
519 1436 2
519 1488 14
519 1683 14
519 1734 20
519 1883 5
519 1916 8
519 1962 9
520 836 5
520 995 15
520 1177 7
520 1223 1
520 1250 4
520 1316 9
520 1371 11
520 1381 11
520 1508 8
520 1792 17
520 1948 16
520 1990 20
521 580 14
521 636 8
521 656 8
521 773 2
521 888 11
521 907 13
521 951 17
521 952 12
521 1012 3
521 1110 3
521 1159 8
521 1187 19
521 1264 14
521 1283 6
521 1404 20
521 1599 4
521 1610 6
521 1622 20
521 1717 15
521 1721 20
521 1736 8
521 1848 8
521 1957 13
521 1969 19
522 682 8
522 706 6
522 796 17
522 824 9
522 835 13
522 845 1
522 859 8
522 1145 3
522 1146 5
522 1345 5
522 1361 6
522 1389 9
522 1425 10
522 1703 11
523 548 11
523 662 16
523 800 10
523 806 5
523 1028 2
523 1043 6
523 1137 3
523 1139 7
523 1141 20
523 1173 13
523 1177 11
523 1616 2
523 1673 15
523 1770 4
523 1805 10
523 1858 9
523 1969 20
524 894 7
524 925 11
524 1021 13
524 1098 16
524 1130 19
524 1142 16
524 1276 20
524 1454 17
524 1467 17
524 1686 17
524 1855 13
525 592 12
525 619 3
525 621 7
525 802 11
525 885 3
525 981 18
525 1017 13
525 1127 5
525 1139 7
525 1152 1
525 1239 17
525 1277 12
525 1301 20
525 1321 1
525 1665 8
525 1708 12
525 1868 19
526 853 5
526 880 9
526 1017 14
526 1148 17
526 1274 10
526 1345 4
526 1562 1
526 1812 12
526 1852 16
527 533 16
527 612 13
527 642 9
527 708 16
527 774 19
527 870 11
527 981 6
527 1100 18
527 1313 7
527 1745 12
527 1799 15
527 1825 14
527 1880 8
527 1905 11
528 560 15
528 764 16
528 886 3
528 919 13
528 942 7
528 1157 13
528 1471 11
528 1491 5
528 1542 16
528 1610 19
528 1672 6
528 1674 13
528 1728 11
528 1761 10
528 1767 8
528 1844 11
529 547 19
529 591 7
529 619 11
529 622 16
529 721 8
529 724 2
529 738 14
529 881 10
529 890 10
529 904 16
529 1112 8
529 1136 11
529 1137 15
529 1264 10
529 1344 12
529 1730 11
529 1979 6
529 1983 3
530 633 1
530 675 10
530 794 10
530 798 19
530 944 2
530 1001 15
530 1068 9
530 1213 14
530 1226 17
530 1355 16
530 1392 14
530 1411 6
530 1424 14
530 1465 5
530 1557 13
530 1570 13
530 1599 11
530 1808 6
530 1957 6
530 1975 4
531 541 8
531 575 12
531 744 13
531 882 6
531 895 6
531 1060 11
531 1269 20
531 1272 13
531 1380 7
531 1529 7
531 1532 6
531 1831 6
531 1855 16
532 630 16
532 814 7
532 866 18
532 869 3
532 1054 2
532 1070 16
532 1088 8
532 1227 9
532 1329 8
532 1623 11
532 1754 16
532 1764 6
532 1783 2
532 1841 14
532 1846 11
532 1852 12
533 580 11
533 703 14
533 793 2
533 1135 7
533 1182 2
533 1226 2
533 1441 13
533 1445 5
533 1572 19
533 1818 15
533 1983 6
534 741 16
534 748 11
534 757 15
534 890 16
534 894 7
534 1068 2
534 1076 13
534 1166 20
534 1448 11
534 1503 4
534 1507 11
534 1511 10
534 1638 3
534 1847 4
534 1890 18
534 1908 9
534 1937 3
535 537 1
535 558 2
535 711 16
535 786 18
535 840 12
535 942 5
535 1109 17
535 1350 5
535 1410 8
535 1481 6
535 1826 12
535 1856 19
535 1928 13
535 1945 8
535 1957 5
535 1996 1
536 634 5
536 782 8
536 914 5
536 1070 20
536 1098 14
536 1264 5
536 1335 12
536 1430 14
536 1639 12
536 1686 5
536 1788 10
536 1974 19
537 704 15
537 729 10
537 763 7
537 840 16
537 861 18
537 938 16
537 957 1
537 1085 8
537 1114 19
537 1236 11
537 1312 17
537 1313 17
537 1318 5
537 1982 18
538 640 4
538 656 7
538 681 2
538 703 17
538 819 13
538 886 8
538 937 1
538 1180 6
538 1240 4
538 1417 7
538 1514 10
538 1518 18
538 1606 8
538 1618 2
538 1624 17
538 1678 2
538 1754 14
538 1780 6
538 1930 12
538 1988 1
539 549 1
539 555 19
539 588 18
539 700 8
539 797 18
539 865 11
539 872 9
539 984 7
539 1184 7
539 1389 4
539 1490 7
539 1504 11
539 1661 4
539 1710 2
539 1797 4
539 1811 20
539 1815 8
539 1853 17
539 1956 14
540 563 12
540 758 7
540 837 2
540 913 18
540 928 19
540 1080 4
540 1310 16
540 1441 12
540 1584 12
540 1630 15
540 1688 20
541 557 10
541 955 8
541 1313 14
541 1642 12
541 1657 3
541 1687 17
541 1920 10
541 1947 19
541 1986 16
542 721 10
542 746 12
542 821 17
542 877 12
542 882 4
542 1039 16
542 1134 16
542 1142 16
542 1382 12
542 1501 8
542 1545 7
542 1575 20
542 1587 19
542 1832 6
542 1938 2
543 672 7
543 682 20
543 791 2
543 796 15
543 805 4
543 949 4
543 1061 11
543 1193 16
543 1235 7
543 1286 20
543 1367 9
543 1400 8
543 1492 14
543 1509 16
543 1639 13
543 1719 1
544 664 12
544 700 19
544 764 13
544 828 20
544 993 5
544 1026 8
544 1051 7
544 1114 5
544 1334 7
544 1701 1
544 1706 10
544 1710 1
544 1815 20
544 1895 8
545 719 13
545 726 1
545 896 20
545 981 1
545 1012 8
545 1126 5
545 1203 1
545 1366 3
545 1596 2
546 654 19
546 801 14
546 971 20
546 1036 1
546 1043 10
546 1082 6
546 1092 18
546 1144 13
546 1305 9
546 1430 4
546 1499 2
546 1795 17
546 1814 18
546 1823 20
546 1859 18
547 667 16
547 735 20
547 848 5
547 968 13
547 1188 2
547 1331 2
547 1398 4
547 1403 11
548 570 16
548 574 7
548 589 20
548 648 14
548 713 2
548 724 2
548 774 1
548 806 15
548 844 11
548 1126 15
548 1175 5
548 1307 3
548 1330 13
548 1498 10
548 1583 4
548 1703 4
548 1807 17
548 1827 20
548 1832 10
548 1934 1
549 841 4
549 887 5
549 893 1
549 901 20
549 954 9
549 967 11
549 1096 20
549 1132 10
549 1365 17
549 1729 5
549 1749 13
549 1819 6
549 1884 17
549 1948 17
550 642 6
550 780 2
550 903 4
550 909 14
550 923 12
550 1022 19
550 1216 11
550 1372 2
550 1407 5
550 1537 11
550 1638 19
550 1664 20
550 1672 16
550 1688 8
550 1916 12
551 567 20
551 577 13
551 587 15
551 694 3
551 716 5
551 1281 16
551 1539 11
551 1554 11
551 1561 14
551 1734 3
551 1833 15
551 1841 8
551 1970 19
551 1980 11
552 754 12
552 781 12
552 924 3
552 972 7
552 1029 17
552 1038 11
552 1088 20
552 1247 6
552 1258 7
552 1286 13
552 1289 12
552 1293 20
552 1333 7
552 1354 16
552 1434 7
552 1586 3
552 1666 10
552 1700 17
552 1790 2
552 1859 11
552 1885 16
553 628 6
553 637 20
553 737 19
553 967 9
553 999 12
553 1069 8
553 1169 13
553 1235 17
553 1289 8
553 1462 4
553 1642 4
553 1827 2
553 1905 3
553 1912 12
554 604 12
554 611 12
554 741 18
554 937 15
554 1037 9
554 1071 2
554 1199 9
554 1362 20
554 1368 6
554 1373 15
554 1524 5
554 1668 6
554 1760 1
554 1819 15
554 1881 11
555 556 6
555 573 7
555 643 5
555 759 5
555 899 15
555 965 14
555 967 20
555 1003 12
555 1113 2
555 1165 16
555 1197 19
555 1434 5
555 1570 13
555 1885 7
556 560 19
556 1068 11
556 1356 1
556 1750 4
556 1868 12
556 1882 12
556 1963 6
556 1971 12
556 1994 3
557 703 16
557 795 11
557 824 15
557 965 8
557 1030 3
557 1207 10
557 1226 13
557 1273 1
557 1401 14
557 1624 14
557 1703 4
557 1848 10
557 1915 4
558 647 20
558 730 2
558 750 14
558 764 13
558 849 12
558 900 1
558 923 17
558 1007 20
558 1052 13
558 1331 9
558 1465 7
558 1634 4
558 1638 1
558 1750 18
558 1763 13
559 698 1
559 820 15
559 842 18
559 930 16
559 936 15
559 1032 10
559 1209 14
559 1345 9
559 1387 3
559 1490 7
559 1736 7
559 1784 20
559 1955 7
560 566 4
560 607 9
560 634 17
560 640 15
560 650 2
560 706 5
560 889 7
560 914 18
560 985 7
560 995 13
560 1045 19
560 1202 17
560 1384 15
560 1597 18
561 708 16
561 745 2
561 927 2
561 1024 1
561 1070 2
561 1130 9
561 1194 7
561 1416 2
561 1451 14
561 1525 16
561 1665 17
561 1724 13
561 1757 12
561 1879 1
561 1913 13
561 1944 16
561 1968 17
562 760 17
562 859 2
562 931 12
562 968 4
562 1256 9
562 1476 7
562 1551 15
562 1822 3
562 1903 9
562 1942 3
563 578 18
563 589 13
563 609 10
563 755 13
563 813 1
563 822 10
563 833 8
563 1066 13
563 1120 4
563 1198 15
563 1245 11
563 1335 10
563 1505 20
563 1619 5
563 1626 7
563 1717 20
563 1854 1
563 1940 3
564 669 16
564 730 13
564 868 15
564 881 5
564 961 18
564 1029 3
564 1211 1
564 1371 15
564 1377 2
564 1869 19
565 781 2
565 824 4
565 931 1
565 994 3
565 995 9
565 1061 8
565 1170 4
565 1179 1
565 1249 11
565 1265 5
565 1331 12
565 1343 13
565 1494 1
565 1595 11
565 1715 4
566 610 8
566 647 15
566 741 6
566 742 3
566 766 10
566 780 18
566 826 8
566 853 12
566 979 11
566 1380 2
566 1474 14
566 1781 9
566 1906 10
567 570 4
567 573 14
567 662 14
567 822 19
567 1077 6
567 1347 13
567 1396 2
567 1464 12
567 1501 6
567 1570 7
567 1705 13
567 1786 3
568 577 15
568 697 13
568 890 8
568 913 1
568 926 5
568 1045 7
568 1289 7
568 1425 3
568 1428 17
568 1547 19
568 1593 15
568 1622 18
568 1632 16
568 1774 1
568 1890 1
568 1941 18
569 704 6
569 710 12
569 736 2
569 911 10
569 977 18
569 1021 3
569 1024 17
569 1031 3
569 1122 18
569 1169 17
569 1222 17
569 1259 20
569 1319 20
569 1612 9
569 1644 16
569 1932 18
569 1950 4
569 1986 5
570 595 4
570 678 19
570 732 1
570 834 15
570 952 4
570 954 15
570 980 16
570 1041 13
570 1049 15
570 1261 17
570 1369 10
570 1395 15
570 1583 12
570 1623 16
570 1641 6
570 1764 6
570 1951 7
570 1977 3
571 652 16
571 691 3
571 708 16
571 757 15
571 840 7
571 861 15
571 944 9
571 1074 3
571 1198 4
571 1284 11
571 1619 1
571 1683 6
571 1919 3
571 1996 12
572 592 10
572 676 2
572 781 3
572 1068 1
572 1132 10
572 1478 9
572 1779 1
572 1848 8
572 1883 20
572 1984 13
572 1991 4
573 648 9
573 664 13
573 718 12
573 788 16
573 1015 4
573 1055 20
573 1110 2
573 1180 11
573 1192 9
573 1216 7
573 1350 15
573 1404 11
573 1536 13
573 1792 15
573 1888 11
573 1938 6
573 1965 1
574 713 9
574 808 1
574 827 17
574 986 7
574 1022 10
574 1236 15
574 1299 6
574 1357 18
574 1578 14
574 1747 5
575 732 20
575 861 20
575 1091 4
575 1106 18
575 1112 1
575 1149 12
575 1242 2
575 1386 7
575 1504 3
575 1682 2
575 1737 15
575 1994 14
576 783 18
576 835 20
576 850 20
576 864 5
576 896 5
576 1030 12
576 1051 3
576 1095 14
576 1138 14
576 1253 10
576 1260 17
576 1271 1
576 1530 9
576 1856 16
576 1873 3
577 689 3
577 857 11
577 1037 8
577 1077 18
577 1100 19
577 1206 9
577 1247 20
577 1465 2
577 1591 4
577 1614 14
577 1684 15
577 1698 20
578 863 17
578 921 1
578 1069 15
578 1081 13
578 1092 12
578 1219 1
578 1247 14
578 1359 8
578 1508 18
578 1724 15
578 1760 15
578 1794 4
579 610 18
579 683 4
579 722 1
579 750 8
579 860 18
579 905 12
579 950 17
579 1034 8
579 1084 3
579 1513 17
579 1659 11
579 1677 11
579 1749 16
580 692 1
580 862 11
580 884 6
580 960 15
580 965 4
580 1044 14
580 1148 18
580 1149 19
580 1189 8
580 1207 13
580 1213 19
580 1509 10
580 1574 18
580 1596 6
580 1642 12
580 1984 9
581 584 10
581 636 9
581 641 19
581 852 12
581 993 14
581 1028 12
581 1104 10
581 1377 19
581 1396 16
581 1419 15
581 1490 16
581 1556 1
581 1657 6
581 1724 4
581 1934 19
581 1960 6
582 585 7
582 593 15
582 679 10
582 807 17
582 916 13
582 982 11
582 1146 9
582 1189 11
582 1245 16
582 1399 12
582 1432 19
582 1451 1
582 1492 13
582 1523 15
582 1618 7
583 620 11
583 626 19
583 783 20
583 864 14
583 1008 10
583 1070 12
583 1098 16
583 1238 16
583 1268 8
583 1603 7
583 1768 4
583 1775 18
583 1833 5
583 1893 4
583 1939 9
584 626 10
584 794 14
584 848 9
584 961 3
584 1057 17
584 1167 14
584 1170 8
584 1349 2
584 1367 5
584 1408 2
584 1452 10
584 1459 10
584 1516 2
584 1561 2
584 1701 12
584 1786 20
584 1851 6
584 1861 5
584 1908 6
585 586 1
585 748 8
585 851 16
585 862 11
585 932 17
585 1102 14
585 1187 2
585 1210 13
585 1301 12
585 1495 11
585 1508 2
585 1764 15
585 1775 5
585 1837 15
585 1899 17
586 623 1
586 691 20
586 712 19
586 773 1
586 882 9
586 954 20
586 1041 8
586 1179 4
586 1316 6
586 1376 18
586 1424 20
586 1753 17
586 1874 17
587 876 1
587 984 12
587 988 15
587 1239 17
587 1308 12
587 1410 10
587 1429 20
587 1765 12
587 1791 11
588 604 13
588 661 8
588 672 16
588 923 20
588 968 1
588 1038 5
588 1273 20
588 1616 6
588 1654 6
588 1675 1
588 1690 9
588 1825 10
588 1955 18
588 1973 19
588 1978 14
589 631 14
589 687 20
589 703 4
589 728 19
589 975 11
589 1018 10
589 1090 6
589 1206 4
589 1264 14
589 1270 9
589 1476 14
589 1712 11
589 1770 4
590 640 13
590 643 15
590 648 5
590 659 9
590 681 12
590 709 1
590 795 18
590 875 14
590 987 7
590 1085 4
590 1203 9
590 1247 11
590 1391 14
590 1488 1
590 1493 5
590 1528 20
590 1620 16
590 1777 12
590 1831 20
590 1846 8
590 1930 2
591 669 13
591 837 2
591 883 5
591 948 3
591 1031 14
591 1050 8
591 1058 7
591 1081 6
591 1194 12
591 1272 4
591 1332 15
591 1555 10
591 1575 17
591 1746 4
591 1824 6
591 1927 3
592 604 17
592 718 12
592 793 11
592 859 4
592 954 9
592 983 20
592 1058 6
592 1115 4
592 1331 20
592 1444 14
592 1449 7
592 1521 19
592 1530 14
592 1633 19
592 1754 11
592 1755 6
592 1832 17
592 1861 11
592 1941 10
592 1980 17
593 596 11
593 822 11
593 884 3
593 941 19
593 1140 11
593 1217 3
593 1693 7
593 1718 19
593 1843 19
593 1889 8
594 649 3
594 689 7
594 699 2
594 785 3
594 814 10
594 949 18
594 1020 16
594 1193 11
594 1213 5
594 1263 19
594 1598 20
594 1610 15
594 1666 11
594 1852 9
594 1888 10
595 1002 3
595 1168 9
595 1396 13
595 1438 9
595 1537 20
595 1965 6
596 671 19
596 692 10
596 780 11
596 792 11
596 924 18
596 1244 8
596 1271 15
596 1273 14
596 1308 3
596 1337 2
596 1471 19
596 1474 17
596 1617 19
596 1623 18
596 1736 7
596 1756 1
597 673 12
597 723 7
597 768 14
597 809 5
597 905 11
597 1003 3
597 1033 16
597 1094 14
597 1117 5
597 1325 8
597 1658 9
597 1696 14
597 1844 4
597 1868 10
597 1965 11
598 602 6
598 621 17
598 632 16
598 753 15
598 1117 9
598 1167 8
598 1389 14
598 1461 6
598 1876 15
598 1910 2
598 1970 6
598 1971 16
599 691 18
599 729 14
599 734 9
599 970 4
599 1031 19
599 1049 20
599 1067 12
599 1072 13
599 1081 10
599 1221 4
599 1412 14
599 1433 13
599 1481 16
599 1501 1
599 1508 2
599 1535 10
599 1537 3
599 1591 1
599 1603 10
599 1642 10
599 1884 11
599 1971 14
600 845 18
600 908 9
600 1144 9
600 1166 2
600 1201 10
600 1255 11
600 1274 6
600 1357 9
600 1482 19
600 1521 8
600 1527 2
600 1650 11
601 815 11
601 816 18
601 888 4
601 959 5
601 1110 15
601 1173 20
601 1372 14
601 1395 3
601 1464 11
601 1552 6
601 1620 18
601 1743 18
601 1769 4
601 1798 3
602 735 1
602 750 1
602 928 15
602 1178 20
602 1200 18
602 1215 5
602 1247 1
602 1448 11
602 1526 5
602 1609 15
602 1861 16
602 1870 2
603 790 2
603 920 6
603 926 9
603 1047 5
603 1081 18
603 1087 9
603 1164 8
603 1290 8
603 1404 5
603 1407 18
603 1532 20
603 1708 7
603 1833 18
603 1975 19
603 1990 1
604 610 13
604 839 4
604 888 19
604 927 2
604 950 13
604 960 12
604 983 5
604 1199 2
604 1218 19
604 1226 12
604 1306 11
604 1355 20
604 1515 13
604 1652 8
604 1707 19
604 1729 5
604 1922 12
605 630 7
605 676 2
605 762 14
605 936 3
605 951 12
605 981 15
605 1178 12
605 1242 8
605 1277 8
605 1727 18
605 1914 7
606 706 17
606 907 9
606 917 20
606 959 14
606 962 16
606 1028 9
606 1046 17
606 1077 13
606 1205 3
606 1342 12
606 1518 11
606 1689 1
606 1736 13
606 1973 9
607 631 13
607 652 14
607 668 11
607 727 10
607 873 12
607 905 20
607 1085 13
607 1354 19
607 1513 11
607 1702 20
607 1713 18
607 1799 13
607 1876 10
607 1951 8
608 652 16
608 867 19
608 948 4
608 1000 6
608 1139 10
608 1227 12
608 1242 5
608 1371 13
608 1419 13
608 1436 19
608 1626 5
608 1706 4
608 1773 3
608 1930 5
609 641 15
609 673 14
609 694 17
609 787 18
609 841 7
609 864 6
609 886 6
609 1162 14
609 1179 11
609 1310 19
609 1564 5
609 1659 13
609 1667 19
609 1696 6
609 1719 1
609 1741 15
609 1867 14
610 636 19
610 678 12
610 687 18
610 738 11
610 762 17
610 796 1
610 807 10
610 893 18
610 912 8
610 1094 5
610 1117 8
610 1194 17
610 1313 20
610 1603 17
610 1810 9
610 1829 20
610 1872 14
610 1906 17
610 1977 18
611 682 2
611 817 9
611 1052 14
611 1095 4
611 1116 17
611 1228 17
611 1274 13
611 1282 9
611 1420 9
611 1592 10
611 1700 3
611 1776 12
611 1845 15
612 782 10
612 824 4
612 896 7
612 1155 19
612 1182 14
612 1219 4
612 1463 19
612 1689 20
612 1818 16
612 1941 14
612 1996 16
613 622 3
613 659 17
613 683 5
613 835 8
613 1054 5
613 1178 14
613 1365 12
613 1444 11
613 1567 2
613 1807 20
613 1808 12
613 1845 3
613 1919 18
614 733 7
614 842 7
614 985 3
614 1087 8
614 1391 4
614 1542 4
614 1612 17
614 1766 14
615 872 7
615 1059 10
615 1176 13
615 1212 5
615 1240 13
615 1533 1
615 1637 9
616 663 3
616 709 17
616 882 14
616 986 9
616 1000 20
616 1041 17
616 1133 16
616 1167 4
616 1245 13
616 1524 11
616 1552 1
616 1686 5
616 1706 6
616 1925 6
616 1947 14
617 685 1
617 842 6
617 867 13
617 1203 5
617 1204 14
617 1230 17
617 1283 9
617 1323 14
617 1425 18
617 1749 4
617 1896 13
617 1960 16
617 1966 9
617 1971 12
617 1988 8
618 690 18
618 733 1
618 787 3
618 802 4
618 814 10
618 845 4
618 889 15
618 1077 5
618 1140 18
618 1206 14
618 1284 7
618 1353 9
618 1468 6
618 1519 2
618 1554 4
618 1624 1
618 1718 19
618 1737 15
619 689 8
619 691 9
619 848 2
619 851 14
619 891 7
619 911 6
619 941 15
619 1080 12
619 1165 5
619 1388 18
619 1433 14
619 1595 18
619 1633 4
619 1654 13
620 858 11
620 894 19
620 919 7
620 978 13
620 1025 6
620 1074 9
620 1181 14
620 1285 18
620 1381 4
620 1406 4
620 1498 6
620 1605 16
620 1662 2
620 1673 4
620 1780 13
620 1811 19
620 1850 2
621 671 19
621 920 5
621 1012 16
621 1196 9
621 1314 5
621 1337 20
621 1359 15
621 1406 5
621 1478 1
621 1625 14
621 1661 17
621 1701 4
621 1728 12
621 1759 11
621 1781 18
622 739 10
622 1005 2
622 1016 15
622 1031 11
622 1040 19
622 1308 5
622 1315 15
622 1370 2
622 1417 8
622 1665 16
622 1795 15
622 1841 10
622 1852 18
622 1890 13
622 1933 3
622 1969 14
623 650 8
623 673 16
623 965 4
623 1029 13
623 1038 15
623 1149 14
623 1225 17
623 1236 13
623 1329 15
623 1401 8
623 1436 9
623 1449 20
623 1646 1
623 1784 20
623 1802 19
623 1838 15
623 1952 20
624 836 9
624 848 2
624 938 14
624 1116 10
624 1258 2
624 1273 18
624 1559 15
624 1607 6
624 1787 10
624 1875 18
624 1900 9
624 1928 16
624 1935 9
625 709 13
625 948 3
625 963 8
625 1162 9
625 1260 7
625 1326 7
625 1360 13
625 1482 18
625 1513 4
625 1563 20
626 661 13
626 912 20
626 935 2
626 983 19
626 1335 20
626 1440 20
626 1526 9
626 1661 10
626 1799 20
626 1810 16
626 1860 14
627 903 16
627 1113 1
627 1229 14
627 1307 2
627 1643 14
627 1789 11
628 633 11
628 687 18
628 733 5
628 844 7
628 1053 17
628 1114 14
628 1193 13
628 1254 2
628 1503 15
628 1710 13
628 1755 20
628 1894 14
629 664 15
629 678 19
629 713 12
629 780 10
629 1186 14
629 1558 10
629 1594 14
629 1661 19
629 1678 12
629 1705 11
629 1707 14
629 1756 3
629 1847 6
629 1918 6
629 1949 7
630 707 18
630 836 16
630 873 14
630 923 4
630 1035 19
630 1054 11
630 1099 2
630 1167 14
630 1200 19
630 1339 9
630 1354 12
630 1596 7
630 1732 20
630 1805 2
631 633 14
631 674 14
631 981 18
631 1014 6
631 1016 15
631 1100 6
631 1205 5
631 1260 8
631 1368 10
631 1501 11
631 1547 20
631 1594 20
632 681 14
632 685 14
632 696 14
632 730 9
632 796 19
632 817 10
632 870 13
632 953 20
632 1188 5
632 1192 1
632 1348 2
632 1349 11
632 1532 2
632 1562 11
632 1623 8
632 1760 14
632 1794 5
632 1964 19
632 1976 7
632 1999 19
633 680 19
633 692 13
633 762 4
633 830 9
633 857 8
633 872 17
633 1113 6
633 1139 5
633 1271 14
633 1287 16
633 1293 7
633 1437 6
633 1567 17
633 1592 11
633 1628 12
633 1732 11
634 761 6
634 853 18
634 1199 18
634 1251 3
634 1433 10
634 1454 7
634 1687 2
635 749 4
635 867 12
635 917 14
635 985 15
635 1173 1
635 1299 17
635 1345 18
635 1358 20
635 1491 14
635 1574 14
635 1630 13
635 1634 7
635 1878 6
635 1885 12
635 1910 1
636 637 2
636 726 8
636 736 10
636 917 16
636 1241 7
636 1442 9
636 1502 4
636 1508 2
636 1760 15
636 1839 20
636 1947 8
636 1952 8
636 1976 1
636 1991 17
637 885 19
637 1134 14
637 1430 7
637 1539 16
637 1715 11
637 1757 18
637 1856 19
637 1889 1
637 1900 18
638 743 20
638 861 16
638 1217 12
638 1250 9
638 1328 2
638 1352 11
638 1561 14
638 1707 15
638 1745 12
638 1788 7
638 1877 15
638 1889 9
638 1953 9
639 689 7
639 711 8
639 717 8
639 748 5
639 797 14
639 1005 7
639 1011 4
639 1100 15
639 1206 3
639 1222 3
639 1338 14
639 1441 20
639 1461 1
639 1568 9
639 1734 19
639 1767 17
639 1813 10
639 1842 17
639 1864 7
640 724 16
640 782 11
640 1049 12
640 1120 5
640 1516 2
640 1739 1
640 1859 11
641 731 6
641 950 1
641 1128 3
641 1138 15
641 1386 13
641 1546 5
641 1581 6
641 1610 12
641 1637 1
641 1639 12
641 1760 6
642 817 12
642 1635 8
642 1667 8
642 1699 18
642 1724 3
642 1803 20
643 1028 8
643 1776 11
643 1921 19
643 1931 7
644 949 18
644 1166 19
644 1190 20
644 1338 7
644 1358 12
644 1362 10
644 1378 16
644 1455 17
644 1702 5
644 1818 17
644 1874 6
645 904 5
645 956 3
645 1203 3
645 1329 19
645 1335 7
645 1425 5
645 1444 11
645 1564 13
645 1817 16
645 1855 1
645 1924 2
646 652 1
646 796 6
646 1171 11
646 1249 15
646 1319 18
646 1391 1
646 1591 18
646 1636 4
646 1787 18
646 1832 10
646 1834 15
646 1873 9
647 767 8
647 952 20
647 977 5
647 1054 1
647 1055 10
647 1213 20
647 1306 19
647 1431 9
647 1470 8
647 1524 7
647 1576 16
647 1666 20
648 663 5
648 741 1
648 855 7
648 900 1
648 989 8
648 1043 5
648 1262 4
648 1268 5
648 1277 7
648 1543 3
648 1553 9
648 1570 2
648 1695 3
648 1760 7
648 1903 12
648 1992 9
649 758 5
649 774 13
649 842 20
649 844 3
649 863 8
649 896 18
649 910 4
649 1027 8
649 1310 1
649 1471 10
649 1543 1
649 1601 15
649 1727 2
649 1840 10
650 694 13
650 696 4
650 769 7
650 853 9
650 1173 7
650 1210 5
650 1267 5
650 1291 18
650 1416 4
650 1503 7
650 1599 2
650 1662 2
650 1665 11
650 1751 4
650 1759 7
650 1796 8
650 1914 11
651 678 13
651 915 7
651 1044 19
651 1181 11
651 1267 17
651 1284 19
651 1549 7
651 1567 14
651 1580 10
651 1610 20
651 1635 5
651 1720 10
651 1842 10
651 1882 13
651 1933 12
652 1045 9
652 1417 16
652 1603 7
652 1708 7
652 1767 18
652 1798 18
652 1824 17
652 1931 10
653 687 1
653 773 20
653 869 8
653 964 15
653 970 12
653 995 10
653 1019 20
653 1093 8
653 1139 7
653 1315 6
653 1620 18
653 1674 11
653 1713 18
653 1799 1
653 1808 13
653 1866 13
653 1992 5
654 734 5
654 814 18
654 891 18
654 1062 4
654 1269 20
654 1488 2
654 1497 12
655 677 19
655 720 17
655 929 8
655 953 7
655 1013 20
655 1241 8
655 1336 6
655 1344 4
655 1383 14
655 1436 10
655 1607 3
655 1675 15
655 1713 7
655 1770 18
655 1828 17
655 1839 9
656 975 12
656 1154 12
656 1329 3
656 1528 16
656 1567 6
656 1603 3
656 1634 11
656 1665 18
656 1672 8
656 1742 6
656 1829 7
656 1878 3
656 1884 5
656 1919 2
656 1924 7
656 1955 19
656 1959 1
656 1987 1
656 1998 18
657 762 16
657 923 16
657 941 10
657 1047 14
657 1072 4
657 1101 2
657 1106 8
657 1145 14
657 1230 2
657 1295 14
657 1360 19
657 1385 2
657 1509 4
657 1629 19
657 1671 15
657 1725 5
657 1730 18
657 1764 13
657 1773 15
657 1845 11
657 1910 1
658 778 2
658 782 10
658 909 12
658 1056 4
658 1057 17
658 1069 13
658 1105 12
658 1599 6
658 1653 13
658 1684 17
658 1743 14
658 1820 4
658 1890 4
658 1967 19
659 689 19
659 744 15
659 776 14
659 872 10
659 1015 2
659 1081 15
659 1103 4
659 1132 19
659 1224 7
659 1255 9
659 1391 17
659 1413 9
659 1498 15
659 1548 15
659 1574 18
659 1614 2
659 1752 9
659 1799 14
659 1837 3
659 1884 9
660 664 17
660 687 5
660 756 4
660 839 16
660 847 12
660 943 20
660 1308 15
660 1317 11
660 1372 19
660 1397 14
660 1403 19
660 1552 19
660 1736 5
660 1855 17
660 1901 9
660 1943 9
661 813 5
661 852 13
661 970 11
661 1027 6
661 1064 9
661 1331 20
661 1446 15
661 1544 14
661 1629 16
661 1637 11
661 1763 13
661 1823 10
661 1924 18
661 1939 10
661 1943 9
661 1967 6
662 719 18
662 723 20
662 764 9
662 839 4
662 989 3
662 1351 2
662 1406 14
662 1430 1
662 1581 4
662 1621 6
662 1638 11
662 1720 15
662 1788 5
663 678 4
663 758 12
663 808 15
663 864 1
663 874 12
663 942 4
663 966 17
663 1040 1
663 1134 1
663 1150 9
663 1217 11
663 1451 1
663 1698 4
663 1712 2
663 1715 2
663 1895 10
663 1931 9
663 1958 4
664 699 14
664 735 7
664 742 2
664 985 7
664 1027 11
664 1135 8
664 1145 20
664 1433 18
664 1452 15
664 1496 20
664 1616 14
664 1656 10
664 1742 11
664 1778 9
664 1801 20
664 1811 10
664 1817 13
664 1872 17
664 1940 6
665 834 2
665 1002 6
665 1010 7
665 1050 13
665 1144 15
665 1240 4
665 1244 10
665 1252 11
665 1302 3
665 1392 15
665 1438 9
665 1472 12
665 1475 14
665 1594 1
665 1642 4
665 1788 5
665 1936 1
666 709 19
666 741 15
666 820 13
666 828 17
666 957 20
666 966 10
666 1067 14
666 1267 18
666 1325 5
666 1346 14
666 1381 9
666 1417 10
666 1463 17
666 1535 12
666 1557 4
666 1650 15
666 1735 2
666 1743 16
666 1769 17
666 1805 19
667 796 11
667 975 6
667 1007 3
667 1119 12
667 1142 1
667 1479 6
667 1543 2
667 1731 10
667 1904 16
667 1991 2
668 803 7
668 827 13
668 927 10
668 966 1
668 1105 5
668 1112 16
668 1165 12
668 1238 9
668 1267 5
668 1412 8
668 1413 18
668 1471 10
668 1546 15
668 1644 9
668 1645 13
669 675 8
669 848 11
669 941 10
669 957 4
669 1018 1
669 1078 6
669 1354 16
669 1415 3
669 1786 13
669 1999 5
670 835 13
670 959 12
670 1047 1
670 1055 12
670 1144 1
670 1357 6
670 1429 11
670 1440 13
670 1866 14
671 672 4
671 770 15
671 775 7
671 884 8
671 1022 7
671 1149 15
671 1257 4
671 1286 6
671 1332 10
671 1348 9
671 1747 12
671 1976 15
672 719 18
672 782 19
672 826 2
672 843 13
672 867 9
672 920 3
672 1026 19
672 1055 20
672 1080 12
672 1291 2
672 1454 2
672 1890 17
672 1914 3
673 717 16
673 739 13
673 894 3
673 917 12
673 932 16
673 933 11
673 1130 16
673 1206 13
673 1254 11
673 1307 1
673 1336 8
673 1486 7
673 1518 4
673 1523 12
673 1597 12
673 1671 12
673 1718 12
673 1744 11
673 1785 7
673 1802 7
673 1885 4
673 1989 19
674 859 17
674 917 17
674 926 20
674 1159 8
674 1471 5
674 1499 4
674 1565 15
674 1713 17
674 1736 14
674 1871 11
674 1943 19
674 1963 12
675 1011 1
675 1306 20
675 1504 15
675 1620 2
675 1621 19
675 1652 15
675 1776 19
675 1783 2
675 1798 4
676 754 8
676 803 8
676 1129 13
676 1259 17
676 1263 6
676 1575 16
676 1592 7
676 1623 17
676 1669 3
676 1797 17
676 1817 9
676 1840 9
676 1886 12
677 779 13
677 849 5
677 928 17
677 1027 12
677 1041 4
677 1060 9
677 1245 2
677 1338 16
677 1593 11
677 1643 2
677 1798 19
677 1977 2
678 809 14
678 815 1
678 1004 10
678 1116 4
678 1306 11
678 1355 3
678 1359 5
678 1499 13
678 1541 1
678 1797 11
678 1859 11
678 1916 19
678 1981 4
679 758 3
679 786 2
679 793 19
679 843 18
679 1149 2
679 1171 4
679 1187 13
679 1229 6
679 1433 1
679 1571 18
679 1592 13
679 1638 20
679 1661 19
679 1678 19
679 1717 8
679 1844 20
679 1866 9
679 1956 13
680 750 8
680 801 18
680 900 9
680 988 11
680 1167 14
680 1315 2
680 1373 19
680 1536 4
680 1658 17
680 1771 7
680 1810 4
680 1860 13
680 1924 9
680 1943 4
680 1960 11
680 1978 2
681 889 10
681 987 5
681 1147 11
681 1173 9
681 1382 1
681 1501 12
681 1646 2
681 1661 9
681 1671 7
681 1754 1
681 1764 20
681 1838 12
681 1911 18
681 1956 14
682 721 18
682 887 13
682 995 11
682 1055 12
682 1261 20
682 1328 12
682 1421 9
682 1470 12
682 1633 12
682 1675 2
682 1768 15
682 1797 9
683 1070 5
683 1110 1
683 1201 4
683 1504 2
683 1572 8
683 1629 19
683 1764 12
683 1847 9
684 714 3
684 794 18
684 1077 16
684 1086 19
684 1264 15
684 1400 20
684 1435 10
684 1591 4
684 1722 7
684 1732 15
684 1740 15
684 1770 1
684 1776 15
684 1851 19
684 1929 9
685 688 11
685 766 7
685 780 1
685 841 7
685 1466 14
685 1472 4
685 1532 15
685 1771 13
685 1845 10
685 1864 17
685 1892 9
685 1970 4
686 897 19
686 1078 20
686 1083 11
686 1161 11
686 1303 20
686 1451 18
686 1484 12
686 1526 4
686 1635 3
686 1655 15
686 1852 5
686 1909 2
686 1962 15
687 834 13
687 885 14
687 1031 12
687 1395 9
687 1852 11
687 1911 17
687 1924 2
687 1958 17
687 1982 18
688 754 7
688 804 5
688 1042 15
688 1044 20
688 1223 4
688 1299 20
688 1308 20
688 1386 18
688 1396 1
688 1421 7
688 1510 13
688 1515 7
688 1558 5
688 1603 5
688 1656 7
688 1823 5
688 1824 7
688 1915 13
689 757 3
689 786 2
689 801 15
689 1209 1
689 1273 18
689 1289 5
689 1291 4
689 1425 8
689 1443 7
689 1484 2
689 1509 1
689 1617 10
689 1693 6
689 1744 14
689 1784 20
689 1850 12
689 1851 18
689 1997 4
690 773 3
690 893 16
690 936 4
690 1010 11
690 1042 18
690 1081 15
690 1150 5
690 1166 16
690 1268 19
690 1278 1
690 1284 16
690 1322 15
690 1353 8
690 1647 1
690 1657 9
690 1814 18
690 1823 18
690 1873 11
690 1913 16
690 1982 17
691 817 2
691 883 4
691 1069 17
691 1144 16
691 1226 6
691 1420 6
691 1549 13
691 1763 15
691 1770 17
691 1790 1
691 1861 12
691 1864 14
691 1873 13
692 730 7
692 742 5
692 747 17
692 833 11
692 988 16
692 996 12
692 1270 8
692 1324 9
692 1394 8
692 1403 13
692 1603 10
692 1691 1
692 1730 2
692 1895 20
693 840 11
693 861 7
693 863 6
693 866 18
693 1115 8
693 1185 15
693 1220 19
693 1554 11
693 1590 4
693 1883 6
693 1949 16
693 1980 6
694 753 3
694 849 11
694 951 9
694 1064 4
694 1068 9
694 1164 15
694 1289 5
694 1535 13
694 1639 4
694 1667 1
694 1960 18
695 880 13
695 944 15
695 1019 9
695 1086 10
695 1131 19
695 1166 8
695 1394 4
695 1442 15
695 1475 17
695 1480 7
695 1596 9
695 1623 3
695 1855 18
696 720 19
696 777 19
696 783 2
696 801 14
696 877 14
696 1024 9
696 1046 6
696 1261 12
696 1294 5
696 1357 19
696 1522 16
696 1562 18
696 1686 10
696 1708 6
696 1807 4
696 1812 10
696 1955 16
697 795 8
697 831 1
697 958 11
697 1005 8
697 1121 17
697 1177 13
697 1254 19
697 1257 13
697 1270 17
697 1293 12
697 1584 3
697 1651 1
697 1972 7
697 1989 6
698 742 14
698 866 6
698 1166 7
698 1345 7
698 1370 9
698 1561 16
698 1588 1
698 1601 16
698 1699 7
698 1814 14
699 854 6
699 987 13
699 1196 1
699 1385 4
699 1438 8
699 1584 17
699 1781 8
700 766 14
700 873 2
700 906 16
700 1161 5
700 1196 2
700 1251 11
700 1377 4
700 1430 17
700 1548 20
700 1600 6
700 1666 17
700 1681 11
700 1871 16
700 1888 3
701 705 7
701 758 18
701 1059 15
701 1225 1
701 1243 1
701 1277 2
701 1292 15
701 1468 3
701 1473 7
701 1595 5
701 1655 15
701 1768 15
701 1937 11
701 1949 12
701 1956 12
702 809 18
702 830 5
702 902 13
702 1086 17
702 1170 1
702 1244 4
702 1287 14
702 1447 17
702 1492 17
702 1581 20
702 1659 16
702 1682 16
702 1745 8
703 732 12
703 831 8
703 909 13
703 951 12
703 1013 5
703 1060 2
703 1123 5
703 1268 13
703 1465 20
703 1504 16
703 1578 7
703 1671 19
703 1678 18
703 1806 17
703 1920 6
704 722 1
704 728 2
704 838 3
704 924 3
704 938 5
704 968 4
704 1056 1
704 1060 8
704 1277 3
704 1391 15
704 1452 15
704 1466 17
704 1531 4
704 1954 12
705 769 9
705 936 10
705 1292 20
705 1326 4
705 1537 13
705 1554 16
705 1691 13
705 1714 8
705 1799 8
705 1856 18
705 1869 19
705 1909 11
706 718 14
706 953 5
706 963 12
706 1147 5
706 1330 3
706 1437 9
706 1769 14
706 1991 3
706 1994 16
707 946 17
707 1071 19
707 1381 2
707 1387 6
707 1759 5
707 1821 20
707 1951 8
708 755 15
708 881 20
708 1103 10
708 1317 8
708 1318 12
708 1634 4
708 1677 9
708 1702 9
708 1818 18
708 1839 10
708 1906 1
708 1924 9
709 721 19
709 1239 5
709 1387 17
709 1464 15
709 1493 11
709 1537 12
709 1665 1
709 1712 8
709 1801 18
709 1887 11
709 1976 10
710 729 13
710 847 17
710 852 13
710 1039 4
710 1157 3
710 1321 11
710 1335 2
710 1353 18
710 1405 9
710 1478 13
710 1607 15
710 1627 20
710 1642 9
710 1668 17
710 1719 8
710 1820 17
710 1853 1
710 1928 7
711 862 10
711 868 2
711 883 10
711 911 17
711 968 2
711 1100 14
711 1158 16
711 1240 5
711 1243 14
711 1398 12
711 1412 1
711 1877 13
711 1977 5
712 750 13
712 773 13
712 884 9
712 1033 19
712 1073 3
712 1161 5
712 1172 4
712 1344 16
712 1381 8
712 1393 2
712 1441 15
712 1662 10
712 1675 7
712 1687 4
713 735 7
713 765 1
713 927 1
713 941 3
713 993 14
713 1048 17
713 1239 3
713 1335 9
713 1383 9
713 1424 12
713 1568 10
713 1771 11
713 1880 16
713 1944 18
714 726 19
714 895 13
714 897 17
714 936 4
714 948 9
714 1440 8
714 1576 7
714 1685 3
714 1731 13
714 1757 10
714 1887 7
714 1963 19
715 724 17
715 878 9
715 899 4
715 1000 10
715 1043 11
715 1143 17
715 1154 19
715 1336 20
715 1738 19
715 1757 9
715 1828 11
715 1929 5
716 771 9
716 931 17
716 934 19
716 1060 4
716 1207 14
716 1318 3
716 1366 8
716 1426 18
716 1672 9
716 1745 14
716 1817 17
716 1833 14
716 1967 2
716 1969 13
717 822 13
717 829 3
717 884 16
717 934 10
717 954 18
717 1020 15
717 1039 19
717 1059 14
717 1129 3
717 1172 3
717 1346 4
717 1419 18
717 1512 4
717 1575 3
717 1622 11
717 1649 9
717 1676 4
717 1696 9
717 1792 2
717 1843 18
717 1913 8
717 1990 1
718 785 8
718 804 5
718 828 9
718 872 4
718 876 14
718 962 16
718 1044 11
718 1376 12
718 1430 5
718 1660 15
718 1814 18
718 1827 5
718 1879 19
718 1906 8
719 779 15
719 880 4
719 974 14
719 975 8
719 1016 4
719 1030 8
719 1069 15
719 1203 8
719 1223 19
719 1250 8
719 1351 10
719 1519 7
719 1686 11
719 1702 6
719 1707 9
719 1968 17
720 728 16
720 793 8
720 889 15
720 1035 1
720 1090 9
720 1255 17
720 1605 9
720 1698 11
720 1749 10
720 1829 5
720 1912 3
720 1971 13
721 970 19
721 1001 4
721 1036 8
721 1096 20
721 1171 15
721 1359 16
721 1838 7
721 1887 20
721 1979 5
722 941 2
722 1084 19
722 1288 3
722 1300 15
722 1416 20
722 1471 16
722 1586 13
722 1623 20
722 1651 18
722 1762 11
722 1925 8
723 1040 20
723 1137 19
723 1315 3
723 1455 11
723 1466 1
723 1588 10
723 1624 18
723 1627 8
723 1798 3
723 1836 16
723 1856 14
724 742 16
724 1163 4
724 1177 13
724 1181 12
724 1255 4
724 1300 1
724 1344 11
724 1587 20
724 1602 9
724 1674 4
724 1675 2
724 1755 1
724 1823 1
724 1866 1
724 1870 19
725 821 3
725 837 1
725 1090 17
725 1278 5
725 1521 11
725 1584 1
725 1690 6
725 1747 18
725 1873 14
725 1886 1
725 1900 5
725 1936 1
725 1986 16
726 865 4
726 1186 15
726 1447 20
727 776 9
727 844 11
727 989 8
727 1285 16
727 1397 20
727 1718 7
727 1990 13
728 777 12
728 870 12
728 952 8
728 1108 20
728 1234 5
728 1344 19
728 1522 6
728 1558 16
728 1602 15
728 1807 15
729 948 18
729 996 17
729 1142 16
729 1148 14
729 1237 3
729 1289 1
729 1310 19
729 1342 8
729 1389 12
729 1440 4
729 1713 10
729 1816 1
729 1930 13
730 935 3
730 969 9
730 1133 13
730 1145 18
730 1159 7
730 1161 19
730 1196 10
730 1225 1
730 1464 12
730 1566 11
730 1821 18
730 1928 19
731 760 15
731 884 4
731 911 10
731 913 13
731 915 5
731 1247 12
731 1294 12
731 1315 15
731 1414 11
731 1488 17
731 1637 8
731 1696 5
732 906 14
732 1151 15
732 1511 1
732 1569 7
732 1594 3
732 1645 9
732 1652 16
732 1747 15
732 1749 13
732 1775 19
732 1921 5
732 1948 3
732 1950 19
733 891 6
733 917 12
733 925 5
733 1111 11
733 1186 18
733 1190 15
733 1206 15
733 1281 1
733 1842 14
733 1858 5
733 1878 2
733 1952 19
733 1995 16
734 753 4
734 822 1
734 834 8
734 838 5
734 939 9
734 949 15
734 1132 14
734 1434 13
734 1455 19
734 1503 20
734 1729 2
734 1847 3
735 932 5
735 988 2
735 1029 12
735 1087 18
735 1116 15
735 1197 15
735 1204 3
735 1347 1
735 1544 19
735 1714 20
735 1748 10
735 1872 20
735 1906 2
736 791 17
736 794 15
736 984 4
736 1023 3
736 1189 5
736 1240 4
736 1395 16
736 1556 20
736 1772 17
736 1856 15
736 1861 16
736 1865 17
737 879 11
737 963 17
737 1059 10
737 1088 16
737 1143 12
737 1195 12
737 1372 9
737 1540 6
737 1573 12
737 1640 8
737 1673 5
737 1739 6
737 1895 13
737 1901 12
737 1963 6
738 839 14
738 916 4
738 945 15
738 949 10
738 988 7
738 1000 19
738 1037 6
738 1069 7
738 1115 2
738 1164 14
738 1169 14
738 1215 1
738 1218 20
738 1279 8
738 1321 9
738 1458 2
738 1647 2
738 1682 19
738 1767 3
738 1806 6
738 1847 5
739 825 14
739 831 12
739 950 15
739 1234 1
739 1336 13
739 1392 10
739 1446 2
739 1716 18
739 1920 14
740 779 10
740 1014 13
740 1185 4
740 1238 11
740 1422 12
740 1666 14
740 1690 10
740 1714 16
740 1724 18
740 1786 6
741 744 10
741 835 16
741 861 6
741 914 13
741 948 14
741 1038 18
741 1065 6
741 1173 17
741 1193 9
741 1289 20
741 1409 18
741 1421 20
741 1657 7
741 1937 5
741 1943 14
742 880 9
742 1032 8
742 1234 3
742 1290 3
742 1295 15
742 1442 15
742 1509 13
742 1527 17
742 1724 17
742 1788 9
742 1835 19
742 1851 3
742 1868 2
743 1088 8
743 1245 9
743 1385 10
743 1484 14
743 1527 17
743 1692 12
743 1696 14
743 1782 10
744 799 20
744 898 13
744 937 14
744 1058 14
744 1156 19
744 1227 7
744 1317 10
744 1456 4
744 1520 18
744 1543 15
744 1701 13
744 1927 8
744 1958 13
745 763 10
745 1393 7
745 1625 13
745 1663 3
745 1668 14
745 1703 1
745 1730 12
746 926 17
746 1074 8
746 1089 12
746 1105 15
746 1213 14
746 1368 15
746 1407 19
746 1466 20
746 1549 18
746 1588 16
746 1598 7
746 1605 1
746 1759 1
746 1846 1
746 1847 9
746 1929 6
746 1976 13
747 907 3
747 1145 3
747 1222 2
747 1289 19
747 1324 19
747 1373 15
747 1387 4
747 1445 5
747 1477 16
747 1619 3
747 1735 4
747 1840 14
747 1973 1
748 870 6
748 998 3
748 1051 15
748 1132 3
748 1221 10
748 1227 17
748 1414 10
748 1457 9
748 1951 6
749 768 20
749 895 3
749 921 13
749 981 20
749 1159 12
749 1194 20
749 1347 2
749 1459 6
749 1498 17
749 1611 9
749 1959 7
750 790 19
750 832 19
750 982 3
750 1042 10
750 1102 20
750 1244 3
750 1270 18
750 1456 10
750 1517 12
750 1591 3
750 1618 2
750 1829 14
750 1957 19
750 1965 7
751 878 2
751 1013 13
751 1137 8
751 1226 19
751 1239 2
751 1360 5
751 1413 3
751 1598 13
751 1745 5
751 1867 2
751 1943 16
752 819 16
752 828 18
752 880 9
752 1135 2
752 1137 3
752 1258 20
752 1273 13
752 1279 1
752 1312 17
752 1325 8
752 1336 18
752 1355 19
752 1438 8
752 1481 19
752 1519 17
752 1609 3
752 1834 18
752 1901 12
752 1953 16
753 817 13
753 957 5
753 966 14
753 1097 15
753 1155 19
753 1266 14
753 1838 17
754 803 8
754 1208 15
754 1479 3
754 1499 3
754 1756 5
754 1836 12
754 1898 13
754 1901 19
754 1907 12
755 955 2
755 1026 20
755 1301 1
755 1554 18
755 1601 9
755 1620 13
755 1667 6
755 1685 10
755 1714 15
755 1866 20
755 1914 4
755 1947 9
756 953 7
756 1018 10
756 1077 2
756 1121 19
756 1507 8
756 1590 14
756 1708 6
756 1769 15
756 1858 11
756 1992 7
757 941 15
757 1125 17
757 1325 20
757 1356 5
757 1625 4
757 1899 19
758 889 9
758 942 12
758 1066 11
758 1074 12
758 1192 9
758 1270 19
758 1508 10
758 1599 9
758 1691 20
758 1702 13
758 1826 8
758 1909 1
758 1910 18
758 1917 9
759 836 7
759 882 7
759 922 2
759 944 2
759 966 15
759 1039 2
759 1183 20
759 1332 8
759 1436 7
759 1546 5
759 1841 13
759 1968 19
759 1975 20
760 908 14
760 1048 7
760 1313 7
760 1402 15
760 1544 16
760 1701 6
760 1769 14
760 1815 13
761 908 12
761 942 17
761 947 3
761 989 3
761 1027 19
761 1074 2
761 1106 8
761 1194 3
761 1348 3
761 1373 17
761 1598 12
761 1780 6
762 867 3
762 931 5
762 1028 12
762 1236 5
762 1277 16
762 1289 11
762 1519 16
762 1666 9
762 1678 18
762 1831 7
762 1845 2
762 1886 5
762 1891 2
763 787 1
763 929 13
763 933 6
763 975 5
763 1079 12
763 1311 12
763 1461 18
763 1842 9
763 1916 9
763 1959 13
764 782 5
764 885 5
764 926 17
764 1111 13
764 1397 17
764 1464 19
764 1514 14
764 1754 5
764 1853 20
765 777 5
765 953 14
765 985 15
765 1076 15
765 1101 3
765 1111 8
765 1151 4
765 1503 20
765 1607 5
765 1686 11
765 1830 11
765 1986 15
765 1995 12
766 1000 12
766 1028 18
766 1173 13
766 1182 17
766 1245 13
766 1258 18
766 1407 19
766 1501 13
766 1526 19
766 1574 9
766 1855 12
766 1928 6
766 1976 14
767 870 13
767 915 8
767 939 16
767 1274 5
767 1354 4
767 1398 14
767 1473 15
767 1584 19
767 1713 19
767 1776 18
767 1902 13
767 1911 6
767 1918 4
767 1929 19
768 799 19
768 847 15
768 899 18
768 1073 1
768 1381 2
768 1686 12
768 1753 9
768 1780 20
768 1782 8
768 1993 17
769 1005 5
769 1059 3
769 1092 20
769 1317 2
769 1427 9
769 1459 12
769 1467 1
769 1542 9
769 1671 12
769 1691 16
769 1823 6
769 1827 3
770 944 17
770 975 13
770 1049 6
770 1151 13
770 1307 12
770 1523 6
770 1558 14
770 1736 1
770 1798 2
770 1839 18
770 1947 3
770 1990 3
770 1994 3
771 871 7
771 935 14
771 1336 20
771 1373 10
771 1437 1
771 1493 8
771 1546 3
771 1729 1
771 1741 8
771 1768 15
771 1770 2
771 1787 1
771 1799 17
771 1902 5
771 1958 6
772 775 1
772 1015 4
772 1454 3
772 1770 1
772 1783 5
773 877 13
773 970 12
773 981 17
773 1020 2
773 1173 1
773 1296 3
773 1554 5
773 1589 8
773 1833 18
773 1858 10
773 1926 7
774 829 18
774 835 19
774 1323 7
774 1346 3
774 1477 17
774 1657 18
774 1677 19
774 1682 16
774 1758 3
774 1774 18
774 1800 15
774 1815 1
774 1996 2
775 883 6
775 1036 3
775 1202 14
775 1486 17
775 1506 1
775 1639 2
775 1964 4
775 1966 9
775 1982 18
776 870 3
776 911 7
776 919 9
776 967 10
776 999 14
776 1218 13
776 1318 12
776 1352 3
776 1542 3
776 1677 2
776 1914 20
777 944 18
777 998 12
777 1162 4
777 1409 16
777 1416 7
777 1460 10
777 1486 20
777 1497 18
777 1501 17
777 1525 3
777 1618 3
777 1736 15
777 1749 13
777 1838 3
777 1924 14
778 810 8
778 871 4
778 977 12
778 1239 8
778 1251 4
778 1255 18
778 1283 20
778 1333 5
778 1387 9
778 1395 15
778 1438 10
778 1471 1
778 1547 4
778 1551 1
778 1637 6
778 1668 6
778 1718 12
778 1773 9
778 1897 1
779 843 14
779 992 15
779 993 11
779 1089 8
779 1162 19
779 1171 11
779 1286 8
779 1668 20
779 1741 18
779 1824 14
780 859 1
780 886 13
780 888 6
780 907 1
780 933 17
780 950 3
780 995 13
780 1204 12
780 1207 16
780 1299 15
780 1312 10
780 1425 17
780 1678 12
780 1749 15
780 1881 18
781 803 12
781 858 16
781 1068 3
781 1261 10
781 1340 10
781 1371 19
781 1446 13
781 1544 19
781 1632 14
781 1706 19
781 1792 20
781 1892 7
781 1905 17
782 1003 2
782 1041 15
782 1304 3
782 1432 1
782 1470 19
782 1533 2
782 1545 1
782 1586 8
782 1678 13
782 1757 11
782 1772 9
782 1802 9
782 1812 17
782 1838 9
782 1869 14
782 1920 9
783 790 10
783 802 3
783 853 18
783 1064 4
783 1076 13
783 1077 1
783 1239 10
783 1257 19
783 1326 4
783 1482 5
783 1592 15
783 1626 1
783 1645 17
783 1760 8
783 1922 2
783 1938 10
783 1942 9
783 1969 20
783 1971 8
784 809 20
784 856 13
784 1072 8
784 1151 11
784 1319 13
784 1406 8
784 1435 12
784 1636 7
784 1723 13
784 1823 7
785 816 12
785 835 18
785 1197 4
785 1248 20
785 1296 4
785 1503 6
785 1587 19
785 1699 7
785 1802 14
785 1953 5
785 1972 2
786 806 9
786 855 2
786 909 19
786 952 11
786 1108 20
786 1142 6
786 1529 4
786 1607 7
786 1806 10
786 1884 16
786 1905 14
787 930 13
787 1042 8
787 1065 19
787 1081 17
787 1167 7
787 1276 18
787 1332 4
787 1572 4
787 1600 9
787 1626 14
787 1648 13
787 1764 6
787 1774 1
787 1860 20
787 1868 18
788 815 2
788 816 8
788 963 15
788 1406 12
788 1515 18
788 1661 17
788 1739 20
788 1773 11
788 1815 16
788 1850 16
788 1853 8
788 1897 15
789 865 19
789 901 11
789 931 4
789 938 20
789 948 8
789 1271 2
789 1277 18
789 1393 15
789 1624 15
789 1635 13
789 1763 9
790 840 14
790 1012 20
790 1015 3
790 1289 7
790 1309 4
790 1520 12
790 1764 17
790 1780 6
790 1891 17
790 1955 14
791 865 15
791 913 4
791 1050 10
791 1144 12
791 1148 7
791 1250 13
791 1444 17
791 1550 15
791 1669 18
791 1720 7
791 1977 3
792 894 3
792 939 17
792 1169 3
792 1349 8
792 1452 9
792 1453 12
792 1580 8
792 1720 4
792 1819 13
792 1869 20
793 804 18
793 892 9
793 1134 17
793 1232 12
793 1434 20
793 1500 4
793 1542 8
793 1652 9
793 1711 20
794 934 6
794 967 8
794 1126 16
794 1159 20
794 1465 15
794 1477 3
794 1511 3
794 1658 8
794 1678 18
794 1752 4
794 1755 3
794 1887 11
794 1938 8
794 1965 10
794 1967 9
795 971 7
795 983 18
795 1021 1
795 1118 3
795 1135 11
795 1337 19
795 1374 5
795 1436 4
795 1465 14
795 1492 18
795 1494 3
795 1501 11
795 1523 12
795 1556 19
795 1576 7
795 1587 8
795 1620 20
795 1875 4
795 1913 14
795 1996 1
796 819 7
796 954 10
796 1024 19
796 1034 6
796 1191 14
796 1255 15
796 1318 16
796 1327 13
796 1548 3
796 1615 5
797 828 3
797 912 18
797 986 8
797 990 3
797 1121 3
797 1137 1
797 1177 19
797 1427 8
797 1467 13
797 1552 5
797 1559 11
797 1763 1
797 1800 16
798 852 4
798 889 8
798 966 5
798 1290 1
798 1387 2
798 1536 11
798 1916 9
798 1965 7
799 804 17
799 837 10
799 1276 15
799 1411 14
799 1463 3
799 1467 10
799 1512 16
799 1544 13
799 1839 4
799 1882 20
799 1887 6
799 1890 16
799 1908 1
799 1938 16
799 1949 17
799 1958 11
799 1979 16
800 812 7
800 848 11
800 874 1
800 895 15
800 901 19
800 959 5
800 970 14
800 992 15
800 1017 12
800 1033 4
800 1139 9
800 1444 19
800 1592 5
800 1603 13
800 1738 7
800 1870 8
801 832 17
801 862 11
801 982 14
801 1090 15
801 1337 16
801 1490 2
801 1520 5
801 1770 9
801 1978 4
802 806 5
802 874 12
802 977 5
802 1125 19
802 1170 13
802 1260 12
802 1291 6
802 1318 4
802 1320 1
802 1365 17
802 1553 9
802 1725 1
802 1869 3
802 1912 5
803 831 9
803 904 20
803 930 18
803 1084 3
803 1088 20
803 1110 1
803 1112 3
803 1163 5
803 1331 8
803 1526 9
803 1592 17
803 1668 12
803 1793 18
803 1812 18
803 1885 18
803 1951 7
804 833 2
804 879 18
804 1015 11
804 1481 19
804 1556 17
804 1571 13
804 1671 15
804 1680 18
804 1698 18
804 1716 20
804 1775 1
804 1823 5
804 1873 2
804 1986 14
805 1124 15
805 1176 18
805 1197 5
805 1230 7
805 1474 10
805 1571 11
805 1733 15
805 1745 17
805 1784 20
805 1825 11
805 1955 2
806 894 6
806 928 20
806 1010 2
806 1016 9
806 1122 7
806 1301 20
806 1422 2
806 1718 18
806 1861 17
806 1915 1
806 1941 3
806 1977 4
807 986 15
807 1010 2
807 1015 5
807 1053 4
807 1258 12
807 1363 2
807 1496 1
807 1508 8
807 1565 9
807 1601 12
807 1694 14
807 1700 5
807 1752 7
807 1820 18
807 1933 7
807 1960 2
807 1970 12
808 986 20
808 1193 3
808 1232 3
808 1237 17
808 1336 5
808 1426 10
808 1473 2
808 1488 14
808 1602 10
808 1645 19
808 1784 14
808 1794 2
808 1802 16
808 1879 5
808 1936 4
809 815 17
809 874 8
809 911 13
809 1012 17
809 1057 11
809 1104 20
809 1184 8
809 1371 16
809 1383 7
809 1474 9
809 1507 19
809 1571 13
809 1632 10
809 1679 3
809 1706 18
809 1783 15
809 1858 2
809 1900 20
810 833 10
810 857 8
810 943 1
810 955 3
810 963 5
810 1019 17
810 1057 1
810 1073 17
810 1303 3
810 1315 15
810 1662 13
810 1680 9
810 1997 1
810 1998 5
811 986 19
811 1036 16
811 1126 5
811 1150 1
811 1195 13
811 1240 5
811 1264 9
811 1334 3
811 1385 9
811 1671 9
811 1723 13
811 1760 10
811 1872 15
812 840 6
812 906 4
812 1090 7
812 1174 4
812 1177 15
812 1337 19
812 1370 19
812 1451 17
812 1503 4
812 1518 19
812 1519 1
812 1706 1
812 1743 2
812 1920 15
812 1966 13
813 1134 5
813 1147 2
813 1328 12
813 1384 3
813 1452 3
813 1512 15
813 1581 1
813 1636 15
813 1807 5
813 1928 5
814 839 4
814 890 12
814 908 17
814 930 3
814 961 4
814 1088 7
814 1146 15
814 1158 3
814 1217 18
814 1581 2
814 1590 17
814 1621 15
814 1683 10
814 1960 7
815 1132 4
815 1136 13
815 1232 13
815 1333 18
815 1510 14
815 1511 17
815 1728 10
815 1882 4
815 1947 3
816 990 15
816 1123 3
816 1130 2
816 1152 14
816 1321 19
816 1374 15
816 1455 6
816 1519 12
816 1548 12
816 1576 14
816 1583 12
816 1662 5
816 1673 9
816 1735 15
816 1800 15
816 1983 11
817 910 13
817 1140 2
817 1143 11
817 1292 13
817 1298 17
817 1360 12
817 1400 11
817 1745 6
817 1754 7
818 878 19
818 951 20
818 1026 11
818 1048 2
818 1224 13
818 1308 6
818 1388 4
818 1799 6
818 1866 9
818 1871 8
819 902 7
819 1105 12
819 1155 13
819 1268 14
819 1383 16
819 1495 9
819 1608 12
819 1611 19
819 1690 8
819 1908 5
819 1910 20
819 1938 12
820 1294 6
820 1302 19
820 1368 3
820 1382 9
820 1408 15
820 1470 16
820 1576 19
820 1792 2
820 1983 20
821 910 4
821 944 3
821 1055 9
821 1329 1
821 1392 14
821 1457 8
821 1502 4
821 1578 17
821 1836 1
821 1902 1
821 1941 12
822 1162 5
822 1453 16
822 1785 5
822 1918 2
822 1930 7
823 866 6
823 981 10
823 1014 19
823 1198 8
823 1290 9
823 1302 4
823 1326 16
823 1421 16
823 1619 5
823 1677 15
823 1755 16
823 1951 1
824 1003 10
824 1456 19
824 1503 1
824 1563 19
824 1664 17
824 1687 13
824 1705 13
824 1812 6
824 1816 5
824 1831 16
824 1957 7
825 875 8
825 908 19
825 1027 15
825 1031 11
825 1047 12
825 1108 20
825 1267 5
825 1282 17
825 1319 18
825 1422 3
825 1541 1
825 1662 3
825 1746 19
825 1750 17
825 1784 2
825 1921 13
825 1953 12
826 827 5
826 838 6
826 842 11
826 973 9
826 978 3
826 1011 17
826 1264 3
826 1350 17
826 1667 16
826 1727 19
826 1755 10
827 1028 3
827 1121 10
827 1147 16
827 1270 3
827 1414 4
827 1431 3
827 1766 3
827 1881 15
827 1949 14
828 877 6
828 1019 6
828 1092 1
828 1196 20
828 1235 17
828 1422 9
828 1515 5
828 1631 15
828 1823 6
828 1890 7
829 871 13
829 941 20
829 1192 1
829 1198 9
829 1239 10
829 1337 9
829 1362 18
829 1588 2
829 1683 8
829 1696 20
830 860 18
830 882 19
830 916 10
830 919 18
830 1157 15
830 1168 5
830 1330 17
830 1341 4
830 1392 12
830 1404 2
830 1456 12
830 1517 16
830 1591 11
830 1618 10
830 1620 12
830 1660 17
830 1742 16
830 1790 5
830 1834 10
830 1855 6
830 1900 14
830 1928 7
830 1933 14
831 833 19
831 952 2
831 979 16
831 981 9
831 1073 3
831 1116 4
831 1183 16
831 1195 12
831 1201 11
831 1315 1
831 1493 19
831 1504 6
831 1537 19
831 1585 8
831 1669 17
831 1787 8
831 1930 11
832 955 14
832 1096 12
832 1374 15
832 1401 5
832 1403 19
832 1515 11
832 1526 8
832 1682 16
832 1807 7
833 910 11
833 1130 19
833 1140 7
833 1367 10
833 1757 7
833 1831 20
833 1838 20
833 1887 14
833 1925 5
834 865 16
834 874 12
834 946 3
834 1093 4
834 1111 9
834 1156 14
834 1325 16
834 1512 16
834 1652 13
835 879 13
835 926 4
835 929 8
835 1025 1
835 1050 4
835 1099 14
835 1118 10
835 1166 6
835 1184 2
835 1371 19
835 1376 12
835 1406 9
835 1407 2
835 1468 5
835 1685 15
835 1835 8
835 1883 6
836 1069 6
836 1072 2
836 1207 8
836 1228 15
836 1249 3
836 1290 5
836 1487 3
836 1540 18
836 1595 10
836 1618 3
836 1639 8
836 1738 17
836 1965 16
837 1011 19
837 1188 4
837 1202 13
837 1268 9
837 1415 9
837 1473 17
837 1478 20
837 1794 1
837 1853 3
837 1951 14
837 1958 7
838 889 3
838 1134 19
838 1181 6
838 1265 7
838 1297 14
838 1485 17
838 1536 16
838 1674 8
838 1877 6
838 1925 15
839 863 17
839 871 10
839 980 10
839 1183 10
839 1221 3
839 1253 5
839 1293 1
839 1375 2
839 1438 11
839 1609 17
839 1842 14
839 1962 13
840 1081 8
840 1100 2
840 1422 9
840 1621 9
840 1767 15
841 899 10
841 998 10
841 1139 6
841 1222 16
841 1293 6
841 1367 4
841 1462 8
841 1543 5
841 1607 8
841 1612 5
841 1680 17
841 1716 16
841 1730 20
841 1822 2
841 1851 16
842 848 18
842 985 15
842 1125 4
842 1230 20
842 1256 11
842 1266 8
842 1332 8
842 1453 4
842 1632 19
842 1878 3
843 1170 15
843 1320 13
843 1436 7
843 1466 5
843 1801 4
844 855 3
844 888 5
844 931 9
844 1214 11
844 1497 6
844 1500 5
844 1532 16
844 1611 18
844 1637 15
844 1686 5
844 1699 5
844 1795 8
844 1936 20
844 1971 3
845 954 19
845 1154 19
845 1310 7
845 1389 20
845 1439 11
845 1509 6
845 1691 3
846 1005 8
846 1394 5
846 1473 7
846 1573 18
846 1646 16
846 1692 14
846 1700 6
846 1771 20
846 1798 10
846 1800 2
846 1944 18
847 899 17
847 1013 18
847 1055 1
847 1138 8
847 1359 6
847 1808 1
847 1981 6
847 1999 9
848 1137 18
848 1692 7
848 1807 10
849 1005 16
849 1170 8
849 1198 13
849 1598 10
849 1642 3
849 1735 1
849 1810 6
849 1848 10
850 940 12
850 1111 8
850 1232 11
850 1234 1
850 1235 12
850 1275 19
850 1332 16
850 1449 17
850 1571 11
850 1687 15
850 1723 8
851 900 6
851 963 6
851 1144 3
851 1151 11
851 1174 13
851 1208 9
851 1227 6
851 1253 5
851 1271 2
851 1299 8
851 1366 4
851 1578 12
851 1596 9
851 1704 20
851 1916 6
852 919 7
852 938 19
852 998 20
852 1109 11
852 1117 3
852 1118 15
852 1228 19
852 1483 11
852 1539 13
852 1818 17
852 1955 20
853 869 8
853 926 1
853 1221 7
853 1304 5
853 1427 17
853 1451 14
853 1523 19
853 1801 2
854 880 17
854 918 7
854 1064 5
854 1120 11
854 1176 10
854 1700 1
854 1805 2
855 1029 5
855 1052 15
855 1207 13
855 1229 18
855 1426 14
855 1504 2
855 1670 2
856 870 20
856 887 11
856 949 10
856 978 19
856 989 12
856 1221 10
856 1256 4
856 1410 11
856 1560 4
856 1776 12
856 1886 18
856 1928 9
856 1998 16
857 947 8
857 1039 10
857 1079 7
857 1181 7
857 1246 13
857 1292 2
857 1314 8
857 1376 1
857 1397 15
857 1552 7
857 1649 7
857 1720 6
857 1725 7
857 1962 8
857 1978 8
857 1984 13
858 897 13
858 963 1
858 968 17
858 1189 13
858 1212 3
858 1308 12
858 1339 14
858 1439 20
858 1451 7
858 1697 14
858 1910 6
859 951 12
859 1027 8
859 1032 16
859 1188 16
859 1262 7
859 1404 4
859 1690 17
859 1935 11
859 1967 5
860 1013 17
860 1048 12
860 1070 19
860 1220 3
860 1401 5
860 1410 15
860 1459 5
860 1637 20
860 1726 15
860 1870 20
860 1962 13
861 951 13
861 976 19
861 1107 8
861 1158 1
861 1164 6
861 1185 6
861 1275 16
861 1282 10
861 1358 17
861 1375 8
861 1394 16
861 1433 17
861 1469 11
861 1761 17
861 1820 12
861 1923 18
861 1939 18
862 1094 19
862 1492 19
862 1604 12
862 1638 12
862 1915 2
862 1945 13
862 1964 8
863 905 10
863 1118 2
863 1151 17
863 1234 11
863 1277 2
863 1347 12
863 1402 7
863 1462 13
863 1830 19
863 1881 5
863 1920 15
863 1933 7
863 1984 1
864 1009 2
864 1189 20
864 1235 3
864 1343 9
864 1367 6
864 1466 19
864 1472 12
864 1533 11
864 1536 7
864 1605 19
864 1666 13
864 1833 13
865 1154 12
865 1155 20
865 1166 16
865 1433 13
865 1784 12
865 1910 14
865 1978 17
866 893 20
866 1177 12
866 1242 3
866 1285 14
866 1315 9
866 1396 6
866 1402 19
866 1645 8
866 1661 8
866 1796 14
866 1881 10
867 906 8
867 1308 8
867 1398 15
867 1584 19
867 1704 20
867 1728 19
867 1747 5
867 1931 15
867 1956 20
868 922 20
868 1471 13
868 1490 14
868 1693 7
868 1816 17
868 1932 3
868 1952 8
869 1043 12
869 1179 15
869 1258 2
869 1318 4
869 1435 9
869 1644 20
869 1695 2
869 1815 9
869 1842 2
870 873 6
870 904 19
870 959 3
870 1000 15
870 1052 15
870 1072 9
870 1083 11
870 1135 11
870 1179 4
870 1369 8
870 1506 10
870 1712 4
870 1716 1
870 1858 7
870 1930 4
871 962 15
871 1185 12
871 1342 9
871 1446 2
871 1516 12
871 1750 4
871 1921 13
872 901 1
872 967 17
872 1222 8
872 1375 7
872 1522 1
872 1562 6
872 1636 20
872 1670 3
872 1771 20
872 1914 11
872 1915 3
873 927 7
873 955 16
873 1064 20
873 1086 1
873 1155 14
873 1164 17
873 1182 4
873 1218 13
873 1481 4
873 1517 14
873 1580 4
873 1987 20
874 901 20
874 1016 13
874 1143 17
874 1151 5
874 1431 12
874 1557 3
874 1764 13
875 922 15
875 1160 4
875 1181 12
875 1345 5
875 1396 2
875 1610 14
875 1660 17
875 1802 3
875 1809 8
875 1853 9
876 945 9
876 1060 8
876 1128 6
876 1212 11
876 1320 17
876 1343 10
876 1354 9
876 1436 18
876 1490 4
876 1556 7
876 1570 6
876 1943 4
877 918 13
877 1033 2
877 1093 2
877 1101 19
877 1164 20
877 1240 4
877 1353 9
877 1482 13
877 1499 14
877 1501 9
877 1612 7
877 1635 17
877 1682 14
877 1775 15
877 1791 3
877 1813 2
877 1875 12
877 1945 4
878 977 7
878 988 12
878 1146 4
878 1192 2
878 1266 8
878 1497 7
878 1516 19
878 1700 15
878 1717 11
878 1723 7
879 1153 14
879 1225 18
879 1364 1
879 1415 3
879 1420 13
879 1473 9
879 1688 2
879 1940 19
879 1963 17
879 1990 14
879 1992 11
880 980 17
880 1055 12
880 1107 2
880 1679 3
880 1781 7
880 1825 8
880 1874 17
880 1875 15
881 899 3
881 1060 19
881 1079 11
881 1124 5
881 1463 3
881 1475 15
881 1721 18
881 1725 18
881 1766 13
881 1865 8
881 1868 18
881 1876 10
881 1995 5
882 924 19
882 1039 20
882 1534 3
882 1580 15
882 1748 1
882 1821 15
882 1874 9
882 1879 11
882 1900 7
882 1906 5
882 1943 13
882 1944 18
882 1973 20
883 915 19
883 1128 18
883 1141 16
883 1204 8
883 1485 10
883 1542 5
883 1653 1
883 1701 4
883 1732 1
883 1867 13
883 1915 4
884 889 1
884 981 16
884 997 4
884 1011 13
884 1050 10
884 1092 19
884 1135 1
884 1193 19
884 1260 4
884 1329 11
884 1463 15
884 1484 20
884 1670 17
884 1756 19
884 1870 20
884 1933 5
885 1106 1
885 1201 7
885 1305 17
885 1485 10
885 1749 11
885 1774 9
886 1001 19
886 1098 7
886 1235 4
886 1323 8
886 1367 3
886 1409 12
886 1480 13
886 1532 16
886 1563 1
886 1636 10
887 924 2
887 932 7
887 1017 18
887 1049 13
887 1118 20
887 1197 9
887 1416 4
887 1442 5
887 1755 20
887 1780 14
887 1902 2
887 1907 20
887 1946 5
887 1990 8
888 1179 15
888 1299 5
888 1304 4
888 1362 12
888 1647 13
888 1680 7
888 1730 7
888 1840 18
888 1980 1
889 902 18
889 1016 16
889 1075 19
889 1159 8
889 1297 17
889 1441 3
889 1649 18
889 1665 11
889 1745 5
889 1752 4
889 1808 3
889 1928 10
889 1973 20
889 1984 14
890 950 1
890 954 4
890 1074 19
890 1162 3
890 1221 12
890 1376 20
890 1412 10
890 1485 4
890 1701 15
890 1779 20
890 1834 13
890 1875 20
890 1876 4
891 1209 17
891 1308 3
891 1389 5
891 1400 3
891 1403 3
891 1572 6
891 1636 19
891 1772 5
891 1875 16
891 1888 10
892 1003 5
892 1084 14
892 1308 9
892 1445 7
892 1468 4
892 1472 16
892 1547 4
892 1750 19
892 1780 12
892 1953 4
893 922 16
893 1051 8
893 1093 15
893 1142 7
893 1195 4
893 1220 5
894 1220 19
894 1223 12
894 1234 12
894 1235 15
894 1323 6
894 1374 13
894 1540 19
894 1614 15
894 1714 12
894 1852 6
895 1188 9
895 1201 4
895 1265 2
895 1328 20
895 1472 19
895 1524 11
895 1610 19
895 1871 6
895 1956 9
895 1970 1
896 919 6
896 1031 14
897 919 2
897 965 14
897 1182 13
897 1574 14
897 1576 6
897 1789 10
897 1885 4
897 1897 8
898 911 8
898 1053 5
898 1131 16
898 1170 13
898 1292 11
898 1522 9
898 1725 4
898 1754 1
898 1882 9
898 1922 18
898 1979 7
899 923 16
899 949 19
899 1167 9
899 1227 14
899 1377 13
899 1391 9
899 1398 11
899 1399 13
899 1519 15
899 1613 11
899 1654 11
899 1734 12
899 1933 3
900 906 14
900 911 16
900 1095 20
900 1113 2
900 1160 20
900 1165 11
900 1259 11
900 1316 14
900 1322 8
900 1509 19
900 1522 9
900 1677 5
900 1877 11
900 1943 9
901 908 18
901 976 1
901 994 8
901 998 19
901 1413 10
901 1486 8
901 1546 5
901 1579 8
901 1607 9
901 1619 11
901 1631 16
901 1640 13
901 1651 16
901 1664 7
901 1749 5
901 1817 3
901 1880 15
902 962 5
902 974 16
902 1089 7
902 1110 2
902 1190 16
902 1217 3
902 1219 10
902 1228 13
902 1586 17
902 1742 8
902 1841 20
902 1952 7
903 1004 14
903 1058 18
903 1148 4
903 1156 12
903 1376 1
903 1533 16
903 1668 17
903 1778 8
904 1164 16
904 1178 8
904 1200 10
904 1274 20
904 1284 10
904 1302 6
904 1314 15
904 1340 6
904 1362 16
904 1371 19
904 1418 18
904 1425 7
904 1486 5
904 1492 14
904 1569 3
904 1652 5
904 1699 18
904 1908 19
905 1079 5
905 1188 16
905 1387 5
905 1418 14
905 1546 12
905 1557 12
905 1570 1
905 1621 7
905 1747 2
905 1805 13
906 1004 5
906 1050 6
906 1070 4
906 1142 6
906 1150 19
906 1245 5
906 1255 18
906 1439 15
906 1525 5
906 1634 5
906 1828 9
906 1867 18
906 1927 1
907 911 6
907 917 8
907 1067 17
907 1111 2
907 1193 10
907 1227 7
907 1642 1
907 1789 16
907 1791 20
908 963 19
908 1044 9
908 1099 16
908 1277 20
908 1285 18
908 1440 19
908 1559 5
908 1600 14
908 1634 7
908 1697 19
908 1825 4
908 1872 12
908 1878 8
908 1888 15
909 934 6
909 972 3
909 993 8
909 1339 7
909 1415 6
909 1439 14
909 1494 16
909 1631 3
909 1814 18
909 1950 11
909 1975 5
909 1999 1
910 1132 3
910 1156 15
910 1267 2
910 1275 4
910 1317 17
910 1357 15
910 1580 4
910 1596 17
910 1598 10
910 1846 16
910 1917 10
910 1977 11
910 1980 8
911 1135 19
911 1154 14
911 1158 7
911 1199 18
911 1254 6
911 1279 9
911 1521 12
911 1537 9
911 1598 2
911 1661 14
911 1897 15
911 1935 3
912 928 20
912 1068 9
912 1110 8
912 1162 13
912 1202 8
912 1275 1
912 1373 2
912 1416 13
912 1463 17
912 1709 16
912 1778 11
912 1803 6
912 1834 20
913 1306 14
913 1331 19
913 1719 11
913 1847 9
913 1993 11
914 1083 2
914 1111 19
914 1181 9
914 1223 10
914 1283 20
914 1611 13
914 1629 16
914 1713 12
914 1821 4
914 1851 2
914 1869 6
915 994 13
915 1022 4
915 1337 19
915 1417 20
915 1446 12
915 1880 6
916 967 16
916 1040 14
916 1098 20
916 1133 17
916 1144 9
916 1372 3
916 1441 3
916 1787 15
916 1856 13
917 999 6
917 1088 17
917 1204 12
917 1215 4
917 1582 6
917 1662 16
917 1705 8
917 1741 1
917 1901 19
917 1958 14
918 923 12
918 938 8
918 1056 19
918 1148 16
918 1379 4
918 1448 16
918 1690 19
918 1706 10
918 1725 10
918 1848 17
918 1893 11
918 1894 7
919 961 15
919 1080 17
919 1170 2
919 1394 15
919 1515 5
919 1658 14
919 1698 12
919 1826 4
920 923 6
920 1120 15
920 1124 15
920 1144 10
920 1197 1
920 1518 10
920 1569 14
920 1756 5
920 1757 19
920 1826 1
921 929 15
921 1110 12
921 1116 19
921 1132 20
921 1376 19
921 1386 12
921 1407 20
921 1436 15
921 1539 11
921 1648 11
921 1833 13
921 1960 10
921 1964 15
922 1101 19
922 1153 8
922 1393 4
922 1400 2
922 1568 17
922 1644 2
922 1668 15
922 1695 5
922 1697 19
922 1701 10
922 1846 5
922 1858 14
922 1921 12
923 983 9
923 1046 10
923 1212 10
923 1223 16
923 1275 15
923 1341 3
923 1344 19
923 1633 5
923 1690 19
923 1972 12
924 973 15
924 1213 19
924 1331 5
924 1425 8
924 1711 1
924 1725 13
924 1729 17
924 1738 20
924 1743 7
924 1884 2
924 1934 1
924 1938 7
925 947 10
925 1116 2
925 1264 12
925 1305 13
925 1316 10
925 1330 5
925 1378 7
925 1385 19
925 1636 17
925 1644 1
926 1013 17
926 1128 6
926 1129 15
926 1198 11
926 1241 10
926 1326 1
926 1400 11
926 1572 11
926 1694 12
926 1875 5
927 953 5
927 1104 18
927 1238 12
927 1538 17
927 1712 13
927 1713 11
927 1994 17
928 972 2
928 1221 6
928 1404 7
928 1425 10
928 1571 10
928 1649 8
928 1682 20
928 1829 16
928 1872 3
929 1000 11
929 1019 19
929 1034 13
929 1044 17
929 1074 1
929 1121 5
929 1124 2
929 1150 1
929 1253 13
929 1299 6
929 1301 17
929 1324 20
929 1560 10
929 1896 18
929 1912 5
929 1990 8
930 987 11
930 1173 17
930 1310 6
930 1355 12
930 1413 8
930 1418 6
930 1422 19
930 1442 18
930 1620 10
930 1838 6
930 1987 8
930 1992 13
931 1092 6
931 1199 13
931 1332 19
931 1373 13
931 1535 6
931 1576 6
931 1870 13
931 1884 13
932 1042 7
932 1163 11
932 1285 12
932 1296 11
932 1317 13
932 1355 2
932 1445 19
932 1498 9
932 1499 15
932 1506 4
932 1563 2
932 1765 11
932 1799 8
932 1834 7
932 1952 4
933 1045 14
933 1054 12
933 1159 14
933 1202 11
933 1369 6
933 1439 18
933 1491 18
933 1520 11
933 1608 18
933 1636 3
933 1677 4
933 1837 7
933 1895 11
934 1151 11
934 1197 17
934 1255 9
934 1257 19
934 1323 19
934 1371 17
934 1408 16
934 1550 2
934 1674 2
934 1733 20
934 1872 2
934 1988 1
934 1993 9
935 1067 4
935 1095 19
935 1175 8
935 1423 19
935 1662 15
935 1719 8
935 1798 8
935 1807 11
935 1890 11
935 1921 11
935 1960 19
936 959 3
936 1127 13
936 1199 20
936 1236 20
936 1299 14
936 1376 10
936 1535 19
936 1674 13
936 1717 19
936 1760 12
936 1821 6
936 1857 10
937 1078 15
937 1159 12
937 1199 7
937 1274 4
937 1331 10
937 1391 7
937 1414 3
937 1948 17
938 960 8
938 964 1
938 1184 8
938 1197 10
938 1223 9
938 1279 12
938 1347 3
938 1356 9
938 1505 12
938 1553 19
938 1663 20
938 1922 2
939 1155 17
939 1156 3
939 1237 20
939 1256 9
939 1385 2
939 1550 13
939 1608 6
939 1667 16
939 1674 12
939 1730 19
939 1731 20
939 1775 6
939 1837 2
939 1917 7
939 1937 3
940 1025 13
940 1071 9
940 1248 8
940 1467 5
940 1519 7
940 1829 14
940 1914 19
941 969 12
941 1123 17
941 1127 7
941 1238 16
941 1291 14
941 1299 16
941 1303 2
941 1352 4
941 1390 16
941 1609 6
941 1641 10
941 1681 12
941 1748 18
941 1800 12
941 1802 19
942 1235 12
942 1332 6
942 1496 2
942 1570 1
942 1603 4
942 1645 4
942 1995 6
943 1083 10
943 1123 13
943 1228 12
943 1288 11
943 1606 17
943 1701 1
943 1816 19
943 1938 4
943 1990 20
944 949 16
944 963 9
944 1104 18
944 1128 10
944 1146 6
944 1151 13
944 1166 2
944 1244 14
944 1330 5
944 1352 8
944 1506 8
944 1654 13
944 1776 5
945 1025 17
945 1033 17
945 1096 19
945 1130 5
945 1157 9
945 1168 15
945 1232 17
945 1256 8
945 1299 17
945 1325 6
945 1378 14
945 1450 1
945 1535 15
945 1677 2
945 1688 1
945 1699 18
945 1714 16
945 1716 8
945 1815 14
945 1821 10
945 1948 9
945 1962 17
945 1978 14
946 980 3
946 999 15
946 1029 15
946 1131 10
946 1141 7
946 1173 5
946 1187 17
946 1205 17
946 1270 1
946 1287 20
946 1565 3
946 1598 12
946 1611 12
947 1060 14
947 1062 18
947 1069 5
947 1394 3
947 1468 15
947 1512 3
947 1514 1
947 1614 2
947 1632 17
947 1698 11
947 1730 16
947 1780 4
947 1887 14
948 1060 18
948 1091 1
948 1179 13
948 1455 4
948 1622 20
948 1623 7
948 1818 5
948 1827 4
948 1834 11
948 1867 1
948 1914 7
949 1075 9
949 1456 18
949 1545 3
949 1759 13
949 1772 16
949 1783 8
949 1811 11
949 1992 1
950 1128 6
950 1132 4
950 1241 7
950 1312 7
950 1338 11
950 1363 18
950 1404 20
950 1438 5
950 1539 17
950 1597 1
950 1854 10
951 1172 3
951 1244 17
951 1245 20
951 1249 3
951 1328 9
951 1473 20
951 1481 17
951 1556 15
951 1646 8
951 1692 9
951 1733 10
951 1804 4
951 1891 7
951 1897 6
951 1975 12
951 1988 5
952 982 8
952 985 4
952 1100 7
952 1197 19
952 1205 10
952 1409 9
952 1468 9
952 1472 14
952 1645 19
952 1731 2
952 1879 3
952 1934 5
952 1984 6
953 956 18
953 1014 4
953 1244 13
953 1322 1
953 1366 11
953 1718 2
953 1752 14
953 1841 20
953 1921 16
953 1934 5
953 1944 7
954 1097 5
954 1167 7
954 1192 11
954 1237 8
954 1410 13
954 1426 12
954 1450 12
954 1502 5
954 1587 20
954 1594 4
954 1651 7
954 1676 20
954 1997 7
955 1028 3
955 1180 16
955 1194 11
955 1197 6
955 1230 18
955 1324 12
955 1443 13
955 1501 19
955 1628 3
955 1785 15
955 1913 19
956 1015 19
956 1170 17
956 1181 7
956 1279 2
956 1310 7
956 1732 11
956 1763 10
956 1889 1
956 1998 19
957 1142 10
957 1243 16
957 1422 9
957 1474 15
957 1572 7
957 1625 14
957 1637 15
957 1980 11
958 1191 5
958 1227 20
958 1373 17
958 1384 9
958 1501 15
958 1509 9
958 1513 12
959 994 4
959 1198 2
959 1325 2
959 1334 15
959 1392 18
959 1529 2
959 1568 5
959 1585 3
960 1116 4
960 1162 17
960 1252 3
960 1408 10
960 1613 2
960 1623 10
960 1712 11
960 1756 13
960 1797 6
960 1825 10
960 1851 8
960 1957 13
961 1029 5
961 1095 5
961 1219 19
961 1242 11
961 1279 7
961 1347 6
961 1388 8
961 1514 3
961 1619 6
961 1666 4
961 1673 18
961 1751 3
961 1765 16
961 1796 10
961 1888 5
962 1192 7
962 1228 9
962 1291 16
962 1380 13
962 1514 4
962 1643 11
962 1667 11
962 1734 17
962 1736 12
962 1757 1
962 1909 3
962 1992 17
962 1999 17
963 1060 7
963 1108 9
963 1212 10
963 1247 1
963 1266 6
963 1523 20
963 1694 17
963 1773 10
963 1889 10
963 1964 12
963 1966 4
964 1026 16
964 1068 7
964 1071 20
964 1074 12
964 1226 14
964 1370 12
964 1412 12
964 1550 9
964 1656 13
964 1762 3
964 1825 3
964 1945 1
964 1966 13
965 1150 12
965 1159 1
965 1160 5
965 1237 9
965 1347 7
965 1504 5
965 1539 11
965 1599 6
965 1884 6
966 1085 3
966 1104 9
966 1153 11
966 1165 2
966 1282 14
966 1322 10
966 1397 13
966 1447 1
966 1475 17
966 1620 13
966 1633 1
966 1866 1
966 1923 16
966 1945 11
967 1040 15
967 1212 3
967 1314 12
967 1360 16
967 1397 15
967 1473 16
967 1600 14
967 1665 2
967 1746 6
967 1801 14
967 1958 11
968 1491 12
968 1662 19
968 1930 14
969 985 8
969 1254 12
969 1321 6
969 1375 1
969 1379 3
969 1465 13
969 1540 1
969 1656 7
969 1684 16
969 1822 17
969 1825 18
969 1918 18
969 1932 8
969 1943 6
969 1954 12
970 997 20
970 1187 13
970 1208 14
970 1306 5
970 1321 10
970 1449 15
970 1475 6
970 1515 9
970 1562 13
970 1570 8
970 1609 1
970 1620 12
971 1042 10
971 1226 9
971 1385 3
971 1389 20
971 1498 16
971 1528 3
971 1624 7
971 1726 17
971 1777 9
972 1107 18
972 1157 2
972 1189 4
972 1320 3
972 1407 8
972 1429 2
972 1523 14
972 1573 20
972 1587 6
972 1617 16
972 1669 5
972 1840 14
972 1897 16
973 1001 9
973 1144 6
973 1160 6
973 1317 13
973 1429 12
973 1538 17
973 1595 3
973 1605 1
973 1815 19
974 1154 8
974 1206 11
974 1235 3
974 1250 6
974 1352 2
974 1353 15
974 1359 2
974 1517 16
974 1559 10
974 1568 9
974 1693 19
974 1704 18
974 1823 4
974 1949 17
974 1970 9
975 1179 8
975 1392 14
975 1512 13
975 1550 1
975 1751 6
975 1790 9
975 1802 16
975 1813 6
975 1979 17
976 1104 18
976 1145 10
976 1692 16
976 1831 4
976 1914 20
976 1955 2
977 986 4
977 1006 14
977 1177 16
977 1304 4
977 1330 15
977 1340 18
977 1392 20
977 1641 14
977 1642 17
977 1881 17
977 1980 4
978 1084 12
978 1370 20
978 1388 9
978 1398 16
978 1403 8
978 1584 2
978 1620 18
978 1760 19
978 1871 8
979 1089 4
979 1145 9
979 1148 4
979 1366 2
979 1376 16
979 1495 7
979 1542 19
979 1549 8
979 1604 11
980 1008 10
980 1046 14
980 1083 1
980 1106 6
980 1128 10
980 1295 17
980 1317 4
980 1356 20
980 1664 2
980 1893 11
980 1913 10
981 1008 3
981 1062 15
981 1099 6
981 1364 14
981 1366 17
981 1522 3
981 1685 3
981 1815 7
981 1864 11
981 1872 18
981 1885 2
981 1945 15
981 1966 6
982 1009 5
982 1024 5
982 1324 5
982 1406 3
982 1466 17
982 1500 4
982 1545 20
982 1736 19
982 1769 10
982 1977 8
983 1244 5
983 1266 7
983 1278 3
983 1301 18
983 1310 19
983 1460 3
983 1506 2
983 1522 19
983 1587 16
983 1592 3
983 1683 14
983 1732 9
983 1736 6
983 1972 16
984 1106 8
984 1337 15
984 1398 12
984 1545 8
984 1571 5
984 1669 8
984 1754 17
984 1794 6
985 1003 2
985 1316 20
985 1502 15
985 1607 8
986 1015 7
986 1209 2
986 1300 12
986 1361 4
986 1546 18
987 1039 6
987 1100 1
987 1309 12
987 1522 20
987 1553 10
987 1599 12
987 1600 2
988 1028 2
988 1170 17
988 1401 14
988 1633 18
988 1690 7
988 1721 3
988 1956 11
989 1002 17
989 1032 16
989 1148 7
989 1314 10
989 1343 20
989 1702 2
989 1757 8
989 1856 9
989 1942 19
989 1949 1
990 1418 4
990 1521 6
990 1532 16
990 1664 3
990 1738 15
990 1856 9
990 1863 5
990 1950 18
991 1028 10
991 1089 17
991 1110 7
991 1166 18
991 1179 12
991 1212 13
991 1359 11
991 1361 3
991 1375 17
991 1429 19
991 1618 16
991 1711 5
991 1935 18
991 1940 11
991 1945 9
991 1952 6
992 1067 4
992 1108 8
992 1390 14
992 1424 14
992 1522 13
992 1756 5
992 1763 19
992 1903 9
992 1968 7
993 1068 7
993 1094 7
993 1154 20
993 1183 1
993 1366 1
993 1524 7
993 1654 10
993 1675 1
993 1874 13
993 1998 18
994 1067 18
994 1120 8
994 1140 17
994 1154 2
994 1399 19
994 1514 12
994 1566 14
994 1628 10
994 1786 17
994 1828 12
995 1103 2
995 1462 1
995 1523 10
995 1597 18
995 1795 20
995 1864 10
996 1020 7
996 1139 5
996 1209 2
996 1245 10
996 1365 10
996 1409 5
996 1422 3
996 1521 4
996 1541 12
996 1878 6
996 1951 2
997 1033 16
997 1106 8
997 1158 7
997 1184 6
997 1228 9
997 1277 11
997 1346 10
997 1459 19
997 1522 3
997 1629 13
997 1770 9
998 1032 2
998 1353 3
998 1460 10
998 1473 19
998 1521 6
998 1530 10
998 1796 8
998 1819 13
998 1845 5
998 1910 11
999 1073 16
999 1168 3
999 1325 15
999 1911 6
1000 1056 2
1000 1139 4
1000 1166 14
1000 1168 17
1000 1175 5
1000 1199 2
1000 1453 11
1000 1486 19
1000 1574 4
1000 1746 18
1000 1808 20
1000 1809 19
1001 1055 7
1001 1087 16
1001 1197 17
1001 1304 13
1001 1340 4
1001 1551 9
1001 1734 16
1001 1771 6
1001 1802 5
1001 1881 14
1001 1918 16
1001 1928 10
1001 1972 3
1002 1052 5
1002 1091 15
1002 1221 4
1002 1224 17
1002 1349 4
1002 1544 8
1002 1624 18
1002 1733 1
1002 1788 1
1002 1874 2
1003 1224 17
1003 1252 6
1003 1358 6
1003 1447 11
1003 1554 16
1003 1762 10
1004 1054 8
1004 1198 3
1004 1375 9
1004 1389 18
1004 1433 14
1004 1451 3
1004 1857 18
1004 1880 1
1004 1991 9
1005 1007 7
1005 1021 1
1005 1078 15
1005 1092 7
1005 1148 6
1005 1366 16
1005 1441 5
1005 1460 9
1005 1670 14
1005 1742 2
1005 1845 13
1006 1166 18
1006 1485 15
1006 1520 2
1006 1557 3
1006 1620 14
1006 1698 2
1006 1738 16
1006 1881 17
1006 1964 9
1007 1016 15
1007 1058 19
1007 1185 2
1007 1389 8
1007 1427 7
1007 1506 19
1007 1537 18
1007 1757 16
1008 1082 8
1008 1112 19
1008 1203 20
1008 1338 18
1008 1484 7
1008 1500 19
1008 1712 13
1008 1730 20
1008 1892 5
1009 1063 6
1009 1431 8
1009 1616 9
1009 1723 10
1009 1757 4
1009 1811 11
1010 1045 1
1010 1060 18
1010 1178 6
1010 1318 18
1010 1342 16
1010 1409 5
1010 1550 16
1010 1571 1
1010 1584 1
1010 1774 1
1011 1031 8
1011 1045 10
1011 1205 10
1011 1235 12
1011 1384 17
1011 1583 7
1011 1611 4
1011 1691 8
1011 1763 3
1011 1768 18
1012 1179 15
1012 1192 12
1012 1237 9
1012 1311 9
1012 1339 16
1012 1528 16
1012 1572 12
1012 1635 13
1012 1706 1
1012 1713 12
1012 1779 17
1012 1880 13
1013 1160 14
1013 1205 1
1013 1206 19
1013 1292 19
1013 1382 12
1013 1566 16
1013 1682 10
1013 1706 9
1013 1773 8
1013 1928 4
1014 1107 19
1014 1305 20
1014 1350 5
1014 1404 1
1014 1451 13
1014 1455 12
1014 1456 6
1014 1558 19
1014 1601 5
1014 1713 7
1014 1853 6
1014 1876 10
1014 1967 10
1015 1058 16
1015 1120 3
1015 1178 2
1015 1220 6
1015 1253 18
1015 1338 15
1015 1418 12
1015 1517 14
1015 1582 1
1016 1026 18
1016 1078 15
1016 1085 19
1016 1117 4
1016 1219 8
1016 1315 11
1016 1355 4
1016 1622 1
1016 1636 18
1016 1763 7
1016 1854 10
1017 1034 3
1017 1130 19
1017 1240 2
1017 1262 11
1017 1291 18
1017 1297 9
1017 1308 9
1017 1492 3
1017 1498 4
1017 1866 14
1018 1039 19
1018 1120 10
1018 1166 2
1018 1261 3
1018 1300 13
1018 1392 5
1018 1551 20
1018 1676 19
1018 1686 6
1018 1737 14
1018 1753 9
1018 1781 15
1018 1852 20
1019 1062 15
1019 1190 3
1019 1336 18
1019 1392 17
1019 1434 14
1019 1678 15
1019 1905 17
1019 1929 10
1019 1934 10
1019 1940 2
1020 1056 14
1020 1109 14
1020 1269 5
1020 1331 4
1020 1382 17
1020 1419 10
1020 1461 4
1020 1567 4
1020 1677 2
1020 1735 10
1020 1846 6
1020 1894 16
1020 1932 10
1021 1079 18
1021 1332 5
1021 1436 20
1021 1480 15
1021 1509 1
1021 1606 8
1021 1706 6
1021 1731 3
1021 1791 19
1021 1949 15
1022 1048 19
1022 1312 9
1022 1466 3
1022 1569 20
1022 1715 14
1022 1752 9
1022 1769 2
1022 1803 10
1022 1910 5
1023 1259 13
1023 1307 18
1023 1369 14
1023 1593 6
1023 1604 12
1023 1617 15
1023 1660 8
1023 1860 8
1024 1267 11
1024 1308 5
1024 1482 16
1024 1587 9
1024 1616 2
1024 1695 13
1024 1798 18
1024 1941 5
1024 1968 15
1025 1108 1
1025 1258 17
1025 1270 12
1025 1293 10
1025 1317 19
1025 1343 19
1025 1357 16
1025 1361 12
1025 1378 10
1025 1583 5
1025 1602 6
1025 1643 20
1025 1732 19
1025 1782 6
1025 1877 3
1025 1928 10
1026 1307 12
1026 1466 13
1026 1471 5
1026 1536 15
1026 1639 6
1026 1714 12
1026 1723 14
1026 1734 2
1026 1947 15
1026 1997 4
1027 1085 13
1027 1157 18
1027 1164 18
1027 1220 18
1027 1242 19
1027 1331 13
1027 1493 12
1027 1858 17
1027 1935 18
1028 1030 15
1028 1335 17
1028 1501 15
1028 1687 14
1028 1870 2
1029 1128 12
1029 1204 18
1029 1247 8
1029 1286 4
1029 1306 11
1029 1321 16
1029 1387 7
1029 1545 4
1029 1597 17
1029 1605 1
1029 1629 10
1029 1647 6
1029 1648 9
1029 1709 15
1029 1734 9
1029 1772 11
1029 1830 20
1029 1853 2
1029 1856 1
1030 1232 19
1030 1342 13
1030 1556 8
1030 1607 10
1030 1642 6
1030 1966 13
1030 1982 9
1031 1279 13
1031 1312 4
1031 1342 17
1031 1586 17
1031 1736 2
1031 1849 2
1031 1930 20
1031 1977 15
1032 1243 3
1032 1406 18
1032 1533 19
1032 1806 7
1032 1959 11
1033 1316 17
1033 1373 10
1033 1387 11
1033 1439 12
1033 1997 7
1034 1326 20
1034 1362 1
1034 1413 18
1034 1461 14
1034 1893 8
1034 1973 3
1035 1206 7
1035 1259 8
1035 1272 15
1035 1282 10
1035 1322 16
1035 1524 6
1035 1549 20
1035 1612 11
1035 1855 15
1036 1088 2
1036 1089 2
1036 1107 19
1036 1195 6
1036 1309 9
1036 1453 20
1036 1486 6
1036 1609 20
1036 1687 1
1036 1809 4
1036 1938 13
1037 1048 2
1037 1117 10
1037 1162 10
1037 1183 20
1037 1280 20
1037 1541 1
1037 1663 1
1037 1683 14
1037 1700 3
1037 1752 8
1037 1864 11
1037 1990 10
1038 1090 11
1038 1297 10
1038 1567 10
1038 1872 13
1038 1905 18
1038 1917 6
1038 1963 16
1039 1142 5
1039 1170 7
1039 1269 8
1039 1336 3
1039 1358 18
1039 1369 1
1039 1404 18
1039 1421 18
1039 1446 4
1039 1518 20
1039 1645 10
1039 1867 18
1039 1956 18
1039 1988 14
1040 1055 8
1040 1093 14
1040 1101 2
1040 1150 15
1040 1257 6
1040 1419 14
1040 1562 15
1040 1623 4
1040 1791 17
1040 1832 5
1040 1842 15
1040 1873 12
1040 1893 8
1040 1960 18
1041 1055 10
1041 1163 11
1041 1216 20
1041 1303 17
1041 1364 15
1041 1378 16
1041 1397 5
1041 1515 15
1041 1572 7
1041 1657 2
1041 1676 5
1041 1777 15
1041 1932 7
1041 1978 19
1042 1429 2
1042 1467 9
1042 1576 17
1042 1661 8
1042 1692 16
1042 1884 14
1043 1092 7
1043 1169 3
1043 1170 4
1043 1337 5
1043 1390 11
1043 1494 3
1043 1631 7
1043 1749 15
1043 1775 19
1044 1127 18
1044 1163 16
1044 1211 8
1044 1326 20
1044 1568 11
1044 1569 6
1044 1604 2
1044 1619 10
1045 1053 18
1045 1093 20
1045 1181 13
1045 1352 5
1045 1458 13
1045 1569 15
1045 1577 15
1045 1679 5
1045 1786 20
1046 1102 6
1046 1139 5
1046 1174 8
1046 1369 4
1046 1395 20
1046 1455 10
1046 1644 4
1046 1684 6
1046 1701 15
1046 1708 2
1046 1854 5
1046 1929 5
1046 1940 20
1047 1199 6
1047 1240 11
1047 1256 19
1047 1364 3
1047 1474 9
1047 1565 10
1047 1897 11
1047 1924 17
1047 1965 2
1048 1109 15
1048 1150 18
1048 1248 17
1048 1294 6
1048 1361 14
1048 1398 5
1048 1518 8
1048 1642 4
1048 1793 8
1048 1856 4
1049 1309 17
1049 1416 2
1049 1432 15
1049 1615 15
1049 1705 19
1049 1780 19
1049 1788 17
1049 1847 10
1049 1947 7
1049 1998 13
1050 1108 5
1050 1116 11
1050 1263 18
1050 1388 14
1050 1414 19
1050 1450 11
1050 1653 16
1050 1795 13
1050 1850 3
1050 1895 10
1050 1910 8
1050 1934 12
1051 1150 5
1051 1180 17
1051 1313 7
1051 1402 1
1051 1473 11
1051 1510 15
1051 1642 3
1051 1697 19
1051 1733 10
1051 1890 1
1051 1937 20
1052 1108 15
1052 1386 11
1052 1410 16
1052 1420 5
1052 1439 8
1052 1477 1
1052 1478 12
1052 1668 11
1053 1092 1
1053 1254 18
1053 1387 12
1053 1414 5
1053 1416 8
1053 1612 6
1053 1670 6
1053 1830 10
1053 1843 16
1053 1995 19
1054 1195 2
1054 1202 19
1054 1354 3
1054 1371 4
1054 1535 9
1054 1543 7
1054 1575 6
1054 1582 6
1054 1634 16
1054 1717 4
1054 1772 3
1054 1858 4
1054 1994 17
1055 1074 8
1055 1680 19
1055 1702 2
1055 1737 3
1055 1740 13
1055 1865 11
1055 1880 8
1055 1995 19
1056 1078 20
1056 1361 9
1056 1367 3
1056 1380 11
1056 1381 15
1056 1566 12
1056 1925 20
1057 1103 16
1057 1186 18
1057 1317 18
1057 1531 5
1057 1699 9
1057 1878 2
1058 1183 3
1058 1485 1
1058 1610 9
1058 1618 13
1058 1709 9
1058 1746 1
1058 1835 12
1058 1836 15
1058 1878 20
1059 1159 9
1059 1220 20
1059 1272 19
1059 1327 6
1059 1367 3
1059 1565 10
1059 1663 18
1059 1726 10
1060 1082 17
1060 1196 19
1060 1225 8
1060 1228 20
1060 1333 18
1060 1414 14
1060 1494 11
1060 1605 3
1060 1665 1
1060 1736 7
1060 1951 7
1061 1108 11
1061 1307 8
1061 1308 16
1061 1522 20
1061 1662 16
1061 1676 8
1061 1836 4
1062 1082 12
1062 1427 6
1062 1447 8
1062 1734 15
1062 1806 14
1063 1137 2
1063 1241 10
1063 1386 19
1063 1531 3
1063 1607 16
1063 1693 14
1063 1844 17
1063 1869 2
1063 1969 5
1064 1117 5
1064 1349 17
1064 1457 18
1064 1568 19
1065 1178 18
1065 1341 4
1065 1419 18
1065 1485 5
1065 1551 4
1065 1564 2
1065 1611 14
1065 1905 14
1065 1924 6
1065 1931 15
1065 1933 20
1066 1070 13
1066 1072 5
1066 1075 3
1066 1166 15
1066 1423 12
1066 1518 13
1066 1586 5
1066 1621 18
1066 1662 5
1066 1677 17
1067 1375 9
1067 1384 4
1067 1403 14
1067 1483 9
1067 1694 2
1067 1705 15
1067 1736 14
1067 1876 5
1068 1095 5
1068 1170 6
1068 1227 5
1068 1269 14
1068 1292 3
1068 1341 8
1068 1516 3
1068 1668 4
1068 1677 15
1068 1879 20
1069 1137 8
1069 1157 5
1069 1168 15
1069 1411 15
1069 1539 7
1069 1616 10
1069 1664 8
1069 1784 14
1069 1812 20
1070 1097 15
1070 1236 12
1070 1613 6
1070 1618 20
1070 1627 12
1070 1664 7
1070 1724 19
1070 1762 16
1071 1180 9
1071 1243 18
1071 1659 13
1071 1660 11
1071 1753 13
1071 1850 5
1072 1095 11
1072 1170 10
1072 1291 10
1072 1463 3
1072 1466 12
1072 1501 2
1072 1620 17
1072 1634 9
1072 1696 13
1072 1925 8
1073 1097 14
1073 1239 6
1073 1312 7
1073 1494 9
1073 1537 20
1073 1626 2
1073 1688 13
1073 1919 2
1073 1951 2
1074 1106 13
1074 1284 11
1074 1569 6
1074 1718 7
1074 1876 17
1074 1941 20
1075 1115 8
1075 1207 17
1075 1270 5
1075 1639 19
1075 1771 13
1075 1869 10
1075 1986 6
1076 1142 4
1076 1164 3
1076 1179 14
1076 1454 20
1076 1680 4
1076 1903 2
1076 1938 4
1076 1999 20
1077 1154 8
1077 1169 20
1077 1539 20
1077 1573 16
1077 1586 7
1077 1589 20
1077 1633 8
1077 1734 1
1077 1756 14
1077 1882 7
1077 1944 6
1078 1175 12
1078 1229 5
1078 1295 16
1078 1367 12
1078 1463 17
1078 1481 10
1078 1592 5
1078 1631 5
1078 1638 3
1078 1712 10
1078 1792 12
1078 1859 5
1078 1911 14
1079 1163 20
1079 1273 3
1079 1291 7
1079 1297 3
1079 1443 9
1079 1446 15
1079 1477 19
1079 1491 18
1079 1827 3
1079 1964 19
1080 1191 15
1080 1423 20
1080 1443 12
1080 1945 11
1081 1087 19
1081 1140 17
1081 1227 6
1081 1352 12
1081 1426 9
1081 1501 6
1081 1551 8
1081 1580 5
1081 1640 14
1081 1714 19
1081 1731 7
1081 1793 20
1081 1932 7
1081 1949 14
1082 1206 6
1082 1290 4
1082 1387 3
1082 1403 7
1082 1439 20
1082 1453 16
1082 1689 8
1082 1793 8
1082 1818 9
1082 1929 8
1082 1946 17
1083 1218 16
1083 1338 10
1083 1516 15
1083 1537 1
1083 1714 14
1083 1718 14
1083 1852 15
1083 1863 1
1083 1869 10
1083 1923 14
1083 1978 18
1084 1159 17
1084 1256 10
1084 1308 4
1084 1317 18
1084 1361 13
1084 1425 17
1084 1620 9
1084 1756 4
1084 1831 13
1085 1164 2
1085 1175 19
1085 1180 12
1085 1196 9
1085 1345 13
1085 1381 10
1085 1694 2
1085 1728 3
1085 1773 2
1085 1774 1
1086 1166 1
1086 1289 15
1086 1317 1
1086 1427 19
1086 1475 2
1086 1508 3
1086 1721 3
1086 1758 1
1086 1893 8
1086 1943 1
1087 1179 6
1087 1344 20
1087 1353 16
1087 1397 5
1087 1420 5
1087 1433 5
1087 1550 20
1087 1622 16
1087 1646 14
1087 1800 8
1087 1982 17
1088 1308 19
1088 1335 1
1088 1414 20
1088 1549 2
1088 1877 3
1088 1892 5
1088 1997 3
1089 1276 17
1089 1334 1
1089 1575 11
1089 1630 4
1089 1682 11
1089 1800 12
1090 1119 18
1090 1181 3
1090 1233 2
1090 1277 1
1090 1291 18
1090 1356 8
1090 1408 20
1090 1493 20
1090 1583 5
1090 1625 10
1090 1758 18
1090 1967 20
1091 1264 10
1091 1376 19
1091 1399 1
1091 1421 12
1091 1437 3
1091 1505 8
1091 1551 8
1091 1789 6
1091 1805 9
1091 1874 8
1091 1967 16
1092 1197 1
1092 1264 9
1092 1316 13
1092 1424 1
1092 1468 19
1092 1560 17
1092 1749 9
1092 1884 14
1092 1902 8
1092 1922 3
1093 1121 20
1093 1325 4
1093 1329 12
1093 1381 12
1093 1402 16
1093 1410 8
1093 1584 7
1093 1902 9
1094 1138 20
1094 1241 3
1094 1294 4
1094 1410 17
1094 1418 4
1094 1453 14
1094 1533 2
1094 1593 15
1094 1686 15
1094 1887 3
1094 1897 10
1095 1121 2
1095 1220 20
1095 1260 12
1095 1300 16
1095 1581 15
1095 1626 12
1095 1641 4
1095 1758 5
1095 1822 9
1095 1847 13
1096 1235 14
1096 1252 8
1096 1297 12
1096 1397 4
1096 1552 16
1096 1694 5
1096 1829 8
1097 1452 1
1097 1495 9
1097 1555 1
1097 1560 1
1097 1734 8
1097 1760 7
1097 1787 17
1097 1874 2
1097 1932 15
1098 1464 18
1098 1559 5
1098 1613 3
1099 1141 14
1099 1155 9
1099 1184 20
1099 1241 13
1099 1273 16
1099 1512 4
1099 1714 13
1099 1779 18
1099 1878 14
1100 1211 7
1100 1295 3
1100 1404 16
1100 1423 14
1100 1650 2
1100 1703 8
1100 1750 6
1100 1824 9
1101 1356 10
1101 1607 1
1101 1620 8
1101 1677 8
1101 1689 16
1101 1884 13
1101 1937 15
1102 1130 11
1102 1149 1
1102 1201 6
1102 1308 18
1102 1540 14
1102 1550 17
1102 1689 19
1102 1783 9
1102 1946 16
1103 1399 5
1103 1410 11
1103 1488 14
1103 1690 9
1103 1706 4
1103 1839 20
1103 1862 12
1104 1186 18
1104 1231 12
1104 1389 13
1104 1544 4
1104 1550 11
1104 1557 9
1104 1566 15
1104 1590 4
1104 1694 20
1104 1697 12
1104 1784 5
1104 1893 20
1104 1979 13
1105 1141 5
1105 1183 4
1105 1202 20
1105 1374 4
1105 1399 3
1105 1726 12
1105 1780 2
1106 1274 8
1106 1305 9
1106 1385 13
1106 1471 13
1106 1509 4
1106 1598 2
1106 1692 15
1106 1718 16
1106 1856 4
1106 1921 1
1107 1127 4
1107 1390 20
1107 1501 8
1107 1579 11
1107 1623 18
1107 1654 16
1107 1941 9
1108 1116 13
1108 1257 1
1108 1554 17
1108 1648 4
1108 1662 1
1108 1941 6
1109 1169 19
1109 1383 17
1109 1497 4
1109 1586 8
1109 1645 5
1109 1666 14
1109 1747 13
1110 1152 15
1110 1288 9
1110 1734 10
1110 1744 5
1111 1249 15
1111 1476 1
1111 1512 17
1111 1547 19
1111 1754 6
1111 1861 11
1111 1875 6
1111 1933 16
1111 1982 7
1112 1317 16
1112 1420 13
1112 1468 14
1112 1570 1
1112 1830 2
1112 1923 6
1113 1240 7
1113 1314 13
1113 1406 2
1113 1407 19
1113 1451 2
1113 1478 8
1113 1480 1
1113 1493 18
1113 1799 10
1113 1859 18
1113 1961 16
1113 1968 11
1114 1130 17
1114 1149 5
1114 1173 19
1114 1293 7
1114 1296 14
1114 1405 17
1114 1484 18
1114 1686 9
1114 1831 8
1114 1862 2
1115 1365 9
1115 1564 6
1115 1574 7
1115 1655 10
1115 1697 12
1115 1715 19
1115 1761 6
1115 1827 6
1115 1877 3
1115 1990 16
1116 1146 12
1116 1173 18
1116 1363 9
1116 1373 8
1116 1420 10
1116 1486 17
1116 1551 18
1116 1586 7
1116 1668 14
1116 1704 8
1116 1721 3
1116 1848 18
1116 1861 15
1117 1203 20
1117 1228 9
1117 1307 3
1117 1316 8
1117 1332 2
1117 1336 2
1117 1465 6
1117 1483 4
1117 1551 10
1117 1587 3
1117 1655 17
1117 1704 3
1117 1814 12
1117 1973 11
1118 1205 11
1118 1274 11
1118 1430 5
1118 1439 11
1118 1452 6
1118 1516 16
1118 1836 11
1118 1935 9
1118 1988 18
1119 1179 7
1119 1199 18
1119 1245 4
1119 1296 15
1119 1463 20
1119 1493 8
1119 1559 14
1119 1749 16
1120 1174 5
1120 1246 5
1120 1348 11
1120 1430 15
1120 1480 4
1120 1985 19
1121 1144 11
1121 1211 3
1121 1231 16
1121 1278 6
1121 1291 10
1121 1375 1
1121 1414 14
1121 1515 19
1121 1546 2
1121 1681 17
1121 1720 14
1121 1809 13
1121 1857 20
1122 1157 19
1122 1163 6
1122 1238 3
1122 1361 8
1122 1559 18
1122 1619 14
1122 1630 15
1122 1654 13
1122 1753 18
1122 1879 11
1122 1949 20
1122 1985 8
1123 1229 7
1123 1397 18
1123 1433 4
1123 1613 3
1123 1699 3
1123 1714 17
1123 1789 16
1123 1975 11
1123 1997 10
1124 1310 4
1124 1320 17
1124 1352 17
1124 1502 15
1124 1550 1
1124 1636 20
1124 1667 18
1124 1773 17
1124 1839 2
1124 1845 13
1125 1127 16
1125 1730 8
1125 1839 16
1125 1943 16
1126 1227 7
1126 1406 17
1126 1559 5
1126 1724 5
1126 1758 6
1127 1147 3
1127 1203 14
1127 1461 8
1127 1769 4
1128 1227 20
1128 1267 19
1128 1289 18
1128 1433 4
1128 1526 10
1128 1631 10
1128 1654 14
1128 1884 12
1129 1248 13
1129 1336 2
1129 1424 14
1129 1572 8
1129 1625 17
1129 1770 16
1129 1784 8
1130 1143 6
1130 1242 16
1130 1260 18
1130 1289 19
1130 1309 1
1130 1339 19
1130 1594 16
1130 1621 8
1130 1748 14
1130 1822 5
1130 1858 16
1130 1923 6
1130 1974 11
1131 1259 1
1131 1293 7
1131 1381 8
1131 1429 15
1131 1474 11
1131 1495 11
1131 1700 10
1131 1753 5
1131 1794 2
1131 1899 17
1131 1957 1
1131 1970 9
1132 1173 19
1132 1449 6
1132 1595 9
1132 1732 17
1132 1793 16
1132 1828 15
1133 1236 20
1133 1272 19
1133 1434 12
1133 1499 16
1133 1870 9
1133 1878 4
1133 1889 14
1133 1925 8
1134 1218 18
1134 1256 2
1134 1261 16
1134 1490 1
1134 1542 17
1134 1722 18
1134 1789 19
1134 1974 2
1135 1276 7
1135 1314 4
1135 1463 2
1135 1806 9
1135 1815 15
1135 1835 9
1135 1870 5
1135 1912 13
1135 1968 19
1136 1220 2
1136 1241 12
1136 1299 13
1136 1303 5
1136 1386 19
1136 1434 15
1136 1618 7
1136 1647 19
1136 1972 1
1137 1144 2
1137 1220 18
1137 1255 16
1137 1351 5
1137 1637 3
1137 1650 12
1137 1702 11
1137 1786 4
1137 1803 19
1137 1928 5
1138 1213 1
1138 1283 13
1138 1368 20
1138 1449 20
1138 1487 7
1138 1599 19
1138 1627 1
1138 1832 18
1138 1864 9
1138 1958 8
1139 1188 14
1139 1452 8
1139 1506 1
1139 1866 7
1139 1894 17
1140 1186 14
1140 1233 8
1140 1264 17
1140 1271 6
1140 1279 4
1140 1423 3
1140 1618 18
1140 1621 8
1140 1629 1
1140 1692 6
1140 1760 18
1140 1787 3
1140 1789 20
1140 1833 12
1140 1879 13
1140 1910 10
1141 1231 20
1141 1268 18
1141 1351 11
1141 1372 2
1141 1450 1
1141 1572 9
1141 1687 4
1141 1838 19
1141 1907 4
1141 1910 4
1142 1238 16
1142 1449 15
1142 1541 16
1142 1682 14
1142 1758 11
1142 1813 11
1142 1825 4
1142 1950 2
1143 1194 4
1143 1337 17
1143 1504 12
1143 1644 4
1143 1815 11
1143 1917 12
1144 1301 19
1144 1305 17
1144 1355 9
1144 1369 7
1144 1456 12
1144 1462 1
1144 1506 5
1144 1517 1
1144 1700 19
1144 1833 18
1144 1943 4
1145 1286 15
1145 1380 7
1145 1394 15
1145 1632 18
1145 1795 3
1145 1807 9
1145 1984 8
1146 1257 17
1146 1264 2
1146 1330 5
1146 1396 12
1146 1659 17
1146 1783 7
1146 1865 12
1147 1196 16
1147 1211 14
1147 1243 3
1147 1357 10
1147 1775 6
1147 1797 7
1147 1916 14
1147 1962 15
1148 1208 3
1148 1385 13
1148 1590 18
1148 1675 8
1148 1692 2
1148 1887 5
1148 1925 19
1148 1968 5
1149 1167 9
1149 1227 4
1149 1350 19
1149 1434 3
1149 1715 4
1149 1752 17
1149 1844 3
1149 1891 19
1149 1936 5
1150 1182 8
1150 1183 5
1150 1522 20
1150 1539 15
1150 1639 11
1150 1642 1
1150 1651 4
1150 1722 19
1150 1957 12
1150 1965 6
1151 1153 19
1151 1444 16
1151 1546 1
1151 1724 4
1151 1822 3
1151 1927 2
1151 1993 15
1152 1161 12
1152 1177 6
1152 1238 15
1152 1271 6
1152 1327 5
1153 1507 5
1153 1657 13
1153 1671 4
1153 1765 20
1153 1921 14
1154 1261 5
1154 1309 8
1154 1350 2
1154 1534 16
1154 1663 12
1154 1675 10
1154 1912 3
1154 1938 12
1154 1971 16
1155 1216 17
1155 1366 16
1155 1440 13
1155 1736 6
1155 1750 1
1155 1796 17
1155 1837 8
1155 1874 17
1156 1436 9
1156 1457 10
1156 1532 18
1157 1313 14
1157 1332 9
1157 1424 2
1157 1628 20
1157 1949 19
1157 1983 5
1158 1317 16
1158 1444 2
1158 1497 18
1158 1541 15
1158 1559 7
1158 1581 18
1158 1593 17
1158 1755 14
1158 1833 12
1158 1888 13
1159 1251 2
1159 1302 19
1159 1641 6
1159 1733 15
1159 1765 17
1159 1842 20
1160 1232 9
1160 1288 15
1160 1328 19
1160 1453 6
1160 1464 14
1160 1554 20
1160 1572 4
1160 1749 8
1160 1777 4
1161 1407 10
1161 1556 19
1161 1572 8
1161 1845 2
1161 1849 4
1161 1905 8
1162 1207 14
1162 1390 19
1162 1465 16
1162 1526 13
1162 1590 13
1162 1645 10
1162 1679 14
1162 1823 14
1162 1872 18
1163 1206 14
1163 1260 7
1163 1372 2
1163 1481 6
1163 1592 6
1164 1230 3
1164 1268 5
1164 1311 3
1164 1342 8
1164 1432 2
1164 1698 9
1164 1709 19
1164 1773 11
1164 1828 19
1164 1850 9
1164 1863 9
1164 1868 16
1165 1256 7
1165 1514 2
1165 1521 13
1165 1522 14
1165 1563 14
1165 1582 13
1165 1764 2
1165 1804 5
1165 1808 16
1165 1886 8
1166 1360 16
1166 1486 17
1166 1979 20
1167 1185 18
1167 1246 13
1167 1500 16
1167 1730 1
1167 1734 5
1167 1776 3
1167 1838 4
1167 1993 18
1168 1346 12
1168 1954 15
1169 1401 3
1169 1446 8
1169 1469 6
1169 1532 12
1169 1616 18
1169 1870 2
1169 1939 15
1169 1947 3
1169 1949 8
1170 1304 20
1170 1309 8
1170 1561 2
1170 1594 13
1170 1648 16
1170 1737 10
1170 1748 5
1170 1838 16
1170 1849 2
1170 1858 6
1170 1918 7
1170 1919 13
1170 1964 15
1171 1284 3
1171 1436 20
1171 1486 19
1171 1555 6
1171 1622 6
1171 1776 13
1171 1795 16
1171 1900 13
1172 1312 14
1172 1325 5
1172 1353 19
1172 1399 4
1172 1700 5
1172 1801 16
1172 1930 19
1173 1454 11
1173 1520 7
1173 1526 1
1173 1695 9
1173 1729 10
1173 1760 1
1173 1787 10
1173 1789 10
1173 1895 8
1174 1243 2
1174 1290 13
1174 1374 10
1174 1436 10
1174 1923 11
1175 1290 14
1175 1739 18
1175 1745 20
1175 1822 15
1175 1934 13
1175 1939 19
1175 1950 4
1176 1193 4
1176 1398 15
1176 1468 7
1176 1621 8
1176 1629 6
1176 1776 1
1176 1927 20
1177 1189 18
1177 1308 14
1177 1389 11
1177 1514 9
1177 1618 5
1177 1761 19
1177 1821 17
1177 1931 1
1177 1942 15
1178 1205 16
1178 1373 6
1178 1389 6
1178 1420 1
1178 1589 3
1178 1661 20
1178 1837 2
1178 1873 5
1178 1897 19
1178 1967 14
1179 1332 2
1179 1456 16
1179 1540 5
1179 1604 3
1179 1662 8
1179 1758 8
1179 1762 19
1179 1868 11
1180 1361 7
1180 1390 17
1180 1495 3
1180 1512 19
1180 1553 6
1180 1643 8
1180 1705 15
1181 1187 2
1181 1244 2
1181 1299 17
1181 1411 19
1181 1431 18
1181 1507 9
1181 1517 17
1181 1529 18
1181 1967 12
1182 1219 4
1182 1328 12
1182 1394 3
1182 1425 3
1182 1474 17
1182 1584 4
1182 1597 16
1182 1611 18
1182 1723 1
1182 1746 15
1182 1918 15
1182 1995 5
1183 1265 11
1183 1311 11
1183 1320 20
1183 1389 11
1183 1487 14
1183 1585 14
1183 1723 17
1183 1796 17
1183 1816 5
1184 1245 9
1184 1256 14
1184 1414 15
1184 1515 15
1184 1594 3
1184 1613 9
1184 1756 7
1184 1806 1
1184 1854 18
1184 1909 19
1185 1233 11
1185 1496 8
1185 1511 7
1185 1520 17
1185 1587 13
1185 1628 5
1185 1666 4
1185 1741 2
1185 1742 1
1185 1932 2
1185 1944 17
1185 1998 16
1186 1443 13
1186 1452 14
1186 1474 16
1186 1545 11
1186 1607 10
1186 1615 9
1186 1653 7
1186 1694 8
1186 1782 11
1186 1851 12
1186 1940 15
1187 1345 12
1187 1485 12
1187 1840 13
1187 1899 15
1187 1961 8
1188 1206 3
1188 1263 20
1188 1405 11
1188 1612 13
1188 1730 19
1188 1750 14
1188 1805 20
1188 1872 17
1188 1913 15
1188 1953 3
1189 1223 17
1189 1293 4
1189 1349 14
1189 1441 1
1189 1692 2
1189 1718 6
1189 1737 16
1189 1784 12
1189 1883 18
1189 1946 11
1189 1991 2
1190 1340 10
1190 1492 3
1190 1729 8
1190 1870 9
1190 1936 19
1190 1995 6
1191 1282 20
1191 1624 12
1191 1718 16
1191 1768 11
1191 1822 10
1191 1911 5
1192 1277 17
1192 1595 16
1192 1677 7
1192 1744 6
1192 1889 2
1192 1995 11
1193 1364 12
1193 1388 3
1193 1411 8
1193 1574 2
1193 1816 3
1193 1833 3
1193 1885 20
1194 1210 20
1194 1243 10
1194 1279 14
1194 1353 15
1194 1376 2
1194 1437 8
1194 1451 2
1194 1489 16
1194 1550 1
1194 1592 9
1194 1631 11
1194 1670 17
1194 1686 8
1194 1831 9
1194 1999 8
1195 1200 4
1195 1222 20
1195 1257 19
1195 1313 5
1195 1710 18
1195 1777 5
1195 1802 4
1195 1858 19
1195 1981 12
1196 1254 2
1196 1343 18
1196 1401 13
1196 1466 7
1196 1566 16
1196 1763 7
1196 1924 9
1197 1227 18
1197 1249 12
1197 1270 12
1197 1306 12
1197 1353 9
1197 1379 17
1197 1836 9
1197 1918 5
1198 1330 1
1198 1376 14
1198 1379 10
1198 1415 9
1198 1473 17
1198 1531 14
1198 1615 13
1198 1624 7
1198 1661 16
1198 1762 12
1199 1277 9
1199 1389 11
1199 1405 19
1199 1421 12
1199 1503 2
1199 1584 4
1199 1604 15
1199 1932 2
1199 1966 14
1199 1979 15
1200 1296 18
1200 1390 4
1200 1442 13
1200 1821 13
1200 1866 18
1200 1871 4
1201 1254 9
1201 1606 20
1201 1756 19
1201 1883 5
1202 1213 20
1202 1292 3
1202 1304 8
1202 1310 8
1202 1335 16
1202 1343 9
1202 1350 2
1202 1482 15
1202 1539 19
1202 1677 3
1202 1721 11
1202 1737 2
1202 1830 7
1202 1962 1
1203 1267 19
1203 1293 12
1203 1318 15
1203 1566 12
1203 1791 12
1203 1893 12
1204 1303 11
1204 1304 18
1204 1342 18
1204 1498 13
1204 1582 19
1204 1678 6
1204 1862 11
1204 1988 15
1205 1211 1
1205 1289 10
1205 1315 17
1205 1352 2
1205 1619 3
1205 1685 14
1205 1920 5
1206 1218 9
1206 1293 11
1206 1529 8
1206 1577 2
1206 1730 16
1206 1772 8
1207 1251 19
1207 1374 9
1207 1722 4
1207 1773 9
1207 1808 19
1208 1220 6
1208 1248 10
1208 1289 19
1208 1303 7
1208 1349 12
1208 1400 8
1208 1451 9
1208 1574 4
1208 1816 11
1208 1823 13
1208 1843 5
1208 1852 13
1208 1966 15
1208 1988 16
1208 1999 20
1209 1271 5
1209 1328 7
1209 1361 13
1209 1569 3
1209 1653 2
1209 1690 20
1209 1718 18
1209 1853 4
1210 1362 10
1210 1457 20
1210 1594 15
1210 1737 2
1210 1909 1
1211 1276 14
1211 1353 11
1211 1423 2
1211 1429 17
1211 1606 18
1211 1609 19
1211 1612 13
1211 1657 14
1211 1825 7
1211 1936 17
1212 1318 11
1212 1397 6
1212 1417 3
1212 1574 1
1212 1624 18
1212 1632 14
1212 1831 14
1213 1554 4
1213 1716 16
1213 1795 18
1214 1356 9
1214 1367 3
1214 1412 17
1214 1432 6
1214 1575 14
1214 1614 13
1214 1750 18
1214 1831 1
1215 1475 14
1215 1518 18
1215 1522 9
1215 1525 9
1215 1705 1
1215 1993 8
1216 1309 16
1216 1339 2
1216 1571 13
1216 1906 2
1217 1244 17
1217 1254 18
1217 1325 14
1217 1383 3
1217 1384 20
1217 1548 5
1217 1554 12
1217 1604 8
1217 1759 3
1217 1936 8
1218 1276 2
1218 1454 4
1218 1470 8
1218 1485 8
1218 1817 7
1218 1938 4
1218 1940 14
1219 1275 2
1219 1358 10
1219 1527 3
1219 1624 6
1219 1659 7
1219 1692 19
1219 1739 14
1219 1773 11
1219 1859 15
1219 1911 19
1220 1346 20
1220 1425 19
1220 1562 4
1220 1641 18
1221 1257 8
1221 1430 9
1221 1469 10
1221 1491 13
1221 1580 2
1221 1620 3
1221 1789 20
1221 1791 20
1221 1859 7
1221 1877 16
1222 1316 20
1222 1444 6
1222 1453 7
1222 1530 5
1222 1601 14
1222 1722 3
1222 1862 7
1222 1866 10
1222 1900 5
1223 1289 19
1223 1317 7
1223 1753 16
1223 1878 8
1224 1242 8
1224 1243 11
1224 1445 5
1224 1469 8
1224 1609 19
1224 1776 1
1224 1829 6
1224 1880 9
1224 1883 15
1224 1916 8
1224 1975 7
1225 1264 5
1225 1444 12
1225 1502 11
1225 1514 4
1225 1676 9
1225 1967 17
1226 1446 13
1226 1518 10
1226 1735 16
1226 1767 4
1226 1783 18
1227 1304 13
1227 1434 15
1227 1440 12
1227 1461 11
1227 1494 10
1227 1850 5
1227 1880 12
1227 1888 5
1227 1933 1
1227 1969 2
1228 1295 14
1228 1466 4
1228 1476 8
1228 1657 6
1228 1659 4
1228 1712 11
1228 1842 13
1228 1884 9
1228 1918 19
1229 1323 15
1229 1436 10
1229 1470 17
1229 1491 12
1229 1580 6
1229 1596 20
1229 1687 18
1229 1709 15
1229 1710 12
1229 1711 6
1229 1803 10
1230 1417 17
1230 1444 3
1230 1454 19
1230 1488 10
1230 1518 19
1230 1611 9
1230 1732 11
1230 1842 2
1230 1974 16
1230 1995 1
1231 1361 3
1231 1371 11
1231 1410 5
1231 1442 5
1231 1468 15
1231 1493 9
1231 1622 5
1231 1651 13
1231 1699 6
1231 1721 3
1231 1988 15
1232 1249 14
1232 1269 2
1232 1833 5
1232 1887 11
1233 1234 16
1233 1322 1
1233 1345 4
1233 1357 2
1233 1579 9
1233 1820 16
1233 1951 6
1234 1336 8
1234 1344 13
1234 1358 19
1234 1371 15
1234 1392 17
1234 1395 16
1234 1570 15
1234 1868 9
1234 1871 4
1234 1911 1
1234 1982 15
1234 1995 17
1235 1245 8
1235 1373 9
1235 1498 19
1235 1580 13
1235 1655 16
1235 1706 16
1235 1712 1
1235 1728 16
1235 1735 7
1235 1787 6
1235 1793 4
1236 1273 7
1236 1278 3
1236 1285 9
1236 1512 11
1236 1628 2
1236 1678 9
1236 1711 17
1236 1724 4
1236 1776 8
1236 1788 18
1236 1818 10
1237 1341 9
1237 1530 5
1237 1729 5
1237 1957 12
1238 1444 6
1238 1447 2
1238 1542 11
1238 1591 5
1238 1606 18
1238 1880 10
1238 1986 15
1239 1443 14
1239 1469 2
1239 1529 4
1239 1554 15
1239 1690 8
1239 1705 5
1239 1717 5
1239 1861 13
1240 1337 2
1240 1349 1
1240 1643 12
1240 1899 15
1240 1965 3
1240 1994 4
1241 1260 16
1241 1396 8
1241 1417 7
1241 1522 5
1241 1528 8
1241 1840 8
1241 1878 12
1242 1364 20
1242 1421 16
1242 1508 15
1242 1542 6
1242 1721 19
1243 1259 8
1243 1381 9
1243 1426 16
1243 1577 8
1243 1641 7
1243 1664 9
1243 1774 14
1243 1790 15
1244 1493 1
1244 1653 9
1244 1913 6
1244 1944 3
1244 1991 11
1245 1360 20
1245 1858 13
1245 1943 6
1245 1952 12
1245 1972 19
1246 1388 18
1246 1439 20
1246 1545 18
1246 1619 3
1246 1667 4
1246 1721 10
1246 1776 17
1246 1827 4
1246 1938 3
1247 1258 3
1247 1260 1
1247 1323 12
1247 1903 19
1247 1909 12
1248 1421 5
1248 1425 14
1248 1460 6
1248 1540 13
1248 1558 11
1248 1772 4
1248 1805 10
1248 1923 4
1249 1377 1
1249 1511 12
1249 1905 4
1250 1467 1
1250 1558 9
1250 1651 3
1250 1694 12
1250 1788 17
1250 1943 16
1251 1561 1
1251 1596 20
1251 1658 3
1251 1667 17
1251 1721 13
1251 1732 3
1251 1788 14
1251 1801 12
1251 1841 8
1252 1434 6
1252 1658 9
1252 1684 14
1252 1700 6
1252 1778 17
1252 1824 15
1252 1922 20
1252 1947 11
1253 1285 1
1253 1345 17
1253 1448 10
1253 1465 13
1253 1520 4
1253 1608 11
1253 1762 7
1253 1955 12
1254 1589 16
1254 1691 14
1254 1743 4
1254 1852 15
1254 1905 10
1254 1926 4
1254 1943 19
1255 1455 14
1255 1584 1
1255 1693 3
1255 1748 13
1255 1758 2
1255 1801 19
1255 1802 6
1256 1290 17
1256 1638 16
1256 1802 17
1257 1493 19
1257 1496 15
1257 1503 5
1257 1520 10
1257 1557 15
1257 1577 14
1257 1724 20
1257 1833 7
1257 1947 6
1257 1963 17
1258 1401 6
1258 1557 8
1258 1614 19
1258 1669 9
1258 1701 3
1258 1742 20
1258 1744 14
1258 1955 9
1258 1981 17
1259 1356 3
1259 1508 7
1259 1519 18
1259 1531 5
1259 1539 12
1259 1544 12
1259 1575 19
1259 1661 4
1259 1949 9
1260 1533 18
1260 1537 2
1260 1718 9
1260 1899 19
1261 1266 5
1261 1451 8
1261 1480 3
1261 1675 20
1261 1723 11
1261 1791 15
1261 1813 1
1261 1822 1
1262 1272 16
1262 1330 20
1262 1415 15
1262 1568 10
1262 1658 7
1262 1747 2
1262 1883 13
1263 1279 18
1263 1343 9
1263 1359 18
1263 1478 20
1263 1486 17
1263 1523 11
1263 1615 9
1263 1649 1
1263 1656 7
1263 1762 20
1263 1817 14
1263 1942 3
1263 1967 8
1263 1991 16
1264 1271 5
1264 1362 10
1264 1765 15
1264 1803 17
1264 1849 16
1264 1962 14
1264 1969 9
1264 1988 19
1265 1426 7
1265 1446 18
1265 1597 15
1265 1641 4
1265 1668 13
1265 1670 8
1265 1764 10
1265 1781 4
1265 1823 18
1266 1460 2
1266 1564 20
1266 1864 11
1266 1891 19
1266 1893 2
1266 1894 14
1266 1908 10
1267 1380 3
1267 1603 10
1267 1666 13
1267 1670 12
1267 1813 18
1267 1853 20
1267 1942 3
1268 1378 15
1268 1380 17
1268 1689 10
1268 1882 9
1268 1893 20
1269 1312 7
1269 1327 15
1269 1420 14
1269 1499 20
1269 1625 4
1269 1628 9
1269 1701 2
1269 1852 3
1269 1968 10
1270 1283 16
1270 1305 4
1270 1347 16
1270 1401 1
1270 1411 3
1270 1570 18
1270 1653 16
1270 1683 2
1270 1704 1
1270 1774 6
1271 1287 1
1271 1477 15
1271 1485 7
1271 1802 7
1271 1851 4
1271 1954 1
1272 1289 19
1272 1298 20
1272 1324 16
1272 1529 17
1272 1536 14
1272 1947 13
1272 1950 17
1273 1283 18
1273 1367 10
1273 1380 1
1273 1479 4
1273 1510 5
1273 1581 11
1273 1759 16
1273 1769 18
1273 1783 8
1273 1890 11
1273 1894 14
1274 1298 6
1274 1316 18
1274 1563 20
1274 1569 20
1275 1437 14
1275 1460 16
1275 1566 6
1275 1623 13
1275 1705 1
1275 1808 18
1275 1815 4
1275 1898 7
1276 1342 2
1276 1347 19
1276 1359 8
1276 1928 12
1276 1966 16
1277 1328 8
1277 1783 15
1278 1285 3
1278 1433 18
1278 1489 2
1278 1497 19
1278 1716 17
1278 1732 5
1278 1887 20
1278 1943 1
1279 1288 4
1279 1302 8
1279 1369 2
1279 1419 19
1279 1609 1
1279 1771 5
1279 1949 3
1279 1956 15
1280 1396 2
1280 1475 4
1280 1497 7
1280 1503 17
1280 1537 13
1280 1678 16
1280 1698 4
1280 1721 5
1280 1765 10
1280 1792 1
1280 1883 2
1280 1901 14
1281 1347 2
1281 1375 8
1281 1526 5
1281 1556 19
1281 1911 5
1282 1337 17
1282 1382 12
1282 1433 18
1282 1582 16
1282 1594 4
1282 1802 4
1282 1807 2
1282 1836 4
1282 1845 17
1283 1297 6
1283 1442 15
1283 1500 17
1284 1357 6
1284 1377 14
1284 1380 11
1284 1477 4
1284 1545 8
1284 1547 9
1284 1713 12
1284 1767 10
1285 1324 20
1285 1352 7
1285 1519 11
1285 1625 13
1285 1699 3
1286 1363 12
1286 1424 2
1286 1520 16
1286 1536 14
1286 1768 8
1287 1371 19
1287 1769 17
1287 1846 20
1287 1849 11
1288 1380 12
1288 1455 15
1288 1638 15
1288 1708 16
1289 1497 7
1289 1708 9
1289 1709 19
1289 1957 14
1290 1297 13
1290 1349 9
1290 1440 5
1290 1479 12
1290 1624 17
1290 1651 9
1290 1653 17
1290 1827 7
1290 1831 5
1290 1950 4
1291 1358 6
1291 1376 18
1291 1380 10
1291 1449 15
1291 1609 16
1291 1657 5
1291 1686 8
1291 1799 4
1291 1823 3
1291 1891 9
1292 1415 13
1292 1584 4
1292 1613 10
1292 1614 17
1292 1618 14
1292 1636 9
1292 1711 7
1292 1883 20
1292 1967 15
1293 1363 14
1293 1366 19
1293 1408 2
1293 1424 14
1293 1697 14
1293 1701 7
1293 1765 8
1293 1789 3
1293 1962 15
1293 1970 2
1293 1995 14
1294 1306 5
1294 1314 8
1294 1384 16
1294 1656 4
1294 1740 9
1294 1800 13
1294 1955 5
1295 1384 14
1295 1714 19
1295 1733 19
1296 1338 12
1296 1801 8
1296 1875 8
1296 1939 14
1296 1951 11
1297 1479 11
1297 1489 7
1297 1593 17
1297 1646 14
1297 1807 1
1297 1839 1
1297 1840 14
1297 1843 8
1297 1876 10
1297 1894 3
1298 1332 13
1298 1373 5
1298 1403 8
1298 1447 14
1298 1530 1
1298 1580 1
1298 1582 11
1298 1788 11
1298 1914 8
1298 1975 7
1299 1599 18
1299 1604 9
1299 1648 7
1299 1839 8
1299 1865 10
1300 1571 14
1300 1595 20
1300 1671 16
1300 1718 20
1300 1757 14
1301 1364 3
1301 1482 2
1301 1619 20
1301 1678 11
1301 1777 17
1301 1799 10
1301 1834 3
1301 1906 14
1302 1730 9
1302 1782 8
1302 1929 20
1303 1367 4
1303 1383 15
1303 1594 16
1303 1698 4
1303 1762 7
1303 1774 10
1303 1782 16
1303 1929 16
1303 1938 2
1304 1373 11
1304 1385 13
1304 1501 3
1304 1593 12
1304 1666 17
1304 1900 20
1304 1910 5
1304 1958 2
1304 1984 19
1305 1326 13
1305 1437 7
1305 1591 17
1305 1664 19
1305 1785 8
1305 1863 19
1305 1890 3
1305 1896 5
1305 1924 1
1306 1403 6
1306 1480 10
1306 1497 9
1306 1932 6
1306 1982 20
1306 1994 17
1307 1351 12
1307 1484 8
1307 1567 15
1307 1585 11
1307 1589 20
1307 1985 11
1308 1423 18
1308 1561 11
1308 1693 17
1308 1800 17
1308 1866 2
1308 1989 1
1309 1345 9
1309 1544 16
1309 1744 17
1309 1753 14
1309 1762 19
1309 1935 20
1310 1323 15
1310 1376 2
1310 1651 20
1310 1702 13
1310 1721 1
1310 1731 6
1310 1882 9
1311 1353 13
1311 1385 6
1311 1419 9
1311 1451 13
1311 1526 12
1311 1545 4
1311 1560 3
1311 1611 18
1311 1702 13
1311 1821 15
1311 1861 16
1311 1991 17
1312 1425 3
1312 1519 8
1312 1526 15
1312 1556 19
1312 1648 4
1312 1973 8
1313 1404 11
1313 1509 20
1313 1541 1
1313 1740 3
1313 1792 12
1313 1795 4
1314 1367 16
1314 1388 9
1314 1407 19
1314 1692 7
1315 1411 5
1315 1421 4
1315 1499 17
1315 1712 5
1315 1771 1
1315 1795 16
1315 1803 5
1315 1881 8
1316 1340 11
1316 1498 3
1316 1823 9
1316 1873 9
1316 1919 9
1316 1927 11
1316 1964 6
1316 1992 8
1316 1993 6
1317 1390 5
1317 1421 7
1317 1475 17
1317 1555 14
1317 1592 9
1317 1732 10
1318 1401 8
1318 1427 5
1318 1636 1
1318 1666 4
1318 1667 1
1318 1734 3
1318 1780 9
1319 1450 5
1319 1586 11
1319 1598 12
1319 1602 3
1319 1697 12
1319 1914 13
1319 1993 15
1320 1403 11
1320 1425 20
1320 1457 19
1320 1504 18
1320 1545 16
1320 1815 2
1320 1850 14
1320 1871 7
1320 1887 7
1320 1979 20
1321 1455 6
1321 1725 5
1322 1708 7
1322 1765 9
1322 1861 3
1322 1895 17
1322 1998 3
1323 1326 13
1323 1497 2
1323 1533 7
1323 1736 12
1323 1753 7
1323 1780 12
1323 1782 10
1323 1791 17
1323 1807 1
1323 1822 3
1323 1841 6
1323 1900 7
1323 1927 3
1323 1970 19
1324 1328 2
1324 1482 13
1324 1568 16
1324 1699 15
1324 1709 6
1324 1769 15
1324 1955 1
1324 1967 15
1325 1341 15
1325 1407 2
1325 1737 6
1325 1862 14
1325 1984 7
1325 1996 6
1326 1381 6
1326 1471 10
1326 1528 17
1326 1541 8
1326 1658 3
1326 1708 18
1327 1429 2
1327 1456 8
1327 1510 13
1327 1555 3
1327 1643 9
1327 1768 4
1327 1824 15
1327 1921 20
1328 1350 4
1328 1388 18
1328 1517 11
1328 1575 6
1328 1844 10
1328 1873 7
1329 1518 20
1329 1661 13
1329 1754 13
1329 1848 4
1329 1904 9
1329 1929 1
1329 1965 17
1329 1974 14
1329 1976 11
1330 1420 5
1330 1666 2
1330 1750 19
1330 1777 13
1330 1845 9
1330 1868 12
1330 1900 20
1331 1373 17
1331 1376 20
1331 1411 10
1331 1458 19
1331 1492 20
1331 1589 18
1331 1947 6
1332 1514 20
1332 1701 8
1332 1769 5
1332 1798 8
1332 1921 1
1332 1932 15
1332 1968 5
1333 1553 16
1333 1582 9
1334 1343 18
1334 1513 2
1334 1556 2
1334 1586 16
1334 1705 2
1334 1984 6
1335 1444 1
1335 1612 1
1335 1815 1
1335 1878 17
1335 1904 3
1336 1373 17
1336 1456 4
1336 1502 18
1336 1717 7
1336 1881 7
1336 1988 4
1337 1418 18
1337 1526 19
1337 1545 18
1337 1701 12
1337 1723 20
1337 1898 1
1338 1342 13
1338 1390 11
1338 1476 18
1338 1495 12
1338 1571 18
1338 1752 12
1338 1828 18
1339 1502 4
1339 1553 19
1339 1601 20
1339 1634 1
1339 1657 9
1339 1700 11
1340 1348 8
1340 1417 3
1340 1504 7
1340 1607 3
1340 1701 17
1341 1434 17
1341 1736 20
1342 1635 3
1342 1659 7
1342 1730 7
1342 1782 4
1342 1860 16
1342 1894 16
1342 1998 7
1343 1389 13
1343 1465 12
1343 1769 7
1343 1934 6
1343 1971 9
1344 1403 10
1344 1491 7
1344 1496 8
1344 1710 18
1344 1753 2
1344 1858 7
1344 1982 14
1345 1467 12
1345 1667 18
1345 1915 9
1345 1934 1
1345 1991 10
1346 1393 6
1346 1572 8
1346 1702 10
1346 1866 10
1346 1949 8
1346 1971 16
1347 1359 18
1347 1371 10
1347 1407 6
1347 1660 1
1347 1723 18
1347 1818 1
1347 1849 15
1347 1970 15
1348 1393 6
1348 1405 9
1348 1585 1
1348 1894 3
1349 1488 8
1349 1501 12
1349 1518 18
1349 1588 4
1349 1679 2
1349 1715 8
1349 1964 20
1350 1505 15
1350 1577 11
1350 1580 1
1350 1641 2
1350 1797 5
1350 1807 3
1350 1822 14
1350 1908 11
1350 1991 10
1351 1355 1
1351 1541 10
1351 1547 5
1351 1587 20
1351 1703 20
1351 1779 5
1351 1783 2
1351 1814 5
1352 1585 11
1352 1603 6
1352 1626 7
1352 1753 9
1352 1829 16
1352 1907 2
1352 1916 11
1352 1938 19
1352 1966 10
1353 1435 19
1353 1465 9
1353 1508 12
1353 1729 18
1353 1738 17
1353 1905 17
1354 1365 8
1354 1373 4
1354 1405 6
1354 1413 11
1354 1445 16
1354 1454 15
1354 1458 18
1354 1548 2
1354 1667 15
1354 1695 19
1354 1746 10
1354 1848 15
1354 1854 20
1355 1579 10
1355 1596 16
1356 1413 5
1356 1427 12
1356 1659 18
1356 1735 12
1356 1820 20
1356 1959 18
1357 1457 14
1357 1515 9
1357 1671 13
1357 1798 11
1357 1878 1
1357 1937 12
1357 1961 8
1358 1409 4
1358 1621 14
1358 1639 14
1358 1764 4
1358 1828 10
1358 1869 17
1358 1959 18
1358 1964 7
1358 1991 2
1359 1372 16
1359 1654 16
1359 1764 14
1359 1906 16
1359 1951 8
1360 1551 4
1360 1666 9
1360 1814 11
1360 1865 12
1360 1972 10
1361 1459 2
1361 1477 17
1361 1507 20
1361 1615 17
1361 1684 2
1361 1818 18
1361 1847 5
1361 1885 5
1361 1980 1
1362 1491 12
1362 1533 14
1362 1593 4
1362 1670 9
1362 1737 18
1362 1855 20
1362 1875 6
1362 1930 11
1363 1375 9
1363 1533 9
1363 1580 11
1363 1630 4
1363 1639 1
1363 1686 4
1363 1688 20
1363 1832 20
1364 1418 20
1364 1678 4
1364 1783 14
1364 1824 3
1364 1957 19
1365 1499 20
1365 1567 17
1365 1691 14
1365 1794 7
1365 1904 9
1366 1412 17
1366 1430 5
1366 1527 12
1366 1713 14
1366 1744 13
1366 1832 11
1366 1923 11
1366 1941 18
1367 1669 12
1367 1698 15
1367 1701 11
1367 1735 7
1367 1860 3
1367 1998 8
1368 1412 18
1368 1465 18
1368 1472 17
1368 1556 9
1368 1950 9
1368 1996 17
1369 1541 9
1369 1638 13
1369 1735 17
1369 1810 15
1370 1454 2
1370 1563 13
1370 1693 16
1370 1788 10
1370 1979 6
1371 1390 3
1371 1454 5
1371 1682 12
1371 1718 10
1371 1779 8
1371 1787 3
1371 1893 12
1372 1504 7
1372 1548 5
1372 1756 2
1372 1793 11
1372 1949 11
1373 1672 12
1373 1748 19
1373 1844 8
1373 1917 3
1373 1991 8
1374 1410 15
1374 1430 11
1374 1451 6
1374 1497 3
1374 1552 13
1374 1940 12
1375 1461 6
1375 1515 8
1375 1620 8
1375 1647 18
1375 1675 17
1375 1710 17
1375 1727 6
1375 1808 17
1375 1934 13
1376 1391 20
1376 1542 7
1376 1583 18
1376 1598 1
1376 1791 14
1376 1808 10
1376 1830 10
1376 1992 11
1376 1995 20
1377 1385 16
1377 1450 12
1377 1713 16
1377 1789 6
1377 1841 5
1378 1438 17
1378 1476 2
1378 1566 10
1378 1696 16
1379 1384 8
1379 1524 1
1379 1529 6
1379 1679 20
1379 1835 4
1379 1978 10
1380 1385 16
1380 1390 1
1380 1559 3
1380 1858 17
1381 1388 12
1381 1400 2
1381 1450 8
1381 1457 16
1381 1552 8
1381 1572 13
1381 1642 17
1381 1731 4
1381 1865 14
1381 1977 12
1382 1461 17
1382 1692 8
1382 1724 12
1382 1965 13
1383 1663 8
1383 1896 8
1384 1638 18
1384 1715 15
1384 1723 11
1384 1734 20
1384 1741 9
1384 1801 19
1384 1802 2
1384 1858 2
1385 1532 1
1385 1639 4
1385 1725 8
1385 1769 8
1385 1789 2
1385 1906 17
1386 1672 14
1386 1799 17
1386 1955 11
1387 1632 14
1387 1746 1
1387 1909 19
1387 1945 9
1388 1465 17
1388 1684 4
1388 1887 15
1389 1585 10
1389 1628 11
1389 1754 16
1389 1861 13
1389 1899 2
1389 1907 9
1389 1912 10
1389 1953 18
1389 1998 4
1390 1486 6
1390 1607 10
1390 1728 9
1390 1797 11
1390 1891 10
1390 1918 12
1390 1955 4
1391 1537 5
1391 1577 3
1391 1590 11
1391 1614 10
1391 1708 2
1391 1997 11
1392 1459 3
1392 1482 1
1392 1547 13
1392 1661 19
1392 1706 12
1392 1759 8
1392 1795 9
1393 1433 10
1393 1483 12
1393 1582 10
1393 1589 11
1393 1627 13
1393 1647 9
1393 1827 2
1393 1895 4
1393 1946 10
1394 1396 15
1394 1690 19
1394 1694 4
1394 1714 5
1394 1780 13
1394 1854 5
1394 1872 4
1394 1950 19
1394 1974 18
1395 1608 16
1395 1745 13
1395 1776 1
1395 1879 12
1395 1933 12
1395 1942 11
1395 1976 20
1396 1507 4
1396 1651 15
1396 1690 7
1396 1718 16
1396 1917 10
1397 1545 7
1397 1663 11
1397 1781 7
1397 1796 16
1397 1799 7
1397 1802 19
1397 1993 15
1398 1702 9
1398 1740 15
1398 1771 6
1398 1852 3
1398 1989 14
1399 1456 16
1399 1508 5
1399 1535 13
1399 1537 9
1399 1772 13
1399 1912 17
1399 1946 7
1400 1592 15
1400 1687 16
1400 1717 7
1400 1759 8
1400 1848 16
1400 1900 19
1400 1924 7
1401 1457 3
1401 1683 12
1401 1832 15
1401 1850 17
1402 1407 13
1402 1577 17
1402 1639 11
1402 1680 6
1402 1755 11
1402 1829 19
1403 1569 1
1403 1629 11
1403 1703 13
1403 1750 7
1403 1756 13
1403 1891 3
1403 1911 16
1404 1529 13
1404 1715 9
1404 1804 10
1404 1911 8
1405 1628 5
1405 1942 9
1405 1945 11
1405 1997 2
1406 1487 2
1406 1751 20
1406 1773 14
1406 1892 4
1406 1903 17
1407 1463 9
1407 1465 5
1407 1562 8
1407 1581 14
1407 1594 6
1408 1574 15
1408 1668 5
1408 1688 7
1408 1891 20
1408 1899 15
1408 1918 1
1409 1503 20
1409 1756 18
1409 1848 20
1409 1851 6
1409 1995 5
1410 1573 10
1410 1574 2
1410 1772 13
1411 1503 15
1411 1587 16
1411 1597 1
1411 1648 17
1411 1810 10
1411 1884 12
1411 1903 10
1411 1979 1
1412 1455 3
1412 1490 20
1412 1596 3
1412 1651 13
1412 1835 13
1412 1858 18
1412 1907 4
1412 1942 15
1413 1437 9
1413 1449 5
1413 1656 15
1413 1700 11
1413 1875 20
1413 1900 11
1414 1520 16
1414 1683 8
1414 1721 4
1414 1757 18
1414 1896 13
1414 1970 20
1415 1453 10
1415 1470 12
1415 1681 15
1415 1701 18
1415 1718 13
1415 1755 14
1415 1764 10
1415 1790 18
1415 1791 15
1415 1838 8
1415 1928 14
1415 1990 11
1416 1481 13
1416 1485 7
1416 1500 5
1416 1524 8
1416 1806 9
1416 1934 19
1416 1950 12
1417 1560 6
1417 1565 8
1417 1568 4
1417 1612 13
1417 1812 14
1417 1890 20
1417 1894 20
1417 1943 10
1418 1487 6
1418 1541 13
1418 1718 19
1418 1740 12
1418 1747 1
1418 1909 6
1419 1422 9
1419 1430 18
1419 1600 11
1419 1730 9
1419 1812 9
1419 1902 10
1419 1928 14
1419 1965 10
1419 1970 11
1420 1434 11
1420 1516 11
1420 1687 10
1420 1780 5
1420 1826 17
1420 1895 11
1420 1968 12
1421 1510 2
1421 1524 14
1421 1592 10
1421 1603 1
1421 1679 16
1421 1827 1
1422 1429 10
1422 1535 13
1422 1548 13
1422 1630 19
1422 1662 7
1422 1764 20
1422 1899 1
1422 1914 10
1423 1429 2
1423 1512 7
1423 1757 15
1423 1775 4
1423 1787 11
1424 1766 12
1424 1854 2
1424 1983 20
1424 1997 3
1425 1427 17
1426 1439 18
1426 1442 16
1426 1490 1
1426 1701 19
1426 1812 5
1427 1543 18
1427 1662 2
1427 1680 14
1427 1723 10
1427 1787 12
1427 1942 1
1427 1982 14
1428 1503 6
1428 1550 18
1428 1568 13
1428 1572 14
1428 1610 13
1428 1727 20
1428 1942 19
1429 1530 2
1429 1646 11
1429 1711 11
1429 1732 19
1429 1812 14
1429 1875 15
1429 1905 6
1429 1958 20
1430 1631 6
1430 1734 10
1430 1789 6
1430 1798 11
1430 1906 8
1430 1911 2
1431 1432 17
1431 1473 9
1431 1556 20
1431 1590 3
1431 1628 19
1431 1824 20
1431 1861 14
1431 1891 2
1431 1996 11
1432 1660 6
1432 1781 16
1432 1804 12
1432 1933 20
1432 1975 12
1433 1774 15
1433 1895 1
1433 1904 2
1433 1940 10
1433 1945 20
1433 1977 3
1434 1450 15
1434 1584 18
1434 1630 17
1434 1667 1
1434 1689 8
1434 1854 10
1435 1897 5
1436 1443 8
1436 1479 14
1436 1498 6
1436 1533 16
1436 1608 9
1436 1630 6
1436 1645 4
1436 1880 20
1436 1945 12
1437 1545 1
1437 1678 7
1437 1724 15
1437 1837 2
1438 1465 2
1438 1500 8
1438 1992 7
1439 1695 3
1439 1702 9
1439 1737 15
1439 1816 15
1439 1859 15
1440 1596 15
1440 1698 9
1440 1876 10
1440 1996 13
1441 1475 14
1441 1542 14
1441 1555 10
1441 1659 12
1441 1673 16
1441 1916 2
1441 1931 12
1441 1984 10
1442 1567 6
1442 1573 16
1442 1717 7
1442 1822 5
1442 1853 12
1442 1957 1
1442 1997 1
1443 1462 8
1443 1495 1
1443 1531 12
1443 1616 6
1443 1716 10
1443 1740 9
1443 1809 1
1443 1870 19
1444 1469 7
1444 1506 4
1444 1520 17
1444 1528 15
1444 1913 4
1444 1936 15
1444 1969 5
1445 1587 1
1445 1634 16
1445 1687 1
1445 1797 9
1445 1865 2
1445 1961 2
1446 1587 13
1446 1699 11
1446 1736 18
1446 1781 19
1446 1843 13
1446 1896 7
1446 1993 18
1447 1782 7
1447 1866 5
1447 1980 5
1448 1450 18
1448 1510 6
1448 1591 14
1448 1654 18
1448 1657 4
1448 1667 12
1448 1790 5
1448 1805 5
1448 1814 7
1448 1988 2
1449 1613 5
1449 1686 10
1449 1727 4
1449 1744 19
1449 1748 12
1449 1852 4
1449 1965 9
1450 1497 4
1450 1806 16
1450 1904 5
1451 1491 10
1451 1588 19
1451 1607 1
1451 1626 6
1451 1700 10
1451 1796 19
1451 1850 1
1451 1939 8
1451 1983 10
1452 1608 18
1452 1651 3
1452 1792 3
1452 1793 19
1452 1823 6
1452 1829 2
1452 1991 18
1453 1521 12
1453 1542 18
1453 1574 11
1453 1678 5
1453 1923 14
1453 1943 15
1454 1521 17
1454 1542 15
1454 1639 10
1454 1732 16
1454 1774 10
1454 1933 2
1455 1545 7
1455 1550 4
1455 1589 20
1455 1659 13
1455 1938 17
1456 1499 16
1456 1768 18
1457 1479 4
1457 1800 11
1457 1841 10
1457 1964 11
1458 1475 20
1458 1479 15
1458 1499 18
1458 1528 1
1458 1549 3
1458 1601 17
1458 1674 12
1458 1849 19
1459 1609 4
1459 1716 13
1459 1926 20
1460 1487 7
1460 1510 3
1460 1880 15
1460 1887 16
1460 1947 5
1461 1505 18
1461 1611 17
1461 1753 3
1461 1862 4
1461 1884 1
1461 1938 5
1462 1561 15
1462 1689 18
1462 1770 19
1463 1480 14
1463 1538 6
1463 1790 2
1464 1670 1
1464 1686 12
1464 1880 13
1465 1597 20
1465 1652 8
1465 1662 2
1465 1709 13
1465 1784 4
1465 1852 4
1465 1867 9
1465 1922 14
1466 1544 10
1466 1557 15
1466 1676 19
1466 1693 2
1466 1707 20
1466 1960 7
1467 1566 15
1467 1603 14
1467 1697 20
1467 1790 4
1468 1560 6
1468 1655 16
1468 1750 19
1468 1771 5
1468 1792 15
1468 1933 20
1468 1934 20
1468 1955 11
1469 1489 3
1469 1535 13
1469 1692 20
1469 1789 5
1469 1946 15
1470 1909 2
1471 1527 15
1471 1661 9
1472 1723 4
1472 1853 9
1472 1865 6
1473 1559 8
1473 1586 18
1473 1790 17
1473 1813 14
1473 1900 8
1473 1996 17
1474 1501 10
1474 1590 16
1474 1667 5
1474 1859 5
1474 1963 7
1475 1713 7
1475 1730 2
1475 1764 19
1475 1946 6
1475 1977 11
1475 1995 13
1476 1770 12
1476 1919 15
1476 1956 16
1476 1963 2
1476 1971 11
1477 1495 14
1477 1516 5
1477 1520 18
1477 1631 4
1477 1968 19
1477 1991 6
1478 1738 9
1478 1739 4
1478 1751 11
1478 1797 6
1478 1894 4
1478 1910 15
1478 1924 9
1478 1925 12
1479 1542 15
1479 1558 6
1479 1822 1
1479 1899 12
1479 1962 14
1480 1552 12
1480 1608 13
1480 1651 1
1480 1723 4
1480 1846 5
1480 1919 11
1481 1600 6
1481 1689 8
1481 1813 18
1481 1888 14
1482 1556 11
1482 1672 10
1482 1778 16
1482 1851 20
1483 1504 3
1483 1512 16
1483 1599 5
1483 1767 5
1483 1771 18
1483 1808 2
1483 1817 17
1484 1577 4
1485 1726 6
1485 1764 6
1485 1823 7
1485 1865 7
1485 1918 14
1486 1489 5
1486 1543 13
1486 1672 6
1486 1826 12
1487 1645 3
1487 1791 20
1487 1883 15
1487 1928 16
1488 1513 1
1488 1537 20
1488 1748 18
1488 1827 7
1488 1942 17
1489 1508 6
1489 1540 9
1489 1695 5
1489 1719 11
1490 1513 19
1490 1522 18
1490 1532 15
1490 1614 17
1490 1789 6
1491 1590 20
1491 1949 2
1492 1527 19
1492 1594 16
1492 1755 17
1492 1779 2
1493 1521 4
1493 1577 8
1493 1877 10
1494 1592 11
1494 1858 8
1495 1498 7
1495 1533 4
1495 1613 8
1495 1681 2
1496 1505 10
1496 1518 17
1496 1547 11
1496 1569 12
1496 1814 14
1496 1946 14
1497 1539 3
1497 1540 7
1497 1594 17
1497 1708 12
1497 1779 12
1497 1857 19
1498 1592 11
1498 1844 2
1499 1505 14
1499 1593 16
1499 1639 1
1500 1549 14
1500 1574 19
1500 1599 3
1500 1611 3
1500 1617 16
1500 1751 15
1500 1850 5
1500 1860 13
1501 1506 6
1501 1527 6
1501 1589 5
1501 1675 2
1501 1794 18
1501 1914 3
1501 1965 9
1502 1676 15
1502 1706 7
1502 1740 6
1502 1796 5
1502 1802 17
1502 1832 3
1502 1857 1
1502 1862 4
1502 1958 10
1503 1692 19
1503 1753 9
1503 1809 9
1503 1964 4
1503 1992 20
1504 1549 3
1504 1863 7
1504 1935 14
1505 1639 10
1505 1808 10
1505 1827 7
1505 1857 11
1505 1898 11
1506 1553 14
1506 1597 12
1506 1649 8
1506 1725 4
1506 1789 17
1506 1793 17
1506 1802 1
1507 1980 9
1508 1587 19
1508 1601 7
1508 1676 12
1508 1713 6
1508 1955 3
1509 1611 12
1509 1636 14
1509 1857 19
1510 1521 13
1510 1565 6
1510 1676 9
1510 1824 18
1510 1908 12
1510 1917 10
1511 1581 7
1511 1681 7
1511 1756 12
1511 1885 14
1512 1536 17
1512 1650 16
1512 1677 10
1512 1679 18
1512 1771 4
1512 1981 18
1513 1523 6
1513 1619 19
1513 1642 4
1513 1648 18
1513 1721 19
1513 1800 15
1513 1867 16
1513 1974 11
1513 1977 13
1514 1983 19
1515 1560 8
1515 1603 8
1515 1667 18
1515 1765 10
1515 1837 14
1515 1905 10
1516 1548 4
1516 1637 6
1516 1640 17
1516 1649 7
1516 1921 7
1516 1952 10
1517 1605 10
1517 1705 6
1517 1742 2
1517 1824 14
1517 1892 10
1517 1917 2
1518 1559 15
1518 1633 8
1518 1662 8
1518 1792 12
1518 1943 15
1519 1654 10
1519 1753 20
1519 1780 12
1519 1782 12
1519 1859 13
1519 1932 17
1519 1952 2
1519 1961 20
1520 1704 10
1520 1711 18
1520 1782 13
1520 1824 12
1520 1919 4
1521 1576 20
1521 1706 15
1521 1737 20
1522 1543 5
1522 1734 7
1522 1769 9
1522 1772 1
1522 1809 15
1522 1842 9
1522 1936 20
1523 1824 8
1523 1972 13
1524 1682 1
1524 1702 19
1524 1977 8
1524 1998 3
1525 1658 1
1525 1670 15
1525 1676 2
1525 1991 9
1526 1623 18
1526 1645 19
1526 1653 14
1526 1713 3
1527 1781 17
1527 1803 10
1527 1907 11
1528 1585 18
1528 1657 10
1528 1666 6
1528 1711 9
1528 1826 17
1528 1836 15
1529 1560 20
1529 1581 7
1529 1600 3
1529 1684 4
1529 1837 9
1530 1544 3
1530 1655 3
1530 1916 3
1530 1917 14
1530 1992 17
1531 1601 5
1531 1718 13
1531 1766 19
1531 1827 15
1531 1849 17
1532 1593 13
1532 1637 5
1532 1739 3
1532 1806 7
1532 1838 14
1532 1849 17
1532 1871 3
1532 1905 10
1533 1819 3
1533 1822 1
1533 1879 16
1533 1912 1
1534 1546 11
1534 1590 20
1534 1601 13
1534 1658 18
1534 1722 5
1534 1987 1
1535 1552 6
1535 1875 18
1535 1913 5
1535 1928 13
1536 1563 17
1536 1689 15
1536 1724 18
1536 1787 1
1536 1801 14
1536 1879 10
1536 1919 18
1537 1672 7
1537 1734 10
1537 1756 16
1537 1884 15
1537 1905 4
1537 1924 17
1537 1979 18
1538 1560 13
1538 1626 14
1538 1639 7
1538 1684 16
1538 1709 12
1538 1736 18
1538 1751 9
1538 1761 8
1538 1957 6
1539 1951 5
1540 1768 4
1540 1988 15
1541 1614 10
1541 1669 14
1541 1702 14
1541 1799 14
1541 1844 16
1541 1871 4
1541 1892 13
1541 1966 11
1542 1760 12
1542 1764 12
1542 1811 1
1543 1691 15
1543 1818 12
1543 1871 17
1544 1688 3
1544 1751 11
1544 1786 3
1544 1804 10
1544 1878 11
1545 1579 20
1545 1607 17
1545 1608 12
1545 1753 16
1545 1789 14
1545 1867 16
1546 1879 16
1547 1579 11
1547 1588 8
1547 1737 10
1547 1783 3
1547 1799 12
1547 1880 7
1548 1607 8
1548 1652 20
1548 1712 10
1548 1792 18
1548 1917 6
1549 1584 18
1549 1602 1
1549 1793 16
1549 1809 16
1549 1888 19
1550 1785 9
1550 1823 10
1550 1884 5
1551 1632 19
1551 1881 1
1551 1892 12
1551 1968 10
1552 1939 8
1553 1732 4
1553 1875 3
1554 1707 19
1554 1741 1
1555 1591 9
1555 1594 16
1555 1676 19
1555 1948 10
1556 1771 7
1556 1785 9
1557 1645 18
1557 1710 9
1557 1818 6
1558 1568 20
1558 1602 14
1558 1650 14
1558 1861 5
1559 1566 10
1559 1591 11
1559 1623 20
1559 1890 14
1560 1859 10
1561 1626 15
1562 1610 11
1562 1633 20
1562 1722 11
1562 1749 12
1562 1819 5
1562 1832 19
1562 1964 17
1563 1747 19
1564 1784 13
1564 1836 6
1564 1878 16
1564 1957 7
1565 1809 6
1565 1871 17
1566 1571 13
1566 1595 3
1566 1621 10
1566 1875 1
1567 1705 18
1567 1819 5
1568 1678 14
1568 1788 2
1568 1973 8
1569 1648 5
1569 1669 3
1569 1829 12
1569 1903 13
1569 1913 14
1569 1968 4
1569 1977 11
1569 1980 8
1570 1589 15
1570 1651 4
1570 1694 15
1571 1577 3
1571 1738 18
1571 1749 14
1571 1766 1
1572 1591 1
1572 1655 7
1572 1703 18
1572 1724 9
1572 1795 6
1572 1834 10
1572 1850 17
1573 1617 7
1573 1686 11
1573 1713 12
1573 1866 5
1573 1876 11
1573 1896 18
1574 1732 10
1574 1778 1
1574 1803 11
1574 1870 14
1574 1883 19
1574 1890 18
1575 1988 16
1576 1653 11
1576 1779 10
1576 1809 5
1576 1810 5
1576 1888 10
1576 1975 10
1577 1631 2
1577 1706 10
1577 1773 18
1577 1784 2
1577 1953 10
1578 1670 12
1578 1991 16
1579 1734 5
1579 1882 13
1579 1890 17
1579 1979 2
1580 1694 9
1580 1697 11
1580 1710 14
1580 1743 15
1580 1910 1
1580 1914 2
1580 1955 13
1581 1587 19
1581 1701 7
1581 1741 3
1581 1743 11
1581 1765 9
1581 1782 4
1581 1971 11
1582 1585 19
1582 1740 7
1582 1811 16
1582 1938 4
1583 1595 16
1583 1663 3
1583 1722 19
1583 1867 9
1583 1927 17
1584 1605 19
1584 1785 14
1584 1790 3
1584 1807 14
1585 1629 18
1585 1638 14
1585 1855 19
1586 1711 1
1586 1863 9
1586 1995 1
1587 1941 13
1587 1990 3
1588 1655 9
1588 1670 18
1588 1719 3
1588 1819 19
1588 1865 12
1588 1873 9
1588 1897 5
1589 1637 20
1589 1951 9
1590 1746 19
1590 1858 10
1590 1897 10
1590 1956 3
1591 1718 2
1591 1742 16
1591 1784 2
1591 1836 17
1591 1862 9
1591 1985 9
1592 1595 19
1592 1758 14
1592 1821 8
1592 1822 7
1593 1630 10
1593 1636 8
1593 1668 12
1593 1976 3
1594 1661 2
1594 1854 16
1595 1681 8
1595 1693 18
1595 1907 20
1596 1647 11
1596 1663 11
1596 1697 16
1596 1847 7
1596 1859 19
1596 1902 13
1596 1940 4
1597 1739 20
1597 1780 20
1598 1676 19
1598 1773 12
1599 1615 8
1599 1724 2
1599 1838 5
1600 1601 13
1600 1992 17
1601 1628 20
1601 1635 8
1601 1827 2
1601 1906 20
1601 1919 13
1601 1979 3
1601 1993 1
1602 1654 15
1602 1692 7
1602 1886 5
1603 1651 12
1603 1859 15
1603 1876 13
1603 1976 20
1604 1769 18
1604 1888 9
1605 1633 9
1605 1748 12
1605 1858 16
1605 1970 6
1606 1647 11
1606 1653 15
1606 1745 18
1606 1792 10
1606 1910 19
1607 1647 18
1607 1699 12
1607 1785 8
1607 1803 12
1607 1936 2
1608 1630 5
1608 1673 15
1608 1715 13
1608 1755 14
1608 1795 14
1608 1942 5
1608 1992 12
1609 1786 10
1610 1681 9
1610 1741 3
1610 1744 17
1610 1937 14
1611 1622 8
1611 1704 6
1611 1709 4
1611 1732 4
1611 1797 10
1612 1625 14
1612 1756 19
1612 1792 18
1612 1868 1
1613 1618 6
1613 1629 19
1613 1741 12
1613 1848 9
1613 1894 10
1613 1977 13
1614 1623 8
1614 1636 5
1614 1698 20
1614 1842 15
1614 1882 17
1615 1640 2
1615 1783 3
1615 1819 10
1615 1823 17
1616 1705 2
1616 1835 12
1616 1941 18
1616 1965 2
1616 1991 10
1617 1645 13
1617 1683 17
1618 1686 19
1618 1740 3
1618 1808 17
1619 1623 13
1619 1624 11
1619 1716 16
1619 1784 20
1619 1812 19
1619 1976 16
1619 1984 5
1620 1629 13
1620 1633 20
1620 1818 6
1620 1946 17
1620 1995 1
1621 1693 5
1621 1724 15
1621 1744 15
1621 1828 15
1621 1871 16
1622 1788 10
1622 1847 11
1622 1864 17
1622 1902 19
1623 1652 19
1623 1883 13
1623 1993 10
1624 1640 7
1624 1756 9
1624 1925 3
1625 1765 6
1625 1769 10
1625 1907 13
1625 1956 4
1625 1969 17
1626 1636 8
1626 1706 12
1626 1717 16
1626 1784 5
1626 1882 16
1626 1936 5
1626 1944 17
1626 1973 3
1626 1978 11
1627 1677 2
1627 1782 6
1628 1676 13
1628 1838 11
1628 1881 20
1628 1922 15
1629 1693 17
1629 1904 17
1629 1928 1
1630 1755 15
1630 1795 4
1630 1873 12
1631 1654 11
1631 1907 13
1631 1997 4
1631 1999 3
1632 1696 14
1632 1724 10
1632 1781 5
1632 1784 20
1632 1890 18
1633 1718 18
1633 1731 4
1633 1748 3
1633 1921 4
1633 1961 15
1634 1639 7
1634 1686 15
1634 1836 8
1634 1879 15
1634 1892 20
1636 1748 3
1636 1805 20
1636 1815 11
1636 1819 6
1636 1988 2
1637 1727 3
1637 1938 20
1637 1975 14
1637 1990 18
1638 1657 18
1639 1701 1
1639 1968 8
1640 1655 7
1640 1903 18
1640 1963 7
1641 1657 5
1641 1715 3
1641 1793 3
1641 1903 1
1641 1924 5
1641 1986 8
1642 1748 14
1642 1851 20
1642 1983 8
1643 1720 20
1643 1745 20
1643 1773 7
1643 1795 9
1644 1900 12
1644 1922 18
1644 1977 4
1645 1845 7
1645 1878 18
1645 1964 17
1646 1670 20
1646 1746 6
1646 1754 2
1646 1786 12
1646 1788 11
1646 1805 2
1646 1953 8
1646 1956 2
1647 1668 16
1647 1692 1
1647 1782 6
1647 1867 20
1647 1938 9
1647 1943 4
1647 1967 4
1648 1676 11
1648 1977 10
1648 1983 1
1649 1654 9
1649 1928 9
1649 1985 16
1650 1938 17
1650 1946 13
1651 1697 6
1651 1853 7
1651 1963 2
1652 1692 10
1652 1725 9
1652 1821 16
1652 1869 9
1652 1969 18
1653 1692 17
1653 1736 14
1653 1817 14
1653 1828 20
1654 1679 14
1654 1865 1
1654 1889 12
1655 1699 16
1655 1866 5
1656 1825 16
1656 1886 18
1656 1937 17
1657 1732 18
1657 1762 15
1657 1910 7
1658 1694 17
1658 1721 3
1658 1884 3
1658 1912 1
1659 1711 11
1659 1746 8
1659 1781 2
1659 1787 16
1660 1661 17
1660 1926 19
1660 1933 5
1660 1987 4
1661 1898 16
1662 1678 4
1662 1703 7
1662 1880 8
1662 1954 8
1662 1960 13
1663 1667 17
1663 1699 15
1663 1799 13
1663 1889 10
1663 1984 4
1664 1682 7
1664 1707 10
1664 1762 8
1664 1794 12
1664 1813 11
1664 1915 20
1665 1903 1
1665 1978 1
1666 1673 5
1666 1692 11
1666 1851 12
1667 1786 18
1667 1793 19
1667 1869 5
1667 1989 18
1667 1992 18
1668 1761 10
1668 1762 9
1668 1794 7
1668 1797 3
1668 1848 2
1668 1920 6
1669 1857 11
1670 1698 12
1670 1850 3
1671 1825 5
1671 1850 20
1671 1902 20
1672 1761 2
1672 1854 9
1672 1993 5
1673 1710 10
1673 1806 5
1673 1808 14
1673 1992 12
1674 1834 15
1674 1851 17
1676 1729 12
1676 1919 12
1676 1984 16
1677 1694 10
1677 1698 7
1677 1802 3
1677 1814 17
1678 1749 8
1678 1768 12
1678 1882 2
1678 1915 3
1678 1943 14
1679 1771 6
1679 1836 10
1679 1858 14
1679 1910 9
1679 1953 14
1680 1764 15
1680 1875 16
1680 1895 20
1680 1973 11
1680 1994 18
1681 1729 3
1681 1844 6
1682 1748 1
1682 1827 14
1682 1839 15
1682 1858 15
1682 1862 2
1683 1713 4
1683 1740 10
1683 1745 1
1683 1814 6
1683 1884 11
1684 1721 18
1684 1729 18
1684 1748 3
1684 1798 20
1684 1865 19
1684 1881 14
1684 1941 1
1685 1691 11
1685 1721 10
1685 1793 15
1685 1822 2
1685 1955 16
1686 1853 12
1686 1864 17
1687 1744 13
1688 1769 8
1688 1855 7
1688 1973 19
1688 1988 10
1689 1703 18
1689 1719 5
1689 1960 7
1690 1740 17
1690 1999 5
1691 1815 3
1692 1864 8
1692 1885 13
1692 1994 13
1693 1760 12
1693 1827 4
1693 1907 20
1693 1985 14
1694 1756 13
1694 1769 8
1694 1878 16
1694 1884 7
1694 1986 13
1695 1827 5
1695 1858 7
1695 1897 11
1695 1953 12
1696 1699 9
1696 1720 19
1696 1784 20
1697 1701 16
1698 1788 17
1698 1854 17
1698 1916 13
1699 1760 9
1699 1789 11
1699 1860 8
1699 1900 3
1699 1933 12
1699 1940 16
1699 1976 8
1700 1710 16
1700 1737 18
1700 1829 16
1701 1893 7
1701 1898 3
1701 1963 7
1701 1982 6
1702 1706 6
1702 1763 10
1702 1779 3
1702 1785 15
1702 1880 9
1702 1991 17
1703 1763 9
1703 1785 6
1703 1847 6
1703 1905 6
1704 1771 10
1704 1840 7
1704 1846 19
1704 1862 3
1704 1906 12
1705 1753 14
1705 1762 7
1705 1791 5
1705 1826 20
1705 1964 13
1705 1977 3
1706 1795 1
1706 1906 19
1707 1725 17
1707 1765 12
1707 1841 20
1707 1910 7
1707 1913 12
1708 1743 19
1708 1802 16
1708 1811 9
1708 1893 13
1708 1924 4
1708 1933 20
1708 1970 1
1708 1987 2
1709 1799 1
1710 1811 20
1710 1882 4
1710 1894 2
1710 1895 2
1711 1805 8
1711 1884 4
1712 1742 13
1712 1991 15
1713 1947 6
1714 1807 19
1714 1830 9
1714 1912 19
1714 1974 3
1716 1806 11
1717 1742 5
1717 1780 8
1717 1807 18
1717 1848 8
1717 1871 9
1717 1915 17
1717 1971 4
1718 1765 10
1718 1882 9
1719 1772 8
1720 1733 17
1720 1779 16
1721 1727 2
1721 1740 5
1721 1869 3
1721 1871 17
1721 1903 17
1722 1803 2
1722 1868 10
1722 1909 9
1723 1832 7
1723 1874 12
1723 1931 7
1724 1783 10
1724 1786 6
1724 1948 10
1725 1816 1
1726 1769 4
1726 1839 18
1726 1865 13
1726 1893 5
1726 1947 10
1726 1985 16
1726 1997 13
1727 1880 11
1727 1913 5
1727 1922 9
1728 1735 15
1728 1863 15
1730 1784 3
1731 1779 4
1731 1971 7
1731 1992 15
1732 1817 12
1732 1839 11
1732 1969 9
1733 1834 11
1733 1845 18
1733 1849 11
1734 1847 13
1734 1884 8
1735 1816 7
1736 1843 8
1737 1790 13
1737 1875 10
1738 1915 8
1738 1951 2
1739 1789 14
1739 1808 10
1739 1829 12
1739 1873 18
1739 1920 1
1739 1966 16
1740 1772 16
1740 1820 20
1740 1845 13
1741 1835 17
1741 1885 16
1744 1798 7
1744 1826 19
1744 1927 6
1744 1997 9
1746 1802 15
1746 1824 6
1747 1990 8
1748 1900 15
1748 1972 5
1749 1789 18
1750 1841 16
1750 1869 12
1750 1884 4
1751 1765 20
1751 1798 2
1752 1763 8
1752 1905 19
1753 1826 16
1753 1831 17
1753 1865 10
1754 1794 4
1754 1840 11
1754 1909 6
1755 1820 3
1755 1839 2
1756 1847 11
1757 1803 19
1758 1792 1
1758 1802 16
1758 1803 19
1758 1921 3
1759 1793 17
1759 1800 7
1759 1849 10
1760 1796 15
1760 1825 8
1760 1836 10
1761 1764 12
1761 1971 11
1761 1985 11
1762 1841 9
1762 1996 20
1763 1918 5
1763 1957 6
1764 1809 12
1764 1849 15
1764 1923 3
1765 1844 20
1765 1945 9
1765 1960 16
1766 1813 8
1767 1812 15
1768 1775 9
1768 1828 1
1768 1941 17
1768 1960 20
1769 1904 12
1770 1861 7
1771 1805 9
1771 1876 19
1771 1908 3
1771 1974 11
1773 1812 3
1773 1867 20
1774 1899 14
1775 1840 18
1776 1887 5
1776 1910 2
1776 1921 6
1777 1827 17
1777 1856 12
1777 1904 11
1777 1976 15
1777 1985 4
1778 1779 16
1778 1976 11
1779 1812 10
1779 1846 7
1779 1899 7
1779 1953 13
1779 1966 2
1779 1995 20
1780 1855 13
1780 1942 4
1780 1986 6
1781 1809 6
1781 1822 11
1781 1841 7
1781 1946 16
1782 1825 13
1782 1983 3
1783 1805 2
1783 1871 5
1784 1827 9
1784 1909 7
1784 1943 3
1785 1804 2
1786 1947 11
1786 1957 16
1787 1974 4
1788 1961 9
1789 1796 13
1789 1901 16
1790 1841 2
1790 1895 4
1791 1881 12
1792 1802 12
1793 1859 5
1793 1973 10
1793 1979 16
1793 1995 13
1794 1850 14
1795 1979 2
1798 1840 20
1798 1904 7
1798 1941 20
1798 1943 17
1799 1859 17
1799 1900 14
1800 1903 20
1800 1954 12
1801 1967 3
1802 1975 14
1803 1873 18
1804 1832 5
1804 1838 17
1804 1875 18
1804 1910 1
1805 1971 7
1807 1860 19
1807 1861 9
1807 1940 14
1807 1943 18
1807 1996 8
1808 1852 1
1809 1880 13
1810 1914 14
1810 1939 14
1811 1919 18
1811 1930 5
1812 1851 17
1812 1999 19
1813 1819 11
1813 1876 10
1813 1900 19
1814 1907 3
1815 1937 7
1817 1967 3
1817 1990 14
1818 1849 12
1818 1862 19
1818 1869 10
1818 1989 3
1819 1894 7
1819 1947 15
1820 1917 10
1820 1922 17
1821 1979 17
1822 1944 1
1823 1989 9
1824 1851 7
1824 1853 4
1824 1926 8
1824 1928 17
1824 1958 15
1825 1868 13
1825 1929 12
1826 1870 15
1826 1977 15
1826 1994 4
1827 1836 16
1828 1863 10
1828 1954 7
1829 1838 2
1830 1956 14
1832 1926 8
1832 1952 15
1833 1961 10
1834 1927 11
1835 1891 1
1835 1993 3
1836 1929 6
1837 1868 5
1839 1842 12
1839 1959 18
1840 1845 9
1841 1896 18
1841 1962 14
1841 1966 10
1842 1966 6
1843 1848 12
1843 1890 6
1844 1848 20
1844 1931 1
1844 1932 14
1844 1947 20
1845 1951 4
1845 1965 11
1845 1992 9
1845 1994 19
1846 1917 15
1846 1950 7
1847 1870 10
1847 1932 19
1847 1995 7
1848 1877 19
1850 1941 11
1851 1857 12
1852 1923 3
1853 1897 16
1853 1937 7
1856 1864 13
1856 1875 17
1856 1967 4
1857 1876 12
1857 1925 7
1857 1958 7
1857 1967 12
1859 1926 13
1860 1980 18
1861 1924 11
1861 1926 7
1861 1946 3
1861 1953 20
1861 1971 6
1862 1931 17
1865 1883 14
1865 1910 1
1865 1912 14
1865 1926 15
1865 1995 3
1866 1967 18
1866 1988 4
1867 1958 9
1867 1973 8
1868 1876 15
1868 1889 11
1869 1875 10
1869 1997 4
1870 1882 13
1871 1995 18
1872 1897 8
1873 1965 9
1874 1940 3
1874 1941 7
1874 1999 16
1875 1977 18
1876 1891 19
1876 1939 5
1877 1912 15
1878 1931 9
1878 1975 7
1880 1897 13
1880 1947 17
1881 1887 4
1882 1897 6
1882 1937 8
1883 1962 13
1883 1989 17
1885 1990 20
1886 1958 4
1888 1952 8
1888 1992 1
1890 1898 20
1891 1908 4
1891 1913 3
1893 1904 4
1893 1948 16
1898 1985 18
1899 1913 15
1899 1950 20
1899 1990 16
1899 1994 17
1900 1999 2
1901 1944 11
1901 1993 5
1902 1918 20
1902 1965 18
1902 1986 7
1905 1997 16
1906 1950 16
1907 1984 17
1908 1967 14
1909 1910 5
1912 1988 13
1914 1944 16
1917 1961 1
1917 1993 16
1918 1979 5
1919 1961 18
1919 1964 8
1920 1962 6
1922 1925 11
1922 1970 14
1925 1940 13
1927 1954 6
1927 1969 18
1927 1994 17
1928 1958 1
1929 1987 19
1935 1952 19
1938 1983 11
1944 1947 10
1945 1951 3
1950 1997 20
1952 1963 5
1952 1995 16
1953 1963 2
1954 1996 16
1955 1978 3
1957 1980 9
1960 1971 16
1961 1993 12
1963 1967 2
1969 1995 17
1974 1982 4
1976 1981 15
1980 1999 9
1985 1996 6
1993 1995 7
