2000
0 22 13
0 33 20
0 61 10
0 76 6
0 237 4
0 249 16
0 328 3
0 554 4
0 590 6
0 661 13
0 963 1
0 1098 18
0 1170 17
0 1181 14
0 1182 14
0 1220 18
0 1339 14
0 1390 6
0 1407 2
0 1668 13
0 1836 1
0 1847 6
0 1995 9
1 19 1
1 304 10
1 411 4
1 559 9
1 699 17
1 722 5
1 1041 18
1 1136 4
1 1181 1
1 1287 12
1 1378 5
1 1832 14
1 1948 9
1 1972 19
2 54 20
2 56 12
2 127 8
2 205 13
2 221 14
2 297 10
2 463 1
2 690 13
2 864 5
2 1256 19
2 1589 16
2 1627 10
2 1709 13
2 1894 3
2 1923 10
3 79 15
3 125 6
3 179 12
3 205 9
3 232 4
3 234 12
3 246 14
3 270 2
3 519 7
3 576 9
3 764 17
3 896 12
3 928 11
3 937 16
3 1714 11
3 1781 19
3 1834 7
3 1899 3
3 1908 2
3 1928 10
4 28 4
4 167 10
4 498 8
4 778 3
4 824 17
4 871 15
4 959 13
4 1038 17
4 1039 17
4 1059 14
4 1159 4
4 1193 15
4 1226 20
4 1248 10
4 1285 4
4 1286 1
4 1444 2
4 1469 14
4 1541 17
4 1543 18
4 1550 12
4 1631 20
4 1642 15
4 1839 6
5 17 8
5 489 14
5 789 16
5 801 6
5 862 20
5 977 1
5 1006 4
5 1022 15
5 1174 13
5 1239 16
5 1247 2
5 1351 9
5 1673 19
5 1734 8
6 94 3
6 215 5
6 242 7
6 280 16
6 282 12
6 377 16
6 385 15
6 665 14
6 1157 2
6 1207 17
6 1231 1
6 1332 14
6 1354 20
6 1697 12
6 1879 14
6 1950 18
7 20 1
7 139 15
7 207 16
7 338 18
7 389 16
7 434 5
7 676 8
7 766 11
7 824 12
7 882 4
7 1054 19
7 1137 16
7 1175 19
7 1342 2
7 1360 1
7 1387 9
7 1457 14
7 1514 15
7 1556 6
7 1615 14
7 1660 18
7 1673 20
7 1723 17
7 1847 4
7 1850 12
7 1866 7
7 1888 1
8 196 16
8 301 7
8 355 5
8 363 5
8 527 9
8 566 19
8 624 11
8 653 11
8 712 7
8 920 20
8 1108 3
8 1286 10
8 1339 11
8 1356 9
8 1608 15
8 1628 13
8 1698 9
8 1754 10
8 1759 9
8 1899 18
9 21 20
9 27 17
9 76 20
9 88 17
9 117 10
9 158 17
9 264 1
9 385 3
9 395 19
9 412 2
9 419 7
9 451 2
9 631 14
9 782 2
9 786 7
9 859 14
9 908 12
9 1016 18
9 1112 9
9 1512 12
9 1631 11
9 1850 8
9 1955 15
10 44 16
10 48 19
10 110 19
10 119 5
10 179 17
10 200 13
10 319 20
10 399 2
10 516 18
10 548 9
10 702 18
10 708 12
10 723 18
10 844 1
10 966 14
10 1043 14
10 1126 11
10 1165 12
10 1362 5
10 1416 19
10 1583 14
10 1591 13
10 1689 8
10 1696 5
10 1712 6
10 1880 13
11 83 8
11 339 7
11 475 1
11 487 7
11 614 19
11 657 19
11 772 20
11 898 14
11 925 17
11 948 2
11 971 6
11 1012 9
11 1322 11
11 1481 14
11 1531 7
11 1658 5
11 1677 15
11 1925 1
11 1943 16
12 269 5
12 290 16
12 399 17
12 474 11
12 555 15
12 567 2
12 611 4
12 634 8
12 934 20
12 1282 18
12 1303 6
12 1476 20
12 1588 7
12 1672 3
12 1777 7
12 1904 12
12 1963 5
13 25 14
13 147 3
13 237 15
13 432 5
13 490 7
13 544 3
13 598 3
13 615 10
13 762 6
13 975 14
13 987 4
13 1041 12
13 1082 15
13 1088 11
13 1231 19
13 1380 11
13 1548 1
13 1741 17
13 1809 12
13 1822 15
13 1923 20
13 1930 13
13 1940 2
13 1965 14
14 33 4
14 129 2
14 428 18
14 479 20
14 487 13
14 560 9
14 594 15
14 708 6
14 774 7
14 779 2
14 796 10
14 834 2
14 966 8
14 1496 15
14 1683 16
14 1797 12
14 1918 6
14 1962 14
15 60 7
15 204 2
15 274 17
15 290 2
15 296 12
15 450 14
15 592 1
15 635 1
15 641 2
15 659 11
15 669 2
15 701 17
15 802 2
15 865 18
15 870 1
15 1339 17
15 1452 8
15 1542 20
15 1775 20
15 1778 3
15 1845 20
15 1853 13
15 1929 11
16 54 11
16 96 11
16 290 16
16 443 2
16 513 15
16 520 6
16 550 14
16 578 9
16 707 9
16 708 3
16 756 3
16 833 11
16 835 1
16 1018 12
16 1041 2
16 1152 7
16 1411 1
16 1607 4
16 1642 20
16 1905 8
17 24 2
17 27 1
17 79 20
17 250 6
17 264 3
17 316 18
17 393 9
17 456 17
17 459 19
17 770 4
17 943 14
17 1075 9
17 1189 6
17 1458 16
17 1548 19
17 1746 20
17 1871 18
17 1913 16
17 1978 10
17 1980 18
18 84 8
18 103 16
18 232 17
18 397 11
18 398 3
18 565 15
18 692 5
18 729 15
18 758 9
18 1005 8
18 1006 6
18 1143 3
18 1168 4
18 1253 2
18 1315 16
18 1360 5
18 1440 11
18 1805 17
19 118 14
19 162 4
19 378 14
19 460 20
19 471 10
19 637 14
19 751 6
19 795 11
19 904 6
19 966 10
19 1048 3
19 1324 13
19 1374 9
19 1405 4
19 1467 13
19 1585 9
19 1588 10
19 1663 6
19 1776 17
19 1873 2
19 1948 14
20 171 16
20 362 13
20 411 18
20 473 7
20 1002 17
20 1130 20
20 1243 15
20 1321 9
20 1426 6
20 1427 5
20 1544 15
20 1613 9
20 1625 9
20 1656 15
20 1796 9
20 1954 15
21 33 1
21 68 11
21 74 10
21 167 5
21 219 18
21 258 5
21 260 7
21 274 2
21 289 18
21 399 5
21 409 14
21 601 2
21 653 10
21 677 18
21 695 2
21 827 18
21 833 4
21 858 6
21 901 11
21 1287 7
21 1291 13
21 1306 2
21 1462 18
21 1943 10
22 328 15
22 480 20
22 509 6
22 537 2
22 587 2
22 697 12
22 747 3
22 924 13
22 936 8
22 1108 19
22 1304 17
22 1338 9
22 1349 12
22 1380 6
22 1492 5
22 1531 4
22 1532 17
22 1556 1
22 1588 20
22 1599 4
22 1665 14
22 1750 11
22 1762 5
22 1781 15
22 1845 10
22 1848 17
22 1861 17
22 1928 9
23 44 19
23 132 15
23 165 13
23 169 2
23 246 18
23 324 7
23 497 8
23 519 17
23 559 9
23 569 13
23 767 7
23 870 19
23 1271 19
23 1459 1
23 1521 15
23 1570 10
23 1933 2
24 107 17
24 187 4
24 210 10
24 331 14
24 368 12
24 452 15
24 749 4
24 755 17
24 758 17
24 773 5
24 1005 12
24 1012 20
24 1075 18
24 1216 8
24 1449 11
24 1461 16
24 1508 6
24 1544 5
24 1573 6
24 1707 18
24 1860 14
24 1908 5
25 123 18
25 132 19
25 242 11
25 244 1
25 457 19
25 577 8
25 580 20
25 842 12
25 1113 13
25 1145 5
25 1158 12
25 1245 10
25 1282 1
25 1303 3
25 1418 7
25 1618 12
25 1669 7
25 1761 19
25 1798 11
25 1799 1
25 1859 5
25 1891 20
25 1990 17
26 59 16
26 103 17
26 132 5
26 274 6
26 278 4
26 289 18
26 299 18
26 332 17
26 558 20
26 569 10
26 953 19
26 970 3
26 1001 1
26 1027 12
26 1033 6
26 1403 14
26 1462 19
26 1545 20
26 1583 19
26 1737 4
26 1751 6
26 1809 12
26 1903 15
26 1905 6
27 91 13
27 127 8
27 156 12
27 207 2
27 319 2
27 355 18
27 382 5
27 555 15
27 563 17
27 591 4
27 637 11
27 815 2
27 843 12
27 893 10
27 907 16
27 962 20
27 984 17
27 1101 12
27 1336 17
27 1445 13
27 1667 9
27 1774 20
27 1783 14
27 1857 17
27 1879 3
27 1953 14
28 352 4
28 545 7
28 904 11
28 952 10
28 1077 9
28 1097 14
28 1141 7
28 1154 18
28 1189 4
28 1231 5
28 1283 8
28 1426 10
28 1523 20
28 1545 19
28 1563 16
28 1679 13
28 1740 11
28 1911 12
29 217 7
29 314 6
29 1046 12
29 1047 8
29 1120 5
29 1127 1
29 1235 9
29 1371 19
29 1388 17
29 1458 14
29 1514 2
29 1599 9
29 1793 16
30 568 4
30 639 8
30 724 17
30 755 12
30 763 5
30 796 18
30 969 14
30 1042 8
30 1186 10
30 1209 1
30 1311 3
30 1509 14
30 1542 5
30 1577 18
30 1828 10
30 1849 17
30 1891 14
31 172 17
31 203 13
31 204 2
31 398 12
31 410 17
31 541 10
31 557 20
31 639 19
31 670 2
31 764 10
31 970 9
31 1004 17
31 1123 2
31 1210 13
31 1279 7
31 1537 14
31 1634 13
31 1714 19
31 1729 11
31 1751 7
31 1781 6
31 1844 11
32 64 15
32 77 9
32 198 12
32 292 2
32 296 12
32 337 16
32 528 1
32 568 3
32 622 5
32 724 4
32 741 8
32 874 6
32 991 2
32 1065 16
32 1342 19
32 1455 7
32 1472 20
32 1475 20
32 1489 1
32 1716 1
32 1807 19
32 1846 18
32 1899 12
32 1926 19
32 1942 5
33 116 4
33 179 11
33 424 4
33 460 9
33 470 18
33 519 6
33 557 16
33 573 9
33 585 18
33 633 4
33 696 18
33 811 13
33 815 19
33 863 1
33 958 12
33 1307 6
33 1333 16
33 1385 7
33 1456 17
33 1577 18
33 1655 6
33 1681 15
33 1781 17
34 58 19
34 65 13
34 107 1
34 144 11
34 414 20
34 447 9
34 673 18
34 746 11
34 757 10
34 899 2
34 1136 11
34 1185 20
34 1346 16
34 1398 17
34 1510 10
34 1531 5
34 1579 16
34 1597 1
34 1792 11
34 1946 20
35 128 11
35 240 10
35 295 19
35 326 4
35 434 3
35 456 8
35 638 1
35 715 11
35 752 5
35 775 16
35 782 5
35 897 2
35 898 3
35 946 9
35 1041 7
35 1095 1
35 1151 12
35 1177 7
35 1281 12
35 1585 3
35 1626 9
35 1758 18
35 1939 10
36 97 5
36 316 18
36 668 4
36 670 3
36 754 6
36 793 7
36 827 11
36 999 14
36 1162 3
36 1459 17
36 1682 8
36 1713 8
36 1768 5
36 1876 4
37 180 9
37 331 16
37 357 10
37 483 6
37 490 8
37 951 4
37 1094 10
37 1256 8
37 1390 15
37 1484 10
37 1490 8
37 1636 9
37 1643 11
37 1646 19
37 1656 1
38 112 9
38 251 2
38 419 17
38 424 13
38 441 17
38 935 6
38 1066 17
38 1098 16
38 1141 19
38 1253 19
38 1492 20
38 1787 4
38 1956 20
39 118 1
39 154 3
39 155 16
39 315 12
39 356 18
39 417 8
39 449 12
39 678 10
39 695 6
39 856 7
39 888 2
39 903 6
39 965 5
39 1089 16
39 1249 13
39 1335 3
39 1422 18
39 1506 11
39 1521 16
39 1717 8
39 1733 14
39 1755 7
39 1840 8
39 1905 8
40 187 14
40 225 3
40 245 17
40 316 1
40 321 19
40 323 11
40 786 2
40 996 5
40 1227 17
40 1361 1
40 1372 17
40 1375 12
40 1444 4
40 1641 6
40 1673 8
41 97 13
41 294 15
41 301 17
41 737 15
41 839 5
41 969 17
41 1294 3
41 1296 11
41 1367 19
41 1373 14
41 1452 18
41 1495 11
41 1762 5
41 1822 12
41 1962 13
42 92 11
42 125 6
42 599 10
42 682 14
42 701 1
42 803 18
42 1110 3
42 1195 4
42 1309 20
42 1797 14
43 62 13
43 176 10
43 228 4
43 307 11
43 339 9
43 459 14
43 483 19
43 552 3
43 643 6
43 680 15
43 695 20
43 696 12
43 745 10
43 839 14
43 891 10
43 1119 15
43 1320 5
43 1395 11
43 1406 3
43 1444 4
43 1480 11
43 1586 11
43 1587 11
43 1644 1
43 1650 8
43 1662 15
43 1715 6
43 1802 12
43 1868 13
43 1869 10
44 233 9
44 705 7
44 754 20
44 777 4
44 1133 13
44 1142 14
44 1175 2
44 1196 13
44 1346 19
44 1394 11
44 1406 20
44 1417 16
44 1545 11
44 1616 4
44 1628 15
44 1673 8
44 1737 7
44 1810 12
45 194 8
45 718 3
45 776 20
45 801 8
45 917 4
45 1010 19
45 1079 2
45 1145 5
45 1172 9
45 1174 13
45 1210 3
45 1230 14
45 1275 5
45 1357 19
45 1385 3
45 1450 1
45 1538 5
45 1544 14
45 1693 7
45 1730 2
45 1734 15
45 1840 10
46 232 14
46 438 5
46 571 20
46 587 8
46 594 6
46 602 1
46 721 17
46 869 9
46 949 6
46 1212 17
46 1253 13
46 1481 11
46 1605 14
46 1634 12
46 1750 19
46 1899 8
46 1963 11
47 116 6
47 320 11
47 421 17
47 428 8
47 736 16
47 952 20
47 1088 11
47 1157 7
47 1327 4
47 1369 10
47 1395 19
47 1456 11
47 1529 15
47 1566 18
47 1603 9
47 1839 16
47 1850 10
47 1928 16
48 121 10
48 299 10
48 632 20
48 758 14
48 821 1
48 897 11
48 1358 13
48 1585 9
48 1628 11
48 1668 9
48 1716 13
48 1775 14
48 1810 2
48 1928 17
49 78 2
49 159 12
49 193 4
49 315 16
49 391 19
49 693 16
49 726 6
49 803 5
49 956 4
49 1326 3
49 1443 8
49 1448 10
49 1519 12
49 1868 3
49 1870 19
49 1988 19
50 78 5
50 215 7
50 256 14
50 317 20
50 477 8
50 532 12
50 588 3
50 644 11
50 654 15
50 892 20
50 978 13
50 1028 1
50 1054 7
50 1232 16
50 1295 15
50 1695 12
50 1714 15
50 1738 14
50 1744 16
50 1745 1
50 1753 1
50 1758 13
50 1796 12
50 1862 20
50 1895 14
50 1932 18
51 52 16
51 98 5
51 102 17
51 148 11
51 437 10
51 443 10
51 463 6
51 465 7
51 1076 4
51 1096 19
51 1300 9
51 1444 5
51 1742 9
52 53 15
52 121 1
52 285 2
52 295 18
52 304 17
52 346 6
52 385 16
52 425 2
52 485 11
52 698 20
52 923 17
52 1026 15
52 1041 17
52 1123 12
52 1215 1
52 1223 5
52 1314 15
52 1379 7
52 1411 10
52 1510 13
52 1720 18
52 1795 18
52 1946 20
53 415 2
53 436 12
53 621 3
53 720 9
53 748 2
53 783 3
53 879 6
53 1091 10
53 1334 15
53 1407 1
53 1422 20
53 1591 13
53 1669 18
53 1911 9
53 1933 4
53 1934 11
53 1951 18
54 517 3
54 543 20
54 561 7
54 599 19
54 736 6
54 998 3
54 1174 8
54 1205 19
54 1509 8
54 1511 1
54 1645 11
54 1694 12
54 1700 14
54 1730 2
54 1754 17
54 1755 1
54 1758 19
54 1829 16
54 1861 10
54 1874 12
54 1943 13
55 62 20
55 153 18
55 186 16
55 223 11
55 241 11
55 253 18
55 277 16
55 339 18
55 435 4
55 468 14
55 641 19
55 676 12
55 759 4
55 782 10
55 802 18
55 818 9
55 1053 2
55 1236 1
55 1260 16
55 1307 3
55 1396 18
55 1490 19
55 1508 4
55 1509 18
55 1742 18
55 1858 3
56 232 4
56 292 16
56 334 12
56 455 12
56 792 6
56 980 4
56 1043 20
56 1048 4
56 1208 9
56 1470 1
56 1544 3
56 1665 11
56 1708 17
56 1743 15
56 1745 13
57 167 7
57 183 3
57 319 11
57 606 5
57 727 3
57 955 15
57 1145 17
57 1227 12
57 1283 7
57 1584 19
57 1702 13
57 1869 7
57 1982 12
58 95 2
58 151 7
58 209 2
58 348 13
58 398 1
58 438 18
58 457 5
58 491 8
58 820 1
58 949 1
58 1084 6
58 1101 9
58 1155 10
58 1483 17
58 1736 7
58 1904 10
58 1978 11
59 133 1
59 397 17
59 446 4
59 475 11
59 484 11
59 501 15
59 525 3
59 598 2
59 723 12
59 799 15
59 802 17
59 933 5
59 984 6
59 1463 9
59 1540 11
59 1560 11
59 1657 5
59 1930 13
59 1974 4
60 194 18
60 199 17
60 308 15
60 396 17
60 616 13
60 856 12
60 1234 3
60 1350 12
60 1409 10
60 1560 10
60 1614 14
61 117 14
61 208 2
61 419 4
61 502 12
61 540 8
61 717 14
61 766 1
61 865 17
61 1019 11
61 1072 13
61 1140 20
61 1196 9
61 1332 4
61 1724 13
61 1834 19
61 1857 1
61 1938 14
62 118 17
62 170 17
62 202 12
62 549 19
62 569 16
62 572 17
62 575 13
62 595 14
62 613 11
62 640 13
62 816 12
62 978 13
62 1050 1
62 1157 19
62 1267 14
62 1346 4
62 1350 20
62 1387 16
62 1508 19
62 1532 12
62 1536 11
62 1588 11
62 1676 7
62 1743 17
62 1798 17
62 1997 12
63 263 7
63 490 7
63 526 4
63 705 3
63 710 19
63 717 18
63 950 18
63 992 13
63 1070 19
63 1168 18
63 1206 17
63 1246 5
63 1249 11
63 1341 11
63 1704 3
63 1747 6
63 1772 12
63 1910 8
64 74 6
64 164 20
64 209 13
64 263 8
64 282 13
64 546 3
64 553 4
64 656 11
64 734 14
64 895 14
64 1126 6
64 1153 5
64 1155 10
64 1197 6
64 1271 3
64 1394 20
64 1416 12
64 1662 1
64 1687 17
64 1701 15
64 1729 11
64 1792 11
64 1856 7
65 209 6
65 318 12
65 468 2
65 487 1
65 542 3
65 664 19
65 762 15
65 782 2
65 827 1
65 908 11
65 922 20
65 929 13
65 993 8
65 1053 8
65 1078 4
65 1115 16
65 1129 3
65 1248 11
65 1414 18
65 1476 2
65 1606 4
65 1618 15
65 1725 12
65 1730 10
65 1933 12
66 75 8
66 151 9
66 174 4
66 696 12
66 827 4
66 974 3
66 1356 15
66 1446 19
66 1510 7
66 1669 9
66 1714 12
66 1784 8
66 1806 20
66 1862 20
66 1868 19
66 1980 10
66 1992 16
67 137 6
67 242 8
67 307 14
67 368 7
67 417 18
67 419 4
67 447 19
67 485 12
67 696 8
67 862 16
67 1043 1
67 1212 10
67 1213 9
67 1368 18
67 1376 12
67 1391 4
67 1585 6
67 1757 3
67 1810 18
67 1934 14
68 182 14
68 330 6
68 353 8
68 417 6
68 421 19
68 589 12
68 654 15
68 681 9
68 977 13
68 1135 9
68 1226 13
68 1747 5
68 1764 14
68 1927 15
68 1995 18
69 113 13
69 223 7
69 382 7
69 420 12
69 478 1
69 539 19
69 721 8
69 1040 2
69 1060 14
69 1072 17
69 1177 9
69 1232 1
69 1290 3
69 1293 13
69 1311 7
69 1459 16
69 1490 12
69 1592 6
69 1671 1
69 1797 18
70 219 15
70 280 17
70 345 11
70 519 7
70 701 3
70 720 20
70 774 18
70 956 9
70 1080 1
70 1186 18
70 1245 14
70 1267 13
70 1302 20
70 1432 2
70 1517 15
70 1523 18
70 1762 12
70 1804 19
70 1874 1
70 1997 14
71 558 2
71 661 13
71 748 8
71 749 19
71 1085 2
71 1089 17
71 1093 19
71 1115 16
71 1402 18
71 1443 6
71 1605 15
71 1693 3
71 1771 13
71 1814 3
71 1840 12
71 1842 12
71 1879 20
71 1945 4
72 88 5
72 106 4
72 115 8
72 417 4
72 561 13
72 631 13
72 700 12
72 731 14
72 1022 3
72 1136 3
72 1188 5
72 1434 9
72 1647 17
72 1770 3
73 74 14
73 130 15
73 153 16
73 712 6
73 763 6
73 833 14
73 934 5
73 1078 2
73 1227 12
73 1259 11
73 1594 5
73 1633 14
73 1670 20
73 1675 6
73 1706 11
73 1760 20
73 1845 12
73 1848 18
73 1914 17
73 1977 11
74 77 19
74 212 6
74 277 13
74 282 5
74 421 15
74 457 2
74 570 13
74 620 7
74 760 17
74 901 2
74 995 6
74 1051 17
74 1181 18
74 1229 7
74 1275 8
74 1317 6
74 1331 5
74 1350 6
74 1402 18
74 1564 18
74 1878 13
74 1920 1
75 99 15
75 232 3
75 333 11
75 417 11
75 916 17
75 1074 8
75 1269 8
75 1387 12
75 1397 20
75 1625 3
75 1685 20
75 1707 3
75 1734 16
75 1736 10
75 1845 20
75 1899 2
75 1900 13
75 1915 3
75 1998 19
76 84 18
76 131 20
76 247 6
76 286 15
76 428 17
76 614 15
76 652 18
76 729 19
76 780 11
76 867 15
76 959 15
76 1064 14
76 1206 3
76 1217 1
76 1232 6
76 1309 3
76 1364 8
76 1368 6
76 1454 1
76 1466 2
76 1580 7
76 1773 4
76 1847 4
76 1881 17
77 145 5
77 181 20
77 584 16
77 620 3
77 710 13
77 777 10
77 914 19
77 1054 17
77 1055 4
77 1252 16
77 1342 4
77 1543 13
77 1738 19
77 1809 17
77 1874 11
77 1956 9
77 1959 5
77 1995 5
78 151 1
78 178 15
78 288 3
78 577 18
78 594 1
78 611 16
78 693 15
78 728 9
78 797 7
78 975 7
78 1095 5
78 1105 1
78 1212 13
78 1279 9
78 1303 3
78 1402 19
78 1405 12
78 1509 10
78 1571 8
78 1619 13
78 1980 10
79 158 15
79 232 17
79 254 9
79 481 15
79 617 12
79 635 8
79 690 20
79 727 15
79 854 9
79 1011 7
79 1020 2
79 1068 4
79 1172 3
79 1233 9
79 1458 16
79 1589 8
79 1712 4
79 1836 12
80 187 13
80 222 7
80 389 20
80 425 9
80 617 1
80 892 17
80 936 12
80 1235 9
80 1358 14
80 1459 10
80 1756 16
80 1847 20
80 1927 5
80 1933 8
81 125 3
81 204 11
81 333 11
81 344 11
81 370 3
81 416 3
81 560 8
81 623 6
81 762 1
81 846 11
81 925 8
81 1029 9
81 1062 6
81 1123 11
81 1308 8
81 1391 12
81 1446 3
81 1449 8
81 1502 6
81 1506 14
81 1525 3
81 1564 12
81 1603 7
81 1610 18
81 1629 7
81 1631 13
81 1673 17
81 1757 16
81 1765 19
81 1907 11
81 1911 10
81 1980 9
81 1990 15
82 118 9
82 126 1
82 135 4
82 153 6
82 424 10
82 573 4
82 693 17
82 767 13
82 774 18
82 838 4
82 914 15
82 1011 10
82 1318 10
82 1432 13
82 1559 5
82 1581 19
82 1593 10
82 1616 2
82 1678 4
82 1725 11
83 248 16
83 446 13
83 653 8
83 874 2
83 971 16
83 1174 16
83 1255 13
83 1617 1
83 1637 17
83 1826 19
84 87 12
84 253 9
84 302 11
84 344 9
84 449 9
84 485 4
84 658 4
84 758 13
84 766 5
84 784 6
84 824 9
84 828 2
84 915 16
84 1328 14
84 1385 16
84 1463 18
84 1627 11
84 1633 17
84 1738 10
85 134 7
85 139 14
85 184 12
85 304 20
85 307 8
85 325 13
85 718 1
85 730 16
85 837 7
85 978 12
85 1367 14
85 1397 2
85 1458 16
85 1591 5
85 1732 18
85 1835 11
86 383 12
86 423 11
86 495 18
86 561 4
86 642 4
86 659 10
86 699 17
86 734 17
86 805 6
86 874 16
86 925 15
86 1039 6
86 1041 7
86 1085 10
86 1250 15
86 1323 7
86 1357 9
86 1534 14
86 1628 15
86 1818 11
86 1819 14
86 1889 5
86 1942 5
86 1986 11
87 202 5
87 242 17
87 368 17
87 431 12
87 500 12
87 618 19
87 707 5
87 859 9
87 863 12
87 874 19
87 878 2
87 939 16
87 966 6
87 1104 10
87 1290 17
87 1412 13
87 1561 13
87 1866 7
88 106 20
88 182 19
88 219 3
88 518 6
88 562 5
88 818 13
88 821 7
88 876 6
88 1032 13
88 1077 1
88 1172 9
88 1242 17
88 1302 17
88 1304 10
88 1401 5
88 1480 12
88 1565 2
88 1568 15
88 1755 4
88 1916 17
89 143 19
89 237 3
89 718 1
89 754 1
89 907 14
89 934 1
89 936 15
89 1239 11
89 1324 1
89 1376 4
89 1469 15
89 1524 8
89 1542 15
89 1558 17
89 1563 11
89 1723 2
89 1735 16
89 1794 16
89 1875 16
89 1936 19
90 169 9
90 226 11
90 242 18
90 442 5
90 633 18
90 800 12
90 1065 17
90 1068 20
90 1149 19
90 1186 10
90 1271 13
90 1597 11
90 1667 11
90 1794 2
90 1796 3
90 1836 15
91 312 19
91 367 9
91 665 6
91 871 10
91 923 4
91 963 13
91 1025 12
91 1068 2
91 1217 9
91 1255 19
91 1461 20
91 1490 19
91 1498 14
91 1598 16
91 1689 7
91 1929 17
92 131 13
92 165 15
92 243 10
92 354 7
92 375 18
92 440 12
92 466 17
92 542 3
92 571 13
92 596 9
92 622 10
92 624 2
92 643 1
92 792 20
92 858 15
92 883 1
92 908 4
92 958 2
92 980 8
92 1027 4
92 1364 7
92 1470 5
92 1473 19
92 1619 4
92 1668 18
92 1692 13
92 1933 13
92 1935 3
93 204 7
93 337 20
93 413 8
93 789 6
93 876 15
93 1003 10
93 1019 13
93 1070 9
93 1089 17
93 1098 14
93 1175 4
93 1420 9
93 1723 3
93 1737 10
93 1812 8
94 234 17
94 589 11
94 610 18
94 695 5
94 721 1
94 734 10
94 761 9
94 766 15
94 789 16
94 847 12
94 1002 2
94 1120 19
94 1137 19
94 1359 18
94 1466 10
94 1701 20
94 1777 13
94 1798 15
94 1899 1
95 111 5
95 246 19
95 386 10
95 442 15
95 447 1
95 464 11
95 529 18
95 594 17
95 602 2
95 643 5
95 652 20
95 674 14
95 900 2
95 1033 5
95 1074 1
95 1233 12
95 1360 8
95 1449 3
95 1582 12
95 1742 6
95 1803 14
96 177 18
96 388 4
96 392 15
96 433 3
96 535 15
96 748 1
96 753 18
96 962 9
96 1022 1
96 1113 8
96 1204 14
96 1224 1
96 1261 15
96 1263 10
96 1346 9
96 1386 16
96 1394 15
96 1441 9
96 1553 16
96 1560 2
96 1602 13
96 1657 1
97 128 8
97 286 1
97 289 11
97 321 7
97 353 20
97 583 17
97 683 17
97 856 2
97 884 8
97 933 11
97 1194 16
97 1289 14
97 1377 5
97 1444 1
97 1659 19
97 1708 18
97 1906 19
98 102 16
98 190 2
98 219 12
98 250 15
98 398 15
98 447 8
98 509 2
98 657 7
98 669 19
98 681 14
98 737 5
98 823 4
98 832 5
98 890 7
98 1080 8
98 1286 16
98 1570 8
98 1664 10
98 1772 16
98 1982 9
99 206 15
99 372 12
99 390 10
99 629 10
99 693 18
99 827 19
99 954 7
99 972 17
99 1128 3
99 1130 18
99 1257 1
99 1292 5
99 1303 20
99 1387 8
99 1425 2
99 1510 1
99 1538 2
99 1592 4
99 1645 11
99 1853 7
99 1969 16
100 138 18
100 153 3
100 241 20
100 263 1
100 687 6
100 720 18
100 742 1
100 844 17
100 977 4
100 1001 16
100 1019 11
100 1085 5
100 1221 16
100 1253 18
100 1260 4
100 1545 19
100 1770 17
100 1963 4
101 170 16
101 255 8
101 286 16
101 345 3
101 431 16
101 517 6
101 541 18
101 779 12
101 915 9
101 921 19
101 1043 12
101 1372 3
101 1396 4
101 1495 20
101 1636 3
101 1762 13
101 1833 4
101 1944 5
101 1945 12
101 1977 8
101 1978 11
101 1994 19
102 391 12
102 411 8
102 454 8
102 541 2
102 660 10
102 822 4
102 848 1
102 866 15
102 896 1
102 974 7
102 983 1
102 992 6
102 996 7
102 1104 7
102 1226 2
102 1360 5
102 1449 4
102 1454 18
102 1500 10
102 1554 3
102 1593 8
102 1642 19
102 1678 6
102 1938 3
103 182 12
103 213 1
103 373 20
103 429 16
103 536 11
103 595 12
103 615 20
103 727 2
103 784 3
103 860 4
103 926 1
103 950 14
103 1095 12
103 1239 8
103 1250 15
103 1271 15
103 1307 7
103 1544 9
103 1547 13
103 1648 9
103 1746 18
103 1752 15
103 1788 8
103 1997 2
104 114 7
104 445 8
104 496 9
104 576 4
104 613 8
104 693 5
104 715 11
104 929 8
104 947 20
104 950 5
104 995 19
104 1113 16
104 1182 12
104 1217 7
104 1352 8
104 1435 17
104 1543 9
104 1591 5
104 1671 4
104 1723 4
104 1760 20
105 155 16
105 219 17
105 228 3
105 268 17
105 401 7
105 445 19
105 478 20
105 575 3
105 949 12
105 1027 5
105 1073 12
105 1082 18
105 1117 10
105 1176 17
105 1193 2
105 1251 4
105 1368 7
105 1554 1
105 1719 7
105 1876 1
106 146 1
106 274 9
106 313 9
106 484 11
106 605 9
106 621 16
106 704 7
106 780 7
106 864 7
106 1032 14
106 1118 4
106 1180 6
106 1197 8
106 1366 14
106 1386 15
106 1713 11
106 1721 11
106 1759 18
107 246 15
107 1167 8
107 1196 11
107 1210 4
107 1246 4
107 1274 2
107 1288 16
107 1370 19
107 1446 3
107 1456 15
107 1619 20
107 1748 13
107 1764 20
107 1961 20
107 1996 16
108 244 16
108 286 6
108 502 12
108 547 8
108 689 8
108 735 14
108 836 9
108 867 5
108 977 8
108 1118 16
108 1214 4
108 1226 6
108 1230 7
108 1389 8
108 1522 13
108 1696 17
108 1762 17
108 1833 3
108 1894 16
108 1897 16
109 362 12
109 482 8
109 535 15
109 572 12
109 666 2
109 835 18
109 875 19
109 876 9
109 879 13
109 911 15
109 1065 10
109 1234 14
109 1300 8
109 1353 9
109 1423 15
109 1584 17
109 1624 18
109 1693 14
109 1783 19
110 111 4
110 120 13
110 189 17
110 478 13
110 496 5
110 514 11
110 537 6
110 662 5
110 726 10
110 782 11
110 847 16
110 891 10
110 928 7
110 1015 6
110 1124 16
110 1316 14
110 1333 18
110 1738 7
110 1853 9
110 1948 8
111 117 18
111 182 7
111 296 17
111 329 17
111 357 2
111 532 13
111 686 3
111 856 11
111 870 2
111 969 2
111 1031 19
111 1103 6
111 1182 3
111 1268 12
111 1387 12
111 1411 12
111 1694 5
111 1763 17
111 1798 5
111 1820 9
111 1836 13
111 1973 1
111 1979 20
111 1989 13
112 200 19
112 259 14
112 331 15
112 342 20
112 350 8
112 496 14
112 660 13
112 675 18
112 719 13
112 920 5
112 1103 5
112 1299 11
112 1332 9
112 1417 17
112 1444 4
112 1446 12
112 1796 13
113 321 6
113 598 17
113 641 5
113 707 12
113 724 7
113 810 7
113 1157 9
113 1359 17
113 1406 2
113 1491 14
113 1503 17
113 1833 14
113 1933 16
114 129 18
114 142 19
114 301 19
114 378 19
114 495 6
114 501 1
114 529 8
114 654 12
114 784 10
114 854 14
114 883 16
114 988 16
114 1028 20
114 1031 18
114 1043 2
114 1101 20
114 1143 5
114 1240 3
114 1344 20
114 1615 20
114 1675 3
114 1726 11
114 1740 8
114 1839 1
114 1957 12
115 174 8
115 191 13
115 251 9
115 264 9
115 575 11
115 650 4
115 663 9
115 1022 19
115 1151 5
115 1162 9
115 1366 7
115 1524 5
115 1574 13
115 1761 14
115 1802 18
115 1855 5
115 1861 16
116 180 2
116 213 16
116 434 10
116 508 14
116 598 19
116 724 3
116 732 17
116 818 3
116 830 18
116 1043 10
116 1068 5
116 1085 20
116 1138 15
116 1211 15
116 1219 15
116 1227 9
116 1409 4
116 1758 7
116 1928 17
117 146 7
117 188 14
117 319 9
117 409 11
117 602 8
117 632 13
117 679 11
117 746 20
117 767 8
117 808 1
117 931 18
117 970 16
117 1006 7
117 1020 19
117 1052 8
117 1120 8
117 1212 13
117 1223 10
117 1264 2
117 1462 1
117 1466 2
117 1505 20
117 1560 5
117 1568 19
117 1571 13
118 132 3
118 225 12
118 295 7
118 373 2
118 469 15
118 473 3
118 633 16
118 641 3
118 693 5
118 816 16
118 823 6
118 903 9
118 1011 13
118 1383 5
118 1541 6
118 1547 9
118 1653 3
118 1824 11
118 1864 14
118 1867 6
118 1981 13
119 132 18
119 181 8
119 222 20
119 426 12
119 475 9
119 526 19
119 538 20
119 650 16
119 665 16
119 685 13
119 818 18
119 960 18
119 1166 13
119 1349 13
119 1395 13
119 1491 18
119 1507 7
119 1519 6
119 1748 17
119 1903 14
119 1923 18
119 1966 20
119 1967 6
120 193 15
120 255 3
120 394 12
120 453 14
120 476 2
120 477 3
120 639 20
120 684 7
120 734 8
120 747 8
120 786 15
120 1112 13
120 1288 16
120 1474 2
120 1511 18
120 1866 12
120 1893 10
120 1895 1
120 1907 3
121 294 19
121 347 4
121 362 3
121 369 4
121 491 14
121 721 15
121 822 10
121 854 11
121 988 3
121 991 2
121 1047 8
121 1265 8
121 1279 3
121 1310 20
121 1349 4
121 1418 5
121 1435 12
121 1555 10
121 1744 3
121 1786 8
121 1825 13
122 204 16
122 223 4
122 359 9
122 428 2
122 652 3
122 729 9
122 756 5
122 824 13
122 825 4
122 854 11
122 961 11
122 1002 9
122 1038 8
122 1050 1
122 1141 6
122 1192 3
122 1235 14
122 1281 7
122 1326 14
122 1462 13
122 1608 4
122 1610 1
122 1672 8
122 1699 14
122 1797 6
122 1864 10
122 1891 12
122 1955 19
122 1959 12
123 209 4
123 390 15
123 468 8
123 733 13
123 948 19
123 1090 4
123 1133 16
123 1182 18
123 1390 14
123 1432 19
123 1437 7
123 1453 20
123 1585 9
123 1711 4
123 1726 15
123 1989 6
124 160 16
124 332 9
124 580 8
124 625 11
124 696 2
124 905 8
124 945 9
124 1011 12
124 1017 14
124 1203 8
124 1263 1
124 1585 6
124 1624 18
124 1929 9
125 745 2
125 890 11
125 914 16
125 943 12
125 956 20
125 1256 18
125 1569 10
125 1581 19
125 1601 17
125 1679 19
125 1854 4
126 475 13
126 620 13
126 658 8
126 758 16
126 810 2
126 981 16
126 997 15
126 1284 6
126 1399 13
126 1447 7
126 1466 13
126 1467 5
126 1468 9
126 1473 5
126 1572 8
126 1812 10
127 165 9
127 182 1
127 273 16
127 332 5
127 365 2
127 490 15
127 538 8
127 577 16
127 626 15
127 628 5
127 722 8
127 875 5
127 901 13
127 926 18
127 939 2
127 982 8
127 1009 11
127 1148 7
127 1191 7
127 1281 20
127 1286 5
127 1500 16
127 1572 17
127 1681 7
127 1780 1
127 1785 20
127 1903 4
128 174 20
128 257 7
128 267 16
128 425 3
128 535 13
128 699 12
128 816 20
128 941 4
128 945 19
128 960 4
128 1256 3
128 1343 5
128 1344 5
128 1440 20
128 1489 16
128 1744 8
128 1750 8
128 1763 17
128 1770 15
128 1859 17
128 1869 1
128 1875 7
129 233 4
129 358 5
129 369 5
129 370 6
129 396 10
129 418 14
129 457 10
129 516 14
129 604 1
129 636 1
129 798 11
129 814 9
129 1013 2
129 1026 13
129 1182 7
129 1225 6
129 1274 17
129 1325 11
129 1437 11
129 1521 13
129 1549 7
129 1599 20
129 1636 6
129 1841 19
129 1893 16
129 1944 13
129 1980 20
130 285 8
130 328 16
130 333 14
130 372 5
130 386 11
130 406 4
130 432 16
130 538 4
130 670 2
130 1027 19
130 1056 16
130 1176 18
130 1207 6
130 1278 13
130 1784 20
130 1802 20
130 1839 20
130 1984 13
131 151 13
131 198 5
131 216 19
131 396 10
131 407 10
131 531 20
131 566 10
131 682 19
131 876 12
131 942 10
131 979 16
131 998 10
131 1117 4
131 1150 13
131 1278 8
131 1584 12
131 1680 5
131 1685 2
131 1765 16
131 1788 12
131 1830 3
131 1911 16
132 137 15
132 218 6
132 257 8
132 258 4
132 333 18
132 603 1
132 762 11
132 892 9
132 1360 11
132 1485 1
132 1488 10
132 1507 17
132 1557 20
133 216 19
133 221 9
133 222 9
133 330 14
133 372 9
133 474 10
133 481 19
133 579 12
133 733 9
133 765 7
133 812 6
133 881 12
133 889 19
133 1035 18
133 1136 4
133 1231 10
133 1245 1
133 1491 8
133 1785 10
133 1876 8
134 139 18
134 226 6
134 274 4
134 320 7
134 416 11
134 422 10
134 740 12
134 808 7
134 952 4
134 966 1
134 1005 8
134 1121 3
134 1384 7
134 1388 15
134 1392 11
134 1509 20
134 1557 8
134 1599 13
134 1713 6
134 1786 4
134 1836 4
135 167 12
135 235 18
135 345 9
135 353 12
135 360 20
135 448 4
135 489 14
135 511 7
135 717 15
135 761 19
135 838 6
135 854 7
135 897 5
135 940 18
135 963 3
135 1004 10
135 1048 17
135 1062 14
135 1072 4
135 1082 12
135 1113 13
135 1208 4
135 1268 15
135 1414 14
135 1565 7
135 1701 19
135 1961 14
135 1964 11
136 173 3
136 427 9
136 517 2
136 525 4
136 691 20
136 766 5
136 798 2
136 818 8
136 1124 13
136 1213 9
136 1244 12
136 1256 1
136 1276 6
136 1427 6
136 1448 8
136 1464 8
136 1518 14
136 1594 9
136 1719 10
136 1844 12
136 1870 16
136 1928 18
136 1951 13
137 228 6
137 468 13
137 874 12
137 878 20
137 907 8
137 1044 7
137 1101 20
137 1133 11
137 1343 3
137 1537 15
137 1538 10
137 1632 7
137 1651 5
137 1680 17
137 1707 1
137 1709 17
137 1784 14
137 1860 5
137 1940 7
138 231 17
138 255 7
138 305 4
138 814 19
138 1073 13
138 1108 8
138 1142 9
138 1155 14
138 1440 13
138 1527 15
138 1688 17
138 1795 17
138 1956 15
139 144 9
139 224 15
139 233 19
139 413 12
139 894 3
139 918 13
139 1053 1
139 1151 18
139 1339 3
139 1346 14
139 1400 6
139 1717 14
139 1732 17
139 1737 20
139 1830 19
139 1860 20
139 1896 12
140 189 4
140 235 6
140 288 17
140 305 3
140 306 14
140 604 9
140 651 6
140 705 13
140 733 19
140 837 12
140 951 1
140 1341 6
140 1629 5
140 1632 13
140 1662 17
140 1808 1
140 1915 16
141 487 11
141 517 1
141 694 19
141 760 20
141 1401 3
141 1653 15
142 190 5
142 214 14
142 315 20
142 382 17
142 527 3
142 540 19
142 545 19
142 580 18
142 716 8
142 761 5
142 831 10
142 1219 19
142 1465 11
142 1639 3
142 1817 19
143 214 5
143 302 3
143 321 14
143 357 13
143 366 6
143 390 6
143 407 20
143 572 5
143 596 16
143 779 11
143 938 10
143 1014 10
143 1585 12
143 1653 5
143 1675 18
143 1748 14
143 1822 18
144 174 17
144 462 16
144 467 12
144 543 6
144 567 11
144 586 5
144 637 10
144 648 8
144 760 17
144 808 12
144 1028 9
144 1074 4
144 1140 5
144 1149 18
144 1890 17
144 1974 14
145 248 14
145 271 6
145 274 10
145 281 3
145 316 19
145 334 15
145 371 5
145 441 9
145 534 20
145 566 14
145 813 11
145 851 7
145 870 4
145 922 20
145 925 1
145 978 8
145 1094 13
145 1201 18
145 1240 4
145 1419 20
145 1424 10
145 1544 11
145 1624 7
145 1637 6
145 1681 18
145 1786 8
145 1806 3
145 1961 17
146 198 2
146 252 10
146 259 16
146 377 14
146 514 5
146 676 10
146 706 8
146 751 18
146 886 14
146 894 14
146 941 1
146 960 1
146 1372 12
146 1514 19
146 1621 1
146 1662 6
146 1855 14
146 1935 14
147 162 15
147 395 3
147 523 5
147 557 14
147 758 20
147 797 9
147 999 3
147 1041 18
147 1158 4
147 1207 11
147 1249 3
147 1375 9
147 1390 15
147 1421 16
147 1712 16
147 1806 17
147 1843 19
147 1932 1
147 1963 18
148 167 12
148 237 9
148 436 16
148 525 3
148 588 12
148 610 20
148 632 3
148 828 6
148 1017 17
148 1024 13
148 1042 15
148 1094 14
148 1113 18
148 1277 18
148 1300 7
148 1387 20
148 1425 20
148 1648 9
148 1710 18
148 1797 9
148 1833 12
148 1876 1
148 1927 7
148 1954 17
148 1956 15
148 1988 15
149 160 16
149 182 19
149 333 20
149 378 17
149 780 16
149 789 19
149 984 14
149 1002 15
149 1177 9
149 1397 2
149 1403 11
149 1519 19
149 1684 6
149 1817 3
149 1819 19
149 1951 7
149 1968 13
149 1993 20
150 176 20
150 454 2
150 623 11
150 624 2
150 656 1
150 676 12
150 909 19
150 1004 12
150 1013 5
150 1057 4
150 1095 14
150 1148 6
150 1160 8
150 1190 16
150 1201 18
150 1446 15
150 1455 10
150 1464 4
150 1869 13
150 1956 17
150 1969 3
151 242 12
151 388 11
151 427 12
151 605 15
151 778 10
151 812 11
151 870 4
151 959 4
151 1018 12
151 1443 2
151 1850 12
151 1904 20
151 1982 13
151 1993 2
152 167 5
152 186 19
152 270 7
152 271 3
152 288 11
152 495 19
152 499 10
152 535 6
152 562 17
152 760 17
152 957 8
152 1070 1
152 1169 5
152 1213 10
152 1312 12
152 1391 5
152 1471 3
152 1499 18
152 1509 5
152 1575 16
152 1610 12
152 1781 17
152 1815 7
152 1917 13
153 200 12
153 263 1
153 354 19
153 525 7
153 532 20
153 606 6
153 929 1
153 1037 6
153 1111 6
153 1128 11
153 1150 17
153 1279 2
153 1404 10
153 1968 3
154 227 15
154 262 18
154 566 19
154 622 10
154 640 16
154 806 18
154 1028 10
154 1215 8
154 1403 5
154 1523 4
154 1575 3
154 1642 4
154 1714 20
154 1720 11
154 1869 9
155 250 9
155 369 1
155 566 15
155 591 1
155 598 3
155 796 8
155 897 1
155 942 9
155 1241 2
155 1250 6
155 1498 13
155 1687 8
155 1753 20
155 1767 20
155 1896 9
156 170 7
156 295 7
156 361 10
156 380 10
156 928 19
156 1505 20
156 1892 6
156 1913 5
156 1967 9
157 294 20
157 299 1
157 406 6
157 606 13
157 1050 1
157 1059 13
157 1102 3
157 1358 19
157 1395 6
157 1469 11
157 1557 6
157 1617 11
157 1629 9
157 1741 1
157 1892 18
158 173 15
158 525 10
158 587 11
158 678 8
158 883 14
158 1096 8
158 1267 7
158 1362 13
158 1429 8
158 1461 17
158 1496 7
158 1531 11
158 1560 3
158 1606 3
158 1728 17
158 1853 16
159 291 11
159 491 15
159 703 4
159 720 13
159 756 20
159 935 3
159 971 7
159 1013 16
159 1029 11
159 1158 15
159 1201 4
159 1328 4
159 1354 11
159 1405 4
159 1467 16
159 1477 3
159 1509 7
159 1512 16
159 1531 12
159 1634 8
159 1692 12
159 1703 9
159 1712 17
159 1834 6
159 1921 12
159 1946 9
160 181 20
160 248 13
160 253 14
160 320 11
160 422 16
160 468 20
160 563 13
160 572 1
160 657 13
160 693 19
160 722 19
160 749 8
160 751 6
160 761 3
160 804 12
160 808 10
160 841 1
160 863 11
160 1047 13
160 1285 10
160 1328 4
160 1514 16
160 1533 19
160 1800 5
160 1845 8
160 1855 1
160 1925 3
161 206 19
161 413 5
161 430 20
161 462 5
161 504 1
161 548 17
161 789 2
161 840 16
161 1128 11
161 1276 14
161 1391 1
161 1417 2
161 1433 20
161 1515 12
161 1570 4
161 1586 9
161 1596 14
161 1598 9
161 1743 7
161 1754 16
161 1759 18
161 1906 15
162 361 9
162 463 8
162 511 1
162 572 13
162 739 1
162 826 11
162 927 6
162 1151 8
162 1344 2
162 1366 3
162 1992 10
163 192 19
163 372 13
163 390 12
163 401 1
163 712 11
163 719 9
163 787 4
163 954 6
163 1235 7
163 1348 4
163 1371 12
163 1465 17
163 1558 4
163 1603 16
163 1683 17
163 1770 9
163 1815 19
163 1824 6
164 248 7
164 299 20
164 411 14
164 666 20
164 725 16
164 728 16
164 734 10
164 846 18
164 1072 2
164 1168 7
164 1198 17
164 1205 2
164 1252 15
164 1298 19
164 1397 20
164 1413 7
164 1661 12
164 1772 1
164 1897 15
165 249 17
165 305 17
165 320 20
165 346 2
165 371 11
165 527 4
165 687 13
165 734 15
165 822 13
165 854 7
165 939 10
165 1002 4
165 1065 8
165 1074 19
165 1164 20
165 1328 1
165 1360 7
165 1431 16
165 1483 14
165 1488 18
165 1643 14
165 1702 15
165 1713 14
165 1887 6
166 382 8
166 388 2
166 430 11
166 533 9
166 551 4
166 870 6
166 930 7
166 966 2
166 981 17
166 1068 4
166 1189 18
166 1192 9
166 1230 2
166 1304 13
166 1478 12
166 1683 16
166 1812 18
166 1834 7
166 1840 2
166 1853 1
166 1961 6
167 186 14
167 213 13
167 215 6
167 718 7
167 743 17
167 762 18
167 784 8
167 976 11
167 1034 6
167 1046 18
167 1155 8
167 1273 10
167 1324 12
167 1375 7
167 1404 18
167 1561 18
167 1617 4
167 1824 14
167 1842 16
168 190 12
168 216 4
168 496 19
168 511 9
168 561 12
168 643 17
168 654 2
168 699 4
168 710 14
168 735 20
168 1071 10
168 1186 15
168 1215 11
168 1308 9
168 1351 12
168 1469 15
168 1514 15
168 1634 2
168 1698 12
168 1743 10
168 1899 6
169 476 5
169 478 9
169 485 10
169 516 11
169 524 13
169 728 11
169 770 18
169 900 16
169 912 18
169 1018 7
169 1042 14
169 1051 3
169 1083 6
169 1102 1
169 1181 20
169 1338 1
169 1395 16
169 1447 11
169 1664 12
169 1683 10
169 1773 10
169 1841 7
169 1863 11
169 1976 3
170 226 12
170 327 12
170 497 5
170 579 8
170 657 6
170 660 20
170 685 11
170 723 8
170 855 10
170 952 1
170 1064 10
170 1096 1
170 1204 14
170 1335 1
170 1384 2
170 1508 14
170 1554 4
170 1603 13
170 1689 3
170 1805 3
170 1811 20
170 1932 1
170 1964 10
171 568 1
171 638 4
171 692 5
171 815 7
171 929 7
171 989 16
171 1043 14
171 1095 4
171 1119 10
171 1155 6
171 1180 3
171 1224 4
171 1257 10
171 1387 6
171 1450 18
171 1540 7
171 1660 5
171 1902 3
171 1948 4
171 1974 2
172 301 11
172 361 9
172 412 16
172 605 17
172 688 18
172 776 16
172 926 9
172 965 18
172 1307 18
172 1373 9
172 1417 1
172 1582 5
172 1596 4
172 1643 20
172 1748 20
172 1796 14
172 1820 19
172 1903 2
172 1962 13
173 399 16
173 404 14
173 727 10
173 735 18
173 787 10
173 1068 8
173 1314 15
173 1334 9
173 1336 20
173 1506 2
173 1761 12
174 275 16
174 324 1
174 491 16
174 551 3
174 745 17
174 755 9
174 768 10
174 826 2
174 886 10
174 953 14
174 1012 4
174 1051 20
174 1284 2
174 1417 19
174 1982 7
174 1987 3
175 292 19
175 294 7
175 484 17
175 564 4
175 705 15
175 712 11
175 778 5
175 794 5
175 799 12
175 803 2
175 1162 16
175 1408 5
175 1455 18
175 1618 16
175 1712 15
175 1735 8
175 1841 4
176 627 13
176 786 4
176 835 7
176 946 20
176 958 6
176 1004 5
176 1062 8
176 1266 5
176 1337 19
176 1405 8
176 1495 5
176 1587 2
176 1618 8
177 264 9
177 557 7
177 558 8
177 608 17
177 816 8
177 822 5
177 875 7
177 1106 14
177 1118 8
177 1468 3
177 1540 18
177 1606 6
177 1761 16
177 1779 15
177 1979 11
178 226 1
178 271 7
178 309 6
178 313 3
178 351 2
178 473 6
178 484 16
178 541 1
178 613 11
178 625 3
178 649 8
178 708 14
178 823 13
178 849 15
178 913 5
178 1044 7
178 1045 2
178 1055 20
178 1248 10
178 1252 7
178 1471 11
178 1567 20
178 1739 20
178 1780 19
178 1960 15
179 267 13
179 392 7
179 466 13
179 502 20
179 583 7
179 939 6
179 1101 16
179 1128 5
179 1297 20
179 1302 18
179 1379 15
179 1414 14
179 1596 16
179 1620 6
179 1654 16
179 1714 5
179 1878 15
179 1919 6
179 1920 9
179 1931 3
180 249 2
180 254 2
180 488 12
180 523 9
180 563 3
180 565 12
180 652 1
180 675 7
180 721 17
180 757 14
180 900 17
180 927 2
180 1020 12
180 1265 1
180 1366 15
180 1683 20
181 230 13
181 311 7
181 536 12
181 687 2
181 751 2
181 784 8
181 836 18
181 882 2
181 957 1
181 1003 8
181 1178 20
181 1179 14
181 1221 11
181 1287 5
181 1305 11
181 1492 13
181 1525 11
181 1677 4
181 1786 9
181 1934 13
181 1952 20
181 1987 11
182 263 15
182 325 11
182 425 11
182 433 16
182 783 18
182 809 8
182 824 6
182 840 4
182 953 19
182 958 15
182 991 2
182 1058 3
182 1135 7
182 1140 9
182 1188 11
182 1543 11
182 1774 16
182 1805 7
182 1872 10
183 289 11
183 397 8
183 456 18
183 696 18
183 760 3
183 799 20
183 910 15
183 945 11
183 1031 7
183 1104 2
183 1159 5
183 1163 5
183 1183 5
183 1200 5
183 1266 2
183 1341 3
183 1372 20
183 1554 10
183 1619 10
184 571 5
184 746 13
184 833 2
184 897 1
184 996 3
184 1051 7
184 1271 5
184 1422 15
184 1616 1
184 1671 15
184 1771 4
184 1822 7
184 1859 2
184 1897 10
184 1930 2
184 1972 3
185 191 1
185 228 10
185 321 1
185 324 12
185 331 11
185 640 7
185 681 11
185 838 9
185 884 10
185 1067 18
185 1159 11
185 1438 20
185 1594 20
185 1595 11
185 1707 10
185 1898 14
186 337 16
186 419 19
186 598 16
186 772 17
186 976 1
186 1239 2
186 1475 1
186 1489 16
186 1674 4
186 1678 18
186 1680 14
186 1766 1
186 1856 9
187 206 8
187 360 4
187 415 12
187 473 3
187 889 6
187 1050 7
187 1062 12
187 1320 5
187 1336 10
187 1352 12
187 1415 10
187 1491 12
187 1592 15
187 1616 6
187 1695 14
187 1910 19
188 226 6
188 432 5
188 877 9
188 1300 8
188 1497 16
188 1585 15
188 1817 11
189 238 14
189 475 19
189 542 3
189 709 12
189 730 18
189 821 20
189 923 9
189 1142 4
189 1173 6
189 1273 1
189 1393 9
189 1406 7
189 1456 14
189 1593 11
189 1637 5
189 1647 4
189 1728 8
189 1935 3
190 651 5
190 669 9
190 722 3
190 737 16
190 762 17
190 862 16
190 1001 16
190 1011 16
190 1028 11
190 1036 11
190 1042 6
190 1070 2
190 1609 10
190 1660 3
190 1674 20
190 1718 16
190 1772 15
190 1797 8
190 1856 13
191 245 3
191 363 9
191 383 10
191 415 1
191 447 18
191 503 20
191 585 4
191 647 15
191 660 2
191 663 7
191 725 8
191 752 15
191 754 14
191 759 17
191 781 2
191 866 16
191 1061 2
191 1105 10
191 1268 20
191 1323 10
191 1397 17
191 1401 9
191 1511 17
191 1625 18
191 1808 11
191 1817 4
191 1973 9
192 356 13
192 407 10
192 455 15
192 498 13
192 511 4
192 517 13
192 548 6
192 641 16
192 668 17
192 678 5
192 903 6
192 931 2
192 1016 10
192 1117 2
192 1136 9
192 1176 17
192 1190 9
192 1215 9
192 1258 8
192 1271 14
192 1305 18
192 1355 5
192 1409 11
192 1423 3
192 1436 4
192 1729 11
192 1792 18
192 1909 7
192 1957 16
193 366 2
193 383 1
193 401 2
193 462 9
193 506 1
193 748 6
193 819 9
193 823 6
193 826 10
193 972 14
193 1010 3
193 1060 1
193 1117 5
193 1122 10
193 1156 14
193 1169 9
193 1180 15
193 1365 4
193 1495 16
193 1947 13
194 208 17
194 333 14
194 427 3
194 686 8
194 826 7
194 893 5
194 1210 18
194 1245 6
194 1304 6
194 1322 6
194 1491 8
194 1506 9
194 1579 5
194 1603 13
194 1638 6
194 1693 19
194 1826 2
194 1842 16
194 1845 1
195 273 13
195 367 6
195 800 14
195 863 6
195 964 8
195 1027 15
195 1030 5
195 1048 9
195 1164 4
195 1180 8
195 1554 4
195 1582 14
195 1587 6
195 1597 13
195 1621 2
195 1662 15
195 1723 14
195 1774 16
195 1824 7
195 1942 2
195 1987 4
196 297 19
196 542 14
196 695 14
196 895 9
196 944 2
196 986 9
196 1064 4
196 1236 1
196 1285 3
196 1826 1
196 1930 4
196 1957 18
197 293 18
197 325 6
197 361 4
197 389 2
197 484 20
197 584 13
197 622 10
197 663 15
197 671 14
197 1011 12
197 1035 17
197 1048 15
197 1063 9
197 1080 14
197 1136 19
197 1305 16
197 1607 4
197 1632 17
197 1855 3
198 326 11
198 553 3
198 773 6
198 786 15
198 962 20
198 1046 16
198 1063 9
198 1173 2
198 1183 11
198 1254 10
198 1323 16
198 1394 19
198 1439 19
198 1446 13
198 1639 9
198 1654 2
198 1886 15
198 1976 19
199 716 5
199 1018 19
199 1030 12
199 1255 13
199 1313 12
199 1348 5
199 1361 5
199 1377 13
199 1409 17
199 1411 15
199 1505 7
199 1942 15
200 230 13
200 298 19
200 380 7
200 399 14
200 474 10
200 504 10
200 516 7
200 560 10
200 588 19
200 614 7
200 735 12
200 785 18
200 895 17
200 905 9
200 958 19
200 963 16
200 1122 17
200 1137 15
200 1349 10
200 1442 8
200 1452 20
200 1573 9
200 1749 20
200 1787 6
200 1879 13
200 1920 15
200 1935 13
200 1942 18
200 1958 7
200 1970 18
201 212 18
201 246 7
201 763 7
201 1096 14
201 1148 14
201 1413 20
201 1495 3
201 1521 20
201 1654 13
201 1722 16
201 1773 15
201 1829 11
201 1981 13
202 418 8
202 489 19
202 504 19
202 645 15
202 715 11
202 728 5
202 798 4
202 841 5
202 843 9
202 937 11
202 984 12
202 1234 13
202 1321 11
202 1377 20
202 1483 19
202 1666 3
202 1755 16
202 1808 11
202 1876 14
202 1882 12
203 337 4
203 375 3
203 380 2
203 426 8
203 429 14
203 548 15
203 560 15
203 783 2
203 806 17
203 818 5
203 924 10
203 949 14
203 1064 16
203 1249 5
203 1321 4
203 1383 6
203 1446 9
203 1754 3
203 1916 3
203 1931 5
203 1997 19
204 476 13
204 740 14
204 852 12
204 927 3
204 979 4
204 1209 14
204 1337 18
204 1350 8
204 1401 2
204 1506 10
204 1577 9
204 1637 6
204 1743 19
204 1934 1
205 295 19
205 331 17
205 438 1
205 504 12
205 647 20
205 688 14
205 745 13
205 825 4
205 935 12
205 1093 16
205 1206 1
205 1285 19
205 1327 17
205 1332 4
205 1435 11
205 1481 18
205 1614 18
205 1615 3
205 1713 6
205 1803 15
205 1925 18
206 238 7
206 368 17
206 468 16
206 535 15
206 649 20
206 671 13
206 707 2
206 775 15
206 904 10
206 974 5
206 990 16
206 1275 7
206 1632 3
206 1664 14
206 1676 9
206 1729 17
206 1820 19
206 1872 18
206 1881 12
206 1886 19
206 1892 10
206 1997 11
207 219 12
207 559 12
207 573 3
207 662 6
207 670 11
207 673 10
207 769 13
207 808 17
207 950 11
207 1118 10
207 1278 5
207 1307 13
207 1620 6
207 1647 5
208 279 10
208 423 14
208 478 13
208 539 7
208 654 8
208 778 20
208 908 3
208 997 7
208 1137 14
208 1210 8
208 1286 13
208 1376 4
208 1444 17
208 1506 1
208 1523 10
208 1580 2
208 1582 15
208 1706 2
208 1779 12
208 1857 16
208 1962 17
209 470 17
209 494 6
209 685 4
209 696 12
209 790 12
209 823 5
209 880 3
209 1154 2
209 1280 2
209 1285 13
209 1290 12
209 1652 12
209 1653 9
209 1772 15
210 232 20
210 408 1
210 463 18
210 534 13
210 560 3
210 881 18
210 957 17
210 1010 17
210 1321 13
210 1324 7
210 1411 19
210 1479 7
210 1542 3
210 1758 7
210 1795 19
210 1875 4
211 301 14
211 323 19
211 339 17
211 526 19
211 572 16
211 738 3
211 926 18
211 929 7
211 975 3
211 1058 15
211 1077 4
211 1165 5
211 1227 7
211 1391 10
211 1400 3
211 1486 20
211 1558 1
211 1574 13
211 1717 17
212 312 5
212 380 17
212 700 18
212 906 18
212 948 9
212 963 10
212 966 19
212 1166 15
212 1190 18
212 1198 6
212 1261 20
212 1372 15
212 1385 10
212 1498 20
212 1533 3
212 1534 14
212 1576 16
212 1658 16
212 1682 16
212 1706 8
212 1823 19
212 1824 13
212 1883 8
212 1936 3
212 1992 20
213 298 15
213 311 13
213 396 9
213 483 7
213 547 17
213 609 17
213 643 3
213 703 13
213 721 6
213 752 4
213 833 3
213 834 19
213 1096 19
213 1117 13
213 1309 10
213 1402 12
213 1509 5
213 1574 16
213 1891 8
214 220 9
214 247 4
214 249 4
214 316 1
214 356 8
214 427 13
214 551 17
214 581 15
214 629 9
214 684 16
214 779 16
214 840 3
214 1013 3
214 1216 1
214 1231 7
214 1294 6
214 1329 13
214 1382 11
214 1699 9
214 1796 10
214 1834 14
214 1867 18
215 514 11
215 1116 1
215 1294 9
215 1546 17
215 1696 9
215 1782 6
215 1802 2
215 1974 16
215 1982 4
215 1986 17
216 774 5
216 938 16
216 972 3
216 1007 12
216 1075 14
216 1258 17
216 1261 17
216 1314 3
216 1354 14
216 1658 6
216 1679 9
216 1750 3
216 1754 14
216 1916 4
216 1985 14
217 238 18
217 301 1
217 756 2
217 788 19
217 833 14
217 879 5
217 912 14
217 1080 15
217 1161 19
217 1345 12
217 1391 6
217 1760 8
217 1822 19
217 1844 10
218 470 3
218 605 4
218 607 8
218 697 20
218 702 2
218 805 10
218 1002 18
218 1034 10
218 1094 9
218 1138 6
218 1187 13
218 1514 4
218 1710 13
218 1758 15
218 1918 5
218 1991 7
219 240 14
219 270 12
219 317 14
219 534 3
219 556 2
219 620 20
219 650 8
219 692 18
219 1088 2
219 1101 7
219 1130 5
219 1134 3
219 1157 19
219 1171 7
219 1368 15
219 1455 16
219 1473 15
220 223 19
220 270 4
220 344 19
220 432 6
220 502 12
220 527 6
220 547 4
220 743 20
220 778 13
220 1123 3
220 1131 10
220 1139 16
220 1203 11
220 1275 3
220 1453 10
220 1680 1
220 1807 18
220 1916 13
221 306 14
221 339 15
221 425 17
221 477 20
221 497 19
221 502 2
221 747 5
221 778 7
221 779 10
221 855 4
221 1040 8
221 1055 14
221 1106 12
221 1197 15
221 1344 17
221 1577 18
221 1662 3
221 1717 19
221 1730 6
221 1957 11
221 1973 10
222 303 14
222 342 7
222 394 10
222 659 7
222 939 3
222 973 14
222 1112 10
222 1140 11
222 1532 17
222 1646 12
222 1714 6
222 1857 2
222 1958 6
222 1959 15
223 235 19
223 240 1
223 440 18
223 583 18
223 615 14
223 863 17
223 911 4
223 919 16
223 1069 10
223 1079 8
223 1174 4
223 1257 6
223 1291 4
223 1441 4
223 1497 5
223 1537 18
223 1541 17
223 1710 11
223 1733 19
223 1853 19
223 1984 12
224 287 16
224 338 13
224 352 20
224 459 2
224 516 13
224 619 13
224 832 11
224 833 14
224 901 20
224 1084 20
224 1207 5
224 1210 13
224 1224 12
224 1286 8
224 1329 19
224 1370 17
224 1387 8
224 1451 19
224 1525 20
224 1597 15
224 1721 12
224 1819 4
225 250 16
225 264 1
225 414 7
225 723 15
225 766 6
225 866 3
225 899 6
225 920 19
225 973 12
225 1094 10
225 1121 20
225 1159 20
225 1286 5
225 1375 18
225 1383 15
225 1492 12
225 1525 13
225 1775 17
225 1919 11
225 1957 4
226 300 9
226 334 1
226 361 16
226 457 4
226 670 10
226 696 11
226 795 1
226 1131 6
226 1215 14
226 1389 5
226 1751 5
226 1928 4
226 1948 13
226 1956 7
227 320 6
227 487 11
227 496 12
227 640 12
227 733 20
227 944 11
227 1021 1
227 1025 7
227 1069 10
227 1072 8
227 1104 16
227 1147 3
227 1316 10
227 1404 4
227 1454 20
227 1494 9
227 1628 19
227 1660 20
227 1746 2
227 1919 10
228 255 12
228 348 9
228 371 17
228 380 10
228 408 12
228 555 7
228 609 7
228 635 5
228 1017 19
228 1543 9
228 1617 15
228 1656 15
229 372 10
229 382 6
229 446 6
229 541 17
229 595 13
229 666 13
229 753 17
229 796 5
229 812 7
229 848 18
229 890 17
229 904 11
229 931 14
229 1023 15
229 1038 17
229 1112 9
229 1166 12
229 1246 9
229 1415 4
229 1575 6
229 1620 3
229 1987 1
230 304 16
230 411 19
230 427 1
230 530 9
230 559 20
230 583 3
230 600 13
230 608 7
230 670 20
230 693 15
230 883 6
230 950 7
230 1025 15
230 1102 13
230 1204 1
230 1672 5
230 1755 18
230 1845 18
230 1876 12
231 260 9
231 351 10
231 658 5
231 674 4
231 726 3
231 1280 6
231 1295 8
231 1472 11
231 1581 3
231 1663 5
231 1834 2
231 1853 18
232 374 20
232 555 6
232 573 3
232 854 15
232 896 15
232 972 10
232 1001 8
232 1163 4
232 1260 5
232 1344 6
232 1423 11
232 1492 13
232 1522 20
232 1668 5
232 1794 3
232 1815 1
232 1977 12
233 379 16
233 442 3
233 507 2
233 538 2
233 612 18
233 614 17
233 701 10
233 734 10
233 735 7
233 769 13
233 883 18
233 964 17
233 966 13
233 1128 3
233 1153 3
233 1201 14
233 1279 13
233 1431 6
233 1581 14
233 1631 8
233 1640 20
233 1813 3
233 1814 2
233 1944 9
234 507 20
234 562 10
234 582 4
234 798 17
234 843 16
234 895 11
234 1156 3
234 1230 5
234 1468 6
234 1614 13
234 1621 9
234 1780 6
234 1840 1
234 1860 3
234 1892 11
234 1929 12
234 1977 9
235 386 18
235 532 12
235 629 12
235 647 18
235 689 9
235 814 19
235 872 11
235 916 20
235 970 8
235 1137 4
235 1162 6
235 1175 7
235 1207 4
235 1356 8
235 1561 6
236 258 15
236 508 10
236 1037 8
236 1100 2
236 1113 18
236 1330 2
236 1393 15
236 1560 12
236 1565 20
236 1584 8
236 1586 6
236 1591 16
236 1678 6
236 1881 5
237 267 13
237 460 7
237 625 11
237 735 2
237 810 4
237 826 10
237 902 2
237 937 6
237 979 1
237 1020 2
237 1022 14
237 1207 13
237 1220 18
237 1452 1
237 1540 10
237 1607 4
237 1699 17
237 1741 6
237 1842 13
237 1891 2
238 248 15
238 300 5
238 386 8
238 591 10
238 769 7
238 806 16
238 996 19
238 1041 7
238 1061 3
238 1083 12
238 1356 13
238 1478 16
238 1563 3
238 1646 18
238 1810 6
238 1906 13
239 401 4
239 432 10
239 447 9
239 481 5
239 732 10
239 893 18
239 938 6
239 958 10
239 1072 17
239 1090 12
239 1192 11
239 1722 9
239 1833 15
239 1893 11
240 439 17
240 465 18
240 494 18
240 627 13
240 755 3
240 838 15
240 874 2
240 977 18
240 989 13
240 1357 5
240 1400 3
240 1468 9
240 1642 8
240 1716 20
240 1811 1
240 1849 5
240 1853 8
240 1979 10
241 277 3
241 288 15
241 318 10
241 498 2
241 547 12
241 559 6
241 579 4
241 692 3
241 732 19
241 775 20
241 896 3
241 949 16
241 1046 6
241 1144 5
241 1259 13
241 1303 15
241 1354 19
241 1592 13
241 1731 16
241 1835 3
241 1978 1
242 262 11
242 400 14
242 417 10
242 436 16
242 517 11
242 547 10
242 631 20
242 761 18
242 804 16
242 870 13
242 886 9
242 962 13
242 1000 7
242 1155 15
242 1361 1
242 1434 15
242 1642 6
242 1722 17
242 1741 11
242 1840 2
242 1891 6
242 1912 3
242 1985 17
243 283 18
243 341 19
243 430 18
243 444 1
243 618 2
243 744 3
243 754 6
243 787 1
243 947 19
243 1014 10
243 1460 3
243 1541 18
243 1560 9
243 1615 2
243 1747 18
243 1974 2
244 426 12
244 610 2
244 762 19
244 862 18
244 888 19
244 1029 1
244 1052 1
244 1294 2
244 1302 15
244 1349 18
244 1409 19
244 1428 9
244 1442 11
244 1451 13
244 1511 18
244 1547 7
244 1553 11
244 1751 5
244 1784 3
244 1806 4
244 1817 7
244 1984 14
245 330 1
245 357 2
245 359 2
245 378 20
245 416 18
245 422 18
245 464 18
245 547 13
245 584 7
245 855 20
245 866 18
245 1037 8
245 1053 9
245 1065 12
245 1241 17
245 1245 20
245 1318 17
245 1675 18
245 1854 5
245 1936 14
245 1986 16
246 268 16
246 507 4
246 521 19
246 577 19
246 604 13
246 776 20
246 917 17
246 1025 15
246 1030 6
246 1170 18
246 1257 5
246 1332 1
246 1422 6
246 1550 14
246 1616 4
246 1634 10
246 1805 12
246 1912 4
247 369 15
247 370 7
247 406 2
247 441 11
247 479 15
247 486 19
247 527 10
247 675 19
247 746 9
247 950 19
247 1053 6
247 1076 16
247 1138 3
247 1141 20
247 1503 10
247 1511 18
247 1516 10
247 1525 17
247 1552 9
247 1671 1
247 1734 12
247 1812 11
247 1892 1
247 1972 1
248 314 6
248 738 7
248 769 8
248 888 5
248 995 4
248 1107 16
248 1132 2
248 1213 20
248 1233 16
248 1307 14
248 1320 10
248 1378 15
248 1658 15
248 1705 18
248 1935 5
249 276 17
249 357 2
249 436 10
249 615 15
249 708 12
249 806 8
249 811 12
249 1006 19
249 1105 20
249 1217 12
249 1300 19
249 1303 7
249 1399 19
249 1532 13
249 1552 10
249 1631 11
249 1670 18
249 1900 12
249 1933 2
250 264 5
250 370 11
250 413 6
250 471 1
250 497 20
250 629 16
250 666 6
250 730 5
250 800 2
250 832 11
250 960 15
250 1276 19
250 1283 17
250 1505 15
250 1637 3
251 271 20
251 314 9
251 378 12
251 395 11
251 424 4
251 551 20
251 596 1
251 809 4
251 835 4
251 840 4
251 869 5
251 871 20
251 980 12
251 1032 12
251 1207 18
251 1300 13
251 1346 18
251 1377 17
251 1381 6
251 1576 8
251 1589 14
251 1609 13
251 1692 2
251 1871 10
251 1887 1
251 1919 19
251 1992 10
252 352 10
252 470 10
252 493 5
252 570 4
252 742 16
252 870 15
252 1062 18
252 1068 7
252 1372 12
252 1417 15
252 1433 10
252 1530 7
252 1900 8
252 1965 11
253 276 14
253 344 1
253 477 11
253 550 2
253 593 4
253 613 18
253 830 4
253 877 5
253 935 1
253 1009 4
253 1025 4
253 1507 19
253 1673 15
253 1739 20
253 1813 19
253 1926 4
253 1966 10
254 509 18
254 525 11
254 697 8
254 718 12
254 798 15
254 834 16
254 1119 6
254 1255 13
254 1384 15
254 1458 2
254 1491 11
254 1681 13
254 1921 10
254 1997 14
255 485 6
255 612 17
255 702 8
255 711 17
255 810 1
255 1005 16
255 1131 13
255 1256 5
255 1295 12
255 1438 11
255 1556 6
255 1773 5
255 1780 13
255 1911 14
256 415 3
256 489 1
256 532 15
256 717 10
256 721 6
256 777 14
256 1114 10
256 1139 8
256 1290 10
256 1359 12
256 1360 2
256 1446 18
256 1560 2
256 1637 7
256 1990 10
257 301 20
257 305 9
257 378 9
257 392 4
257 483 11
257 567 12
257 638 13
257 1062 1
257 1105 10
257 1252 17
257 1624 14
257 1647 19
257 1814 5
257 1893 15
257 1969 9
258 398 6
258 504 4
258 621 13
258 645 8
258 709 18
258 924 20
258 948 20
258 987 1
258 1090 11
258 1203 3
258 1227 8
258 1574 18
258 1903 19
259 261 10
259 338 10
259 483 12
259 658 1
259 706 16
259 850 12
259 1021 13
259 1111 18
259 1207 4
259 1322 12
259 1332 5
259 1531 18
259 1592 17
259 1677 12
259 1835 19
259 1964 15
260 378 7
260 460 15
260 523 2
260 525 14
260 579 16
260 591 3
260 594 14
260 709 5
260 721 19
260 777 1
260 822 11
260 981 13
260 1023 8
260 1154 8
260 1179 7
260 1195 16
260 1340 6
260 1355 18
260 1383 14
260 1480 14
260 1504 20
260 1505 15
260 1606 10
260 1687 10
260 1737 15
260 1820 20
260 1828 1
260 1949 10
260 1994 12
261 297 9
261 303 11
261 380 17
261 415 15
261 673 19
261 1060 18
261 1063 8
261 1127 11
261 1322 12
261 1368 17
261 1410 18
261 1533 4
261 1633 13
261 1708 19
261 1775 20
261 1778 17
261 1850 3
261 1895 2
261 1922 13
261 1924 7
262 298 2
262 341 14
262 411 18
262 484 10
262 597 10
262 758 13
262 825 16
262 841 17
262 845 5
262 1023 11
262 1025 6
262 1359 3
262 1419 10
262 1445 13
262 1487 6
262 1496 17
262 1600 4
262 1652 11
262 1665 15
262 1813 8
262 1860 12
262 1976 20
263 410 16
263 432 4
263 563 4
263 910 20
263 1002 8
263 1101 6
263 1141 4
263 1175 13
263 1188 15
263 1352 5
263 1359 9
263 1560 18
263 1683 17
263 1722 17
263 1733 15
263 1740 2
263 1842 13
263 1963 19
263 1992 8
264 281 16
264 521 20
264 822 16
264 932 1
264 1010 18
264 1127 14
264 1166 14
264 1352 20
264 1357 1
264 1363 2
264 1383 4
264 1385 16
264 1392 5
264 1597 12
264 1607 12
264 1747 9
264 1772 10
264 1777 3
264 1884 8
264 1915 6
265 418 3
265 454 6
265 590 13
265 618 1
265 652 19
265 732 10
265 860 2
265 927 4
265 956 1
265 1091 13
265 1330 6
265 1334 17
265 1364 4
265 1499 5
265 1534 4
265 1539 18
265 1636 1
265 1853 9
266 382 13
266 399 3
266 555 14
266 639 14
266 703 1
266 943 8
266 1148 12
266 1214 19
266 1220 16
266 1294 9
266 1445 18
266 1467 1
266 1490 16
266 1689 9
266 1949 12
266 1970 3
266 1978 20
267 272 4
267 360 17
267 441 6
267 456 3
267 588 4
267 1142 2
267 1171 20
267 1302 13
267 1377 20
267 1439 15
267 1638 3
267 1718 13
267 1767 13
268 383 10
268 422 15
268 783 18
268 788 2
268 901 18
268 902 7
268 960 3
268 1047 6
268 1376 5
268 1549 5
268 1928 20
268 1931 15
269 459 18
269 527 4
269 540 7
269 565 15
269 576 12
269 662 17
269 947 9
269 1068 12
269 1105 1
269 1180 20
269 1205 19
269 1256 12
269 1405 14
269 1611 17
269 1692 8
269 1840 4
269 1862 12
269 1954 1
269 1976 11
270 378 12
270 488 14
270 524 13
270 622 11
270 796 2
270 956 14
270 963 9
270 972 8
270 980 19
270 1109 2
270 1160 20
270 1201 11
270 1429 6
270 1461 13
270 1999 12
271 692 6
271 840 9
271 969 1
271 973 8
271 1028 1
271 1051 3
271 1169 3
271 1285 14
271 1363 14
271 1422 2
271 1491 16
271 1598 5
271 1716 13
271 1842 11
272 305 10
272 430 10
272 476 17
272 494 17
272 714 17
272 1035 4
272 1199 13
272 1322 8
272 1343 1
272 1517 11
272 1761 13
272 1821 15
272 1922 20
273 501 4
273 614 17
273 629 8
273 988 7
273 1048 20
273 1232 12
273 1239 9
273 1398 18
273 1910 1
274 459 3
274 689 7
274 694 12
274 1020 14
274 1039 19
274 1064 7
274 1094 11
274 1152 13
274 1320 2
274 1576 1
274 1769 6
274 1928 11
275 400 18
275 450 6
275 528 9
275 644 16
275 650 5
275 695 17
275 706 12
275 732 20
275 747 20
275 768 20
275 949 12
275 993 3
275 1100 19
275 1108 18
275 1201 17
275 1525 18
275 1598 17
275 1641 16
275 1791 18
276 329 17
276 360 7
276 533 11
276 660 11
276 666 9
276 925 6
276 1142 7
276 1322 12
277 379 13
277 453 4
277 619 20
277 674 14
277 905 5
277 1180 6
277 1373 19
277 1404 15
277 1646 15
277 1705 3
277 1916 5
278 293 20
278 364 11
278 373 5
278 463 9
278 553 5
278 557 14
278 590 13
278 627 14
278 749 5
278 881 8
278 954 2
278 960 9
278 965 3
278 1001 4
278 1099 6
278 1165 10
278 1355 11
278 1369 3
278 1441 5
278 1483 6
278 1506 16
278 1520 9
278 1533 5
278 1543 10
278 1638 20
278 1794 1
278 1836 7
279 309 1
279 336 7
279 466 10
279 552 3
279 622 3
279 721 2
279 856 1
279 881 3
279 908 20
279 910 14
279 1031 5
279 1332 20
279 1350 4
279 1513 20
279 1706 2
279 1772 12
279 1824 15
279 1917 17
279 1950 9
279 1993 11
279 1996 8
280 586 16
280 694 17
280 899 16
280 946 2
280 1010 18
280 1091 7
280 1109 19
280 1178 5
280 1244 18
280 1376 2
280 1460 17
280 1470 7
280 1539 15
280 1682 9
280 1964 10
280 1977 17
281 329 7
281 469 16
281 547 3
281 594 11
281 642 4
281 644 18
281 824 6
281 1174 20
281 1256 1
281 1270 20
281 1303 2
281 1538 2
281 1702 8
281 1716 14
281 1798 4
281 1933 10
282 329 1
282 507 12
282 544 9
282 726 15
282 741 20
282 888 2
282 1009 14
282 1273 16
282 1389 17
282 1480 17
282 1537 15
282 1543 13
282 1594 9
282 1743 18
282 1861 17
282 1869 4
283 349 12
283 387 6
283 529 19
283 707 12
283 760 6
283 908 17
283 914 5
283 1310 19
283 1440 10
283 1770 9
283 1810 11
283 1813 14
283 1830 15
284 412 14
284 443 15
284 535 17
284 661 7
284 874 13
284 983 19
284 1087 10
284 1172 17
284 1290 2
284 1314 15
284 1447 6
284 1707 4
284 1757 9
284 1770 12
284 1903 2
284 1938 17
285 323 5
285 443 15
285 549 20
285 758 20
285 798 19
285 835 1
285 868 8
285 969 12
285 1001 9
285 1145 18
285 1338 16
285 1402 8
285 1440 17
285 1445 7
285 1477 7
285 1531 15
285 1665 3
285 1886 14
285 1941 10
285 1972 15
286 305 15
286 328 15
286 401 11
286 416 15
286 463 13
286 531 12
286 625 19
286 629 2
286 654 11
286 665 11
286 806 15
286 1254 19
286 1286 14
286 1409 1
286 1750 3
286 1843 19
287 374 10
287 432 4
287 438 14
287 492 8
287 692 2
287 784 2
287 921 7
287 1192 1
287 1283 20
287 1296 14
287 1314 18
287 1336 13
287 1378 11
287 1535 18
287 1602 11
287 1667 8
287 1680 1
287 1885 5
287 1887 11
287 1983 8
288 512 3
288 616 20
288 813 11
288 931 19
288 1029 13
288 1094 16
288 1146 7
288 1161 11
288 1225 8
288 1279 4
288 1394 19
288 1819 6
288 1936 9
289 333 12
289 381 7
289 593 14
289 651 18
289 684 18
289 714 9
289 840 12
289 890 7
289 974 10
289 1028 15
289 1137 19
289 1161 19
289 1367 3
289 1637 12
289 1660 3
289 1716 10
289 1875 2
289 1925 13
289 1973 4
290 352 17
290 375 20
290 395 12
290 457 3
290 602 11
290 644 16
290 686 15
290 865 20
290 1170 2
290 1224 2
290 1226 8
290 1310 3
290 1338 3
290 1446 1
290 1473 17
290 1475 18
290 1570 11
290 1697 19
290 1713 7
290 1816 15
290 1979 18
291 437 7
291 592 1
291 706 20
291 740 2
291 1009 7
291 1318 18
291 1510 1
291 1550 18
292 491 19
292 529 8
292 557 14
292 610 16
292 623 4
292 649 5
292 836 5
292 970 2
292 1008 7
292 1284 17
292 1294 8
292 1423 11
292 1619 13
292 1693 11
292 1800 10
292 1818 20
293 339 4
293 465 19
293 497 11
293 598 6
293 605 20
293 623 18
293 630 9
293 633 4
293 771 15
293 778 13
293 862 9
293 961 3
293 1131 13
293 1257 6
293 1345 18
293 1525 8
293 1606 14
293 1642 13
293 1787 20
293 1791 20
293 1845 14
293 1848 15
293 1966 17
293 1974 14
294 298 16
294 309 9
294 411 13
294 462 20
294 546 14
294 612 6
294 641 8
294 656 11
294 871 15
294 1020 19
294 1177 15
294 1295 8
294 1471 5
294 1506 16
294 1539 9
294 1555 17
294 1586 3
294 1620 8
294 1796 13
294 1874 5
294 1976 17
295 317 3
295 479 11
295 488 1
295 607 3
295 617 13
295 619 14
295 717 11
295 771 14
295 952 13
295 1140 11
295 1399 10
295 1451 8
295 1575 20
295 1585 18
295 1914 2
295 1970 15
295 1989 20
296 403 6
296 407 12
296 546 4
296 578 12
296 619 18
296 701 20
296 830 5
296 848 16
296 908 4
296 951 16
296 1199 17
296 1348 19
296 1573 9
296 1656 6
296 1739 7
296 1861 10
296 1865 14
296 1875 19
296 1932 18
296 1933 5
296 1996 9
297 438 10
297 467 11
297 514 6
297 642 14
297 1053 16
297 1075 11
297 1201 1
297 1235 16
297 1314 12
297 1452 2
297 1500 16
297 1569 11
297 1585 8
297 1651 16
297 1676 17
297 1725 13
297 1971 2
297 1987 6
298 362 20
298 377 1
298 494 19
298 870 4
298 1034 12
298 1057 17
298 1184 6
298 1210 14
298 1229 6
298 1354 7
298 1440 19
298 1500 2
298 1651 7
298 1680 4
298 1749 18
298 1997 4
299 391 9
299 551 11
299 554 15
299 577 11
299 579 13
299 687 6
299 790 18
299 903 12
299 971 3
299 1115 1
299 1195 3
299 1246 8
299 1425 19
299 1485 8
299 1963 17
300 310 6
300 475 7
300 653 3
300 717 2
300 736 19
300 756 10
300 817 7
300 909 20
300 936 19
300 938 18
300 1079 17
300 1244 10
300 1445 19
300 1736 4
301 435 20
301 632 10
301 791 4
301 795 9
301 942 8
301 1037 18
301 1110 7
301 1180 18
301 1182 10
301 1239 18
301 1353 3
301 1366 3
301 1496 10
301 1500 20
301 1702 15
301 1719 19
301 1727 16
301 1805 20
301 1850 4
302 345 18
302 433 15
302 505 5
302 552 13
302 819 11
302 864 12
302 930 15
302 960 2
302 1081 5
302 1340 2
302 1341 12
302 1392 2
302 1514 9
302 1629 4
302 1672 9
302 1827 14
302 1876 11
302 1972 20
302 1993 13
303 309 9
303 324 2
303 443 11
303 510 13
303 636 15
303 880 11
303 1003 2
303 1142 1
303 1172 6
303 1255 15
303 1335 6
303 1442 4
303 1533 16
303 1581 8
303 1672 4
303 1740 4
303 1867 19
303 1960 7
303 1983 9
304 306 12
304 340 2
304 504 5
304 783 8
304 1017 7
304 1257 2
304 1272 7
304 1411 5
304 1482 16
304 1592 6
304 1730 4
304 1777 12
304 1853 16
305 374 5
305 401 19
305 487 13
305 509 16
305 844 12
305 847 4
305 862 19
305 932 12
305 968 11
305 1082 11
305 1108 12
305 1291 5
305 1335 10
305 1402 1
305 1616 15
305 1828 19
305 1927 2
305 1940 18
305 1961 1
306 647 19
306 693 8
306 1001 2
306 1367 3
306 1384 3
306 1389 1
306 1574 17
306 1585 14
306 1703 8
306 1776 9
306 1782 3
307 482 15
307 499 8
307 554 6
307 844 18
307 1029 6
307 1046 4
307 1078 8
307 1093 9
307 1217 8
307 1264 16
307 1340 18
307 1420 8
307 1466 11
307 1548 17
307 1688 6
307 1708 4
307 1799 5
307 1860 8
308 373 18
308 374 20
308 449 9
308 549 6
308 573 16
308 697 11
308 746 20
308 764 18
308 973 19
308 976 19
308 1665 7
308 1703 8
308 1704 5
308 1752 12
308 1810 5
309 345 2
309 370 3
309 551 20
309 589 3
309 595 3
309 616 15
309 904 18
309 924 16
309 993 20
309 1257 11
309 1262 18
309 1334 14
309 1665 11
309 1767 7
310 344 11
310 567 13
310 653 11
310 732 4
310 841 3
310 966 5
310 979 10
310 1018 3
310 1302 2
310 1379 7
310 1387 3
310 1481 15
310 1507 2
310 1585 19
310 1598 20
310 1647 12
310 1711 18
310 1840 6
310 1891 12
311 337 13
311 471 3
311 549 5
311 645 14
311 716 6
311 760 20
311 982 17
311 1174 4
311 1252 12
311 1466 17
311 1495 16
311 1634 1
311 1643 10
311 1743 10
312 322 5
312 342 9
312 372 6
312 735 1
312 785 8
312 848 19
312 1259 18
312 1316 15
312 1371 7
312 1474 5
312 1505 4
312 1700 7
312 1744 2
312 1982 20
313 469 18
313 520 17
313 543 5
313 565 3
313 627 6
313 794 5
313 983 3
313 1006 2
313 1033 19
313 1114 9
313 1197 10
313 1239 10
313 1277 14
313 1324 19
313 1499 10
313 1532 3
313 1567 18
313 1632 13
313 1836 8
313 1897 12
313 1911 20
314 349 14
314 506 8
314 853 2
314 968 1
314 1041 15
314 1076 15
314 1113 9
314 1127 9
314 1190 18
314 1309 5
314 1358 5
314 1442 6
314 1527 20
314 1603 17
314 1684 13
314 1706 7
314 1838 3
314 1873 20
315 437 19
315 607 4
315 663 5
315 688 15
315 739 12
315 760 15
315 885 13
315 978 7
315 1096 18
315 1325 19
315 1473 5
315 1483 12
315 1693 1
315 1920 7
316 338 3
316 351 15
316 352 7
316 476 17
316 589 19
316 789 7
316 1045 12
316 1128 6
316 1280 7
316 1309 4
316 1565 13
316 1685 10
316 1706 17
316 1744 12
316 1903 16
316 1988 18
316 1989 14
317 478 9
317 694 13
317 760 14
317 799 17
317 914 2
317 1036 3
317 1062 1
317 1122 4
317 1178 6
317 1183 2
317 1187 7
317 1188 12
317 1207 1
317 1271 16
317 1397 11
317 1463 6
317 1518 9
317 1854 5
317 1925 5
318 617 18
318 665 6
318 950 16
318 991 12
318 1016 5
318 1293 20
318 1482 14
318 1488 1
318 1525 2
318 1544 18
318 1685 12
318 1768 7
318 1840 2
318 1965 17
318 1995 2
319 329 13
319 372 7
319 377 16
319 429 10
319 525 6
319 583 7
319 638 18
319 864 3
319 887 16
319 1027 12
319 1102 7
319 1234 12
319 1452 13
319 1538 20
319 1675 2
319 1833 6
320 374 5
320 542 19
320 680 12
320 819 8
320 1146 2
320 1174 8
320 1244 12
320 1251 1
320 1306 6
320 1411 7
320 1439 8
320 1596 7
320 1943 10
321 451 6
321 453 7
321 474 7
321 674 15
321 795 12
321 823 19
321 891 19
321 940 20
321 1041 3
321 1114 13
321 1275 14
321 1375 9
321 1443 19
321 1531 6
321 1591 7
321 1598 19
321 1676 10
321 1691 2
321 1800 16
321 1826 15
321 1845 5
321 1986 1
322 609 4
322 764 4
322 852 9
322 1019 20
322 1063 3
322 1154 18
322 1272 17
322 1349 1
322 1406 12
322 1415 3
322 1430 11
322 1491 17
322 1523 8
322 1621 7
322 1794 3
322 1877 19
322 1990 6
323 395 3
323 536 9
323 610 8
323 626 2
323 836 2
323 1135 4
323 1369 14
323 1413 15
323 1613 10
324 331 17
324 395 13
324 450 14
324 518 5
324 553 8
324 599 12
324 625 14
324 734 17
324 863 10
324 958 12
324 975 13
324 1102 8
324 1183 7
324 1267 19
324 1360 8
324 1395 10
324 1497 8
324 1518 1
324 1724 3
324 1917 1
325 491 3
325 581 10
325 583 18
325 643 1
325 744 10
325 747 20
325 776 16
325 937 5
325 1087 2
325 1124 17
325 1264 1
325 1464 18
325 1565 16
325 1618 12
325 1735 20
325 1871 3
325 1888 20
325 1893 13
325 1983 11
326 538 19
326 549 2
326 610 15
326 740 1
326 758 19
326 814 13
326 830 9
326 941 2
326 1040 1
326 1066 4
326 1080 14
326 1220 9
326 1227 19
326 1323 16
326 1522 3
326 1599 14
327 360 20
327 483 11
327 699 14
327 793 10
327 804 8
327 860 11
327 1100 18
327 1162 12
327 1301 9
327 1375 11
327 1400 12
327 1477 13
327 1581 6
327 1617 17
327 1722 19
327 1944 15
328 497 1
328 594 20
328 640 17
328 794 14
328 963 19
328 982 20
328 1062 19
328 1088 5
328 1201 18
328 1203 6
328 1279 3
328 1364 1
328 1454 2
328 1561 14
328 1731 13
328 1856 18
329 593 9
329 607 14
329 1036 7
329 1209 9
329 1220 1
329 1230 2
329 1295 12
329 1415 12
329 1424 9
329 1478 16
329 1586 13
329 1587 13
329 1712 11
329 1761 8
329 1762 14
329 1818 16
329 1862 11
330 339 1
330 342 13
330 363 15
330 406 5
330 468 12
330 490 20
330 528 15
330 553 15
330 575 16
330 622 10
330 770 11
330 815 7
330 816 15
330 872 9
330 920 18
330 981 13
330 1036 18
330 1060 4
330 1114 15
330 1185 15
330 1217 4
330 1270 9
330 1409 15
330 1443 15
330 1447 10
330 1520 10
330 1546 18
330 1611 13
330 1639 8
330 1654 10
330 1792 3
330 1869 7
330 1882 14
330 1947 4
330 1982 2
331 395 9
331 398 9
331 433 4
331 531 19
331 626 1
331 878 5
331 963 14
331 1023 5
331 1076 18
331 1077 7
331 1093 12
331 1148 18
331 1175 17
331 1231 11
331 1353 17
331 1392 4
331 1714 6
331 1868 16
332 390 11
332 545 19
332 554 20
332 561 20
332 605 7
332 655 8
332 678 2
332 760 9
332 790 2
332 1006 1
332 1110 6
332 1176 1
332 1227 5
332 1333 14
332 1438 11
332 1473 19
332 1517 3
332 1565 6
332 1598 13
332 1645 17
332 1789 16
332 1831 18
332 1919 8
332 1967 13
332 1998 5
333 468 10
333 619 9
333 681 6
333 696 16
333 715 4
333 906 4
333 1063 10
333 1221 9
333 1225 14
333 1228 8
333 1358 17
333 1403 1
333 1446 3
333 1501 18
333 1608 11
333 1609 7
333 1610 2
333 1713 16
333 1729 16
333 1795 18
333 1842 8
334 347 14
334 480 19
334 484 2
334 537 15
334 686 18
334 712 7
334 758 5
334 870 12
334 871 3
334 1009 1
334 1022 17
334 1025 3
334 1200 16
334 1278 15
334 1327 16
334 1376 17
334 1919 15
334 1948 5
335 601 7
335 703 4
335 857 16
335 1018 18
335 1067 2
335 1124 20
335 1259 2
335 1388 14
335 1528 6
335 1617 6
335 1657 9
335 1660 3
335 1926 4
336 350 1
336 387 2
336 604 12
336 848 2
336 888 1
336 925 7
336 969 13
336 1006 8
336 1254 1
336 1304 11
336 1332 17
336 1333 3
336 1376 4
336 1380 7
336 1415 19
336 1418 2
336 1502 8
336 1523 13
336 1612 19
336 1752 14
336 1753 3
336 1839 2
336 1892 5
336 1911 13
336 1916 2
337 429 19
337 442 19
337 560 20
337 610 12
337 696 12
337 795 18
337 893 12
337 1270 13
337 1295 8
337 1313 18
337 1368 16
337 1429 20
337 1455 9
337 1527 9
337 1665 20
337 1696 11
337 1744 7
337 1798 17
337 1896 20
337 1958 15
337 1975 13
338 388 18
338 408 13
338 571 12
338 627 6
338 634 2
338 716 20
338 745 20
338 995 16
338 1176 13
338 1183 12
338 1385 17
338 1832 7
338 1974 3
339 396 12
339 420 9
339 457 6
339 501 17
339 677 18
339 835 7
339 1017 17
339 1115 11
339 1129 2
339 1329 9
339 1478 10
339 1559 12
339 1653 16
339 1695 13
339 1855 1
339 1945 19
339 1989 17
340 377 15
340 512 17
340 603 7
340 670 3
340 824 19
340 868 4
340 1149 6
340 1310 16
340 1387 19
340 1438 15
340 1504 14
340 1530 3
340 1553 16
340 1768 8
340 1901 17
340 1988 13
341 440 14
341 445 20
341 552 10
341 590 7
341 859 4
341 882 17
341 941 1
341 987 8
341 997 15
341 1089 6
341 1222 20
341 1345 20
341 1370 3
341 1393 19
341 1519 9
341 1642 5
341 1739 10
341 1794 18
341 1835 13
341 1873 18
341 1910 9
341 1944 3
342 357 6
342 517 11
342 597 7
342 879 16
342 910 18
342 943 20
342 1070 5
342 1169 12
342 1193 16
342 1300 11
342 1347 18
342 1431 16
342 1454 4
342 1550 16
342 1677 15
342 1774 19
342 1836 10
342 1894 19
342 1897 20
342 1964 10
343 415 6
343 557 11
343 574 14
343 591 6
343 661 18
343 774 8
343 910 17
343 968 5
343 973 3
343 980 11
343 1183 20
343 1399 5
343 1596 17
343 1819 16
343 1839 14
343 1869 10
344 351 15
344 386 14
344 387 20
344 672 2
344 679 1
344 727 15
344 832 9
344 870 16
344 1037 9
344 1095 11
344 1194 12
344 1227 3
344 1228 20
344 1252 3
344 1518 8
344 1621 2
344 1700 3
344 1767 2
344 1871 1
345 443 2
345 567 18
345 678 14
345 764 16
345 912 10
345 1034 5
345 1117 7
345 1269 16
345 1320 1
345 1426 7
345 1535 2
345 1653 3
345 1773 12
345 1820 18
345 1858 9
346 516 3
346 560 17
346 564 11
346 684 15
346 745 4
346 828 14
346 1281 17
346 1625 2
346 1658 8
346 1936 19
346 1944 2
346 1947 18
346 1948 15
347 452 4
347 582 16
347 711 10
347 745 6
347 757 20
347 805 13
347 877 1
347 958 8
347 1033 11
347 1062 14
347 1092 13
347 1131 17
347 1340 17
347 1421 16
347 1443 11
347 1482 5
347 1718 18
347 1876 17
347 1906 19
347 1988 12
348 358 16
348 393 19
348 420 11
348 423 11
348 687 15
348 772 6
348 906 10
348 918 18
348 1124 20
348 1151 7
348 1429 12
348 1441 1
348 1515 14
348 1570 7
348 1764 20
348 1854 9
348 1886 3
349 362 8
349 378 19
349 434 5
349 529 15
349 642 7
349 812 13
349 881 4
349 910 12
349 1298 3
349 1548 5
349 1726 12
349 1767 3
349 1805 12
349 1843 2
349 1907 6
349 1971 11
350 354 2
350 370 6
350 459 18
350 486 20
350 488 17
350 587 18
350 667 16
350 791 7
350 991 14
350 1203 1
350 1237 12
350 1598 20
351 601 13
351 792 10
351 801 3
351 849 16
351 858 13
351 924 20
351 1117 12
351 1500 7
351 1559 1
351 1565 14
351 1620 8
351 1738 19
351 1753 10
351 1772 9
351 1914 3
351 1992 9
352 369 11
352 405 10
352 461 6
352 465 9
352 497 7
352 812 18
352 1075 11
352 1100 17
352 1219 13
352 1232 8
352 1298 16
352 1343 10
352 1579 16
352 1593 8
352 1787 5
352 1919 10
352 1926 14
352 1938 7
353 395 8
353 563 2
353 737 6
353 780 10
353 817 5
353 880 16
353 957 7
353 960 15
353 996 5
353 1240 12
353 1264 2
353 1276 9
353 1654 18
353 1758 17
353 1770 16
353 1843 9
354 699 1
354 816 17
354 858 20
354 978 8
354 1310 20
354 1376 11
354 1413 12
354 1490 17
354 1527 8
354 1551 4
354 1882 12
355 483 13
355 547 4
355 590 5
355 638 3
355 683 9
355 687 15
355 721 20
355 729 14
355 912 8
355 984 6
355 1120 6
355 1130 8
355 1133 2
355 1268 15
355 1272 15
355 1435 6
355 1542 2
355 1604 18
355 1720 20
355 1747 3
355 1749 2
355 1893 3
355 1899 5
355 1903 19
355 1993 2
356 496 10
356 611 6
356 797 4
356 931 9
356 1018 16
356 1098 20
356 1179 1
356 1668 12
356 1669 2
356 1703 8
356 1712 9
356 1903 9
356 1945 9
356 1952 5
357 454 1
357 588 20
357 733 5
357 914 17
357 952 4
357 972 5
357 986 18
357 1008 4
357 1059 5
357 1079 7
357 1250 14
357 1273 19
357 1456 2
357 1548 3
357 1672 19
357 1782 20
357 1941 16
357 1948 8
358 382 1
358 385 3
358 505 16
358 509 17
358 580 16
358 589 15
358 810 9
358 1364 4
358 1421 19
358 1456 10
358 1666 14
358 1703 20
358 1762 8
358 1891 16
358 1912 8
358 1976 9
358 1998 8
359 532 15
359 536 4
359 773 11
359 857 19
359 1023 6
359 1159 13
359 1205 19
359 1222 16
359 1411 15
359 1454 9
359 1583 2
359 1621 7
360 379 19
360 549 5
360 568 3
360 603 9
360 650 4
360 796 11
360 1091 15
360 1206 19
360 1249 9
360 1311 12
360 1612 12
360 1693 7
361 397 10
361 412 18
361 449 5
361 453 19
361 528 16
361 883 3
361 923 19
361 985 8
361 1166 16
361 1238 7
361 1359 17
361 1498 4
361 1748 16
361 1780 3
361 1820 7
362 473 8
362 515 17
362 645 3
362 837 19
362 1021 5
362 1190 17
362 1316 18
362 1350 8
362 1366 18
362 1482 3
362 1532 14
362 1583 4
362 1687 6
362 1814 16
362 1851 18
363 385 20
363 528 1
363 563 12
363 576 6
363 580 6
363 672 15
363 758 1
363 1227 15
363 1233 5
363 1269 10
363 1673 6
363 1746 5
363 1974 10
364 530 10
364 641 7
364 874 16
364 1009 15
364 1121 13
364 1140 11
364 1154 3
364 1159 1
364 1187 3
364 1511 4
364 1532 8
364 1549 9
364 1673 7
364 1788 4
364 1802 7
364 1896 7
365 410 5
365 459 17
365 578 3
365 623 12
365 644 9
365 705 6
365 914 7
365 973 12
365 1062 4
365 1103 1
365 1281 7
365 1310 4
365 1336 5
365 1337 15
365 1463 5
365 1501 2
365 1569 5
365 1600 12
365 1711 11
365 1739 9
365 1845 4
365 1948 16
365 1964 7
366 437 3
366 457 14
366 479 15
366 504 10
366 620 2
366 818 2
366 1094 12
366 1194 4
366 1373 12
366 1393 12
366 1395 19
366 1480 19
366 1611 5
366 1702 2
366 1716 15
366 1906 14
367 416 8
367 641 12
367 691 12
367 719 1
367 811 8
367 1132 12
367 1224 9
367 1361 15
367 1436 17
367 1506 10
367 1547 13
367 1836 4
368 452 17
368 527 18
368 718 2
368 756 18
368 858 3
368 923 15
368 1063 5
368 1105 12
368 1144 13
368 1178 12
368 1368 5
368 1797 4
368 1801 9
368 1808 12
369 474 18
369 553 6
369 623 15
369 660 17
369 680 8
369 751 17
369 812 17
369 896 2
369 954 17
369 1167 6
369 1344 14
369 1504 9
369 1734 14
369 1967 11
369 1998 8
370 440 3
370 473 12
370 801 18
370 814 5
370 903 5
370 1003 20
370 1279 19
370 1585 19
370 1719 16
370 1762 17
370 1770 5
370 1803 9
370 1876 10
370 1916 11
371 433 8
371 451 14
371 516 13
371 527 5
371 581 5
371 591 10
371 700 14
371 901 10
371 1006 4
371 1068 12
371 1282 4
371 1333 18
371 1348 1
371 1459 9
371 1614 11
371 1783 12
371 1844 11
372 421 12
372 424 2
372 425 11
372 517 2
372 535 13
372 555 4
372 643 17
372 649 4
372 1036 1
372 1485 19
372 1539 9
372 1585 20
372 1663 10
372 1883 9
372 1912 6
372 1997 11
373 503 1
373 858 14
373 968 11
373 1042 3
373 1398 1
373 1418 2
373 1510 13
373 1515 11
373 1675 6
373 1731 11
373 1742 8
373 1919 3
373 1963 15
373 1966 20
374 502 2
374 551 7
374 686 18
374 773 14
374 866 13
374 868 10
374 892 17
374 924 14
374 980 18
374 1045 8
374 1382 3
374 1392 13
374 1436 17
374 1512 17
374 1564 15
374 1574 12
374 1719 14
374 1760 10
374 1896 2
375 450 16
375 568 18
375 753 6
375 797 9
375 809 18
375 811 17
375 856 3
375 902 17
375 1013 7
375 1178 13
375 1597 8
375 1768 5
375 1817 19
375 1913 17
375 1966 3
376 393 5
376 648 19
376 721 6
376 745 20
376 1124 6
376 1487 12
376 1633 2
376 1657 3
376 1711 18
376 1802 17
376 1815 6
376 1856 19
376 1881 4
376 1952 18
377 398 13
377 455 17
377 586 11
377 832 4
377 872 17
377 933 4
377 993 20
377 1048 3
377 1180 7
377 1185 5
377 1358 7
377 1537 12
377 1595 7
377 1601 20
377 1739 10
377 1790 15
378 507 18
378 583 5
378 702 15
378 796 3
378 833 10
378 845 1
378 958 10
378 1109 9
378 1139 10
378 1175 18
378 1215 3
378 1284 19
378 1517 3
378 1579 4
378 1602 18
378 1621 17
378 1691 18
378 1734 2
378 1750 15
378 1919 14
379 561 6
379 954 20
379 1066 1
379 1139 8
379 1241 8
379 1265 11
379 1974 6
380 471 10
380 552 10
380 604 16
380 678 6
380 716 17
380 1109 9
380 1153 13
380 1166 14
380 1193 6
380 1217 13
380 1218 18
380 1382 20
380 1397 6
380 1447 16
380 1452 15
380 1467 3
380 1674 6
380 1782 16
380 1974 8
381 600 4
381 617 3
381 623 19
381 857 19
381 881 10
381 907 17
381 1181 10
381 1404 8
381 1605 8
381 1608 4
381 1746 11
381 1872 2
381 1955 19
382 564 10
382 652 2
382 679 4
382 778 8
382 816 11
382 825 18
382 896 2
382 1094 7
382 1101 19
382 1189 14
382 1354 12
382 1383 20
382 1427 16
382 1576 19
382 1616 18
382 1659 16
382 1688 19
382 1756 16
382 1901 6
382 1956 3
382 1999 1
383 387 14
383 724 11
383 727 19
383 742 8
383 753 2
383 800 6
383 865 15
383 974 13
383 1199 9
383 1216 18
383 1330 3
383 1335 19
383 1411 12
383 1431 20
383 1550 20
383 1729 20
383 1859 1
383 1901 14
384 524 11
384 580 13
384 716 14
384 814 2
384 850 4
384 909 5
384 978 2
384 984 3
384 1006 5
384 1041 6
384 1160 3
384 1192 18
384 1438 15
384 1587 8
384 1646 19
384 1714 13
384 1774 5
384 1790 15
384 1901 15
385 498 8
385 598 8
385 645 7
385 709 1
385 784 13
385 909 20
385 1229 7
385 1410 12
385 1652 8
385 1835 9
385 1909 1
386 455 9
386 482 1
386 523 15
386 842 18
386 1069 19
386 1100 16
386 1262 14
386 1425 4
386 1455 8
386 1458 14
386 1513 2
386 1650 8
386 1899 14
386 1926 16
386 1933 10
387 702 11
387 856 8
387 1210 18
387 1293 6
387 1443 17
387 1501 15
387 1531 7
387 1756 13
387 1882 20
387 1893 11
387 1930 20
388 496 20
388 506 6
388 728 1
388 805 9
388 866 1
388 870 3
388 1068 10
388 1080 14
388 1121 1
388 1413 10
388 1458 17
388 1617 9
388 1670 12
388 1712 6
389 584 9
389 598 8
389 667 12
389 700 5
389 808 9
389 910 1
389 912 4
389 928 6
389 1150 10
389 1196 6
389 1240 4
389 1389 12
389 1476 3
389 1570 8
389 1614 9
389 1685 17
389 1692 1
389 1766 7
389 1797 20
390 451 19
390 592 8
390 673 7
390 826 14
390 929 1
390 954 14
390 1050 15
390 1213 17
390 1401 16
390 1599 20
390 1653 10
390 1674 4
390 1716 20
390 1776 8
390 1885 3
390 1901 20
390 1958 9
391 463 11
391 544 7
391 617 7
391 625 11
391 711 11
391 1020 4
391 1062 1
391 1322 3
391 1401 19
391 1421 10
391 1638 2
391 1861 7
391 1899 16
391 1966 15
392 519 7
392 745 6
392 755 1
392 779 9
392 812 14
392 932 17
392 963 18
392 1050 8
392 1166 9
392 1275 20
392 1286 4
392 1341 13
392 1366 4
392 1404 15
392 1434 1
392 1572 16
392 1799 13
392 1857 5
392 1984 18
393 486 2
393 564 5
393 605 6
393 624 15
393 659 9
393 811 8
393 977 15
393 1057 17
393 1074 5
393 1292 3
393 1300 19
393 1320 4
393 1635 10
393 1696 6
393 1743 16
393 1784 7
393 1964 12
394 438 20
394 524 19
394 572 9
394 681 20
394 704 14
394 832 17
394 887 7
394 934 6
394 1090 18
394 1213 4
394 1241 18
394 1264 5
394 1290 4
394 1532 13
394 1561 11
394 1670 11
394 1721 4
394 1806 18
394 1931 2
395 521 11
395 701 1
395 1030 15
395 1034 20
395 1039 11
395 1220 8
395 1523 3
395 1777 19
395 1834 2
395 1885 18
395 1985 3
396 444 13
396 504 5
396 597 14
396 744 13
396 913 5
396 919 1
396 934 13
396 1458 1
396 1527 11
396 1551 13
396 1714 16
396 1722 7
396 1731 7
396 1831 12
397 552 19
397 621 10
397 681 5
397 742 9
397 1014 7
397 1071 6
397 1168 14
397 1464 9
397 1488 6
397 1992 16
398 458 16
398 471 10
398 474 14
398 605 13
398 632 6
398 634 10
398 734 12
398 832 19
398 883 16
398 967 4
398 1118 12
398 1217 19
398 1385 12
398 1422 15
398 1553 9
398 1696 9
398 1778 2
398 1820 11
398 1839 8
398 1876 5
399 427 6
399 519 12
399 669 14
399 743 18
399 746 10
399 1053 2
399 1128 11
399 1232 5
399 1286 6
399 1289 5
399 1444 3
399 1544 5
399 1619 5
399 1657 19
399 1709 11
399 1727 11
399 1758 14
399 1823 6
400 502 13
400 515 19
400 596 18
400 802 1
400 807 3
400 834 9
400 836 3
400 1013 2
400 1110 12
400 1234 13
400 1316 15
400 1446 6
400 1634 1
400 1687 11
400 1766 17
400 1842 12
400 1847 11
400 1865 17
400 1892 1
400 1894 10
401 518 8
401 556 1
401 650 7
401 896 17
401 961 5
401 993 10
401 1041 6
401 1099 20
401 1139 11
401 1143 20
401 1298 5
401 1646 13
401 1655 3
401 1705 10
401 1723 3
401 1891 5
402 701 1
402 920 11
402 943 17
402 1085 1
402 1150 5
402 1302 17
402 1459 8
402 1513 18
402 1528 13
402 1561 9
402 1568 15
402 1583 7
402 1693 9
402 1726 6
402 1731 17
402 1766 20
402 1811 9
402 1873 5
403 506 3
403 580 15
403 586 18
403 593 11
403 701 15
403 721 12
403 859 13
403 861 19
403 932 1
403 955 17
403 1043 17
403 1303 2
403 1467 3
403 1575 6
403 1731 8
403 1880 7
403 1940 17
404 611 17
404 635 9
404 861 12
404 1020 5
404 1059 17
404 1074 18
404 1293 7
404 1407 10
404 1435 14
404 1475 19
404 1516 20
404 1519 2
404 1594 15
404 1595 5
404 1630 6
404 1877 12
405 421 19
405 586 10
405 608 1
405 684 17
405 726 11
405 981 1
405 1022 19
405 1116 10
405 1196 12
405 1244 19
405 1290 5
405 1474 2
405 1763 3
405 1792 2
405 1911 18
405 1968 9
406 477 1
406 562 13
406 616 1
406 638 12
406 703 8
406 813 20
406 1020 7
406 1044 10
406 1061 9
406 1195 3
406 1348 12
406 1574 17
406 1609 1
406 1708 19
406 1761 5
406 1903 19
406 1916 10
407 417 11
407 625 20
407 703 12
407 715 4
407 745 10
407 811 7
407 1059 11
407 1291 15
407 1324 15
407 1328 11
407 1350 8
407 1352 14
407 1357 10
407 1360 15
407 1364 20
407 1527 18
407 1543 6
407 1559 18
407 1616 8
407 1676 14
407 1703 14
407 1834 2
407 1895 13
408 685 18
408 855 2
408 982 2
408 1054 10
408 1256 6
408 1371 14
408 1448 15
408 1485 15
408 1562 1
408 1923 1
409 569 17
409 624 7
409 666 15
409 840 2
409 1145 8
409 1377 17
409 1435 15
409 1720 10
409 1747 12
409 1959 3
410 477 9
410 484 6
410 681 6
410 869 19
410 931 6
410 1011 6
410 1298 20
410 1410 17
410 1437 16
410 1509 4
410 1549 2
410 1783 6
410 1878 19
410 1916 16
411 429 14
411 459 13
411 512 13
411 578 3
411 591 10
411 596 17
411 602 7
411 701 2
411 803 3
411 1140 4
411 1169 18
411 1269 20
411 1359 15
411 1415 18
411 1529 7
411 1631 4
411 1918 16
411 1997 3
412 439 16
412 504 7
412 799 5
412 815 20
412 1069 4
412 1123 9
412 1224 17
412 1485 12
412 1538 16
412 1585 3
412 1807 15
412 1826 15
412 1827 20
412 1836 12
413 540 14
413 576 8
413 601 1
413 654 17
413 727 13
413 774 11
413 783 18
413 834 10
413 913 6
413 982 3
413 1010 5
413 1047 7
413 1109 20
413 1256 18
413 1314 18
413 1356 13
413 1422 8
413 1487 1
413 1539 12
413 1624 14
413 1641 17
413 1849 17
413 1863 18
413 1874 20
414 489 5
414 527 1
414 605 2
414 755 4
414 775 16
414 783 20
414 826 10
414 977 17
414 1295 3
414 1363 18
414 1511 14
414 1920 12
415 448 20
415 459 9
415 501 6
415 551 7
415 603 5
415 686 20
415 730 13
415 757 11
415 759 15
415 762 16
415 898 5
415 924 10
415 977 20
415 1142 20
415 1287 12
415 1353 7
415 1382 6
415 1446 10
415 1471 11
415 1481 15
415 1556 9
415 1977 10
416 683 16
416 689 14
416 699 2
416 763 20
416 769 20
416 786 11
416 816 14
416 898 14
416 1086 17
416 1462 20
416 1545 9
416 1610 10
416 1805 11
416 1954 11
416 1982 3
417 526 1
417 537 3
417 541 1
417 633 5
417 714 3
417 752 4
417 936 10
417 941 14
417 985 13
417 1030 17
417 1087 7
417 1090 6
417 1229 2
417 1247 10
417 1316 12
417 1495 16
417 1518 9
417 1523 5
417 1978 6
418 481 11
418 557 18
418 571 5
418 609 8
418 629 4
418 743 11
418 1025 6
418 1080 8
418 1196 7
418 1258 14
418 1407 20
418 1563 8
418 1599 12
418 1666 1
418 1698 15
418 1784 13
418 1854 15
418 1872 17
418 1880 7
418 1882 14
418 1928 10
418 1940 14
419 455 18
419 485 1
419 511 2
419 517 16
419 524 9
419 550 3
419 582 3
419 699 4
419 912 16
419 925 15
419 1025 13
419 1090 20
419 1135 19
419 1169 8
419 1214 9
419 1417 10
419 1441 5
419 1508 9
419 1560 14
419 1750 17
419 1943 7
420 431 18
420 482 10
420 624 20
420 637 20
420 905 8
420 1020 18
420 1095 14
420 1197 9
420 1234 19
420 1306 10
420 1369 15
420 1376 6
420 1394 14
420 1439 20
420 1485 12
420 1549 8
420 1730 4
420 1809 8
420 1823 20
420 1937 11
421 553 17
421 587 16
421 803 20
421 1100 2
421 1188 4
421 1245 18
421 1294 5
421 1455 4
421 1488 7
421 1548 1
421 1694 4
421 1863 12
421 1910 20
421 1917 11
421 1928 14
422 697 19
422 710 8
422 796 14
422 866 7
422 869 9
422 904 2
422 1157 13
422 1610 4
422 1794 10
423 497 12
423 778 18
423 966 6
423 1001 10
423 1024 7
423 1412 9
423 1508 14
423 1531 13
423 1536 3
423 1549 9
423 1696 1
423 1870 4
423 1963 10
424 446 19
424 483 3
424 484 11
424 496 4
424 613 8
424 803 10
424 918 5
424 1005 18
424 1142 3
424 1181 18
424 1231 6
424 1299 12
424 1412 9
424 1432 4
424 1477 3
424 1644 14
424 1673 4
424 1762 2
424 1774 15
424 1808 4
424 1887 13
424 1928 6
424 1933 3
425 656 3
425 856 19
425 879 14
425 958 17
425 1111 17
425 1164 17
425 1477 4
425 1524 17
425 1594 7
425 1664 2
425 1691 19
425 1720 9
425 1769 5
425 1922 15
425 1953 6
426 503 3
426 557 11
426 634 1
426 993 2
426 1023 7
426 1151 20
426 1285 20
426 1332 5
426 1537 13
426 1746 9
426 1807 19
426 1885 12
427 466 2
427 549 5
427 857 13
427 1081 13
427 1133 3
427 1377 2
427 1419 20
427 1495 9
427 1627 15
427 1686 3
427 1881 11
427 1972 10
428 449 10
428 471 18
428 492 18
428 557 4
428 650 13
428 810 20
428 917 13
428 1064 10
428 1111 18
428 1132 7
428 1212 16
428 1255 9
428 1343 9
428 1432 9
428 1485 4
428 1508 13
428 1685 11
428 1709 1
428 1713 18
428 1840 3
428 1898 18
428 1997 4
429 572 8
429 722 18
429 873 11
429 1028 11
429 1142 13
429 1161 12
429 1240 9
429 1395 10
429 1515 11
429 1518 18
429 1529 4
429 1627 6
429 1718 7
429 1798 2
429 1856 13
429 1961 9
430 656 15
430 756 16
430 1025 12
430 1202 3
430 1257 20
430 1302 5
430 1468 9
430 1518 6
430 1763 20
430 1771 20
430 1882 16
430 1897 9
430 1977 1
431 436 1
431 438 13
431 567 9
431 577 19
431 846 18
431 848 12
431 1010 8
431 1029 7
431 1077 20
431 1148 13
431 1409 3
431 1511 2
431 1518 1
431 1544 7
431 1660 10
431 1864 11
431 1932 17
432 456 12
432 590 19
432 596 13
432 845 6
432 929 1
432 1028 7
432 1056 18
432 1087 8
432 1142 12
432 1216 20
432 1307 19
432 1328 6
432 1424 10
432 1435 7
432 1650 13
432 1800 6
432 1805 2
432 1985 17
433 701 8
433 711 7
433 772 12
433 806 5
433 824 18
433 942 14
433 1149 19
433 1328 17
433 1506 4
433 1615 4
433 1661 12
433 1745 6
433 1911 17
433 1957 8
434 833 7
434 1054 7
434 1069 9
434 1121 20
434 1125 9
434 1152 17
434 1350 1
434 1435 17
434 1521 14
434 1563 15
434 1726 1
434 1854 14
434 1886 4
434 1985 7
435 449 18
435 461 18
435 615 11
435 806 6
435 876 8
435 1124 3
435 1238 18
435 1378 20
435 1483 3
435 1710 13
435 1715 19
435 1905 2
435 1955 18
436 477 7
436 686 6
436 742 18
436 929 4
436 965 13
436 1017 3
436 1020 9
436 1033 16
436 1160 6
436 1276 12
436 1349 20
436 1456 13
436 1511 12
436 1548 14
436 1677 3
436 1706 9
436 1809 10
436 1878 9
436 1901 11
437 567 15
437 687 19
437 824 11
437 959 11
437 988 16
437 997 18
437 1019 7
437 1072 19
437 1154 4
437 1311 12
437 1337 17
437 1412 17
437 1609 14
437 1663 16
437 1849 2
438 489 9
438 715 7
438 725 11
438 771 5
438 831 14
438 913 9
438 1027 4
438 1187 19
438 1277 7
438 1422 18
438 1437 17
438 1490 11
438 1675 20
438 1974 4
438 1978 14
439 484 16
439 871 10
439 1010 6
439 1038 6
439 1079 17
439 1091 19
439 1125 8
439 1139 17
439 1184 3
439 1189 13
439 1237 14
439 1398 9
439 1413 15
439 1608 4
439 1717 11
439 1835 5
439 1880 6
439 1892 12
439 1963 11
440 467 6
440 481 19
440 529 13
440 615 9
440 675 8
440 771 12
440 778 12
440 1034 16
440 1056 8
440 1362 13
440 1466 20
440 1691 12
440 1704 4
440 1927 20
441 455 16
441 810 11
441 816 8
441 882 19
441 909 5
441 1157 3
441 1208 9
441 1309 6
441 1558 12
441 1668 6
441 1934 13
442 648 15
442 817 12
442 884 4
442 931 20
442 968 7
442 1321 13
442 1322 7
442 1332 15
442 1345 4
442 1479 6
442 1575 8
442 1589 17
442 1603 10
442 1842 19
442 1871 3
442 1917 19
443 447 11
443 474 9
443 529 7
443 757 2
443 1030 9
443 1061 10
443 1292 18
443 1611 2
443 1917 3
444 561 20
444 771 8
444 1081 14
444 1197 8
444 1260 17
444 1557 5
444 1565 17
444 1630 12
444 1764 3
444 1800 1
444 1950 3
444 1978 11
444 1983 14
445 455 5
445 506 18
445 523 16
445 657 13
445 718 14
445 768 6
445 785 11
445 789 3
445 913 11
445 976 18
445 1025 9
445 1046 1
445 1268 20
445 1270 10
445 1357 10
445 1429 2
445 1489 20
445 1837 10
445 1928 10
445 1929 19
445 1969 11
445 1995 3
446 655 7
446 1029 10
446 1070 15
446 1139 12
446 1185 17
446 1229 5
446 1241 5
446 1265 2
446 1479 10
446 1531 1
446 1643 4
446 1927 4
447 628 18
447 711 15
447 721 13
447 730 12
447 815 16
447 853 16
447 855 13
447 920 10
447 925 17
447 1047 7
447 1201 4
447 1351 14
447 1359 14
447 1392 15
447 1662 12
447 1886 17
447 1893 20
448 593 6
448 817 13
448 832 7
448 835 8
448 1050 14
448 1078 11
448 1154 12
448 1173 12
448 1186 8
448 1255 17
448 1281 4
448 1440 19
448 1893 8
449 724 11
449 909 3
449 984 5
449 1016 10
449 1084 13
449 1116 15
449 1129 18
449 1214 5
449 1290 7
449 1296 11
449 1343 4
449 1493 16
449 1667 9
449 1713 8
449 1714 4
449 1879 15
449 1971 15
450 745 1
450 870 18
450 894 19
450 1007 11
450 1180 10
450 1676 18
450 1847 2
451 642 5
451 841 14
451 866 3
451 889 7
451 919 10
451 921 17
451 1009 17
451 1111 10
451 1236 13
451 1250 16
451 1341 8
451 1567 17
451 1587 16
451 1590 20
451 1755 12
451 1990 9
452 476 15
452 712 19
452 893 13
452 907 8
452 1290 1
452 1358 3
452 1645 14
452 1767 3
452 1781 13
452 1903 18
452 1985 2
453 489 7
453 570 7
453 631 16
453 680 12
453 750 17
453 760 1
453 865 14
453 872 12
453 1116 8
453 1210 10
453 1411 14
453 1414 8
453 1628 13
453 1725 9
453 1726 7
453 1822 2
454 566 10
454 646 2
454 736 5
454 878 13
454 921 6
454 953 12
454 1031 7
454 1102 6
454 1185 10
454 1205 5
454 1249 1
454 1443 12
454 1532 4
454 1553 13
454 1661 6
454 1737 12
454 1830 12
454 1915 20
454 1966 18
455 749 2
455 750 15
455 776 18
455 863 6
455 946 15
455 968 19
455 971 11
455 1061 17
455 1114 8
455 1117 16
455 1177 16
455 1181 12
455 1309 15
455 1498 18
455 1576 2
455 1586 4
455 1625 14
455 1745 16
455 1846 18
455 1921 4
455 1998 9
456 551 13
456 582 6
456 861 10
456 988 13
456 1049 14
456 1093 13
456 1132 11
456 1177 20
456 1252 8
456 1344 8
456 1366 3
456 1492 10
456 1541 8
456 1689 14
456 1896 14
456 1940 17
456 1946 1
457 474 20
457 1145 1
457 1226 9
457 1368 18
457 1594 4
457 1784 19
457 1794 10
457 1819 4
457 1979 3
458 491 12
458 517 16
458 739 2
458 817 16
458 852 9
458 855 18
458 868 15
458 897 20
458 904 19
458 959 9
458 978 15
458 1145 14
458 1333 4
458 1355 5
458 1451 8
458 1540 15
458 1585 8
458 1619 19
458 1692 7
458 1855 5
458 1862 15
458 1869 8
459 563 19
459 760 17
459 785 10
459 1124 20
459 1206 4
459 1217 17
459 1250 11
459 1464 16
459 1511 19
459 1544 11
459 1569 14
459 1647 8
459 1904 9
460 492 3
460 578 11
460 801 12
460 915 8
460 1027 10
460 1186 2
460 1230 19
460 1251 13
460 1496 2
460 1591 7
460 1792 13
460 1921 12
460 1953 17
460 1977 16
461 615 20
461 659 12
461 789 18
461 803 9
461 902 6
461 1011 10
461 1230 13
461 1358 4
461 1370 3
461 1427 1
461 1466 4
461 1541 17
461 1692 6
461 1836 4
461 1991 19
462 499 2
462 610 5
462 653 14
462 790 5
462 981 6
462 1131 14
462 1175 17
462 1182 19
462 1200 1
462 1376 2
462 1382 5
462 1458 4
462 1573 1
462 1590 4
462 1625 2
462 1710 18
462 1800 1
462 1879 3
462 1931 18
463 607 16
463 614 3
463 628 12
463 799 17
463 883 9
463 1354 13
463 1386 17
463 1391 15
463 1428 20
463 1448 8
463 1460 8
463 1748 2
464 636 8
464 651 17
464 693 17
464 768 7
464 788 14
464 829 12
464 890 3
464 1057 6
464 1120 8
464 1136 4
464 1240 3
464 1277 3
464 1360 6
464 1372 20
464 1457 3
464 1519 2
464 1801 12
464 1886 10
464 1937 8
464 1969 20
465 491 17
465 719 11
465 774 13
465 791 1
465 875 13
465 1010 20
465 1130 10
465 1173 7
465 1189 10
465 1210 17
465 1459 20
465 1511 9
465 1614 6
465 1647 20
465 1660 8
465 1742 10
465 1776 9
466 475 19
466 629 16
466 706 5
466 854 1
466 924 17
466 929 18
466 944 14
466 1340 9
466 1386 7
466 1436 10
466 1701 4
467 730 19
467 781 12
467 833 8
467 875 19
467 967 10
467 968 15
467 1126 2
467 1150 8
467 1186 9
467 1197 14
467 1577 20
467 1666 4
467 1786 11
467 1794 6
467 1810 4
467 1927 5
468 842 20
468 851 8
468 854 2
468 981 6
468 1027 16
468 1147 16
468 1150 4
468 1160 18
468 1210 3
468 1223 16
468 1328 2
468 1368 17
468 1446 3
468 1466 10
468 1772 7
468 1830 19
468 1860 2
468 1980 3
469 529 18
469 645 8
469 694 20
469 715 12
469 766 13
469 837 15
469 859 14
469 876 3
469 1167 11
469 1312 7
469 1386 4
469 1478 4
469 1665 3
469 1724 14
469 1764 4
469 1949 12
469 1999 16
470 586 7
470 715 17
470 738 9
470 760 2
470 827 7
470 845 17
470 859 11
470 875 15
470 884 14
470 907 13
470 980 9
470 1007 14
470 1118 5
470 1206 4
470 1222 20
470 1229 2
470 1468 18
470 1579 8
470 1590 7
470 1706 1
470 1827 15
471 680 20
471 883 2
471 966 16
471 985 17
471 1035 16
471 1059 14
471 1317 8
471 1404 16
471 1461 6
471 1625 8
471 1674 1
471 1703 18
471 1967 8
472 749 13
472 815 9
472 921 2
472 1094 15
472 1191 8
472 1302 11
472 1332 9
472 1342 17
472 1408 13
472 1577 6
472 1621 1
472 1763 15
472 1842 13
472 1854 15
472 1933 13
472 1952 6
473 531 19
473 536 13
473 600 12
473 763 14
473 1081 13
473 1271 11
473 1281 9
473 1302 15
473 1329 2
473 1732 13
473 1960 7
474 528 14
474 665 10
474 729 6
474 1178 2
474 1211 7
474 1260 17
474 1420 19
474 1744 12
474 1771 5
474 1832 6
474 1885 4
475 565 10
475 570 6
475 711 15
475 1007 4
475 1049 16
475 1157 15
475 1279 6
475 1316 9
475 1628 2
475 1643 17
475 1716 18
475 1840 2
475 1883 3
475 1999 15
476 912 10
476 1095 17
476 1301 13
476 1462 19
476 1845 8
477 556 14
477 740 1
477 1151 3
477 1355 13
477 1450 20
477 1469 8
477 1633 1
477 1987 8
478 576 8
478 588 10
478 908 5
478 941 10
478 1039 3
478 1096 3
478 1253 11
478 1417 14
478 1471 11
478 1506 14
478 1532 11
478 1559 20
478 1644 18
478 1701 1
478 1713 2
479 576 1
479 612 5
479 718 14
479 840 12
479 920 3
479 974 2
479 1156 17
479 1166 14
479 1190 20
479 1251 15
479 1329 19
479 1506 7
479 1642 17
479 1662 19
479 1805 14
479 1815 2
479 1832 9
480 569 11
480 576 5
480 676 15
480 1037 10
480 1064 18
480 1106 16
480 1141 12
480 1154 14
480 1278 9
480 1446 10
480 1757 9
480 1780 5
480 1822 13
480 1864 5
481 780 12
481 804 2
481 859 14
481 947 11
481 1063 4
481 1136 12
481 1237 8
481 1390 5
481 1508 1
481 1637 4
481 1656 14
481 1840 15
481 1858 15
481 1941 12
481 1995 5
482 603 2
482 1238 1
482 1304 6
482 1412 2
482 1422 9
482 1444 8
482 1466 11
482 1482 4
482 1615 19
482 1641 14
482 1642 11
482 1696 6
482 1756 12
482 1777 17
482 1809 5
483 518 10
483 808 10
483 874 2
483 876 15
483 1008 19
483 1087 9
483 1371 14
483 1557 7
483 1562 10
483 1594 7
483 1595 3
483 1624 4
483 1700 3
483 1732 9
483 1770 10
483 1859 4
483 1891 12
483 1893 14
483 1902 20
484 518 7
484 553 13
484 669 10
484 831 7
484 948 15
484 1112 9
484 1373 8
484 1430 20
484 1463 2
484 1568 17
484 1738 14
484 1952 20
484 1988 18
485 836 15
485 971 9
485 993 7
485 1003 10
485 1092 12
485 1162 5
485 1241 10
485 1308 19
485 1367 13
485 1532 1
485 1543 8
485 1886 7
486 674 13
486 808 20
486 877 2
486 903 13
486 1262 14
486 1375 3
486 1589 20
487 571 9
487 813 17
487 850 20
487 944 19
487 1172 5
487 1274 1
487 1487 14
487 1498 5
487 1619 20
487 1732 6
487 1820 19
487 1960 8
488 506 19
488 523 16
488 610 14
488 811 18
488 945 13
488 1104 3
488 1217 7
488 1460 8
488 1471 1
488 1506 6
488 1538 13
488 1773 4
488 1994 17
489 581 19
489 594 9
489 781 10
489 788 12
489 962 10
489 965 4
489 1014 9
489 1092 12
489 1136 3
489 1261 1
489 1318 12
489 1421 4
489 1424 14
489 1491 20
489 1624 6
489 1724 11
489 1727 18
489 1745 20
489 1851 18
489 1959 11
490 530 18
490 764 11
490 849 17
490 1217 1
490 1344 9
490 1430 4
490 1576 1
490 1593 18
490 1599 7
490 1689 12
490 1718 15
490 1732 7
490 1935 2
491 523 12
491 532 3
491 638 12
491 645 16
491 649 11
491 890 12
491 1022 6
491 1191 5
491 1213 11
491 1308 19
491 1401 5
491 1503 12
491 1529 1
491 1645 5
491 1661 5
491 1666 15
491 1878 5
492 532 12
492 616 10
492 767 13
492 807 4
492 947 11
492 1014 17
492 1134 7
492 1187 12
492 1607 1
492 1632 18
492 1691 2
492 1825 13
492 1982 17
493 577 8
493 694 1
493 895 19
493 1003 9
493 1102 13
493 1221 12
493 1228 18
493 1231 12
493 1472 11
493 1526 16
493 1564 10
493 1575 3
493 1642 19
493 1643 20
493 1723 3
493 1745 4
493 1841 7
493 1888 10
493 1929 4
494 577 10
494 622 16
494 740 10
494 798 13
494 853 10
494 881 14
494 1080 6
494 1185 3
494 1326 7
494 1494 7
494 1553 17
494 1625 6
494 1782 2
494 1794 18
494 1862 16
494 1896 20
495 904 5
495 972 3
495 1016 12
495 1323 16
495 1399 15
495 1435 8
495 1586 18
495 1612 11
495 1666 11
495 1926 18
495 1964 10
495 1979 6
496 621 5
496 789 14
496 883 16
496 932 9
496 1148 13
496 1441 19
496 1681 10
496 1736 15
496 1777 7
497 677 10
497 786 7
497 1315 18
497 1367 6
497 1524 8
497 1565 10
497 1611 11
497 1616 3
497 1633 9
497 1640 16
497 1732 12
497 1859 14
497 1895 17
497 1927 13
498 515 4
498 531 2
498 556 5
498 864 18
498 929 8
498 946 19
498 979 11
498 1142 5
498 1203 19
498 1265 8
498 1305 4
498 1370 1
498 1374 3
498 1383 12
498 1467 3
498 1500 9
498 1578 8
498 1605 11
498 1729 13
498 1782 13
498 1836 6
498 1867 20
498 1946 13
499 516 20
499 537 14
499 624 19
499 736 19
499 905 5
499 1023 5
499 1070 7
499 1123 4
499 1250 18
499 1462 7
499 1809 15
499 1895 8
499 1920 8
500 653 4
500 973 10
500 1037 17
500 1059 14
500 1070 20
500 1253 6
500 1282 11
500 1344 13
500 1451 18
500 1601 17
500 1602 9
500 1798 10
501 508 17
501 514 20
501 611 1
501 717 17
501 926 1
501 1044 7
501 1118 12
501 1169 2
501 1185 17
501 1284 13
501 1315 6
501 1467 7
501 1470 6
501 1538 10
501 1681 17
501 1869 20
501 1945 18
501 1988 3
501 1991 3
502 535 7
502 541 7
502 665 16
502 891 16
502 969 19
502 1079 13
502 1197 14
502 1295 12
502 1319 20
502 1334 1
502 1379 19
502 1476 13
502 1666 1
502 1848 10
502 1883 12
502 1999 8
503 522 16
503 549 2
503 741 2
503 760 17
503 784 7
503 1006 15
503 1101 18
503 1199 14
503 1366 20
503 1410 17
503 1502 9
503 1581 17
503 1788 16
503 1856 10
503 1897 10
503 1979 13
504 530 19
504 612 18
504 651 17
504 652 9
504 701 6
504 891 17
504 925 1
504 953 5
504 1061 18
504 1094 5
504 1139 12
504 1195 1
504 1309 6
504 1380 10
504 1403 9
504 1469 17
504 1503 6
504 1511 2
504 1595 20
504 1608 17
504 1805 6
504 1933 6
504 1946 2
505 545 17
505 643 15
505 677 7
505 756 3
505 774 16
505 807 4
505 892 6
505 920 13
505 933 4
505 1004 17
505 1173 8
505 1317 7
505 1465 8
505 1615 13
505 1694 17
505 1801 9
505 1970 2
506 606 2
506 643 9
506 1058 19
506 1075 10
506 1120 17
506 1151 1
506 1263 16
506 1457 20
506 1462 12
506 1674 2
506 1732 14
506 1943 14
506 1974 17
507 578 15
507 586 2
507 710 20
507 714 10
507 830 5
507 1123 20
507 1151 8
507 1261 2
507 1296 18
507 1317 4
507 1352 11
507 1577 18
507 1663 15
507 1734 5
507 1770 4
507 1793 17
507 1873 20
507 1959 19
508 613 19
508 809 10
508 1171 20
508 1224 18
508 1421 8
508 1533 18
508 1687 7
508 1753 5
508 1775 20
508 1784 7
508 1873 6
508 1894 14
509 515 1
509 711 6
509 731 4
509 790 8
509 1009 4
509 1040 14
509 1134 15
509 1138 9
509 1403 3
509 1470 12
509 1519 18
509 1545 4
509 1597 4
509 1911 18
509 1935 6
509 1982 12
509 1991 12
510 519 11
510 521 2
510 828 6
510 937 6
510 1184 1
510 1192 6
510 1344 11
510 1453 4
510 1488 2
510 1492 2
510 1638 17
510 1672 12
510 1690 13
510 1725 9
510 1730 3
510 1752 11
510 1823 4
510 1912 19
511 627 10
511 978 19
511 1066 4
511 1125 14
511 1321 19
511 1494 14
511 1508 2
511 1675 8
511 1700 12
511 1842 19
512 636 20
512 957 11
512 966 4
512 1031 15
512 1057 8
512 1075 18
512 1082 19
512 1541 20
512 1552 13
512 1827 19
512 1829 2
512 1838 9
512 1935 5
512 1973 12
513 514 18
513 584 12
513 717 12
513 728 17
513 736 12
513 862 17
513 998 5
513 1023 18
513 1033 15
513 1116 5
513 1175 14
513 1180 12
513 1194 14
513 1274 6
513 1668 13
513 1688 16
513 1934 14
514 524 4
514 535 9
514 590 14
514 704 2
514 760 5
514 782 4
514 833 14
514 862 10
514 900 2
514 980 10
514 1003 11
514 1181 3
514 1469 7
514 1535 14
514 1605 3
514 1714 4
514 1729 5
514 1745 17
514 1835 1
514 1847 1
514 1965 19
515 663 19
515 1029 16
515 1246 7
515 1826 3
515 1848 11
515 1875 7
516 679 6
516 724 13
516 878 10
516 889 14
516 1076 10
516 1136 17
516 1333 1
516 1398 7
516 1439 2
516 1502 12
516 1506 1
516 1524 12
516 1534 15
516 1816 13
516 1836 1
516 1894 9
516 1909 8
516 1918 9
517 564 18
517 621 1
517 732 11
517 742 4
517 814 7
517 817 6
517 1151 3
517 1154 6
517 1178 16
517 1440 5
517 1494 19
517 1519 19
517 1559 12
517 1714 2
517 1771 14
517 1829 18
517 1835 8
517 1916 4
517 1954 5
517 1966 9
518 533 9
518 580 10
518 812 16
518 919 3
518 975 1
518 1050 2
518 1102 3
518 1164 6
518 1282 8
518 1302 12
518 1355 12
518 1417 5
518 1426 9
518 1463 7
518 1668 17
518 1771 2
518 1810 9
518 1822 13
518 1829 11
518 1843 20
518 1898 12
518 1951 13
519 548 4
519 670 14
519 757 4
519 788 17
519 789 1
519 818 12
519 918 15
519 945 13
519 947 19
519 982 6
519 1227 17
519 1262 13
519 1294 7
519 1312 2
519 1356 18
519 1411 19
519 1460 14
519 1471 6
519 1627 12
519 1671 16
519 1745 17
519 1871 14
519 1923 18
520 544 7
520 584 5
520 621 13
520 804 4
520 929 20
520 1026 20
520 1046 11
520 1193 4
520 1202 10
520 1204 4
520 1331 18
520 1700 11
520 1784 16
520 1849 4
520 1925 13
520 1930 11
520 1985 15
520 1991 20
521 538 13
521 580 1
521 606 2
521 706 2
521 862 5
521 1033 8
521 1064 10
521 1161 9
521 1193 15
521 1420 20
521 1440 3
521 1703 16
521 1923 6
521 1958 20
521 1996 1
522 716 8
522 784 10
522 1122 1
522 1148 13
522 1286 8
522 1345 14
522 1356 13
522 1382 8
522 1414 20
522 1814 3
523 844 17
523 859 11
523 1087 14
523 1097 11
523 1384 16
523 1401 5
523 1416 14
523 1439 17
523 1474 1
523 1477 5
523 1511 10
523 1556 10
523 1568 15
523 1635 9
523 1767 12
523 1844 16
524 919 17
524 1045 19
524 1109 18
524 1392 14
524 1446 12
524 1476 19
524 1535 17
524 1628 4
524 1741 18
524 1843 20
525 528 13
525 672 18
525 712 20
525 740 18
525 788 7
525 848 19
525 1074 9
525 1117 6
525 1300 16
525 1319 19
525 1646 17
525 1713 2
525 1732 20
525 1794 10
525 1879 12
525 1883 1
525 1932 11
526 658 8
526 707 2
526 853 14
526 977 3
526 1009 7
526 1045 11
526 1057 8
526 1227 4
526 1237 13
526 1322 20
526 1412 11
526 1416 13
526 1428 13
526 1449 12
526 1458 10
526 1660 7
526 1670 13
527 534 14
527 703 6
527 704 6
527 710 15
527 790 13
527 899 1
527 940 18
527 1123 8
527 1144 19
527 1241 3
527 1359 11
527 1360 14
527 1437 17
527 1530 17
527 1670 12
527 1677 17
527 1729 2
528 562 20
528 592 7
528 707 18
528 783 19
528 1116 2
528 1220 9
528 1266 1
528 1402 20
528 1418 17
528 1445 2
528 1447 10
528 1614 18
528 1759 10
528 1788 11
528 1802 6
528 1807 7
528 1860 20
528 1871 18
528 1913 20
528 1975 10
529 560 5
529 663 5
529 690 20
529 692 16
529 733 1
529 790 15
529 996 3
529 1050 17
529 1073 14
529 1083 19
529 1288 9
529 1393 3
529 1398 12
529 1559 4
529 1692 19
529 1882 13
529 1973 14
530 583 3
530 612 2
530 749 7
530 850 17
530 866 3
530 937 17
530 1006 12
530 1014 14
530 1058 2
530 1129 2
530 1355 18
530 1403 20
530 1584 20
530 1637 10
530 1668 12
530 1753 15
530 1796 5
530 1826 12
530 1930 5
531 563 18
531 620 11
531 732 6
531 771 12
531 787 13
531 915 13
531 987 19
531 1186 11
531 1308 20
531 1400 4
531 1480 7
531 1585 14
531 1708 20
531 1721 4
531 1893 7
531 1901 17
531 1965 10
532 549 16
532 700 8
532 801 4
532 895 18
532 913 18
532 933 4
532 1202 8
532 1208 1
532 1229 20
532 1241 14
532 1418 6
532 1424 9
532 1510 7
532 1860 6
532 1946 14
532 1972 2
533 748 3
533 821 12
533 1046 2
533 1161 6
533 1177 20
533 1204 13
533 1206 4
533 1230 7
533 1298 4
533 1364 12
533 1442 15
533 1508 3
533 1516 13
533 1598 7
533 1641 17
533 1794 10
534 789 3
534 828 6
534 983 10
534 1040 2
534 1107 10
534 1148 3
534 1152 13
534 1172 10
534 1425 14
534 1448 15
534 1478 2
534 1497 13
534 1833 4
534 1852 18
534 1867 14
535 689 18
535 715 15
535 898 7
535 1001 9
535 1054 15
535 1189 13
535 1241 8
535 1263 1
535 1486 20
535 1492 5
535 1526 8
535 1653 16
535 1726 15
535 1816 16
535 1833 19
535 1902 5
535 1952 9
535 1985 9
536 577 17
536 623 7
536 634 6
536 648 20
536 707 17
536 993 12
536 1110 18
536 1117 20
536 1142 17
536 1231 16
536 1315 13
536 1369 3
536 1460 12
536 1695 9
536 1826 17
536 1847 7
536 1868 3
536 1997 1
537 708 6
537 833 16
537 897 8
537 1172 2
537 1182 17
537 1222 10
537 1326 1
537 1340 18
537 1501 1
537 1503 11
537 1553 20
537 1714 17
537 1909 1
537 1928 19
538 541 20
538 672 12
538 727 18
538 827 19
538 921 11
538 1079 12
538 1429 4
538 1525 13
538 1639 16
538 1687 1
538 1734 14
538 1796 9
538 1913 14
538 1929 1
538 1938 5
538 1956 13
538 1987 8
539 749 6
539 800 14
539 838 3
539 850 16
539 904 8
539 1159 11
539 1264 16
539 1549 10
539 1585 1
539 1673 12
540 613 10
540 621 3
540 706 20
540 783 15
540 853 18
540 918 3
540 1061 13
540 1133 3
540 1159 7
540 1184 11
540 1297 11
540 1342 16
540 1422 17
540 1503 11
540 1684 7
540 1694 4
540 1782 8
540 1822 2
540 1897 1
540 1955 2
541 603 3
541 702 6
541 813 17
541 889 16
541 918 16
541 1125 6
541 1215 5
541 1227 17
541 1301 20
541 1388 10
541 1601 12
541 1696 6
542 724 20
542 957 11
542 1087 5
542 1128 18
542 1175 9
542 1341 20
542 1481 7
542 1577 8
542 1637 17
542 1746 5
542 1788 4
543 705 5
543 1164 13
543 1179 5
543 1328 3
543 1424 16
543 1542 7
543 1776 11
543 1824 17
544 593 10
544 667 12
544 680 1
544 768 2
544 788 14
544 889 9
544 901 12
544 967 5
544 1076 9
544 1134 14
544 1217 13
544 1243 13
544 1262 16
544 1336 9
544 1403 8
544 1457 9
544 1467 2
544 1488 10
544 1604 5
544 1846 6
544 1971 1
545 600 18
545 604 14
545 654 2
545 678 7
545 710 13
545 756 1
545 793 3
545 1121 14
545 1229 12
545 1272 18
545 1387 8
545 1452 4
545 1650 13
545 1726 7
545 1732 6
545 1746 4
545 1797 1
545 1894 14
545 1955 8
546 806 16
546 826 20
546 968 5
546 1064 10
546 1069 1
546 1088 16
546 1102 3
546 1182 16
546 1270 14
546 1347 7
546 1422 15
546 1485 12
546 1519 19
546 1533 10
546 1539 4
546 1558 8
546 1725 1
547 594 20
547 693 9
547 939 1
547 1131 3
547 1221 6
547 1224 1
547 1252 10
547 1274 11
547 1315 11
547 1685 17
547 1705 18
547 1938 15
548 637 18
548 649 9
548 654 4
548 748 13
548 758 20
548 945 16
548 1106 3
548 1127 8
548 1310 19
548 1350 11
548 1497 2
548 1883 1
548 1925 14
548 1968 7
549 571 8
549 583 3
549 602 7
549 664 6
549 782 12
549 797 7
549 930 7
549 931 6
549 959 10
549 1127 2
549 1137 4
549 1202 13
549 1299 15
549 1398 15
549 1411 10
549 1509 10
549 1565 8
549 1766 18
549 1797 16
549 1803 16
549 1967 10
550 569 16
550 596 2
550 598 17
550 869 19
550 956 19
550 1141 6
550 1171 13
550 1284 5
550 1347 11
550 1361 13
550 1479 17
550 1560 1
550 1575 16
550 1978 7
551 623 19
551 645 4
551 814 9
551 866 11
551 934 15
551 991 16
551 1194 6
551 1231 2
551 1468 3
551 1766 6
551 1826 10
551 1897 2
551 1987 20
552 561 17
552 663 19
552 754 18
552 788 4
552 877 19
552 1082 3
552 1538 9
552 1606 8
552 1654 10
552 1842 2
552 1858 16
553 717 4
553 724 12
553 742 7
553 791 6
553 876 6
553 986 7
553 1000 3
553 1034 9
553 1137 4
553 1358 17
553 1436 13
553 1512 10
553 1564 12
553 1642 1
553 1713 13
553 1754 1
553 1795 13
553 1809 1
553 1871 9
553 1883 2
553 1954 14
553 1991 5
554 577 14
554 647 4
554 976 15
554 1206 20
554 1429 20
554 1456 10
554 1458 1
554 1503 12
554 1771 17
554 1955 16
555 585 1
555 664 18
555 757 6
555 873 7
555 893 7
555 1097 3
555 1394 6
555 1494 2
555 1617 14
555 1747 14
556 589 13
556 692 2
556 1162 5
556 1224 13
556 1260 17
556 1329 7
556 1932 8
556 1944 5
556 1949 8
557 640 3
557 677 8
557 782 8
557 786 8
557 872 16
557 967 13
557 1047 7
557 1081 3
557 1278 7
557 1553 12
557 1634 14
557 1648 1
557 1927 3
557 1979 2
558 777 9
558 914 12
558 988 7
558 1040 10
558 1059 8
558 1084 17
558 1184 17
558 1324 5
558 1328 15
558 1394 17
558 1413 7
558 1476 2
558 1878 15
558 1912 7
558 1977 5
559 591 8
559 675 18
559 1003 11
559 1010 16
559 1188 9
559 1460 16
559 1695 7
559 1697 14
559 1838 18
559 1941 17
560 628 1
560 821 10
560 975 9
560 1017 17
560 1115 19
560 1189 2
560 1342 8
560 1343 19
560 1355 19
560 1504 13
560 1614 5
560 1652 11
560 1756 11
560 1948 20
560 1977 17
561 625 10
561 626 4
561 746 1
561 779 8
561 852 4
561 998 3
561 1202 13
561 1445 19
561 1485 1
561 1496 20
561 1568 15
561 1691 6
561 1986 7
562 592 12
562 626 19
562 857 11
562 931 6
562 1044 13
562 1143 1
562 1152 19
562 1157 11
562 1202 17
562 1358 8
562 1408 8
562 1443 5
562 1493 13
562 1703 17
562 1829 4
563 706 3
563 841 19
563 1144 16
563 1182 6
563 1490 13
563 1498 2
563 1615 4
563 1806 17
563 1836 7
563 1956 13
563 1982 12
564 625 13
564 683 4
564 754 11
564 960 20
564 1018 8
564 1054 10
564 1111 14
564 1396 9
564 1451 5
564 1512 3
564 1555 16
564 1627 5
564 1780 6
565 588 3
565 678 1
565 709 11
565 919 10
565 1069 12
565 1202 19
565 1227 20
565 1460 7
565 1511 8
565 1996 8
566 728 20
566 808 2
566 844 12
566 857 12
566 933 20
566 1194 20
566 1317 5
566 1402 17
566 1406 12
566 1567 12
566 1699 12
566 1721 8
566 1725 5
566 1727 16
566 1926 5
567 970 4
567 1010 5
567 1013 13
567 1104 18
567 1108 16
567 1210 14
567 1230 16
567 1325 16
567 1392 11
567 1443 6
567 1780 5
567 1788 13
567 1790 6
567 1907 20
567 1966 15
567 1969 1
568 623 18
568 631 18
568 747 6
568 791 16
568 860 20
568 912 17
568 1166 12
568 1305 7
568 1403 2
568 1479 18
568 1491 9
568 1557 16
568 1576 2
568 1916 1
568 1956 15
569 610 17
569 697 18
569 702 8
569 795 11
569 997 9
569 1007 1
569 1028 12
569 1029 18
569 1115 10
569 1200 9
569 1322 12
569 1328 4
569 1334 4
569 1435 7
569 1589 2
569 1780 17
569 1798 19
570 743 16
570 827 3
570 988 8
570 1172 2
570 1383 10
570 1416 14
570 1900 1
570 1925 8
571 664 14
571 676 18
571 838 12
571 941 13
571 1112 16
571 1229 5
571 1433 17
571 1687 12
571 1749 19
571 1946 11
572 702 2
572 808 3
572 911 17
572 1000 6
572 1089 19
572 1138 12
572 1230 19
572 1401 8
572 1579 19
572 1622 19
572 1648 11
572 1718 3
572 1865 6
573 584 17
573 653 20
573 689 12
573 699 17
573 725 2
573 802 20
573 983 19
573 1005 4
573 1210 2
573 1307 19
573 1326 20
573 1558 15
573 1640 6
573 1647 13
573 1652 20
573 1690 2
573 1732 14
573 1798 12
573 1855 20
574 644 12
574 806 8
574 910 8
574 959 15
574 1022 17
574 1173 5
574 1250 18
574 1279 2
574 1380 2
574 1442 12
574 1443 14
574 1496 20
574 1525 11
574 1603 15
574 1651 20
574 1943 20
575 603 15
575 720 6
575 805 14
575 824 17
575 836 16
575 869 5
575 1012 9
575 1128 14
575 1156 12
575 1307 8
575 1384 20
575 1430 14
575 1468 7
575 1519 3
575 1569 20
575 1647 17
576 615 20
576 736 9
576 826 9
576 976 17
576 1286 11
576 1374 15
576 1390 16
576 1424 6
576 1513 16
576 1796 6
576 1856 2
576 1911 14
577 630 14
577 644 6
577 691 11
577 806 16
577 993 6
577 1037 4
577 1167 4
577 1532 1
577 1555 2
577 1656 7
577 1701 19
577 1824 6
577 1877 16
577 1953 9
578 600 17
578 601 9
578 612 9
578 874 6
578 1258 1
578 1590 8
578 1847 3
578 1870 20
579 618 6
579 667 16
579 741 20
579 882 5
579 1393 3
579 1537 19
579 1559 4
579 1983 14
579 1988 18
580 676 6
580 928 12
580 976 14
580 1232 7
580 1257 12
580 1358 6
580 1431 9
580 1438 1
580 1439 5
580 1699 4
580 1769 12
580 1978 9
581 610 4
581 678 6
581 777 5
581 821 20
581 847 13
581 985 3
581 1032 16
581 1172 15
581 1296 13
581 1399 2
581 1462 7
581 1708 6
581 1712 8
581 1850 15
581 1936 16
581 1976 2
582 721 9
582 805 1
582 950 11
582 1018 18
582 1043 16
582 1186 16
582 1257 19
582 1336 9
582 1405 9
582 1531 9
582 1701 2
582 1777 10
582 1805 15
582 1870 9
583 820 6
583 831 7
583 915 13
583 1094 6
583 1160 9
583 1185 6
583 1261 17
583 1403 17
583 1577 11
583 1677 17
583 1819 16
583 1827 8
583 1866 7
584 758 15
584 789 20
584 807 10
584 852 13
584 918 14
584 945 4
584 1099 11
584 1201 11
584 1270 7
584 1440 13
584 1677 3
584 1892 18
585 589 13
585 596 18
585 598 16
585 644 19
585 804 6
585 995 6
585 1140 15
585 1361 12
585 1428 13
585 1704 12
585 1719 3
585 1880 13
585 1904 14
585 1931 16
585 1932 2
586 597 7
586 1079 8
586 1166 3
586 1268 15
586 1424 12
586 1511 2
586 1597 6
586 1738 2
586 1867 18
586 1970 13
587 610 13
587 623 10
587 713 6
587 792 3
587 937 17
587 1016 8
587 1121 7
587 1728 3
587 1730 15
588 733 13
588 759 13
588 810 5
588 943 1
588 949 11
588 1001 11
588 1305 17
588 1560 1
588 1578 19
588 1579 2
588 1663 14
588 1677 13
588 1728 8
588 1834 6
588 1876 2
589 816 3
589 876 3
589 990 17
589 1102 1
589 1106 4
589 1252 17
589 1322 17
589 1349 15
589 1572 1
589 1770 4
589 1876 16
589 1926 14
590 599 13
590 673 20
590 768 12
590 806 5
590 1215 1
590 1220 9
590 1361 15
590 1451 7
590 1507 11
590 1548 20
590 1565 18
590 1632 19
590 1634 6
590 1656 11
590 1761 5
591 716 2
591 1099 11
591 1249 9
591 1296 17
591 1649 11
591 1754 6
591 1789 18
591 1832 4
592 603 19
592 684 18
592 961 14
592 1039 9
592 1154 4
592 1349 13
592 1357 6
592 1361 9
592 1375 8
592 1396 7
592 1434 14
592 1486 12
592 1606 5
592 1632 11
592 1899 7
592 1981 14
593 698 7
593 896 13
593 1035 4
593 1297 1
593 1343 1
593 1426 14
593 1447 2
593 1472 2
593 1518 5
593 1658 13
593 1775 14
593 1954 2
593 1962 9
593 1986 20
594 635 16
594 962 18
594 975 16
594 1102 13
594 1335 19
594 1506 9
594 1713 2
594 1978 5
595 747 7
595 763 18
595 838 6
595 954 15
595 1374 16
595 1480 6
595 1623 6
595 1716 19
596 608 14
596 685 20
596 1087 6
596 1140 19
596 1454 6
596 1527 4
596 1535 4
596 1538 11
596 1611 10
596 1689 17
596 1867 14
596 1873 6
597 686 11
597 748 11
597 885 20
597 893 16
597 1124 12
597 1215 3
597 1230 16
597 1255 12
597 1366 1
597 1446 1
597 1557 18
597 1563 19
597 1670 13
597 1750 17
597 1866 12
598 662 2
598 829 9
598 976 13
598 1159 10
598 1246 13
598 1283 12
598 1487 14
598 1804 19
598 1810 3
598 1912 11
598 1950 13
599 662 6
599 807 15
599 826 11
599 846 4
599 889 12
599 936 20
599 1023 11
599 1049 20
599 1064 14
599 1224 12
599 1308 6
599 1340 9
599 1657 8
599 1686 10
599 1884 4
600 623 2
600 785 6
600 848 19
600 854 2
600 937 11
600 975 1
600 1090 11
600 1174 6
600 1253 19
600 1324 18
600 1509 18
600 1630 5
600 1715 5
600 1737 3
600 1904 9
600 1973 10
601 743 9
601 1037 19
601 1224 10
601 1289 7
601 1392 1
601 1487 6
601 1721 7
601 1727 4
601 1877 9
601 1918 18
601 1928 14
602 614 5
602 673 8
602 718 15
602 753 8
602 925 13
602 1058 16
602 1143 3
602 1258 6
602 1299 5
602 1433 1
602 1451 17
602 1471 16
602 1494 1
602 1515 10
602 1530 8
602 1563 12
602 1668 18
602 1972 7
602 1989 17
603 619 6
603 709 7
603 917 10
603 1037 5
603 1071 3
603 1246 16
603 1269 7
603 1616 17
603 1688 13
603 1853 8
603 1957 18
604 836 19
604 926 9
604 967 10
604 993 7
604 1460 19
604 1547 16
604 1601 20
604 1627 20
604 1630 18
604 1753 1
604 1873 9
604 1881 8
605 857 6
605 1049 18
605 1139 11
605 1238 12
605 1348 4
605 1408 17
605 1473 13
605 1660 10
605 1747 19
605 1791 14
605 1965 17
605 1975 8
606 929 1
606 1030 3
606 1060 17
606 1132 13
606 1369 3
606 1413 2
606 1422 7
606 1492 16
606 1495 7
606 1568 9
606 1682 3
606 1917 16
607 756 3
607 1019 18
607 1349 14
607 1422 14
607 1567 10
607 1817 17
607 1824 8
607 1826 16
607 1917 1
607 1927 15
607 1983 12
607 1998 1
608 987 14
608 993 17
608 1061 20
608 1074 7
608 1147 13
608 1155 4
608 1407 1
608 1424 11
608 1629 20
608 1835 11
609 679 9
609 1006 18
609 1069 10
609 1261 15
609 1296 4
609 1660 15
609 1687 11
609 1701 19
609 1717 18
609 1759 6
609 1970 20
609 1980 13
609 1998 15
610 639 17
610 663 10
610 712 12
610 840 17
610 893 1
610 1115 16
610 1310 11
610 1434 14
610 1564 10
610 1627 16
610 1819 8
610 1877 11
611 752 10
611 790 6
611 819 9
611 838 2
611 1081 11
611 1107 11
611 1166 9
611 1298 10
611 1310 12
611 1325 6
611 1363 15
611 1429 14
611 1692 17
611 1760 17
611 1908 12
611 1930 19
612 697 18
612 780 16
612 812 16
612 911 15
612 986 10
612 1049 17
612 1179 3
612 1344 18
612 1416 4
612 1514 6
612 1546 7
612 1674 8
612 1757 15
612 1812 1
612 1843 3
612 1857 10
612 1870 15
612 1989 4
612 1993 5
613 742 14
613 914 5
613 932 7
613 972 9
613 1014 7
613 1047 15
613 1161 3
613 1190 20
613 1234 3
613 1253 19
613 1320 15
613 1338 17
613 1571 7
613 1722 8
614 670 2
614 691 20
614 1203 19
614 1316 17
614 1333 4
614 1341 6
614 1545 15
614 1719 18
614 1756 15
614 1781 5
614 1831 2
615 716 8
615 869 16
615 894 19
615 993 6
615 1000 3
615 1054 7
615 1093 6
615 1131 19
615 1174 6
615 1202 4
615 1255 6
615 1370 1
615 1697 7
615 1740 18
616 754 16
616 809 18
616 816 18
616 901 6
616 917 2
616 1064 19
616 1195 5
616 1317 19
616 1328 4
616 1332 14
616 1421 1
616 1514 16
616 1623 14
616 1719 16
616 1729 6
616 1902 19
616 1947 14
617 746 11
617 845 1
617 862 13
617 1009 18
617 1142 17
617 1249 14
617 1270 4
617 1543 11
617 1578 6
617 1652 12
617 1837 18
617 1932 2
618 792 18
618 798 11
618 812 16
618 874 2
618 1051 9
618 1191 20
618 1226 5
618 1292 11
618 1471 10
618 1531 16
618 1750 16
618 1791 18
618 1814 17
618 1837 5
618 1957 4
619 625 11
619 632 16
619 765 6
619 841 15
619 845 13
619 854 9
619 928 20
619 967 5
619 1028 19
619 1036 2
619 1046 1
619 1125 1
619 1174 14
619 1285 10
619 1368 16
619 1380 2
619 1594 1
619 1639 10
619 1678 11
619 1829 20
619 1895 16
619 1900 11
620 625 7
620 755 17
620 830 18
620 934 6
620 976 15
620 985 6
620 1000 11
620 1091 12
620 1119 3
620 1222 18
620 1415 12
620 1499 19
620 1522 1
620 1804 2
620 1883 6
620 1895 9
620 1996 16
621 689 1
621 838 5
621 863 5
621 1038 19
621 1205 6
621 1270 5
621 1288 13
621 1489 6
621 1550 13
621 1591 18
621 1682 4
621 1786 11
621 1875 6
621 1951 19
622 982 13
622 1013 6
622 1118 6
622 1442 12
622 1547 8
622 1778 16
622 1863 3
623 629 20
623 677 16
623 705 14
623 933 19
623 970 11
623 1508 18
623 1745 20
623 1885 4
623 1944 4
624 837 17
624 946 20
624 974 16
624 979 3
624 1159 10
624 1527 9
624 1762 14
625 723 18
625 808 2
625 928 19
625 935 10
625 969 4
625 1078 7
625 1158 2
625 1218 10
625 1229 18
625 1297 14
625 1473 10
625 1529 7
625 1546 20
625 1582 6
625 1641 20
625 1722 20
625 1756 15
625 1766 1
625 1771 11
626 664 2
626 819 17
626 1016 13
626 1150 2
626 1304 16
626 1330 17
626 1435 6
626 1506 11
626 1519 18
626 1567 7
626 1641 7
626 1902 11
626 1903 14
627 793 8
627 1070 2
627 1124 3
627 1513 11
627 1688 14
627 1706 12
627 1793 11
627 1890 15
627 1949 1
628 640 16
628 894 18
628 907 19
628 1028 2
628 1042 11
628 1076 18
628 1135 3
628 1141 14
628 1251 5
628 1260 3
628 1302 4
628 1663 14
628 1915 17
628 1980 20
629 741 6
629 789 20
629 1079 5
629 1095 12
629 1142 13
629 1254 6
629 1424 15
629 1429 19
629 1673 20
629 1687 3
629 1824 10
629 1939 19
630 727 7
630 1008 5
630 1074 12
630 1096 3
630 1101 20
630 1112 13
630 1200 15
630 1237 6
630 1424 9
630 1459 2
630 1471 12
630 1525 9
630 1586 7
630 1627 11
630 1806 13
630 1815 17
631 660 15
631 662 10
631 672 17
631 694 11
631 761 18
631 1056 5
631 1110 20
631 1198 6
631 1277 18
631 1294 20
631 1338 11
631 1381 7
631 1468 19
631 1655 2
631 1778 4
631 1988 18
632 662 12
632 854 12
632 918 7
632 923 11
632 926 13
632 1013 17
632 1026 14
632 1173 20
632 1311 11
632 1419 12
632 1432 19
632 1584 2
632 1606 19
632 1774 14
632 1963 7
633 699 2
633 805 19
633 865 17
633 913 7
633 956 12
633 1026 8
633 1087 9
633 1129 5
633 1212 15
633 1312 12
633 1403 6
633 1610 11
633 1660 17
633 1808 2
633 1951 16
633 1978 17
633 1980 13
634 670 10
634 674 7
634 717 15
634 724 10
634 924 16
634 1007 2
634 1048 13
634 1144 13
634 1187 4
634 1592 13
634 1678 2
634 1852 19
634 1929 2
635 641 9
635 653 13
635 733 3
635 789 6
635 921 7
635 988 19
635 1091 11
635 1097 6
635 1258 7
635 1275 11
635 1442 14
635 1544 1
635 1588 8
635 1657 8
635 1857 18
635 1953 14
636 720 3
636 827 12
636 876 1
636 883 12
636 896 18
636 916 1
636 952 19
636 1056 8
636 1065 17
636 1226 11
636 1244 8
636 1249 5
636 1300 3
636 1382 12
636 1390 20
636 1451 16
636 1642 7
636 1694 17
636 1796 1
636 1814 6
636 1828 13
636 1851 10
636 1927 6
637 717 5
637 778 13
637 932 11
637 1028 18
637 1203 19
637 1389 9
637 1401 7
637 1506 2
637 1513 1
637 1531 11
637 1674 20
637 1793 3
637 1967 2
638 687 7
638 743 19
638 753 8
638 827 6
638 948 6
638 1167 10
638 1193 10
638 1263 7
638 1345 12
638 1417 7
638 1440 8
638 1521 10
638 1619 20
638 1756 18
638 1800 9
638 1830 8
638 1855 14
638 1945 4
639 658 13
639 762 19
639 763 20
639 800 16
639 831 5
639 978 7
639 1010 2
639 1060 6
639 1127 15
639 1145 19
639 1264 10
639 1455 8
639 1460 9
639 1606 13
639 1656 11
639 1702 15
639 1791 6
639 1894 15
639 1898 2
639 1986 3
640 657 18
640 668 15
640 711 2
640 718 13
640 761 17
640 842 5
640 854 10
640 1066 13
640 1262 13
640 1544 9
640 1668 12
640 1732 8
640 1930 16
641 679 1
641 758 17
641 812 18
641 824 11
641 895 17
641 997 13
641 1087 16
641 1108 11
641 1192 10
641 1224 16
641 1257 7
641 1650 18
641 1770 17
641 1879 12
641 1918 12
642 778 7
642 950 7
642 1217 14
642 1270 15
642 1275 2
642 1294 16
642 1532 13
642 1590 1
642 1714 1
642 1788 15
642 1852 5
642 1881 16
642 1936 17
642 1958 11
643 697 6
643 1044 5
643 1047 12
643 1104 1
643 1247 17
643 1515 19
643 1704 20
643 1748 18
643 1909 19
643 1923 18
643 1930 18
643 1935 14
643 1962 20
643 1993 12
644 714 3
644 731 10
644 849 6
644 981 18
644 1004 10
644 1110 1
644 1157 1
644 1436 13
644 1657 17
644 1664 2
644 1727 6
644 1784 20
644 1856 18
644 1969 1
645 671 16
645 722 19
645 855 13
645 1207 3
645 1407 18
645 1419 7
645 1457 5
645 1506 11
645 1614 11
645 1763 20
645 1899 10
645 1980 19
645 1991 8
646 697 16
646 734 9
646 1215 7
646 1420 10
646 1423 19
646 1587 6
646 1699 1
646 1736 4
646 1876 7
646 1960 3
647 652 3
647 809 19
647 910 11
647 1078 6
647 1103 4
647 1267 4
647 1295 10
647 1466 7
647 1502 12
647 1507 19
647 1521 14
647 1636 15
647 1639 16
647 1646 4
647 1821 17
647 1885 3
647 1953 5
648 661 3
648 720 5
648 765 8
648 785 14
648 821 17
648 867 4
648 981 3
648 1042 3
648 1432 18
648 1484 11
648 1637 11
648 1783 5
648 1903 10
648 1950 18
649 659 8
649 765 13
649 1063 10
649 1089 12
649 1122 12
649 1209 13
649 1340 3
649 1359 3
649 1587 5
649 1733 6
649 1776 6
649 1795 20
649 1796 14
649 1858 8
649 1866 2
650 693 4
650 710 4
650 884 7
650 1082 2
650 1085 13
650 1321 6
650 1358 10
650 1421 3
650 1425 13
650 1523 14
650 1543 7
650 1568 18
650 1652 1
650 1681 7
650 1781 6
650 1814 10
650 1926 11
651 665 14
651 926 20
651 934 20
651 935 19
651 1003 7
651 1053 18
651 1054 12
651 1064 9
651 1476 12
651 1622 1
651 1735 2
651 1778 15
651 1968 15
651 1970 3
651 1978 20
652 746 12
652 778 6
652 941 13
652 1574 7
652 1786 13
652 1876 15
652 1902 16
653 918 10
653 949 20
653 989 15
653 1199 15
653 1291 1
653 1314 8
653 1414 2
653 1420 17
653 1488 2
653 1506 9
653 1510 4
653 1574 14
653 1575 7
653 1701 16
653 1964 19
654 741 16
654 865 1
654 885 13
654 892 18
654 976 19
654 1155 8
654 1188 8
654 1208 16
654 1354 8
654 1397 7
654 1461 12
654 1628 16
654 1643 11
654 1706 16
654 1739 9
654 1861 3
655 774 5
655 822 9
655 870 15
655 1192 8
655 1197 18
655 1323 17
655 1371 10
655 1389 6
655 1406 16
655 1474 19
655 1480 9
655 1544 17
655 1908 12
656 729 8
656 1083 18
656 1127 11
656 1158 11
656 1162 10
656 1187 4
656 1263 12
656 1309 8
656 1377 14
656 1512 3
656 1575 1
656 1608 13
656 1746 11
657 697 8
657 841 9
657 956 14
657 1018 14
657 1127 4
657 1208 10
657 1369 7
657 1503 5
657 1569 9
657 1596 19
657 1598 19
657 1608 20
657 1655 6
657 1877 15
657 1949 17
657 1983 8
658 721 6
658 842 11
658 1037 8
658 1165 15
658 1239 17
658 1281 13
658 1377 17
658 1427 3
658 1490 19
658 1754 12
658 1782 7
659 719 1
659 859 13
659 913 18
659 927 10
659 1138 15
659 1208 10
659 1264 9
659 1368 13
659 1376 11
659 1386 13
659 1393 14
659 1485 3
659 1504 8
659 1549 16
659 1578 10
659 1641 19
660 793 5
660 828 3
660 864 5
660 936 10
660 956 5
660 992 17
660 1042 6
660 1145 5
660 1174 9
660 1180 2
660 1191 7
660 1312 1
660 1363 8
660 1482 13
660 1605 8
660 1743 17
660 1933 11
660 1940 18
661 732 2
661 845 2
661 1240 10
661 1311 16
661 1564 2
661 1770 12
661 1849 14
661 1880 9
661 1899 17
661 1912 1
661 1918 10
661 1963 14
661 1986 8
662 773 18
662 877 17
662 1012 19
662 1501 20
662 1599 11
662 1622 9
662 1625 10
662 1627 1
662 1738 1
662 1865 14
662 1967 2
663 670 3
663 711 10
663 967 1
663 1150 20
663 1224 6
663 1229 7
663 1256 6
663 1258 12
663 1467 4
663 1482 8
663 1526 3
663 1570 13
663 1615 19
663 1633 17
663 1704 9
663 1742 20
663 1804 14
663 1927 2
664 775 12
664 862 13
664 1019 12
664 1083 4
664 1393 13
664 1417 11
664 1536 6
664 1574 6
664 1627 15
664 1662 20
664 1684 5
664 1747 16
665 701 16
665 728 3
665 730 18
665 749 1
665 780 3
665 929 11
665 1058 20
665 1109 2
665 1157 9
665 1492 20
665 1547 1
665 1709 3
665 1771 17
665 1929 7
665 1931 3
666 674 7
666 935 7
666 1181 14
666 1214 6
666 1311 17
666 1338 12
666 1353 9
666 1479 16
666 1502 5
666 1527 9
666 1608 20
666 1744 15
666 1745 6
666 1888 14
666 1960 2
667 748 15
667 838 18
667 847 15
667 1025 6
667 1066 2
667 1378 10
667 1482 12
667 1568 10
667 1577 8
667 1872 2
667 1917 14
667 1948 20
668 769 13
668 810 13
668 1089 17
668 1130 5
668 1179 12
668 1249 5
668 1476 6
668 1514 5
668 1592 12
668 1622 11
668 1657 20
668 1789 20
669 1014 12
669 1042 14
669 1181 19
669 1393 13
669 1681 8
669 1718 11
669 1736 5
669 1793 7
669 1845 20
670 940 19
670 985 6
670 1205 6
670 1520 11
670 1550 19
670 1568 17
670 1583 9
670 1886 18
670 1903 20
670 1993 13
671 878 11
671 954 6
671 1009 1
671 1058 1
671 1063 1
671 1127 12
671 1145 17
671 1156 16
671 1177 8
671 1209 13
671 1267 4
671 1378 18
671 1465 7
671 1472 4
671 1514 18
671 1631 6
671 1744 19
671 1857 4
672 697 8
672 795 4
672 1103 19
672 1159 16
672 1164 1
672 1327 4
672 1384 11
672 1410 16
672 1511 20
672 1637 6
672 1688 10
672 1832 2
673 710 5
673 994 18
673 1370 11
673 1473 12
673 1603 15
673 1927 3
673 1987 13
674 675 5
674 704 5
674 754 9
674 774 17
674 1099 12
674 1138 13
674 1185 20
674 1186 16
674 1194 11
674 1293 15
674 1381 17
674 1464 6
674 1546 2
674 1758 10
674 1891 4
675 794 11
675 886 7
675 894 7
675 942 17
675 1033 15
675 1167 14
675 1183 12
675 1281 18
675 1288 8
675 1418 16
675 1424 18
675 1547 11
675 1595 3
675 1614 19
675 1749 2
675 1950 20
675 1972 4
676 721 15
676 722 4
676 740 3
676 865 17
676 1028 14
676 1072 15
676 1121 7
676 1204 15
676 1476 19
676 1563 17
676 1576 20
676 1677 20
676 1682 5
676 1746 5
676 1788 20
676 1789 16
677 810 9
677 834 20
677 887 4
677 912 7
677 1075 6
677 1203 15
677 1331 6
677 1407 13
677 1451 19
677 1610 20
677 1651 7
677 1799 19
677 1827 9
677 1869 2
677 1996 13
678 680 18
678 746 6
678 771 16
678 850 9
678 1030 11
678 1080 15
678 1101 2
678 1351 13
678 1457 15
678 1532 19
678 1600 19
678 1662 14
678 1763 10
678 1776 17
678 1853 14
678 1879 4
678 1914 5
678 1918 9
678 1997 16
679 681 12
679 820 12
679 880 19
679 1178 8
679 1179 18
679 1206 3
679 1402 3
679 1441 20
679 1518 14
679 1649 9
679 1790 7
679 1883 1
680 794 10
680 804 11
680 837 5
680 903 4
680 935 17
680 992 3
680 1060 2
680 1196 3
680 1302 9
680 1310 9
680 1311 5
680 1525 12
680 1897 1
681 963 8
681 1023 17
681 1388 10
681 1447 9
681 1500 19
681 1637 16
681 1937 12
681 1956 18
682 685 18
682 795 5
682 1019 5
682 1049 10
682 1355 11
682 1496 13
682 1759 7
682 1762 5
682 1820 18
682 1926 7
682 1955 10
683 708 4
683 813 5
683 872 19
683 955 2
683 1041 15
683 1045 13
683 1150 9
683 1278 2
683 1317 1
683 1406 17
683 1418 9
683 1528 12
683 1796 2
683 1852 19
684 773 1
684 922 4
684 1046 18
684 1056 12
684 1062 11
684 1092 10
684 1175 17
684 1299 3
684 1589 20
684 1614 2
684 1665 12
684 1805 7
684 1816 5
684 1836 9
684 1914 15
685 710 10
685 744 17
685 980 20
685 1099 5
685 1186 17
685 1199 4
685 1226 6
685 1235 3
685 1410 18
685 1569 7
685 1653 6
685 1656 12
685 1712 8
685 1952 9
685 1966 5
686 692 8
686 853 6
686 1114 5
686 1383 12
686 1446 12
686 1483 4
686 1570 2
686 1686 2
686 1691 13
686 1695 16
686 1702 8
686 1745 7
687 938 11
687 1009 17
687 1266 15
687 1344 12
687 1433 9
687 1475 19
687 1484 3
687 1752 13
687 1755 19
687 1821 2
687 1885 6
688 727 14
688 881 7
688 892 9
688 1065 7
688 1084 1
688 1120 18
688 1131 1
688 1320 18
688 1363 5
688 1365 6
688 1416 2
688 1509 2
688 1518 16
688 1564 14
689 766 1
689 1182 1
689 1339 7
689 1469 9
689 1574 11
689 1696 1
689 1894 1
690 747 11
690 770 17
690 803 11
690 818 19
690 861 20
690 1144 17
690 1174 13
690 1178 1
690 1183 19
690 1254 1
690 1283 13
690 1350 8
690 1401 5
690 1433 19
690 1508 12
690 1582 13
690 1597 10
690 1634 20
690 1639 2
690 1766 19
690 1779 2
690 1951 10
691 1315 15
691 1357 20
691 1404 7
691 1552 11
691 1590 11
692 697 11
692 930 19
692 1076 5
692 1184 17
692 1332 16
692 1370 11
692 1407 4
692 1556 5
692 1715 20
692 1760 15
692 1957 7
693 734 11
693 813 4
693 816 11
693 878 19
693 924 1
693 934 5
693 1129 9
693 1410 11
693 1644 6
693 1779 7
693 1783 8
693 1872 10
693 1910 3
693 1948 6
693 1969 20
694 959 20
694 984 3
694 1099 18
694 1200 13
694 1218 2
694 1234 7
694 1431 20
694 1578 15
694 1595 3
694 1634 14
694 1648 11
694 1708 8
694 1829 5
694 1849 1
694 1894 12
694 1989 6
695 725 7
695 754 11
695 780 14
695 957 19
695 968 11
695 1176 18
695 1179 19
695 1180 19
695 1268 15
695 1372 13
695 1392 10
695 1470 16
695 1558 2
695 1568 17
695 1600 12
695 1601 18
695 1703 5
695 1710 12
695 1722 16
695 1832 12
695 1988 2
696 750 11
696 793 14
696 896 16
696 933 12
696 989 10
696 1324 2
696 1364 4
696 1510 17
696 1666 12
696 1700 16
696 1722 4
696 1730 11
696 1782 8
696 1801 4
696 1841 11
696 1920 19
697 955 19
697 974 2
697 1009 3
697 1048 3
697 1049 1
697 1085 6
697 1127 5
697 1156 4
697 1267 13
697 1423 12
697 1447 7
697 1492 18
697 1590 18
697 1639 3
697 1678 6
697 1801 18
697 1891 13
697 1980 2
698 827 10
698 1038 18
698 1143 17
698 1262 17
698 1269 1
698 1392 8
698 1447 10
698 1515 18
698 1582 15
698 1680 1
698 1729 7
698 1831 8
699 750 7
699 1087 3
699 1152 9
699 1163 5
699 1265 13
699 1346 19
699 1354 16
699 1482 4
699 1566 9
699 1797 9
699 1946 2
700 746 9
700 823 5
700 1135 14
700 1314 9
700 1360 20
700 1430 2
700 1526 11
700 1737 17
700 1994 6
701 878 12
701 949 16
701 1003 14
701 1011 10
701 1020 6
701 1045 10
701 1074 13
701 1132 10
701 1149 5
701 1188 7
701 1371 2
701 1527 5
701 1611 5
701 1633 14
701 1729 6
701 1871 3
701 1893 2
701 1901 20
702 772 14
702 983 2
702 1031 1
702 1092 14
702 1166 7
702 1335 16
702 1385 18
702 1462 13
703 956 9
703 970 13
703 985 7
703 1263 8
703 1292 8
703 1315 8
703 1358 5
703 1645 9
703 1707 19
703 1765 1
703 1851 14
704 774 4
704 806 11
704 869 11
704 881 14
704 981 5
704 985 20
704 1186 10
704 1231 11
704 1323 2
704 1506 13
704 1592 17
704 1641 17
704 1678 14
704 1687 9
704 1777 9
704 1990 3
705 711 5
705 766 2
705 797 10
705 943 15
705 993 3
705 1097 8
705 1145 5
705 1167 2
705 1195 18
705 1276 11
705 1291 19
705 1575 15
705 1725 8
705 1881 3
705 1973 15
706 793 13
706 859 18
706 876 2
706 1006 14
706 1008 9
706 1086 15
706 1162 11
706 1250 3
706 1349 2
706 1543 19
706 1565 1
706 1590 19
706 1720 2
706 1734 1
706 1745 14
706 1777 19
706 1791 6
706 1941 11
706 1943 8
707 1036 12
707 1147 12
707 1172 13
707 1205 13
707 1256 8
707 1260 13
707 1313 10
707 1419 19
707 1434 9
707 1641 6
707 1767 8
707 1805 17
707 1888 13
707 1900 6
708 973 12
708 1077 14
708 1234 2
708 1292 19
708 1322 7
708 1336 17
708 1361 2
708 1463 15
708 1518 10
708 1703 17
708 1798 6
708 1836 1
708 1892 8
708 1935 20
709 1161 20
709 1405 19
709 1407 17
709 1869 7
709 1950 3
709 1971 4
710 761 5
710 883 11
710 973 20
710 985 14
710 1003 9
710 1170 7
710 1279 15
710 1454 17
710 1538 10
710 1617 9
710 1709 16
710 1779 5
710 1911 13
710 1926 20
711 716 7
711 887 6
711 943 15
711 983 13
711 1282 15
711 1356 6
711 1377 5
711 1602 11
711 1694 15
711 1780 3
711 1828 14
711 1865 17
712 734 19
712 831 4
712 847 13
712 861 14
712 913 6
712 1028 6
712 1079 9
712 1165 14
712 1172 14
712 1257 20
712 1407 10
712 1443 20
712 1452 14
712 1660 1
712 1928 12
713 714 4
713 943 13
713 1126 16
713 1137 16
713 1481 7
713 1535 2
713 1544 3
713 1553 11
713 1595 2
713 1610 2
713 1637 6
713 1880 14
714 715 3
714 728 5
714 897 10
714 1047 2
714 1158 17
714 1296 20
714 1400 3
714 1486 7
714 1719 2
715 756 6
715 805 1
715 895 17
715 914 7
715 922 1
715 942 6
715 1205 6
715 1317 14
715 1400 9
715 1525 14
715 1550 15
715 1627 5
715 1687 3
715 1788 7
715 1849 11
715 1868 14
715 1876 12
715 1914 1
716 808 8
716 976 13
716 1088 19
716 1112 20
716 1176 9
716 1356 15
716 1505 7
716 1591 7
716 1643 7
716 1747 4
716 1834 12
716 1887 14
716 1922 3
717 773 4
717 819 15
717 865 18
717 874 8
717 884 15
717 910 15
717 937 8
717 1127 8
717 1151 7
717 1436 20
717 1621 13
717 1688 8
717 1694 5
717 1979 1
718 748 9
718 813 8
718 822 7
718 827 6
718 952 5
718 977 14
718 1219 2
718 1234 10
718 1290 9
718 1334 11
718 1515 2
718 1541 20
718 1583 12
718 1805 20
718 1862 4
718 1888 17
718 1935 1
719 757 3
719 867 3
719 886 8
719 969 10
719 1047 15
719 1062 3
719 1295 6
719 1312 14
719 1370 16
719 1417 15
719 1464 4
719 1511 13
719 1671 8
719 1706 14
719 1774 6
719 1911 3
720 727 11
720 834 7
720 923 1
720 1087 1
720 1162 16
720 1206 16
720 1233 14
720 1236 8
720 1410 10
720 1428 19
720 1650 14
720 1713 11
720 1878 3
720 1952 12
721 747 1
721 754 5
721 836 19
721 1094 15
721 1243 9
721 1244 13
721 1473 11
721 1525 10
721 1550 5
721 1579 17
721 1585 7
721 1612 15
721 1614 13
721 1737 11
721 1924 12
722 946 6
722 1037 5
722 1199 13
722 1289 4
722 1310 10
722 1479 14
722 1536 7
722 1612 10
722 1637 8
722 1703 11
722 1825 1
722 1982 13
723 969 9
723 1080 3
723 1085 18
723 1113 16
723 1263 14
723 1265 13
723 1495 5
723 1512 20
723 1539 1
723 1541 13
723 1638 8
723 1813 9
723 1980 3
724 737 11
724 754 18
724 1013 10
724 1018 20
724 1191 5
724 1466 20
724 1956 1
725 768 18
725 800 16
725 843 16
725 1227 2
725 1445 12
725 1497 8
725 1575 8
725 1581 7
725 1745 5
725 1782 16
725 1789 4
725 1950 20
726 823 8
726 930 12
726 977 9
726 980 8
726 988 2
726 1317 3
726 1368 16
726 1386 3
726 1662 4
726 1672 18
726 1731 15
726 1745 9
726 1764 10
726 1776 3
726 1850 9
726 1857 8
727 1315 7
727 1372 4
727 1416 13
727 1456 12
727 1710 12
727 1720 19
727 1869 7
727 1881 19
727 1886 9
727 1921 11
727 1927 15
727 1961 1
727 1964 2
727 1986 11
728 1015 20
728 1072 13
728 1099 11
728 1101 3
728 1130 12
728 1434 15
728 1446 17
728 1563 16
728 1568 6
728 1641 20
728 1646 18
728 1651 20
728 1694 7
728 1751 17
728 1768 18
728 1880 7
728 1933 3
729 824 14
729 925 5
729 1191 1
729 1241 20
729 1262 16
729 1420 11
729 1424 18
729 1446 3
729 1626 8
730 875 12
730 922 13
730 1048 12
730 1075 14
730 1163 8
730 1187 13
730 1191 11
730 1236 19
730 1365 15
730 1509 6
730 1589 18
730 1626 8
730 1646 3
730 1694 12
730 1733 12
731 746 18
731 772 1
731 947 13
731 961 8
731 1020 8
731 1033 20
731 1051 1
731 1235 17
731 1325 15
731 1440 1
731 1448 6
731 1493 13
731 1507 15
731 1526 18
731 1586 13
731 1659 16
731 1955 13
732 770 6
732 775 11
732 919 6
732 1044 12
732 1106 9
732 1386 9
732 1396 6
732 1787 6
733 756 1
733 783 13
733 892 3
733 907 18
733 1094 16
733 1272 20
733 1315 12
733 1327 15
733 1599 19
733 1611 17
733 1615 13
733 1634 13
733 1646 9
733 1769 5
733 1871 17
734 935 6
734 1018 1
734 1106 8
734 1208 19
734 1288 13
734 1382 2
734 1557 6
734 1654 14
734 1737 11
734 1842 16
734 1941 13
735 765 19
735 998 3
735 1010 6
735 1222 18
735 1272 6
735 1559 10
735 1575 12
735 1876 13
736 810 4
736 968 8
736 1034 12
736 1177 7
736 1184 16
736 1187 20
736 1330 20
736 1332 3
736 1338 6
736 1513 7
736 1568 12
736 1621 6
736 1765 9
736 1957 16
737 851 1
737 970 3
737 1345 19
737 1374 17
737 1505 12
737 1832 15
737 1949 9
737 1984 10
738 981 10
738 1005 1
738 1247 9
738 1283 1
738 1455 15
738 1563 18
738 1706 8
738 1756 6
738 1821 16
738 1885 16
739 983 2
739 1016 17
739 1312 6
739 1439 16
739 1465 11
739 1783 4
739 1849 20
739 1921 12
739 1970 11
740 743 1
740 846 2
740 929 9
740 1113 6
740 1206 14
740 1230 14
740 1293 16
740 1586 14
740 1663 9
740 1668 2
740 1709 8
740 1774 17
740 1791 12
740 1919 1
740 1935 8
740 1952 15
741 804 13
741 840 6
741 934 14
741 1088 3
741 1104 9
741 1169 2
741 1262 15
741 1300 14
741 1301 8
741 1488 5
741 1578 9
741 1751 6
741 1878 17
741 1981 8
741 1998 6
742 889 10
742 951 17
742 1099 7
742 1169 2
742 1310 14
742 1315 11
742 1525 3
742 1632 18
742 1734 8
742 1795 11
743 764 13
743 986 10
743 1234 5
743 1326 20
743 1584 7
743 1790 18
743 1860 20
743 1914 15
744 919 14
744 1058 10
744 1166 11
744 1380 15
744 1810 14
745 848 9
745 932 7
745 981 2
745 1122 11
745 1239 6
745 1265 11
745 1322 7
745 1330 8
745 1395 13
745 1412 16
745 1610 3
745 1757 10
745 1774 20
745 1900 8
746 975 10
746 1035 13
746 1419 1
746 1633 11
746 1649 16
746 1681 19
746 1699 12
746 1846 9
747 885 10
747 1309 16
747 1381 2
747 1520 7
747 1545 17
747 1551 15
747 1637 14
747 1658 3
747 1672 11
747 1808 14
747 1825 13
748 883 17
748 891 18
748 928 8
748 1078 4
748 1203 15
748 1235 5
748 1385 13
748 1553 19
748 1879 4
748 1981 16
749 824 11
749 893 15
749 1021 16
749 1260 10
749 1310 4
749 1574 15
749 1616 6
749 1724 11
749 1776 14
749 1839 15
749 1973 6
750 763 8
750 768 14
750 842 18
750 848 17
750 894 11
750 905 2
750 1114 15
750 1196 2
750 1303 14
750 1382 3
750 1515 15
750 1645 6
750 1691 12
750 1745 16
750 1749 3
750 1938 10
751 828 11
751 1003 6
751 1024 6
751 1061 5
751 1241 11
751 1290 1
751 1311 16
751 1398 7
751 1435 18
751 1440 18
751 1571 2
751 1599 12
751 1817 9
751 1859 18
752 1034 6
752 1043 14
752 1249 8
752 1308 18
752 1355 18
752 1418 16
752 1657 8
752 1670 11
752 1760 12
752 1768 18
752 1772 14
752 1829 11
752 1870 1
753 812 7
753 877 8
753 927 15
753 1031 8
753 1146 16
753 1151 16
753 1359 3
753 1731 13
753 1805 15
753 1944 14
753 1961 2
754 879 18
754 1022 3
754 1101 17
754 1180 10
754 1241 17
754 1483 19
754 1487 3
754 1583 7
754 1595 1
754 1742 16
754 1747 7
754 1921 18
754 1971 18
755 911 17
755 948 10
755 1056 4
755 1153 17
755 1375 8
755 1589 1
755 1649 4
755 1761 19
755 1767 18
755 1830 2
755 1958 4
755 1968 20
756 868 12
756 995 14
756 1081 3
756 1159 5
756 1206 17
756 1281 3
756 1299 14
756 1478 6
756 1599 5
756 1709 15
756 1789 2
756 1838 14
757 818 6
757 926 12
757 938 5
757 985 17
757 1026 8
757 1032 7
757 1197 11
757 1303 4
757 1368 20
757 1504 5
757 1592 12
757 1654 14
757 1947 19
757 1969 4
758 822 8
758 996 13
758 1089 10
758 1437 8
758 1524 13
758 1628 2
758 1905 12
758 1951 14
759 812 20
759 953 5
759 1042 17
759 1081 9
759 1191 20
759 1215 8
759 1256 17
759 1298 20
759 1355 15
759 1406 3
759 1467 17
759 1492 9
759 1714 19
760 783 4
760 819 16
760 852 4
760 1069 20
760 1159 17
760 1349 17
760 1403 6
760 1454 9
760 1455 5
760 1584 8
760 1738 16
760 1865 2
761 817 7
761 824 9
761 885 7
761 920 16
761 959 6
761 976 18
761 1004 7
761 1038 17
761 1069 2
761 1082 20
761 1148 18
761 1268 7
761 1318 20
761 1431 11
761 1447 2
761 1483 6
761 1498 4
761 1529 3
761 1765 1
761 1776 14
761 1791 15
761 1804 9
761 1813 11
761 1897 7
762 772 9
762 886 11
762 925 5
762 1105 14
762 1113 5
762 1366 8
762 1405 19
762 1526 5
762 1596 13
762 1604 4
762 1849 3
763 952 12
763 1031 13
763 1169 4
763 1195 20
763 1237 6
763 1255 13
763 1301 1
763 1374 1
763 1439 5
763 1540 8
763 1546 18
763 1634 9
763 1723 13
763 1880 5
763 1890 14
764 1018 13
764 1146 20
764 1356 5
764 1360 12
764 1395 20
764 1614 18
764 1697 5
764 1735 8
764 1775 3
764 1963 3
764 1978 8
764 1996 17
764 1998 17
765 858 12
765 935 15
765 1033 13
765 1178 6
765 1285 6
765 1291 4
765 1319 20
765 1329 7
765 1390 3
765 1435 20
765 1455 10
765 1722 11
765 1731 4
765 1826 14
765 1836 1
766 802 18
766 1143 12
766 1199 4
766 1341 4
766 1357 8
766 1494 3
766 1702 7
766 1769 7
766 1809 15
766 1940 12
767 926 13
767 988 3
767 1034 3
767 1083 11
767 1273 14
767 1366 12
767 1371 10
767 1555 9
767 1593 16
767 1734 1
767 1951 4
768 848 5
768 875 14
768 986 20
768 997 11
768 1047 16
768 1058 15
768 1108 7
768 1193 16
768 1207 12
768 1256 8
768 1294 16
768 1298 12
768 1311 18
768 1422 5
768 1442 8
768 1544 13
768 1709 4
768 1820 15
768 1867 20
769 816 2
769 837 19
769 1162 5
769 1174 20
769 1330 16
769 1411 13
769 1415 17
769 1706 6
769 1717 19
769 1822 16
769 1862 20
769 1923 11
769 1999 12
770 936 10
770 974 13
770 988 4
770 1090 10
770 1177 2
770 1332 13
770 1494 6
770 1507 19
770 1538 1
770 1564 7
770 1579 14
770 1644 7
770 1767 19
770 1813 20
770 1920 5
771 882 16
771 946 12
771 1041 4
771 1156 8
771 1159 7
771 1203 19
771 1661 6
771 1748 17
771 1848 2
772 920 6
772 928 15
772 1071 14
772 1239 11
772 1385 14
772 1470 9
772 1511 16
772 1746 15
772 1856 13
772 1916 19
772 1931 6
772 1938 11
772 1980 14
773 922 1
773 978 20
773 1082 19
773 1195 14
773 1214 2
773 1222 13
773 1330 20
773 1439 4
773 1610 17
773 1759 8
773 1774 5
773 1943 20
774 952 1
774 1195 10
774 1238 18
774 1252 4
774 1338 3
774 1514 5
774 1527 4
774 1780 5
774 1910 12
775 810 6
775 816 6
775 1012 9
775 1035 15
775 1048 7
775 1345 9
775 1360 20
775 1378 4
775 1405 14
775 1407 9
775 1624 5
775 1921 9
775 1952 1
776 888 3
776 974 12
776 1097 10
776 1628 8
776 1703 8
776 1801 15
776 1944 8
776 1987 16
777 1035 16
777 1098 18
777 1148 14
777 1213 1
777 1359 7
777 1566 11
777 1805 10
778 868 14
778 1049 3
778 1095 2
778 1346 18
778 1508 16
778 1530 12
778 1664 9
778 1743 9
778 1815 7
779 921 14
779 942 10
779 955 12
779 1027 7
779 1374 3
779 1382 19
779 1387 7
779 1552 15
779 1563 13
779 1588 14
779 1672 13
779 1831 18
779 1898 1
779 1924 12
779 1974 13
780 833 16
780 847 20
780 892 7
780 895 11
780 926 19
780 1060 2
780 1301 16
780 1321 2
780 1365 2
780 1400 15
780 1439 12
780 1644 18
780 1692 4
780 1709 7
780 1748 2
780 1836 13
780 1841 17
780 1923 11
781 870 18
781 885 11
781 1098 16
781 1293 10
781 1321 19
781 1380 7
781 1534 14
781 1651 12
781 1689 10
781 1938 11
781 1957 20
781 1969 18
782 916 9
782 1027 5
782 1062 3
782 1063 7
782 1098 16
782 1107 7
782 1225 4
782 1226 5
782 1267 7
782 1563 3
782 1631 2
782 1733 13
782 1734 15
782 1769 13
782 1777 11
782 1968 11
783 847 16
783 850 1
783 872 3
783 984 14
783 1125 19
783 1273 10
783 1376 18
783 1388 2
783 1395 12
783 1399 12
783 1698 6
783 1754 20
783 1790 14
783 1865 14
783 1902 14
783 1986 5
783 1989 10
784 826 8
784 899 13
784 912 13
784 926 16
784 989 7
784 1114 13
784 1134 11
784 1184 17
784 1277 17
784 1322 4
784 1612 5
784 1649 12
784 1739 3
784 1751 14
784 1858 7
784 1980 4
785 853 4
785 914 19
785 994 13
785 1134 10
785 1146 12
785 1220 17
785 1223 14
785 1231 11
785 1313 15
785 1337 5
785 1550 7
785 1871 13
785 1879 19
785 1895 15
785 1948 12
785 1958 1
786 811 16
786 895 3
786 968 10
786 1348 5
786 1430 19
786 1891 16
787 1033 1
787 1201 6
787 1281 19
787 1336 5
787 1353 19
787 1452 5
787 1576 18
787 1666 19
787 1697 5
787 1828 7
788 922 1
788 952 7
788 1054 19
788 1182 13
788 1273 7
788 1294 1
788 1367 3
788 1380 2
788 1531 1
788 1537 10
788 1632 11
788 1678 2
788 1788 5
788 1801 6
788 1811 12
788 1852 14
788 1941 17
789 829 14
789 841 18
789 1150 16
789 1247 19
789 1255 14
789 1334 14
789 1336 13
789 1613 5
789 1678 11
789 1725 8
789 1733 2
789 1927 12
789 1932 6
789 1937 1
789 1971 11
790 968 9
790 1122 4
790 1142 4
790 1201 16
790 1222 12
790 1402 18
790 1406 1
790 1712 1
790 1817 8
791 820 18
791 1139 5
791 1232 19
791 1394 13
791 1406 3
791 1581 2
791 1681 19
791 1740 12
791 1749 20
791 1853 15
792 824 5
792 953 6
792 1022 1
792 1083 14
792 1154 17
792 1252 12
792 1381 16
792 1433 12
792 1597 6
792 1610 14
792 1659 15
792 1723 11
793 816 4
793 830 13
793 909 17
793 917 6
793 991 13
793 1147 16
793 1237 4
793 1334 13
793 1509 13
793 1708 16
793 1749 5
793 1751 14
793 1790 3
793 1879 20
794 1330 15
794 1353 3
794 1539 2
794 1656 6
794 1716 9
794 1735 6
795 896 11
795 965 5
795 980 18
795 983 20
795 1135 13
795 1435 1
795 1458 15
795 1466 8
795 1475 19
795 1494 10
795 1543 15
795 1585 1
795 1618 4
795 1726 15
795 1875 19
795 1884 19
795 1895 10
796 879 17
796 901 12
796 1015 13
796 1061 18
796 1215 14
796 1254 1
796 1409 13
796 1672 10
796 1777 12
796 1831 14
796 1912 15
796 1943 15
796 1972 2
796 1990 20
796 1998 14
797 865 19
797 923 14
797 991 4
797 1006 5
797 1075 15
797 1137 12
797 1155 16
797 1186 1
797 1232 20
797 1500 14
797 1714 15
797 1828 6
797 1887 16
798 886 10
798 906 11
798 967 16
798 1075 17
798 1156 6
798 1333 8
798 1421 12
798 1539 2
798 1563 6
798 1640 8
798 1671 16
798 1770 17
798 1807 8
799 886 5
799 910 6
799 1019 4
799 1327 13
799 1337 20
799 1526 9
799 1686 20
799 1861 11
799 1893 14
799 1913 9
800 824 6
800 886 15
800 974 14
800 987 20
800 1062 12
800 1081 6
800 1168 12
800 1300 20
800 1304 10
800 1532 16
800 1597 18
800 1670 14
800 1729 9
800 1765 9
800 1931 2
801 1092 1
801 1140 20
801 1206 17
801 1414 14
801 1575 17
801 1580 11
801 1708 8
801 1724 6
801 1844 20
801 1881 17
802 853 14
802 919 5
802 971 5
802 988 16
802 1007 2
802 1097 14
802 1105 15
802 1221 6
802 1258 13
802 1309 2
802 1422 14
802 1447 11
802 1588 12
802 1600 5
802 1638 17
802 1944 13
803 964 3
803 1115 3
803 1124 9
803 1144 18
803 1151 8
803 1177 4
803 1230 15
803 1261 15
803 1272 13
803 1350 2
803 1367 20
803 1395 20
803 1447 20
803 1510 9
803 1514 12
803 1555 4
803 1672 7
803 1977 5
804 1016 10
804 1066 14
804 1281 4
804 1503 2
804 1708 4
804 1859 13
804 1866 14
804 1939 13
805 849 20
805 878 15
805 900 6
805 916 18
805 973 19
805 1080 3
805 1432 3
805 1477 8
805 1617 16
805 1741 10
805 1870 17
806 856 19
806 858 17
806 963 16
806 971 18
806 1034 11
806 1351 5
806 1606 11
806 1608 17
806 1657 4
806 1697 5
806 1796 1
806 1827 16
807 811 16
807 968 7
807 1067 17
807 1110 9
807 1209 18
807 1256 2
807 1299 11
807 1311 14
807 1470 10
807 1473 14
807 1493 15
807 1544 19
807 1628 20
807 1660 6
807 1700 2
807 1847 10
807 1948 10
808 958 8
808 983 2
808 1090 17
808 1123 13
808 1202 16
808 1214 10
808 1305 14
808 1395 4
808 1442 16
808 1454 7
808 1532 2
808 1668 7
809 820 16
809 884 10
809 969 17
809 1036 17
809 1087 2
809 1092 15
809 1198 16
809 1203 7
809 1242 17
809 1520 3
809 1534 15
809 1658 18
809 1718 7
809 1772 18
809 1824 12
809 1835 4
809 1876 4
809 1904 11
810 1081 13
810 1250 11
810 1272 12
810 1302 1
810 1413 20
810 1547 19
810 1607 4
810 1694 4
810 1915 14
810 1939 11
811 852 2
811 860 1
811 1210 17
811 1336 11
811 1536 9
811 1565 10
811 1580 14
811 1701 8
812 1039 1
812 1046 20
812 1190 13
812 1194 16
812 1222 12
812 1366 16
812 1440 12
812 1442 9
812 1497 14
812 1689 5
812 1803 17
812 1847 14
812 1904 14
812 1948 12
813 931 20
813 967 10
813 1227 8
813 1618 6
813 1665 12
813 1688 16
813 1821 5
813 1931 12
814 944 20
814 1121 2
814 1138 19
814 1185 1
814 1369 11
814 1377 14
814 1428 16
814 1471 17
814 1670 10
814 1787 15
814 1820 13
814 1877 1
815 855 4
815 921 18
815 976 4
815 1085 7
815 1188 15
815 1258 8
815 1384 17
815 1485 18
815 1543 10
815 1599 16
815 1613 19
815 1721 7
815 1873 2
815 1995 11
815 1997 20
816 908 18
816 1154 15
816 1182 19
816 1437 14
816 1534 1
816 1568 10
816 1579 19
816 1895 9
816 1910 9
816 1938 2
816 1993 20
817 820 6
817 1098 1
817 1128 17
817 1212 17
817 1226 18
817 1252 14
817 1375 14
817 1531 13
817 1572 14
817 1879 11
817 1882 8
817 1906 14
818 864 2
818 1154 9
818 1166 18
818 1172 10
818 1320 3
818 1327 8
818 1391 2
818 1401 12
818 1455 12
818 1504 3
818 1533 5
818 1670 15
818 1698 20
818 1740 12
819 969 9
819 1111 13
819 1426 1
819 1440 16
819 1554 1
819 1561 12
819 1761 19
819 1835 18
819 1875 7
819 1958 3
819 1981 10
819 1988 1
820 841 5
820 921 17
820 925 10
820 983 15
820 1052 19
820 1100 9
820 1191 13
820 1311 2
820 1743 1
820 1932 15
820 1961 6
820 1972 13
821 862 17
821 962 1
821 1051 2
821 1055 15
821 1162 19
821 1262 11
821 1309 19
821 1341 13
821 1379 12
821 1480 5
821 1516 6
821 1520 4
821 1659 13
821 1854 3
821 1866 13
821 1941 17
822 855 20
822 869 10
822 872 11
822 910 10
822 1060 5
822 1139 9
822 1231 18
822 1480 16
822 1577 3
822 1702 14
823 1001 9
823 1029 11
823 1131 4
823 1227 7
823 1272 3
823 1477 9
823 1503 14
823 1595 5
823 1745 10
823 1779 10
823 1782 1
823 1796 9
823 1823 5
823 1825 13
823 1978 10
824 919 13
824 1217 1
824 1428 20
824 1726 15
824 1789 16
824 1807 2
824 1810 16
824 1862 6
824 1912 11
825 862 3
825 1083 8
825 1597 3
825 1598 5
825 1621 16
825 1828 7
825 1999 18
826 857 6
826 913 9
826 973 6
826 1057 8
826 1199 3
826 1327 18
826 1532 19
826 1543 6
826 1623 8
826 1646 12
826 1844 7
826 1969 17
826 1976 9
826 1984 3
827 846 13
827 849 19
827 858 7
827 929 15
827 986 10
827 1101 9
827 1450 14
827 1475 9
827 1622 18
827 1681 7
827 1863 19
827 1894 11
827 1907 11
827 1966 16
828 902 1
828 1007 11
828 1084 8
828 1294 15
828 1317 15
828 1421 2
828 1688 13
828 1700 3
828 1959 20
829 840 7
829 917 19
829 1279 19
829 1536 20
829 1579 1
829 1600 9
829 1621 8
829 1818 4
830 870 19
830 1385 15
830 1578 18
830 1745 13
830 1827 11
830 1893 3
830 1917 19
831 834 6
831 1000 3
831 1267 16
831 1311 12
831 1314 4
831 1435 2
831 1557 5
831 1586 20
831 1666 14
831 1685 9
831 1893 15
832 847 19
832 858 18
832 870 17
832 888 20
832 1070 14
832 1118 6
832 1189 11
832 1244 10
832 1442 10
832 1568 10
832 1582 9
832 1604 16
832 1613 11
832 1880 9
832 1883 16
833 963 1
833 1040 20
833 1093 14
833 1100 3
833 1286 15
833 1472 7
833 1738 16
833 1787 14
833 1821 19
833 1882 5
833 1945 18
833 1962 18
833 1973 2
834 859 14
834 876 3
834 1565 2
834 1709 20
834 1761 10
834 1978 7
835 955 19
835 1031 9
835 1097 8
835 1157 2
835 1195 12
835 1244 8
835 1324 8
835 1523 19
835 1819 3
835 1974 17
836 1100 7
836 1196 18
836 1402 5
836 1623 8
836 1768 9
836 1842 16
836 1869 8
836 1922 10
836 1962 8
837 1078 3
837 1171 6
837 1271 7
837 1361 4
837 1430 16
837 1482 3
837 1574 2
837 1661 19
837 1707 5
837 1726 11
837 1787 16
837 1830 11
837 1857 15
837 1963 18
837 1980 6
838 841 17
838 932 18
838 963 20
838 1005 10
838 1012 16
838 1033 17
838 1154 9
838 1222 16
838 1436 7
838 1538 9
838 1800 7
839 901 5
839 991 15
839 1112 16
839 1305 9
839 1323 10
839 1339 11
839 1439 6
839 1444 2
839 1496 20
839 1566 9
839 1607 15
839 1612 10
839 1819 9
839 1821 3
840 892 17
840 955 2
840 1036 3
840 1070 2
840 1111 19
840 1123 4
840 1196 4
840 1235 3
840 1237 11
840 1290 1
840 1426 7
840 1615 3
840 1638 16
840 1731 4
840 1738 13
840 1748 3
840 1889 11
840 1988 20
841 851 12
841 1024 15
841 1109 6
841 1175 18
841 1248 20
841 1281 6
841 1391 18
841 1442 8
841 1532 10
841 1589 9
841 1782 20
841 1876 18
842 891 15
842 903 8
842 951 15
842 1000 6
842 1026 13
842 1095 16
842 1112 17
842 1255 3
842 1260 15
842 1319 1
842 1373 16
842 1376 20
842 1663 15
842 1749 5
842 1972 14
842 1990 3
843 1139 19
843 1251 2
843 1558 11
843 1639 19
843 1651 1
843 1824 8
843 1986 2
844 988 2
844 1279 2
844 1280 8
844 1482 3
844 1702 13
844 1792 20
844 1834 8
844 1985 9
844 1987 20
844 1992 5
845 996 12
845 1100 1
845 1463 9
845 1464 8
845 1533 12
845 1551 16
845 1672 12
845 1825 10
845 1893 13
846 870 15
846 961 13
846 989 20
846 1177 14
846 1219 20
846 1362 16
846 1468 12
846 1511 1
846 1601 10
846 1797 8
846 1855 4
847 905 15
847 1278 16
847 1352 11
847 1380 7
847 1389 10
847 1591 1
847 1748 8
847 1815 15
847 1986 19
848 900 5
848 1170 4
848 1249 4
848 1291 17
848 1557 19
848 1692 17
848 1730 3
848 1844 16
849 1062 12
849 1091 1
849 1185 15
849 1312 18
849 1403 13
849 1463 17
849 1533 11
849 1574 20
849 1632 15
849 1740 13
849 1742 5
849 1944 12
849 1990 9
850 977 12
850 1010 3
850 1054 3
850 1097 3
850 1168 9
850 1193 10
850 1333 20
850 1450 5
850 1483 5
850 1510 14
850 1619 13
850 1659 10
850 1762 2
850 1776 8
850 1967 14
850 1993 9
851 880 1
851 895 6
851 905 15
851 1041 7
851 1100 12
851 1228 19
851 1337 12
851 1484 8
851 1563 9
851 1720 3
851 1746 10
851 1866 15
851 1905 3
852 1062 8
852 1126 17
852 1231 13
852 1250 1
852 1258 7
852 1313 20
852 1378 10
852 1468 3
852 1530 8
852 1601 15
852 1621 4
852 1638 12
852 1679 15
852 1770 1
852 1854 5
852 1987 10
853 908 7
853 935 1
853 989 14
853 1008 15
853 1477 11
854 882 13
854 952 4
854 1028 16
854 1029 1
854 1070 17
854 1188 4
854 1264 11
854 1317 5
854 1446 4
854 1496 6
854 1556 4
854 1622 2
854 1810 15
854 1842 8
854 1894 1
854 1910 18
854 1977 20
855 899 4
855 1108 14
855 1140 4
855 1213 6
855 1244 17
855 1339 6
855 1616 7
855 1727 20
855 1800 6
855 1981 14
856 902 8
856 1023 3
856 1084 3
856 1179 11
856 1205 8
856 1239 11
856 1254 14
856 1280 4
856 1340 8
856 1425 10
856 1609 2
856 1689 18
856 1749 17
856 1818 13
856 1944 1
856 1968 5
857 860 13
857 1500 3
857 1635 15
857 1677 16
857 1711 15
857 1837 19
857 1952 17
858 969 4
858 1003 15
858 1167 3
858 1191 14
858 1231 7
858 1337 10
858 1395 19
858 1529 8
858 1576 16
858 1629 15
858 1887 16
858 1928 2
858 1987 14
859 990 9
859 1010 8
859 1064 17
859 1258 10
859 1458 8
859 1838 6
859 1880 16
859 1928 18
859 1947 10
860 884 12
860 938 18
860 1305 15
860 1518 5
860 1522 13
860 1527 18
860 1569 17
860 1701 1
860 1742 15
860 1916 19
861 924 12
861 950 7
861 951 5
861 978 19
861 1242 3
861 1599 7
861 1762 13
861 1855 17
862 910 14
862 1031 17
862 1095 7
862 1163 15
862 1215 19
862 1244 12
862 1276 2
862 1323 1
862 1436 12
862 1456 7
862 1496 13
862 1522 3
862 1618 19
862 1657 16
862 1663 6
862 1764 12
862 1790 5
862 1850 11
863 875 19
863 947 4
863 1041 16
863 1185 14
863 1201 14
863 1297 16
863 1409 15
863 1695 8
863 1780 14
863 1805 15
863 1852 13
864 880 7
864 1008 3
864 1220 12
864 1241 4
864 1301 1
864 1346 13
864 1529 5
864 1595 20
864 1775 12
864 1856 6
864 1884 3
864 1893 11
864 1998 18
865 884 12
865 983 1
865 993 18
865 1080 10
865 1117 20
865 1143 11
865 1200 1
865 1734 2
865 1904 12
865 1929 8
866 899 19
866 997 1
866 1056 15
866 1088 4
866 1113 8
866 1126 17
866 1226 14
866 1427 20
866 1442 7
866 1445 4
866 1530 4
866 1587 5
866 1779 5
867 881 20
867 945 1
867 1057 2
867 1187 4
867 1257 2
867 1274 18
867 1413 7
867 1492 18
867 1580 10
867 1597 6
867 1669 12
867 1807 13
867 1881 8
868 1030 10
868 1074 4
868 1124 13
868 1152 15
868 1216 20
868 1624 14
868 1768 6
868 1813 3
869 1148 15
869 1173 17
869 1412 6
869 1466 3
869 1531 18
869 1748 19
869 1750 10
869 1935 7
869 1993 13
870 992 16
870 1109 19
870 1177 10
870 1299 2
870 1402 15
870 1448 11
870 1454 8
870 1759 19
870 1784 8
870 1945 9
871 915 2
871 1039 12
871 1074 15
871 1145 16
871 1153 6
871 1234 2
871 1416 12
871 1563 7
871 1820 9
871 1847 11
871 1893 20
871 1990 13
872 919 5
872 1002 1
872 1289 9
872 1311 9
872 1456 15
872 1505 4
872 1551 8
872 1668 17
872 1847 16
872 1985 12
873 1139 13
873 1224 9
873 1290 20
873 1399 12
873 1432 16
873 1464 6
873 1505 19
873 1564 2
873 1572 15
873 1612 13
873 1628 14
873 1637 9
873 1641 7
874 893 4
874 897 7
874 1088 18
874 1156 9
874 1333 14
874 1471 16
874 1591 19
874 1688 8
874 1722 17
874 1747 12
874 1818 4
875 885 14
875 890 18
875 980 1
875 1199 5
875 1294 18
875 1525 12
875 1540 5
875 1704 5
875 1739 6
875 1755 4
875 1854 8
875 1944 17
876 967 15
876 1029 15
876 1090 13
876 1225 12
876 1751 18
876 1756 18
876 1770 14
877 963 15
877 1108 8
877 1244 15
877 1325 18
877 1661 17
877 1878 16
878 907 6
878 973 17
878 987 1
878 995 5
878 1155 5
878 1195 19
878 1290 9
878 1296 5
878 1728 1
878 1774 1
879 921 7
879 1220 16
879 1332 5
879 1342 13
879 1453 6
879 1613 17
879 1642 15
879 1757 14
879 1805 2
880 1065 11
880 1161 1
880 1196 8
880 1331 14
880 1367 2
880 1450 3
880 1477 3
880 1479 6
880 1677 13
880 1702 1
880 1768 20
880 1815 3
880 1870 4
881 900 3
881 903 3
881 1092 9
881 1239 12
881 1255 2
881 1502 6
881 1514 18
881 1569 19
881 1650 13
881 1914 20
881 1923 13
882 887 12
882 943 12
882 1025 10
882 1164 10
882 1213 20
882 1228 6
882 1268 10
882 1338 9
882 1525 5
882 1989 4
883 1055 3
883 1217 12
883 1236 20
883 1268 14
883 1375 3
883 1569 20
883 1607 8
883 1744 3
883 1789 12
883 1867 2
883 1944 3
884 937 6
884 1136 8
884 1186 4
884 1458 5
884 1521 20
884 1593 8
884 1605 20
884 1697 5
884 1738 16
884 1861 1
884 1895 13
884 1965 19
885 929 9
885 965 14
885 968 19
885 1080 19
885 1161 11
885 1217 5
885 1428 8
885 1492 18
885 1567 14
885 1720 15
885 1735 15
885 1992 16
886 939 9
886 992 12
886 1125 7
886 1146 19
886 1151 12
886 1153 18
886 1178 17
886 1221 3
886 1326 14
886 1436 7
886 1569 4
886 1790 4
886 1850 20
887 951 15
887 1252 4
887 1329 12
887 1371 7
887 1372 6
887 1415 19
887 1453 11
887 1517 18
887 1747 3
887 1791 2
887 1851 4
887 1906 12
887 1934 17
888 895 12
888 1035 4
888 1128 19
888 1184 19
888 1385 19
888 1457 10
888 1496 6
888 1609 11
888 1626 4
888 1794 14
888 1810 18
888 1831 2
889 970 11
889 1018 20
889 1199 6
889 1225 19
889 1259 12
889 1274 19
889 1307 8
889 1400 5
889 1449 19
889 1601 13
889 1671 2
889 1795 13
890 910 8
890 936 3
890 1037 13
890 1059 16
890 1114 12
890 1161 7
890 1185 16
890 1223 12
890 1246 5
890 1468 4
891 916 4
891 923 14
891 944 4
891 1059 8
891 1130 4
891 1179 20
891 1190 11
891 1272 2
891 1280 14
891 1383 12
891 1393 13
891 1805 15
891 1940 8
892 966 13
892 1030 19
892 1042 1
892 1057 14
892 1129 1
892 1140 12
892 1165 6
892 1227 19
892 1230 5
892 1249 10
892 1371 2
892 1408 4
892 1503 18
892 1518 2
892 1523 4
892 1568 13
892 1855 8
892 1917 9
893 956 10
893 1321 2
893 1337 8
893 1517 4
893 1707 19
893 1799 9
893 1836 9
894 900 3
894 935 10
894 976 11
894 991 19
894 1078 7
894 1092 17
894 1248 6
894 1303 4
894 1465 14
894 1688 20
894 1733 13
894 1842 8
895 1122 8
895 1142 20
895 1267 10
895 1339 4
895 1440 11
895 1538 6
895 1719 13
895 1881 13
895 1925 6
895 1953 18
895 1954 18
896 973 12
896 985 6
896 1023 20
896 1075 9
896 1082 5
896 1086 18
896 1392 20
896 1563 18
896 1829 20
896 1911 9
896 1940 12
897 1022 12
897 1049 14
897 1069 3
897 1076 8
897 1185 6
897 1275 17
897 1281 12
897 1296 16
897 1301 6
897 1389 19
897 1754 17
897 1829 17
897 1912 6
898 985 4
898 1735 6
898 1752 15
898 1828 14
898 1864 5
898 1888 11
899 1051 7
899 1159 19
899 1221 8
899 1257 5
899 1275 6
899 1421 17
899 1443 20
899 1488 9
899 1739 15
899 1752 16
899 1777 1
899 1811 1
899 1820 9
899 1945 19
899 1999 2
900 916 6
900 977 11
900 1379 1
900 1434 18
900 1475 14
900 1676 10
900 1745 6
900 1798 3
900 1829 3
900 1832 2
900 1863 11
900 1949 18
900 1951 8
901 1022 1
901 1057 4
901 1100 18
901 1133 7
901 1144 2
901 1220 17
901 1278 1
901 1534 19
901 1691 7
901 1765 9
901 1818 6
901 1847 18
901 1857 4
901 1893 5
902 973 17
902 1120 7
902 1232 12
902 1474 2
902 1482 13
902 1493 9
902 1545 8
902 1625 20
902 1734 20
902 1736 10
902 1842 12
902 1848 1
903 906 12
903 970 9
903 1151 2
903 1249 1
903 1351 19
903 1423 7
903 1506 17
903 1760 9
903 1890 15
904 1051 14
904 1174 18
904 1188 11
904 1234 12
904 1266 18
904 1357 5
904 1382 3
904 1545 10
904 1766 3
904 1813 1
904 1871 4
904 1893 18
904 1938 8
905 1174 2
905 1291 8
905 1431 10
905 1476 4
905 1501 6
905 1572 6
905 1702 12
905 1715 15
906 945 20
906 950 8
906 1163 4
906 1589 7
906 1625 8
906 1690 13
906 1766 2
906 1872 16
907 1046 19
907 1151 18
907 1177 20
907 1508 2
907 1666 4
907 1683 5
907 1879 5
908 1007 8
908 1030 19
908 1111 16
908 1143 7
908 1228 20
908 1278 11
908 1330 13
908 1417 13
908 1445 4
908 1591 16
908 1612 3
908 1616 9
908 1645 19
908 1719 6
909 1060 11
909 1154 10
909 1354 17
909 1585 9
909 1686 7
909 1740 11
909 1768 14
909 1873 5
910 936 4
910 1108 19
910 1129 13
910 1288 10
910 1336 20
910 1429 17
910 1749 19
910 1998 5
911 1254 11
911 1337 15
911 1396 7
911 1490 15
911 1673 2
911 1848 19
911 1856 5
912 1061 19
912 1084 10
912 1145 9
912 1170 5
912 1385 13
912 1404 18
912 1543 1
912 1658 16
912 1826 2
912 1910 19
912 1944 3
913 1062 2
913 1147 5
913 1182 2
913 1211 20
913 1321 6
913 1379 3
913 1389 18
913 1422 20
913 1467 19
913 1507 20
913 1567 14
913 1578 1
913 1737 17
913 1845 11
913 1995 14
914 1089 11
914 1156 19
914 1230 1
914 1245 13
914 1624 2
914 1802 20
914 1847 8
914 1910 1
915 964 2
915 981 13
915 1256 5
915 1280 15
915 1283 4
915 1288 12
915 1424 2
915 1473 2
915 1493 20
915 1804 20
915 1895 4
915 1930 19
915 1969 18
916 986 5
916 1083 1
916 1096 19
916 1166 9
916 1481 14
916 1502 17
916 1544 3
916 1561 12
916 1594 9
916 1706 11
916 1725 15
916 1749 7
916 1793 12
916 1953 8
916 1958 7
917 926 8
917 1097 16
917 1337 1
917 1388 12
917 1475 3
917 1711 1
917 1872 14
917 1874 19
917 1918 7
918 1283 8
918 1364 6
918 1407 15
918 1442 7
918 1454 2
918 1476 19
918 1616 6
918 1633 14
918 1836 10
918 1881 3
918 1919 12
919 935 6
919 956 15
919 973 12
919 1120 5
919 1133 2
919 1145 17
919 1184 20
919 1268 4
919 1283 15
919 1357 18
919 1374 15
919 1395 7
919 1667 6
919 1727 20
919 1882 18
919 1965 1
920 1091 18
920 1137 17
920 1210 6
920 1287 9
920 1519 7
920 1545 8
920 1594 8
920 1778 7
920 1967 14
921 987 12
921 1160 2
921 1172 12
921 1264 12
921 1269 1
921 1321 17
921 1388 12
921 1446 19
921 1523 8
921 1874 2
922 1138 9
922 1287 10
922 1669 19
922 1714 5
922 1778 17
923 977 18
923 1002 3
923 1204 19
923 1262 15
923 1283 19
923 1330 9
923 1345 6
923 1575 7
923 1836 4
923 1923 7
924 1054 17
924 1079 9
924 1095 7
924 1294 19
924 1365 10
924 1621 18
924 1648 13
924 1650 2
924 1771 3
924 1828 20
924 1880 4
925 1151 13
925 1170 10
925 1179 16
925 1276 3
925 1313 12
925 1325 1
925 1344 5
925 1395 18
925 1578 6
925 1604 9
925 1710 20
925 1737 6
925 1766 8
925 1775 10
925 1826 18
925 1879 10
925 1900 3
925 1981 19
926 977 8
926 1026 18
926 1061 19
926 1086 20
926 1121 19
926 1165 15
926 1248 14
926 1285 2
926 1339 11
926 1372 12
926 1417 10
926 1564 17
926 1631 3
926 1678 2
926 1715 7
926 1731 20
926 1816 1
926 1869 11
926 1913 14
926 1985 18
927 1060 5
927 1259 1
927 1384 18
927 1483 7
927 1728 1
927 1752 4
927 1783 2
927 1871 19
927 1924 2
928 1023 8
928 1108 4
928 1272 10
928 1557 10
928 1605 10
928 1881 18
928 1899 7
929 1138 5
929 1141 19
929 1154 1
929 1556 4
929 1589 4
929 1855 7
929 1942 19
929 1963 7
930 937 1
930 938 11
930 987 16
930 1018 18
930 1061 4
930 1155 7
930 1313 1
930 1424 18
930 1448 14
930 1546 20
930 1655 11
930 1788 6
930 1902 6
931 989 20
931 1047 14
931 1063 16
931 1133 3
931 1222 8
931 1390 7
931 1394 7
931 1416 20
931 1418 6
931 1490 14
931 1580 15
931 1772 8
931 1800 12
931 1895 14
931 1974 18
932 979 20
932 1011 16
932 1015 13
932 1054 7
932 1372 9
932 1890 7
933 979 20
933 1119 14
933 1163 15
933 1284 12
933 1368 15
933 1863 1
933 1938 17
933 1957 17
934 1003 19
934 1028 3
934 1230 5
934 1356 16
934 1368 20
934 1399 19
934 1459 15
934 1563 18
934 1696 7
934 1871 4
934 1947 20
934 1982 8
935 1038 20
935 1056 15
935 1104 9
935 1141 12
935 1450 13
935 1532 16
935 1561 9
935 1585 7
935 1678 2
935 1695 10
935 1726 14
935 1938 8
935 1967 20
936 981 17
936 1128 11
936 1191 12
936 1221 16
936 1262 13
936 1728 9
936 1888 3
936 1924 2
937 951 13
937 981 15
937 1097 17
937 1126 16
937 1753 11
937 1821 20
937 1848 5
937 1890 3
938 950 5
938 997 9
938 1105 11
938 1182 12
938 1186 20
938 1340 8
938 1414 13
938 1424 11
938 1488 16
938 1647 1
938 1663 11
938 1772 2
939 1084 15
939 1175 18
939 1211 12
939 1234 2
939 1270 16
939 1290 16
939 1315 17
939 1372 19
939 1437 11
939 1673 15
939 1676 2
939 1777 18
939 1845 9
940 1059 3
940 1202 18
940 1224 18
940 1279 1
940 1292 17
940 1339 9
940 1366 4
940 1435 4
940 1445 19
940 1453 8
940 1644 8
940 1733 10
940 1767 13
940 1783 7
940 1838 1
940 1872 16
940 1955 16
941 982 16
941 1010 5
941 1222 6
941 1294 11
941 1578 10
941 1590 9
941 1780 10
941 1816 14
941 1880 20
941 1957 15
942 943 11
942 1035 6
942 1145 20
942 1166 13
942 1465 14
942 1781 5
942 1805 7
942 1879 9
943 1326 1
943 1426 17
943 1843 20
944 953 5
944 962 17
944 1002 20
944 1076 6
944 1110 14
944 1170 6
944 1191 5
944 1264 12
944 1271 13
944 1337 7
944 1356 15
944 1382 2
944 1457 19
944 1558 17
944 1618 6
944 1662 1
944 1740 7
944 1805 9
945 1021 8
945 1097 8
945 1419 9
945 1456 8
945 1506 9
945 1516 20
945 1673 2
945 1679 16
945 1686 13
945 1739 4
945 1910 8
946 1020 11
946 1100 7
946 1121 5
946 1174 1
946 1257 6
946 1282 19
946 1353 2
946 1419 10
946 1477 9
946 1527 1
946 1551 2
946 1654 5
946 1762 15
946 1822 10
946 1833 19
946 1938 10
947 977 13
947 990 6
947 996 14
947 1065 8
947 1086 10
947 1131 16
947 1206 7
947 1208 1
947 1353 2
947 1390 20
947 1908 1
947 1918 16
947 1967 18
948 1020 9
948 1053 3
948 1210 11
948 1339 3
948 1412 5
948 1421 16
948 1426 15
948 1432 12
948 1563 5
948 1636 3
948 1653 13
948 1675 7
948 1754 2
948 1757 15
948 1828 10
948 1891 6
949 999 4
949 1043 9
949 1175 19
949 1177 8
949 1301 13
949 1352 16
949 1379 15
949 1636 12
949 1731 11
949 1855 10
949 1910 11
949 1911 12
949 1957 5
950 976 3
950 1057 10
950 1444 1
950 1655 1
950 1838 15
950 1969 17
951 957 4
951 1004 1
951 1176 2
951 1177 20
951 1218 19
951 1396 3
951 1583 3
951 1657 20
951 1677 20
951 1800 5
951 1949 5
951 1955 19
951 1995 2
952 968 18
952 1433 10
952 1478 6
952 1665 6
952 1722 7
952 1740 12
952 1935 18
952 1953 14
952 1978 2
952 1999 18
953 1005 6
953 1083 9
953 1165 19
953 1204 10
953 1319 6
953 1411 14
953 1463 8
953 1656 2
953 1851 8
953 1878 4
953 1893 6
954 983 9
954 1130 18
954 1205 13
954 1389 12
954 1627 7
954 1671 19
954 1684 7
954 1721 5
954 1731 7
954 1734 4
954 1881 8
954 1978 20
955 995 2
955 1057 15
955 1080 3
955 1083 14
955 1188 8
955 1211 17
955 1227 11
955 1436 20
955 1451 5
955 1630 11
955 1840 19
955 1879 5
955 1883 15
955 1975 3
956 1055 18
956 1074 6
956 1270 15
956 1439 11
956 1467 1
956 1561 12
956 1978 20
957 1035 7
957 1155 5
957 1290 19
957 1315 2
957 1557 5
957 1563 9
957 1608 4
957 1794 5
957 1938 3
957 1973 11
957 1976 18
958 1045 15
958 1094 14
958 1260 4
958 1340 9
958 1342 7
958 1508 9
958 1577 9
958 1726 8
958 1770 11
959 1112 1
959 1225 15
959 1286 16
959 1507 18
959 1675 13
959 1709 1
959 1727 9
959 1732 8
959 1824 4
959 1880 8
959 1903 4
960 1061 20
960 1151 11
960 1287 13
960 1442 9
960 1491 12
960 1791 12
960 1802 3
960 1828 1
960 1897 12
961 971 19
961 1111 16
961 1164 16
961 1192 12
961 1244 18
961 1246 15
961 1286 17
961 1501 11
961 1532 8
961 1657 9
961 1736 13
961 1870 4
961 1917 2
961 1955 18
962 972 4
962 1127 3
962 1141 11
962 1267 1
962 1296 13
962 1411 9
962 1444 18
962 1651 17
962 1673 5
962 1724 17
962 1775 15
962 1838 2
962 1971 13
963 1075 12
963 1132 4
963 1183 17
963 1230 20
963 1273 3
963 1470 14
963 1471 8
963 1616 10
963 1637 2
963 1673 20
963 1709 15
963 1714 3
963 1993 4
964 1039 19
964 1145 4
964 1172 18
964 1173 13
964 1238 7
964 1263 14
964 1430 5
964 1491 9
964 1514 1
964 1763 1
964 1951 6
964 1960 2
965 967 14
965 988 6
965 1015 14
965 1102 12
965 1112 17
965 1154 14
965 1528 11
965 1826 4
966 1019 14
966 1068 18
966 1103 11
966 1111 20
966 1134 4
966 1188 1
966 1232 20
966 1290 2
966 1322 17
966 1368 10
966 1387 7
966 1630 11
966 1717 9
966 1745 1
966 1847 1
966 1936 10
966 1989 18
967 1077 16
967 1090 8
967 1153 11
967 1244 11
967 1345 15
967 1750 15
967 1796 3
967 1840 14
967 1977 7
968 1011 20
968 1185 5
968 1387 12
968 1441 1
968 1443 14
968 1474 8
968 1555 6
968 1683 2
968 1692 10
968 1732 2
968 1744 7
968 1914 1
968 1938 5
969 1052 20
969 1200 11
969 1259 12
969 1263 5
969 1316 8
969 1336 16
969 1428 19
969 1535 3
969 1609 19
969 1627 20
969 1789 6
970 1065 7
970 1220 7
970 1285 10
970 1552 9
970 1968 4
971 978 7
971 1035 20
971 1125 14
971 1378 3
971 1559 13
971 1560 1
971 1585 16
971 1712 11
971 1750 7
971 1950 4
971 1977 19
971 1979 14
972 1037 6
972 1207 15
972 1245 13
972 1267 2
972 1449 7
972 1479 16
972 1569 1
972 1712 6
972 1814 10
972 1989 2
973 1050 6
973 1108 11
973 1310 16
973 1328 6
973 1350 11
973 1469 16
974 979 4
974 983 7
974 1102 20
974 1132 1
974 1142 15
974 1169 8
974 1587 18
974 1691 1
974 1949 4
975 1038 8
975 1163 3
975 1402 6
975 1423 4
975 1578 15
975 1681 17
975 1803 6
975 1965 4
976 1083 18
976 1157 4
976 1178 2
976 1301 17
976 1471 2
976 1507 11
976 1561 17
976 1597 11
976 1680 17
976 1684 15
976 1734 4
976 1836 12
976 1951 12
977 978 5
977 1152 14
977 1275 6
977 1310 4
977 1320 16
977 1333 16
977 1548 17
977 1619 14
977 1722 3
977 1841 13
977 1858 1
977 1928 19
977 1942 17
977 1957 17
977 1971 6
978 1081 20
978 1121 12
978 1198 13
978 1244 14
978 1472 18
978 1477 11
978 1501 19
978 1534 3
978 1623 17
978 1666 1
978 1818 8
978 1841 9
979 1037 4
979 1090 5
979 1137 5
979 1346 3
979 1379 1
979 1425 18
979 1683 17
979 1712 3
979 1782 16
979 1820 14
979 1903 19
980 1119 1
980 1170 2
980 1206 14
980 1343 12
980 1395 4
980 1432 10
980 1492 1
980 1960 17
980 1970 4
981 1043 1
981 1214 7
981 1282 1
981 1426 12
981 1457 5
981 1541 14
981 1562 12
981 1801 6
981 1934 8
982 1017 18
982 1054 13
982 1123 9
982 1186 15
982 1519 14
982 1541 17
982 1553 9
982 1572 10
982 1606 16
982 1669 8
982 1728 20
982 1733 4
982 1997 10
983 985 5
983 1084 2
983 1134 12
983 1247 18
983 1290 16
983 1374 12
983 1466 12
983 1592 6
983 1821 16
984 1054 12
984 1214 7
984 1296 3
984 1472 17
984 1482 8
984 1500 11
984 1524 9
984 1531 9
984 1569 16
984 1576 2
984 1641 10
984 1645 19
984 1776 11
984 1783 13
984 1837 10
984 1863 18
984 1963 17
985 1242 10
985 1255 16
985 1463 5
985 1761 5
985 1930 11
986 1044 15
986 1143 15
986 1151 3
986 1260 12
986 1282 4
986 1336 7
986 1517 3
986 1665 14
986 1670 20
986 1686 16
986 1729 15
986 1777 9
986 1873 15
986 1927 20
987 1065 9
987 1199 7
987 1376 4
987 1449 17
987 1500 2
987 1812 5
987 1862 5
987 1903 7
988 1004 10
988 1046 16
988 1114 3
988 1210 4
988 1339 11
988 1412 17
988 1462 1
988 1516 20
988 1611 7
988 1683 20
989 1182 2
989 1253 8
989 1325 8
989 1437 20
989 1676 18
989 1697 15
989 1909 6
989 1993 5
990 1016 4
990 1025 14
990 1076 15
990 1126 18
990 1139 13
990 1184 13
990 1196 6
990 1538 13
990 1736 6
990 1915 15
991 1007 12
991 1031 5
991 1172 6
991 1212 1
991 1579 17
991 1759 3
991 1793 14
992 1255 19
992 1303 11
992 1349 19
992 1359 3
992 1446 7
992 1520 5
992 1616 14
992 1741 20
992 1793 3
993 1060 10
993 1069 11
993 1076 18
993 1293 9
993 1410 13
993 1419 13
993 1433 19
993 1608 3
993 1619 4
993 1742 17
993 1851 15
994 1002 11
994 1363 7
994 1488 15
994 1685 4
994 1806 18
994 1822 1
995 1038 6
995 1100 14
995 1153 14
995 1185 2
995 1296 15
995 1389 12
995 1438 18
995 1476 15
995 1554 9
995 1751 4
995 1829 20
995 1841 15
996 1006 20
996 1096 6
996 1167 20
996 1223 11
996 1348 15
996 1683 9
996 1871 3
996 1901 13
997 1188 10
997 1611 11
997 1714 16
997 1720 12
997 1730 6
997 1970 7
998 1028 8
998 1074 19
998 1102 3
998 1284 6
998 1476 7
998 1533 5
998 1572 8
998 1593 3
998 1884 6
999 1044 20
999 1132 3
999 1142 14
999 1144 3
999 1290 9
999 1394 2
999 1399 6
999 1524 19
999 1721 2
999 1766 10
999 1826 11
999 1948 7
999 1983 2
1000 1023 12
1000 1215 17
1000 1253 9
1000 1280 4
1000 1282 4
1000 1457 18
1000 1480 11
1000 1488 6
1000 1529 18
1000 1577 2
1000 1666 8
1000 1689 16
1000 1703 6
1000 1799 6
1000 1847 8
1000 1931 19
1001 1271 15
1001 1292 7
1001 1400 13
1001 1402 2
1001 1558 3
1001 1690 3
1001 1725 15
1001 1785 1
1001 1791 11
1001 1813 15
1001 1834 2
1001 1876 2
1001 1915 20
1002 1079 17
1002 1313 20
1002 1563 15
1002 1597 9
1003 1039 8
1003 1097 20
1003 1215 2
1003 1247 6
1003 1465 17
1003 1562 19
1003 1625 2
1003 1707 2
1003 1900 17
1003 1927 2
1003 1977 9
1003 1996 13
1004 1034 17
1004 1093 13
1004 1558 5
1004 1633 16
1004 1785 16
1004 1855 20
1004 1987 8
1005 1161 1
1005 1320 2
1005 1468 13
1005 1470 14
1005 1802 15
1005 1857 8
1006 1355 20
1006 1781 6
1006 1889 10
1007 1126 7
1007 1171 11
1007 1176 15
1007 1204 17
1007 1216 15
1007 1220 7
1007 1382 6
1007 1492 17
1007 1751 2
1007 1886 14
1007 1927 14
1007 1978 5
1008 1074 10
1008 1188 8
1008 1283 17
1008 1335 2
1008 1342 17
1008 1453 16
1008 1538 13
1008 1582 1
1008 1865 6
1009 1020 7
1009 1043 14
1009 1103 15
1009 1152 7
1009 1181 6
1009 1215 7
1009 1342 2
1009 1378 18
1009 1540 13
1009 1545 18
1009 1583 8
1009 1616 2
1009 1782 17
1009 1849 6
1009 1862 12
1010 1015 18
1010 1252 2
1010 1279 13
1010 1460 15
1010 1469 18
1010 1472 9
1010 1640 15
1010 1736 7
1010 1899 2
1011 1028 7
1011 1157 5
1011 1176 2
1011 1180 15
1011 1188 18
1011 1501 14
1011 1598 6
1011 1708 7
1011 1734 19
1011 1812 4
1011 1954 20
1012 1196 15
1012 1256 2
1012 1363 2
1012 1368 2
1012 1519 10
1013 1055 15
1013 1211 17
1013 1316 20
1013 1338 1
1013 1367 9
1013 1524 13
1013 1537 3
1013 1825 18
1013 1827 1
1013 1910 7
1014 1177 7
1014 1181 2
1014 1238 6
1014 1336 11
1014 1442 4
1014 1839 11
1014 1996 11
1015 1078 18
1015 1359 18
1015 1449 7
1015 1561 11
1015 1753 5
1015 1801 1
1015 1811 3
1015 1855 2
1015 1963 16
1015 1988 6
1016 1083 6
1016 1125 13
1016 1156 15
1016 1243 16
1016 1360 19
1016 1459 10
1016 1492 16
1016 1542 13
1016 1547 12
1016 1600 1
1016 1684 17
1016 1693 8
1016 1750 8
1016 1831 5
1016 1987 6
1017 1018 4
1017 1076 18
1017 1094 5
1017 1124 14
1017 1211 4
1017 1304 6
1017 1408 5
1017 1707 2
1017 1721 6
1017 1743 1
1017 1817 15
1017 1848 12
1017 1860 7
1017 1948 12
1018 1144 12
1018 1300 20
1018 1342 18
1018 1682 11
1018 1954 6
1019 1109 6
1019 1114 13
1019 1166 17
1019 1409 10
1019 1412 18
1019 1660 17
1019 1866 15
1020 1260 14
1020 1344 19
1020 1619 9
1021 1185 14
1021 1260 9
1021 1374 15
1021 1401 8
1021 1403 15
1021 1417 2
1021 1432 3
1021 1467 19
1021 1706 18
1021 1770 16
1021 1904 5
1021 1908 11
1022 1076 11
1022 1221 2
1022 1397 12
1022 1461 5
1022 1471 17
1022 1757 9
1022 1761 10
1022 1813 2
1022 1894 19
1022 1924 13
1022 1929 5
1023 1098 12
1023 1110 4
1023 1145 9
1023 1188 12
1023 1235 19
1023 1388 12
1023 1570 7
1023 1599 3
1023 1627 5
1023 1764 20
1023 1860 1
1023 1968 20
1024 1126 7
1024 1203 12
1024 1227 17
1024 1271 14
1024 1394 7
1024 1405 17
1024 1565 8
1024 1584 15
1024 1635 11
1024 1958 13
1025 1030 19
1025 1482 11
1026 1129 9
1026 1144 19
1026 1424 5
1026 1687 11
1026 1695 4
1026 1702 15
1026 1747 8
1026 1798 9
1026 1816 20
1026 1912 19
1027 1290 15
1027 1299 18
1027 1440 18
1027 1805 14
1027 1855 1
1027 1870 9
1027 1942 17
1027 1950 15
1028 1044 5
1028 1122 14
1028 1300 7
1028 1308 16
1028 1516 18
1028 1616 20
1028 1677 12
1028 1758 18
1028 1812 17
1028 1960 10
1028 1983 17
1029 1149 19
1029 1457 16
1029 1504 17
1029 1529 10
1029 1554 12
1029 1614 20
1029 1708 16
1029 1826 4
1029 1855 3
1029 1940 17
1029 1955 10
1030 1079 9
1030 1162 8
1030 1332 18
1030 1391 14
1030 1523 16
1030 1674 15
1030 1845 14
1030 1925 3
1031 1061 10
1031 1287 8
1031 1301 1
1031 1529 8
1031 1566 9
1031 1860 11
1031 1867 7
1031 1952 17
1032 1456 11
1032 1555 13
1032 1584 16
1032 1869 8
1033 1058 16
1033 1059 3
1033 1063 12
1033 1086 7
1033 1230 11
1033 1818 4
1033 1824 4
1033 1835 13
1033 1838 7
1033 1935 18
1034 1143 14
1034 1202 4
1034 1246 9
1034 1441 14
1034 1749 13
1034 1750 2
1034 1789 2
1034 1875 10
1034 1981 2
1035 1089 20
1035 1189 6
1035 1388 13
1035 1434 2
1035 1927 14
1035 1973 3
1036 1543 16
1036 1579 19
1036 1607 20
1036 1736 1
1036 1740 18
1036 1751 2
1036 1886 14
1036 1993 9
1037 1065 8
1037 1116 6
1037 1128 6
1037 1210 13
1037 1286 14
1037 1291 5
1037 1367 9
1037 1434 8
1037 1507 18
1037 1586 5
1037 1713 13
1037 1795 7
1037 1933 5
1037 1934 17
1038 1133 15
1038 1155 8
1038 1454 5
1038 1516 18
1038 1585 14
1038 1614 10
1038 1618 1
1038 1925 10
1039 1077 15
1039 1210 16
1039 1377 2
1039 1427 16
1039 1505 20
1039 1518 15
1039 1565 15
1039 1593 10
1039 1768 2
1039 1998 12
1040 1091 19
1040 1154 2
1040 1176 14
1040 1183 4
1040 1259 17
1040 1523 14
1040 1600 15
1040 1751 19
1040 1859 1
1040 1988 15
1041 1176 11
1041 1277 15
1041 1392 4
1041 1409 17
1041 1569 6
1041 1764 11
1041 1838 2
1041 1871 4
1041 1987 2
1042 1085 15
1042 1126 17
1042 1140 16
1042 1317 17
1042 1643 1
1042 1843 15
1042 1894 4
1042 1994 9
1043 1131 5
1043 1174 2
1043 1278 13
1043 1294 13
1043 1314 19
1043 1370 19
1043 1444 15
1043 1683 9
1043 1691 17
1043 1697 7
1043 1840 7
1043 1983 13
1044 1082 18
1044 1158 8
1044 1231 16
1044 1326 12
1044 1637 1
1044 1638 15
1044 1742 1
1044 1788 1
1044 1905 11
1044 1960 5
1044 1979 7
1045 1054 11
1045 1106 20
1045 1162 7
1045 1276 12
1045 1305 16
1045 1336 1
1045 1422 17
1045 1439 3
1045 1567 11
1045 1758 2
1045 1774 15
1045 1831 3
1045 1893 3
1045 1911 14
1046 1148 2
1046 1357 13
1046 1823 16
1047 1049 19
1047 1083 4
1047 1181 11
1047 1525 5
1047 1537 18
1047 1622 17
1047 1775 8
1047 1979 17
1048 1293 10
1048 1400 4
1048 1588 15
1048 1638 19
1048 1892 20
1048 1904 2
1049 1117 5
1049 1309 19
1049 1352 13
1049 1424 4
1049 1542 2
1049 1608 9
1049 1680 2
1049 1742 2
1049 1779 18
1050 1258 19
1050 1261 3
1050 1389 9
1050 1559 2
1050 1569 9
1050 1596 15
1050 1598 15
1050 1738 8
1050 1747 14
1050 1782 14
1050 1856 4
1050 1969 7
1051 1093 6
1051 1159 20
1051 1177 15
1051 1213 3
1051 1386 15
1051 1693 3
1051 1812 20
1051 1825 5
1051 1985 15
1052 1082 10
1052 1139 14
1052 1263 4
1052 1298 13
1052 1583 18
1052 1663 4
1052 1818 7
1052 1936 15
1053 1132 9
1053 1162 10
1053 1172 20
1053 1382 5
1053 1502 5
1053 1530 20
1053 1775 13
1053 1881 7
1053 1926 9
1053 1959 20
1054 1069 3
1054 1177 19
1054 1244 7
1054 1257 11
1054 1324 13
1054 1605 5
1054 1606 1
1054 1744 20
1054 1812 5
1054 1973 9
1055 1077 17
1055 1094 15
1055 1527 16
1055 1631 11
1055 1772 10
1055 1790 5
1056 1144 9
1056 1198 4
1056 1243 15
1056 1256 19
1056 1445 5
1056 1470 15
1056 1727 18
1056 1737 1
1056 1881 15
1056 1958 16
1057 1250 13
1057 1321 15
1057 1393 3
1057 1462 8
1057 1478 6
1057 1587 20
1057 1631 9
1057 1774 9
1057 1874 16
1057 1979 7
1058 1125 4
1058 1134 13
1058 1158 5
1058 1172 14
1058 1206 15
1058 1225 6
1058 1252 20
1058 1293 1
1058 1376 16
1058 1399 2
1058 1417 20
1058 1459 3
1058 1483 18
1058 1582 9
1058 1616 8
1058 1756 18
1058 1789 8
1058 1940 9
1058 1951 16
1058 1959 3
1059 1116 19
1059 1142 13
1059 1232 9
1059 1306 15
1059 1338 1
1059 1373 2
1059 1473 9
1059 1510 2
1059 1716 20
1059 1823 7
1059 1916 20
1059 1933 10
1060 1448 4
1060 1470 17
1060 1781 4
1060 1877 6
1060 1913 14
1060 1972 12
1060 1975 6
1060 1994 12
1061 1090 15
1061 1126 5
1061 1153 7
1061 1189 7
1061 1223 18
1061 1254 10
1061 1461 2
1061 1471 11
1061 1539 6
1061 1667 10
1061 1736 10
1062 1167 14
1062 1308 19
1062 1529 14
1062 1579 11
1062 1590 19
1062 1643 15
1062 1655 2
1062 1667 4
1062 1815 6
1062 1831 9
1062 1889 15
1062 1897 2
1062 1934 16
1062 1960 9
1063 1071 1
1063 1111 15
1063 1165 1
1063 1436 18
1063 1511 18
1063 1699 11
1063 1705 19
1063 1776 8
1063 1929 18
1063 1940 19
1063 1982 5
1064 1185 3
1064 1283 1
1064 1287 10
1064 1320 15
1064 1420 18
1064 1440 7
1064 1480 13
1064 1724 4
1065 1364 6
1065 1604 10
1065 1668 8
1065 1768 13
1065 1914 1
1065 1988 8
1066 1071 6
1066 1325 13
1066 1418 9
1066 1527 8
1066 1710 16
1066 1724 5
1066 1740 14
1066 1788 17
1066 1809 12
1067 1164 18
1067 1265 18
1067 1488 3
1067 1578 11
1067 1583 3
1067 1629 1
1067 1649 19
1067 1788 2
1067 1830 4
1067 1891 5
1067 1892 7
1068 1110 7
1068 1136 5
1068 1173 16
1068 1244 14
1068 1431 6
1068 1434 5
1068 1456 17
1068 1458 9
1068 1544 11
1068 1587 6
1068 1771 3
1068 1798 7
1068 1814 15
1068 1839 17
1068 1844 13
1068 1974 14
1068 1977 18
1069 1160 7
1069 1251 5
1069 1338 2
1069 1558 9
1069 1579 4
1069 1599 19
1069 1628 11
1069 1636 3
1069 1764 10
1069 1826 17
1069 1869 5
1070 1103 3
1070 1142 2
1070 1183 10
1070 1309 8
1070 1322 5
1070 1403 1
1070 1849 20
1070 1941 17
1071 1073 4
1071 1658 16
1071 1800 19
1071 1818 7
1072 1297 7
1072 1345 1
1072 1457 15
1072 1507 3
1072 1547 19
1072 1559 14
1072 1669 3
1072 1692 4
1072 1941 8
1073 1463 19
1073 1710 18
1073 1719 10
1073 1879 9
1073 1901 3
1073 1987 4
1074 1156 17
1074 1218 15
1074 1364 7
1074 1529 14
1074 1595 19
1074 1611 18
1074 1724 17
1074 1822 18
1074 1850 15
1075 1151 12
1075 1202 8
1075 1355 17
1075 1365 20
1075 1395 15
1075 1428 9
1075 1509 7
1075 1603 15
1075 1621 9
1075 1685 18
1075 1780 13
1075 1883 10
1075 1924 20
1076 1168 18
1076 1265 16
1076 1317 18
1076 1443 20
1076 1589 13
1076 1711 8
1077 1198 17
1077 1207 19
1077 1214 8
1077 1250 15
1077 1343 8
1077 1346 2
1077 1402 10
1077 1665 19
1077 1680 2
1077 1892 15
1078 1094 1
1078 1186 5
1078 1295 9
1078 1321 9
1078 1466 15
1078 1695 11
1078 1801 3
1078 1904 4
1078 1947 10
1078 1988 7
1079 1121 10
1079 1202 3
1079 1562 19
1079 1823 16
1079 1862 3
1080 1232 9
1080 1273 20
1080 1677 9
1080 1704 15
1080 1736 15
1080 1738 17
1080 1756 6
1080 1795 1
1080 1816 16
1080 1819 19
1080 1897 10
1081 1143 18
1081 1300 16
1081 1347 14
1081 1371 20
1081 1649 1
1081 1727 17
1081 1973 18
1082 1213 11
1082 1319 16
1082 1820 2
1082 1877 14
1082 1895 12
1083 1087 12
1083 1612 19
1083 1752 3
1083 1942 20
1083 1997 6
1084 1110 13
1084 1118 15
1084 1191 8
1084 1258 17
1084 1467 5
1084 1523 20
1084 1747 7
1084 1811 14
1084 1902 19
1084 1990 11
1085 1178 5
1085 1338 6
1085 1456 10
1085 1473 9
1085 1483 4
1085 1552 15
1086 1089 5
1086 1162 19
1086 1214 9
1086 1357 10
1086 1375 18
1086 1475 6
1086 1633 12
1086 1673 14
1086 1906 14
1086 1941 19
1086 1970 14
1087 1282 18
1087 1573 5
1087 1589 4
1087 1628 5
1087 1804 20
1087 1834 1
1087 1950 19
1087 1969 6
1087 1981 20
1088 1093 6
1088 1108 20
1088 1325 2
1088 1531 16
1088 1697 19
1088 1736 6
1088 1907 7
1088 1913 5
1088 1929 5
1088 1993 16
1089 1459 9
1089 1620 1
1089 1734 18
1089 1792 16
1089 1847 11
1089 1914 7
1090 1194 12
1090 1260 19
1090 1458 7
1090 1654 5
1090 1685 16
1090 1789 4
1090 1821 8
1090 1917 16
1090 1939 9
1091 1170 5
1091 1173 16
1091 1198 19
1091 1227 15
1091 1353 3
1091 1438 4
1091 1464 17
1091 1535 11
1091 1661 2
1091 1716 17
1091 1846 9
1091 1899 10
1091 1979 7
1092 1191 1
1092 1192 9
1092 1320 5
1092 1401 1
1092 1406 11
1092 1499 4
1092 1658 6
1092 1668 3
1092 1682 17
1092 1719 20
1093 1203 19
1093 1241 10
1093 1499 14
1093 1735 13
1093 1746 2
1093 1766 10
1093 1802 14
1093 1866 14
1093 1954 3
1093 1987 1
1093 1992 18
1094 1240 13
1094 1257 15
1094 1282 1
1094 1306 7
1094 1399 3
1094 1409 17
1094 1535 12
1094 1674 12
1094 1721 5
1094 1807 17
1094 1930 9
1095 1163 18
1095 1226 2
1095 1328 10
1095 1387 9
1095 1420 3
1095 1718 11
1095 1891 12
1096 1155 17
1096 1236 2
1096 1331 11
1096 1656 19
1096 1776 7
1096 1881 11
1096 1925 20
1096 1997 11
1097 1116 20
1097 1218 2
1097 1345 6
1097 1554 20
1097 1618 12
1097 1811 12
1097 1931 1
1097 1964 2
1097 1979 15
1098 1198 8
1098 1222 6
1098 1232 20
1098 1409 4
1098 1503 4
1098 1579 18
1098 1991 9
1099 1124 18
1099 1355 10
1099 1362 4
1099 1396 18
1099 1468 16
1099 1563 13
1099 1575 2
1099 1689 20
1099 1751 14
1099 1941 12
1100 1199 14
1100 1246 12
1100 1354 9
1100 1375 2
1100 1410 17
1100 1439 9
1100 1506 17
1100 1633 13
1100 1651 10
1100 1672 3
1100 1713 13
1100 1745 8
1100 1751 19
1100 1803 6
1100 1804 14
1100 1821 8
1100 1862 13
1100 1865 7
1101 1223 13
1101 1241 2
1101 1306 8
1101 1459 10
1101 1504 4
1101 1705 9
1101 1765 5
1102 1152 1
1102 1254 17
1102 1394 3
1102 1401 9
1102 1503 9
1102 1637 10
1102 1692 6
1103 1138 15
1103 1495 20
1103 1594 2
1103 1617 5
1103 1758 16
1103 1765 10
1103 1982 6
1104 1326 3
1104 1341 18
1104 1375 13
1104 1449 3
1104 1482 13
1104 1490 16
1104 1518 16
1104 1597 1
1104 1602 12
1104 1773 15
1104 1831 9
1104 1842 18
1105 1183 20
1105 1194 13
1105 1201 5
1105 1220 14
1105 1277 8
1105 1290 17
1105 1296 1
1105 1366 14
1105 1375 3
1105 1394 4
1105 1692 16
1105 1693 10
1105 1887 8
1105 1931 2
1105 1963 9
1106 1230 14
1106 1385 1
1106 1452 11
1106 1488 12
1106 1523 6
1106 1560 8
1106 1619 6
1106 1766 16
1106 1843 10
1106 1879 18
1106 1910 15
1106 1947 12
1107 1174 6
1107 1273 11
1107 1299 11
1107 1440 18
1107 1679 13
1107 1700 6
1107 1813 11
1107 1887 12
1108 1217 13
1108 1317 19
1108 1809 6
1108 1824 14
1108 1932 13
1109 1179 2
1109 1203 10
1109 1216 10
1109 1240 16
1109 1338 12
1109 1595 13
1109 1684 10
1110 1238 16
1110 1353 11
1110 1430 13
1110 1504 9
1110 1658 5
1110 1810 5
1110 1841 10
1110 1974 11
1111 1185 1
1111 1407 17
1111 1479 6
1111 1553 20
1111 1755 7
1111 1788 5
1111 1893 17
1111 1899 4
1111 1947 15
1111 1951 5
1111 1960 17
1112 1244 16
1112 1379 8
1112 1436 1
1112 1520 10
1112 1641 2
1112 1646 10
1112 1754 10
1112 1772 17
1112 1860 4
1112 1871 20
1112 1886 14
1112 1891 2
1113 1215 15
1113 1410 5
1113 1495 7
1113 1583 3
1113 1622 6
1113 1735 9
1113 1775 2
1113 1782 13
1113 1934 19
1114 1197 7
1114 1273 4
1114 1481 12
1114 1576 10
1114 1591 10
1114 1616 1
1114 1729 11
1114 1785 2
1115 1346 14
1115 1477 14
1115 1491 13
1115 1606 19
1115 1648 10
1115 1721 7
1115 1845 9
1115 1879 6
1115 1930 20
1115 1993 1
1115 1997 14
1116 1290 3
1116 1292 18
1116 1377 20
1116 1401 1
1116 1434 9
1116 1771 20
1117 1172 16
1117 1288 3
1117 1429 14
1117 1546 10
1117 1666 3
1117 1873 8
1117 1954 6
1118 1522 2
1118 1544 19
1118 1581 14
1118 1598 5
1118 1705 17
1118 1708 16
1118 1739 8
1118 1790 14
1118 1909 20
1119 1321 1
1119 1331 1
1119 1374 4
1119 1493 2
1119 1811 5
1119 1854 16
1119 1921 9
1120 1134 6
1120 1146 12
1120 1235 11
1120 1303 13
1120 1366 4
1120 1487 16
1120 1506 17
1120 1541 11
1120 1544 8
1120 1552 17
1120 1712 10
1120 1776 7
1120 1778 12
1120 1795 9
1120 1909 5
1121 1229 3
1121 1347 10
1121 1405 12
1121 1511 19
1121 1638 6
1121 1770 12
1121 1774 8
1121 1780 4
1121 1842 8
1121 1849 5
1122 1157 14
1122 1170 5
1122 1253 14
1122 1260 12
1122 1302 5
1122 1351 13
1122 1384 8
1122 1474 16
1122 1619 20
1122 1622 13
1122 1684 17
1122 1940 7
1122 1974 19
1122 1978 2
1122 1980 8
1123 1216 16
1123 1330 19
1123 1332 8
1123 1411 20
1123 1640 10
1123 1839 9
1124 1228 13
1124 1290 20
1124 1366 5
1124 1381 9
1124 1464 13
1124 1651 15
1124 1657 9
1124 1752 9
1124 1813 17
1124 1991 19
1125 1127 15
1125 1342 12
1125 1582 3
1125 1673 17
1125 1787 10
1125 1881 12
1126 1301 9
1126 1334 5
1126 1378 16
1126 1450 1
1126 1481 15
1126 1519 16
1126 1601 17
1126 1621 10
1126 1670 4
1126 1677 13
1126 1852 6
1126 1892 19
1126 1899 2
1127 1360 4
1127 1475 20
1127 1479 4
1127 1826 10
1127 1945 8
1128 1180 14
1128 1270 2
1128 1595 20
1128 1657 11
1128 1726 7
1128 1732 19
1128 1860 1
1128 1895 19
1129 1267 5
1129 1334 14
1129 1427 9
1129 1706 9
1129 1731 5
1129 1732 5
1129 1873 9
1129 1994 18
1130 1236 7
1130 1425 12
1130 1695 2
1130 1826 11
1130 1927 7
1130 1944 14
1131 1234 12
1131 1491 11
1131 1517 4
1131 1702 2
1131 1713 3
1131 1822 14
1131 1975 10
1132 1258 9
1132 1396 17
1132 1448 5
1132 1510 15
1132 1704 20
1132 1771 19
1133 1157 18
1133 1161 4
1133 1311 3
1133 1520 2
1133 1562 14
1133 1712 3
1133 1723 19
1133 1866 1
1133 1880 5
1133 1993 6
1134 1284 16
1134 1311 19
1134 1562 1
1134 1583 14
1134 1599 14
1134 1668 7
1134 1685 6
1134 1847 4
1134 1851 18
1134 1922 7
1135 1335 6
1135 1466 11
1135 1477 12
1135 1806 5
1135 1807 1
1136 1264 8
1136 1531 9
1136 1678 5
1136 1761 4
1136 1864 11
1136 1895 7
1137 1149 3
1137 1213 4
1137 1384 1
1137 1448 19
1137 1455 7
1137 1622 2
1137 1793 5
1137 1805 5
1137 1831 4
1137 1928 16
1138 1150 4
1138 1173 7
1138 1258 14
1138 1324 6
1138 1525 8
1138 1631 12
1138 1647 10
1138 1706 2
1138 1800 6
1138 1941 5
1139 1400 12
1139 1410 4
1139 1449 19
1139 1608 7
1139 1719 18
1139 1808 20
1139 1888 10
1139 1996 12
1140 1369 17
1140 1521 15
1140 1591 5
1140 1650 3
1140 1743 7
1140 1751 15
1140 1859 4
1141 1296 9
1141 1523 17
1141 1806 15
1141 1979 17
1142 1293 18
1142 1479 5
1143 1145 18
1143 1154 13
1143 1342 4
1143 1359 19
1143 1494 16
1143 1675 2
1143 1720 9
1143 1772 6
1144 1187 2
1144 1244 4
1144 1696 7
1144 1803 6
1144 1804 20
1144 1829 17
1144 1831 2
1144 1833 19
1144 1903 18
1145 1510 1
1145 1559 16
1145 1601 14
1145 1659 12
1145 1710 15
1145 1769 9
1146 1179 10
1146 1229 11
1146 1245 10
1146 1252 3
1146 1496 13
1146 1545 6
1146 1642 9
1146 1643 6
1146 1718 2
1146 1731 14
1147 1194 1
1147 1419 3
1147 1556 6
1147 1713 10
1147 1766 20
1147 1853 15
1147 1992 12
1148 1218 1
1148 1272 8
1148 1327 4
1148 1430 6
1148 1465 3
1148 1466 5
1148 1610 11
1148 1672 10
1149 1163 16
1149 1183 1
1149 1385 2
1149 1451 1
1149 1627 12
1149 1838 6
1149 1945 10
1150 1299 11
1150 1453 11
1150 1523 9
1150 1531 13
1150 1793 20
1150 1955 11
1151 1180 13
1151 1194 14
1151 1205 7
1151 1218 3
1151 1352 3
1151 1411 15
1151 1440 5
1151 1565 6
1151 1614 18
1151 1640 14
1152 1254 2
1152 1334 17
1152 1374 20
1152 1390 5
1152 1454 5
1152 1476 12
1152 1925 20
1153 1222 19
1153 1342 13
1153 1443 13
1153 1444 8
1153 1466 17
1153 1527 4
1153 1582 11
1153 1755 4
1153 1887 16
1153 1976 18
1154 1251 16
1154 1633 9
1154 1882 4
1154 1998 6
1155 1184 7
1155 1236 11
1155 1401 17
1155 1470 20
1155 1494 5
1155 1508 7
1155 1593 7
1155 1605 12
1155 1661 16
1155 1726 7
1155 1778 13
1155 1858 18
1155 1885 20
1156 1289 15
1156 1312 3
1156 1532 19
1156 1752 4
1156 1894 6
1156 1927 7
1156 1997 20
1157 1158 2
1157 1217 16
1157 1233 18
1157 1708 4
1157 1848 8
1157 1949 8
1158 1311 18
1158 1336 7
1158 1541 16
1158 1690 13
1158 1751 16
1158 1868 1
1158 1964 10
1159 1487 16
1159 1565 5
1159 1879 9
1159 1897 18
1160 1168 7
1160 1245 19
1160 1281 1
1160 1391 19
1160 1442 18
1160 1520 1
1160 1742 11
1160 1786 2
1161 1249 1
1161 1483 16
1161 1556 6
1161 1564 15
1161 1570 8
1161 1890 4
1161 1894 9
1161 1908 15
1161 1997 16
1162 1257 6
1162 1328 10
1162 1375 9
1162 1421 13
1162 1433 18
1162 1476 13
1162 1487 4
1162 1520 8
1162 1549 17
1162 1652 4
1162 1686 3
1162 1801 15
1162 1825 18
1162 1858 6
1162 1909 14
1163 1327 14
1163 1416 6
1163 1667 19
1163 1698 17
1163 1716 19
1163 1717 9
1163 1767 10
1163 1779 9
1163 1870 6
1163 1885 10
1164 1274 20
1164 1318 6
1164 1327 5
1164 1465 15
1164 1617 13
1164 1696 16
1164 1789 4
1164 1794 10
1164 1901 4
1165 1173 11
1165 1254 8
1165 1486 19
1165 1547 20
1165 1550 16
1165 1570 11
1165 1659 8
1165 1830 18
1165 1965 14
1166 1287 12
1166 1292 14
1166 1404 2
1166 1440 6
1166 1502 13
1166 1592 14
1166 1593 17
1166 1685 19
1166 1731 13
1166 1852 12
1166 1880 4
1166 1920 20
1166 1963 15
1166 1971 5
1167 1265 19
1167 1278 13
1167 1285 9
1167 1290 14
1167 1292 5
1167 1359 12
1167 1431 13
1167 1501 14
1167 1507 5
1167 1616 17
1167 1639 7
1167 1688 10
1167 1698 16
1167 1710 6
1167 1772 14
1167 1774 9
1167 1828 10
1167 1846 4
1168 1468 10
1168 1626 15
1168 1806 16
1168 1844 10
1168 1949 11
1168 1954 6
1169 1279 14
1169 1325 12
1169 1341 8
1169 1380 1
1169 1423 18
1169 1545 17
1169 1599 19
1169 1642 20
1169 1820 12
1169 1927 18
1170 1357 3
1170 1572 17
1170 1624 10
1171 1186 15
1171 1236 17
1171 1403 17
1171 1637 7
1171 1646 1
1171 1938 11
1172 1286 4
1172 1382 18
1172 1390 20
1172 1402 7
1172 1598 15
1172 1679 13
1172 1706 5
1172 1708 9
1172 1866 17
1172 1876 1
1172 1917 19
1173 1180 1
1173 1198 13
1173 1374 17
1173 1454 3
1173 1457 19
1173 1580 4
1173 1684 7
1173 1828 18
1173 1900 8
1173 1932 17
1174 1181 4
1174 1220 3
1174 1424 13
1174 1517 19
1174 1520 7
1174 1713 13
1174 1764 8
1174 1806 10
1174 1888 5
1174 1955 8
1174 1979 13
1175 1249 18
1175 1307 18
1175 1313 13
1175 1450 2
1175 1572 9
1175 1610 13
1175 1724 12
1175 1885 7
1176 1189 14
1176 1220 6
1176 1292 12
1176 1301 13
1176 1348 5
1176 1541 11
1176 1594 4
1176 1621 3
1176 1766 16
1176 1936 15
1176 1987 12
1177 1326 9
1177 1413 16
1177 1428 6
1177 1571 9
1177 1908 16
1178 1195 13
1178 1265 12
1178 1296 16
1178 1331 18
1178 1565 16
1178 1904 9
1178 1930 9
1178 1960 13
1179 1404 9
1179 1422 6
1179 1445 1
1179 1451 17
1179 1509 1
1179 1643 5
1179 1669 13
1179 1854 12
1180 1264 1
1180 1381 9
1180 1490 10
1180 1548 10
1180 1553 20
1180 1741 18
1180 1834 2
1180 1851 8
1180 1895 7
1181 1195 11
1181 1214 4
1181 1362 13
1181 1372 5
1181 1398 3
1181 1498 8
1181 1582 1
1181 1645 18
1181 1681 2
1181 1697 19
1181 1994 7
1182 1315 9
1182 1698 11
1182 1954 9
1183 1238 11
1183 1296 9
1183 1354 8
1183 1376 5
1183 1391 13
1183 1606 12
1183 1664 16
1183 1676 13
1183 1834 14
1184 1233 1
1184 1397 8
1184 1441 19
1184 1442 10
1184 1466 17
1184 1589 3
1184 1619 9
1184 1687 16
1184 1754 5
1184 1769 11
1184 1853 8
1184 1866 20
1184 1873 20
1184 1902 17
1184 1942 4
1184 1968 20
1185 1193 2
1185 1205 15
1185 1224 10
1185 1239 16
1185 1328 11
1185 1367 17
1185 1377 19
1185 1545 13
1185 1571 7
1186 1269 6
1186 1283 18
1186 1457 13
1186 1523 2
1186 1629 18
1186 1632 20
1186 1764 13
1186 1871 20
1186 1961 9
1187 1319 15
1187 1427 20
1187 1601 5
1187 1621 10
1187 1748 12
1187 1945 8
1188 1249 2
1188 1324 16
1188 1515 6
1188 1675 8
1188 1917 14
1189 1272 7
1189 1293 6
1189 1311 18
1189 1452 11
1189 1929 8
1189 1987 1
1190 1247 20
1190 1331 11
1190 1335 14
1190 1574 9
1190 1727 3
1190 1766 3
1190 1932 9
1191 1418 9
1191 1544 20
1191 1648 15
1191 1690 11
1191 1705 13
1191 1806 13
1191 1842 13
1192 1319 3
1192 1335 9
1192 1434 7
1192 1465 3
1192 1798 9
1192 1882 13
1192 1952 4
1193 1195 8
1193 1306 12
1193 1356 14
1193 1380 10
1193 1495 2
1193 1563 3
1193 1641 14
1193 1714 12
1193 1745 6
1193 1843 10
1193 1879 14
1193 1921 15
1194 1278 19
1194 1297 5
1194 1300 16
1194 1311 20
1194 1376 11
1194 1498 13
1194 1532 20
1194 1586 3
1194 1637 14
1194 1957 12
1195 1218 18
1195 1443 14
1195 1652 13
1195 1665 4
1195 1711 10
1195 1786 5
1195 1790 2
1195 1900 6
1196 1235 19
1196 1314 3
1196 1493 19
1196 1607 7
1196 1688 15
1196 1700 18
1196 1817 1
1196 1867 3
1196 1882 8
1197 1426 5
1197 1481 18
1197 1697 18
1197 1788 16
1197 1807 20
1198 1229 12
1198 1273 2
1198 1621 3
1198 1671 5
1198 1683 20
1198 1806 19
1198 1869 3
1198 1916 5
1198 1931 20
1199 1228 1
1199 1229 19
1199 1307 20
1199 1310 9
1199 1362 7
1199 1446 20
1199 1471 15
1199 1714 11
1199 1722 5
1199 1733 19
1199 1841 14
1199 1948 7
1199 1993 10
1200 1230 4
1200 1367 20
1200 1604 12
1200 1896 11
1200 1949 8
1200 1958 13
1200 1998 2
1201 1339 2
1201 1353 15
1201 1461 4
1201 1584 19
1201 1585 10
1201 1804 1
1202 1505 3
1202 1556 1
1202 1580 11
1202 1821 3
1203 1230 11
1203 1385 3
1203 1501 10
1203 1553 16
1203 1872 8
1203 1918 7
1204 1281 6
1204 1343 4
1204 1748 2
1204 1898 9
1204 1918 1
1204 1990 4
1205 1295 3
1205 1314 20
1205 1416 7
1205 1435 17
1205 1439 17
1205 1491 20
1205 1494 5
1205 1736 7
1205 1946 4
1206 1276 1
1206 1348 2
1206 1396 10
1206 1421 3
1206 1431 19
1206 1449 7
1206 1598 19
1206 1688 20
1206 1783 20
1206 1784 16
1206 1818 12
1206 1975 4
1207 1317 17
1207 1327 13
1207 1352 17
1207 1425 17
1207 1524 18
1207 1539 18
1207 1732 14
1207 1810 10
1207 1843 8
1207 1908 10
1207 1977 9
1208 1234 20
1208 1332 15
1208 1344 10
1208 1397 11
1208 1405 15
1208 1476 14
1208 1497 11
1208 1517 11
1208 1560 10
1208 1742 8
1208 1766 6
1208 1851 4
1209 1242 4
1209 1367 17
1209 1409 4
1209 1608 20
1209 1622 15
1209 1638 9
1209 1739 10
1209 1782 8
1210 1255 4
1210 1376 17
1210 1440 16
1210 1494 1
1210 1828 1
1210 1867 19
1210 1868 9
1210 1911 1
1210 1964 12
1210 1994 16
1211 1368 4
1211 1370 19
1211 1444 15
1211 1568 6
1211 1617 17
1211 1663 1
1211 1862 14
1211 1918 5
1211 1919 6
1211 1931 11
1211 1950 5
1212 1255 1
1212 1262 20
1212 1337 20
1212 1443 18
1212 1708 14
1212 1848 14
1213 1224 19
1213 1321 5
1213 1333 3
1213 1447 4
1213 1599 20
1213 1783 13
1213 1784 11
1213 1972 1
1214 1285 1
1214 1443 19
1214 1449 3
1214 1516 1
1214 1717 5
1214 1839 10
1214 1900 3
1214 1958 18
1215 1246 9
1215 1285 8
1215 1352 11
1215 1507 3
1215 1538 6
1215 1579 6
1215 1592 8
1215 1600 4
1215 1632 10
1215 1824 5
1215 1874 10
1215 1972 10
1216 1402 1
1216 1557 10
1216 1571 4
1216 1667 15
1216 1706 17
1216 1913 20
1217 1223 14
1217 1295 19
1217 1346 5
1217 1414 19
1217 1826 19
1217 1887 6
1218 1320 13
1218 1365 15
1218 1472 4
1218 1553 18
1218 1585 9
1218 1645 3
1218 1678 8
1218 1783 1
1218 1829 6
1218 1859 18
1218 1945 17
1218 1948 12
1218 1969 5
1219 1419 1
1219 1481 3
1219 1502 9
1219 1590 11
1219 1692 12
1219 1782 19
1219 1792 2
1219 1810 16
1220 1536 18
1220 1604 6
1220 1611 18
1220 1690 6
1220 1707 20
1220 1784 11
1220 1864 20
1220 1891 8
1220 1893 7
1221 1346 20
1221 1541 6
1221 1582 20
1221 1706 1
1221 1710 1
1221 1832 18
1221 1840 10
1221 1914 4
1221 1982 20
1222 1569 1
1222 1571 11
1222 1585 2
1222 1738 11
1222 1749 4
1222 1767 2
1222 1830 13
1222 1845 18
1223 1324 12
1223 1391 13
1223 1637 11
1223 1781 16
1223 1786 10
1223 1939 11
1223 1943 9
1223 1959 11
1223 1963 11
1224 1452 6
1224 1508 2
1224 1516 18
1224 1757 6
1224 1849 19
1224 1852 5
1224 1988 11
1225 1504 19
1225 1536 15
1225 1728 16
1225 1762 8
1225 1885 7
1225 1931 20
1225 1936 9
1226 1592 11
1226 1880 12
1227 1320 2
1227 1521 19
1227 1547 3
1227 1755 9
1227 1764 11
1227 1867 9
1228 1291 8
1228 1328 15
1228 1356 16
1228 1429 3
1228 1482 4
1228 1656 2
1228 1669 10
1228 1670 5
1228 1716 7
1228 1940 10
1228 1988 20
1229 1301 3
1229 1372 16
1229 1581 1
1229 1679 17
1229 1683 11
1229 1707 7
1229 1823 1
1229 1890 14
1229 1951 15
1230 1393 13
1230 1606 10
1230 1787 4
1230 1820 11
1230 1828 3
1230 1843 4
1231 1275 7
1231 1317 18
1231 1325 11
1231 1343 8
1231 1352 8
1231 1486 12
1231 1697 10
1231 1774 2
1231 1815 20
1232 1474 6
1232 1569 16
1232 1694 20
1232 1713 3
1232 1805 7
1232 1920 14
1233 1446 10
1233 1902 6
1234 1282 16
1234 1406 17
1234 1452 4
1234 1535 3
1234 1584 3
1234 1746 10
1234 1748 9
1234 1751 2
1234 1990 14
1235 1279 6
1235 1293 16
1235 1313 16
1235 1365 2
1235 1545 9
1235 1681 3
1235 1772 13
1235 1785 2
1236 1939 3
1237 1395 14
1237 1408 7
1237 1472 3
1237 1618 3
1237 1619 11
1237 1642 16
1237 1671 17
1237 1769 20
1237 1793 17
1237 1882 15
1237 1913 12
1238 1403 17
1238 1577 18
1238 1615 11
1238 1641 5
1238 1804 9
1238 1821 12
1238 1887 10
1239 1456 18
1239 1470 13
1239 1571 10
1239 1807 16
1239 1886 7
1239 1925 12
1240 1247 19
1240 1317 17
1240 1548 12
1240 1552 18
1240 1587 2
1240 1858 12
1240 1928 11
1240 1982 1
1240 1990 3
1240 1991 11
1241 1246 3
1241 1261 14
1241 1312 2
1241 1388 4
1241 1486 20
1241 1490 12
1241 1692 10
1241 1711 6
1241 1851 8
1241 1961 7
1242 1355 13
1242 1463 18
1242 1512 10
1242 1594 3
1242 1782 6
1242 1859 17
1242 1927 17
1242 1970 13
1242 1978 9
1243 1245 13
1243 1316 12
1243 1413 15
1243 1462 1
1243 1518 15
1243 1528 4
1243 1672 19
1243 1747 11
1243 1843 2
1243 1882 18
1244 1344 17
1244 1564 4
1244 1608 1
1244 1737 7
1244 1769 4
1244 1817 5
1244 1976 19
1245 1334 6
1245 1392 19
1245 1398 9
1245 1490 9
1245 1825 18
1245 1910 19
1245 1940 6
1246 1250 19
1246 1753 3
1246 1800 4
1246 1832 4
1246 1863 17
1246 1868 14
1247 1297 3
1247 1493 10
1247 1553 9
1247 1599 5
1247 1670 5
1247 1808 19
1247 1955 1
1248 1249 13
1248 1268 12
1248 1534 20
1248 1777 15
1248 1901 5
1248 1927 11
1248 1999 7
1249 1356 6
1249 1611 18
1249 1806 1
1249 1821 15
1249 1926 5
1249 1943 5
1250 1283 16
1250 1309 2
1250 1335 16
1250 1592 4
1250 1640 20
1250 1688 3
1250 1749 8
1250 1916 18
1250 1968 11
1250 1975 1
1251 1381 5
1251 1456 2
1251 1604 1
1251 1643 13
1251 1682 17
1251 1701 9
1251 1760 20
1252 1400 11
1252 1434 3
1252 1518 11
1252 1610 12
1252 1706 12
1252 1822 8
1252 1906 20
1252 1975 3
1253 1303 9
1253 1321 3
1253 1388 10
1253 1409 20
1253 1410 5
1253 1425 9
1253 1529 18
1253 1546 10
1253 1574 2
1253 1605 12
1253 1617 5
1253 1653 7
1253 1672 13
1253 1699 14
1253 1844 11
1253 1984 7
1254 1360 17
1254 1435 7
1254 1479 4
1254 1705 12
1254 1708 15
1254 1815 19
1254 1899 7
1255 1400 1
1255 1512 3
1255 1739 19
1255 1936 16
1256 1418 8
1256 1514 4
1256 1762 5
1256 1800 13
1256 1861 14
1256 1936 3
1256 1940 11
1257 1281 12
1257 1329 7
1257 1524 15
1257 1577 7
1257 1775 5
1258 1357 9
1258 1365 7
1258 1378 18
1258 1401 11
1258 1510 15
1258 1659 16
1258 1918 17
1259 1267 1
1259 1384 16
1259 1493 13
1259 1766 8
1259 1802 10
1259 1828 15
1259 1896 11
1259 1933 9
1260 1284 13
1260 1388 5
1260 1431 1
1261 1287 8
1261 1296 17
1261 1316 11
1261 1356 5
1261 1366 17
1261 1432 14
1261 1447 1
1261 1527 9
1261 1802 10
1262 1351 13
1262 1603 17
1262 1678 1
1262 1808 13
1262 1835 7
1262 1887 1
1262 1964 8
1263 1561 1
1263 1737 5
1263 1794 7
1263 1803 5
1263 1967 15
1263 1982 7
1264 1357 10
1264 1360 17
1264 1420 17
1264 1554 1
1264 1832 5
1265 1269 16
1265 1388 7
1265 1415 1
1265 1417 8
1265 1456 16
1265 1538 9
1265 1549 7
1265 1677 8
1265 1821 19
1265 1966 2
1266 1403 19
1266 1608 4
1266 1821 5
1266 1923 9
1266 1938 3
1267 1505 1
1267 1699 10
1267 1730 20
1267 1732 4
1267 1835 1
1267 1890 14
1267 1973 4
1268 1293 17
1268 1373 9
1268 1574 13
1268 1686 18
1268 1737 17
1268 1817 13
1269 1416 4
1269 1536 3
1269 1870 13
1269 1911 13
1269 1930 3
1269 1999 19
1270 1274 12
1270 1480 15
1270 1671 3
1270 1704 4
1270 1751 10
1270 1795 17
1271 1306 3
1271 1349 9
1271 1450 17
1271 1570 18
1271 1770 10
1271 1925 11
1272 1540 12
1272 1732 8
1272 1783 6
1272 1880 17
1272 1933 12
1272 1991 17
1273 1503 10
1273 1528 9
1273 1660 20
1273 1700 9
1273 1875 8
1273 1958 13
1273 1976 2
1274 1335 16
1274 1454 7
1274 1483 4
1274 1619 2
1274 1809 9
1274 1842 17
1274 1846 8
1274 1921 13
1274 1929 10
1275 1358 18
1275 1445 2
1275 1558 17
1275 1603 5
1275 1782 5
1275 1794 12
1275 1870 19
1275 1982 10
1276 1405 4
1276 1642 11
1276 1654 4
1276 1672 18
1276 1678 7
1276 1746 6
1276 1756 5
1276 1925 11
1276 1975 1
1277 1320 14
1277 1345 18
1277 1385 11
1277 1401 6
1277 1424 19
1277 1548 18
1277 1917 16
1278 1346 10
1278 1402 13
1278 1452 10
1278 1496 16
1278 1515 15
1278 1792 14
1278 1808 16
1278 1817 10
1278 1838 18
1278 1900 20
1278 1978 19
1278 1981 6
1279 1415 8
1279 1442 2
1279 1444 9
1279 1514 20
1279 1552 1
1279 1728 20
1280 1424 1
1280 1685 12
1280 1762 5
1280 1817 13
1280 1905 5
1281 1313 15
1281 1353 3
1281 1361 15
1281 1692 8
1281 1720 10
1281 1912 6
1281 1938 4
1281 1976 18
1282 1302 3
1282 1343 14
1282 1634 20
1282 1843 17
1282 1860 20
1282 1869 8
1283 1391 20
1283 1395 5
1283 1396 1
1283 1489 17
1283 1529 9
1283 1580 19
1283 1783 4
1283 1804 6
1283 1815 2
1283 1832 1
1283 1833 19
1283 1955 15
1283 1994 16
1284 1298 16
1284 1311 3
1284 1399 11
1284 1474 1
1284 1579 13
1284 1593 2
1284 1619 11
1284 1660 15
1284 1678 17
1284 1681 11
1284 1966 14
1285 1476 2
1286 1290 14
1286 1342 6
1286 1476 3
1286 1617 13
1286 1645 6
1286 1919 12
1286 1926 9
1287 1372 8
1287 1435 6
1287 1453 5
1287 1485 17
1287 1581 17
1287 1642 7
1287 1830 13
1288 1476 14
1288 1493 6
1288 1607 10
1288 1844 6
1288 1856 17
1288 1984 4
1289 1295 13
1289 1329 11
1289 1409 11
1289 1604 11
1289 1728 8
1289 1851 13
1289 1866 17
1290 1310 12
1290 1439 18
1290 1523 6
1290 1538 18
1290 1546 12
1290 1739 7
1290 1780 5
1290 1800 17
1290 1830 15
1290 1907 18
1291 1594 13
1291 1709 8
1291 1725 11
1291 1752 8
1291 1754 10
1291 1925 15
1292 1313 18
1292 1446 4
1292 1511 3
1292 1542 2
1292 1629 15
1292 1773 8
1292 1962 10
1292 1983 9
1293 1327 12
1293 1336 13
1293 1569 13
1293 1807 8
1293 1848 8
1294 1323 14
1294 1359 3
1294 1852 17
1294 1899 20
1294 1960 14
1294 1984 16
1295 1344 17
1295 1645 5
1295 1646 17
1295 1798 14
1296 1447 6
1296 1480 17
1296 1501 14
1296 1574 14
1296 1671 9
1296 1775 3
1296 1784 20
1296 1803 20
1296 1815 8
1296 1818 20
1296 1856 17
1296 1907 8
1297 1389 19
1297 1534 13
1297 1634 12
1297 1924 17
1298 1474 13
1298 1505 15
1298 1996 17
1299 1419 20
1299 1492 16
1299 1755 13
1300 1378 1
1300 1420 12
1300 1481 10
1300 1544 7
1300 1548 11
1300 1625 3
1300 1719 16
1300 1723 19
1300 1997 8
1301 1346 19
1301 1623 5
1301 1658 8
1301 1707 20
1301 1737 6
1301 1751 13
1301 1934 16
1301 1983 19
1302 1378 7
1302 1417 8
1302 1595 3
1302 1696 17
1302 1698 18
1302 1737 16
1302 1761 17
1302 1813 5
1302 1869 12
1302 1884 12
1302 1902 2
1302 1926 4
1302 1936 5
1302 1985 7
1303 1469 19
1303 1600 12
1303 1694 12
1303 1897 20
1304 1335 2
1304 1428 16
1304 1490 17
1304 1495 13
1304 1547 1
1304 1571 1
1304 1590 3
1304 1785 20
1304 1850 12
1304 1856 3
1304 1857 9
1304 1882 8
1304 1884 2
1304 1925 4
1305 1346 15
1305 1484 1
1305 1608 7
1305 1756 13
1305 1906 1
1305 1959 13
1306 1344 4
1306 1423 16
1306 1647 10
1306 1699 18
1306 1711 8
1306 1895 17
1307 1376 17
1307 1384 6
1307 1469 13
1307 1481 5
1307 1499 8
1307 1523 12
1307 1614 14
1307 1631 4
1307 1713 13
1308 1424 10
1308 1451 20
1308 1482 10
1308 1516 1
1308 1532 17
1308 1720 12
1308 1754 19
1308 1779 14
1308 1888 20
1308 1947 11
1309 1387 8
1309 1475 6
1309 1555 18
1309 1705 18
1309 1766 13
1309 1861 7
1309 1887 14
1310 1337 18
1310 1453 7
1310 1739 19
1310 1831 13
1310 1849 8
1310 1920 7
1310 1965 8
1311 1357 10
1311 1368 12
1311 1388 15
1311 1427 6
1311 1593 5
1312 1473 2
1312 1644 8
1312 1773 20
1312 1815 1
1313 1338 7
1313 1637 8
1313 1662 10
1313 1793 20
1313 1827 6
1313 1837 16
1313 1850 11
1313 1957 12
1314 1404 15
1314 1463 7
1314 1483 17
1314 1592 16
1314 1780 19
1314 1791 2
1314 1939 9
1315 1581 11
1315 1657 6
1315 1701 11
1315 1729 20
1315 1745 2
1315 1894 6
1315 1992 5
1316 1380 14
1316 1512 10
1316 1556 9
1316 1849 14
1316 1958 19
1317 1433 19
1317 1669 19
1317 1717 7
1318 1542 18
1318 1582 10
1318 1610 2
1318 1844 20
1318 1872 14
1318 1888 1
1318 1978 6
1318 1993 7
1319 1333 1
1319 1447 9
1319 1908 16
1320 1411 11
1320 1624 17
1320 1816 5
1320 1895 14
1320 1978 7
1321 1653 6
1321 1822 1
1321 1851 4
1321 1963 14
1321 1978 15
1322 1330 3
1322 1456 17
1322 1516 9
1322 1615 12
1322 1644 3
1322 1664 2
1322 1682 8
1322 1708 2
1322 1780 3
1322 1850 1
1323 1362 3
1323 1494 3
1323 1659 12
1323 1775 20
1323 1792 13
1323 1902 5
1323 1924 13
1323 1935 9
1324 1354 20
1324 1479 1
1324 1614 5
1324 1640 19
1324 1690 11
1324 1834 14
1325 1426 19
1325 1550 15
1325 1680 15
1325 1767 4
1325 1768 18
1325 1837 14
1325 1921 10
1326 1444 12
1326 1501 8
1326 1512 5
1326 1836 4
1326 1898 7
1326 1899 9
1326 1920 11
1326 1962 2
1327 1334 18
1327 1354 20
1327 1568 5
1327 1815 15
1327 1823 4
1327 1893 3
1328 1360 2
1328 1380 1
1328 1411 13
1328 1731 19
1328 1998 14
1329 1343 14
1329 1433 7
1329 1478 18
1329 1533 14
1329 1568 7
1329 1802 11
1329 1948 2
1330 1331 6
1330 1376 6
1330 1378 19
1330 1694 5
1331 1382 18
1331 1460 2
1331 1470 7
1331 1520 4
1331 1555 8
1331 1732 7
1331 1997 10
1332 1338 5
1332 1466 9
1332 1635 15
1332 1657 1
1332 1693 4
1332 1791 11
1333 1419 11
1333 1449 13
1333 1582 16
1333 1741 3
1333 1857 18
1333 1972 13
1334 1513 14
1334 1533 10
1334 1571 16
1334 1577 13
1334 1641 8
1334 1738 7
1334 1739 6
1334 1759 16
1334 1777 14
1334 1843 17
1335 1351 16
1335 1360 9
1335 1381 3
1335 1535 14
1335 1537 1
1335 1769 3
1335 1790 3
1335 1810 14
1335 1985 5
1336 1373 1
1336 1417 5
1336 1454 9
1336 1817 4
1336 1829 4
1336 1872 6
1336 1889 18
1336 1900 19
1336 1976 1
1337 1393 1
1337 1480 9
1337 1727 17
1337 1825 16
1337 1881 17
1337 1919 14
1337 1986 10
1338 1435 6
1338 1524 7
1338 1614 5
1338 1724 5
1338 1949 2
1338 1950 11
1338 1974 20
1339 1380 2
1339 1417 13
1339 1449 17
1339 1539 15
1339 1713 7
1339 1748 3
1339 1948 2
1339 1968 5
1340 1577 5
1340 1685 17
1340 1984 18
1341 1436 11
1341 1505 17
1341 1540 15
1341 1568 20
1341 1646 15
1341 1664 18
1341 1716 1
1341 1805 9
1341 1822 18
1341 1996 15
1342 1389 18
1342 1528 1
1342 1585 1
1342 1620 12
1342 1648 10
1342 1723 2
1342 1879 11
1343 1629 4
1343 1864 8
1344 1348 4
1344 1484 6
1344 1519 5
1344 1641 9
1344 1663 7
1344 1767 2
1344 1901 19
1345 1365 16
1345 1448 3
1345 1510 7
1345 1555 2
1345 1639 7
1345 1649 4
1345 1764 6
1345 1777 18
1345 1991 4
1346 1360 5
1346 1537 13
1346 1547 11
1346 1804 13
1346 1908 6
1346 1940 2
1347 1417 1
1347 1729 18
1348 1355 4
1348 1544 17
1348 1609 13
1348 1770 10
1348 1902 12
1348 1975 9
1349 1468 12
1349 1570 7
1349 1637 16
1349 1727 5
1349 1824 11
1350 1576 19
1350 1609 17
1350 1684 15
1350 1748 3
1350 1805 14
1350 1893 11
1350 1899 15
1350 1979 7
1351 1508 20
1351 1513 6
1351 1518 11
1351 1597 3
1351 1653 12
1351 1856 4
1352 1371 12
1352 1447 8
1352 1513 7
1352 1525 15
1352 1655 6
1352 1711 12
1352 1761 20
1352 1807 7
1352 1826 11
1352 1838 3
1352 1892 9
1352 1932 20
1353 1412 14
1353 1730 17
1353 1943 1
1354 1453 1
1354 1472 20
1354 1586 12
1354 1702 1
1355 1371 1
1355 1629 14
1355 1662 14
1355 1730 8
1355 1822 14
1355 1845 20
1356 1383 1
1356 1559 3
1356 1739 14
1356 1846 6
1357 1443 18
1357 1519 20
1357 1575 1
1357 1583 16
1357 1623 17
1357 1835 2
1357 1901 11
1357 1989 17
1358 1610 5
1358 1701 9
1358 1794 20
1358 1831 15
1358 1871 13
1359 1558 6
1359 1575 11
1359 1649 10
1359 1672 3
1359 1675 17
1359 1865 5
1360 1413 10
1360 1497 11
1360 1501 8
1360 1633 1
1360 1718 7
1360 1854 4
1361 1546 7
1361 1555 15
1361 1675 14
1361 1718 16
1361 1842 16
1361 1865 5
1361 1930 6
1361 1960 12
1362 1398 8
1362 1807 13
1363 1513 15
1363 1557 8
1363 1566 1
1363 1630 9
1363 1691 11
1363 1720 16
1363 1808 16
1364 1554 19
1364 1664 1
1364 1761 5
1364 1774 19
1364 1829 9
1365 1661 5
1365 1768 9
1365 1836 20
1365 1880 18
1365 1996 20
1366 1410 10
1366 1438 6
1366 1441 8
1366 1612 10
1366 1619 12
1366 1701 12
1366 1813 11
1366 1950 9
1366 1967 14
1367 1452 1
1367 1522 10
1367 1540 11
1367 1611 2
1368 1653 6
1368 1813 16
1368 1835 19
1368 1853 11
1368 1929 12
1368 1934 20
1369 1425 14
1369 1586 13
1369 1622 18
1369 1705 14
1369 1824 17
1369 1907 17
1369 1996 13
1370 1439 14
1370 1483 16
1370 1566 11
1370 1622 5
1370 1636 19
1370 1638 19
1370 1671 10
1370 1718 20
1370 1912 4
1370 1951 4
1371 1377 12
1371 1427 16
1371 1484 10
1371 1511 14
1371 1513 15
1371 1599 17
1371 1687 2
1371 1757 3
1371 1774 3
1371 1803 4
1371 1877 8
1371 1970 19
1371 1996 19
1372 1481 10
1372 1535 8
1372 1750 20
1372 1756 16
1372 1848 17
1373 1401 4
1373 1433 9
1373 1540 5
1373 1668 10
1373 1788 8
1373 1935 6
1374 1468 7
1374 1594 8
1374 1609 15
1374 1624 15
1374 1628 9
1374 1657 10
1374 1674 14
1374 1798 13
1374 1833 2
1374 1894 18
1374 1960 13
1375 1580 4
1375 1624 8
1375 1666 19
1375 1820 17
1375 1970 19
1376 1488 10
1376 1570 9
1376 1813 6
1376 1978 20
1377 1424 14
1377 1614 17
1377 1650 11
1377 1944 1
1378 1385 10
1378 1392 20
1378 1530 16
1378 1553 11
1378 1657 3
1378 1660 7
1378 1685 1
1378 1855 11
1378 1866 20
1379 1413 19
1379 1495 20
1379 1536 12
1379 1647 3
1379 1711 11
1379 1749 4
1379 1763 9
1380 1553 16
1380 1663 2
1380 1772 4
1381 1384 9
1381 1411 2
1381 1413 11
1381 1454 3
1381 1506 5
1381 1571 12
1381 1760 20
1382 1390 20
1382 1425 3
1382 1660 18
1382 1796 20
1382 1825 19
1382 1867 4
1382 1927 17
1383 1610 11
1383 1974 6
1384 1409 1
1384 1425 19
1384 1665 6
1384 1699 1
1384 1834 4
1384 1966 6
1385 1523 14
1385 1530 17
1385 1777 4
1385 1784 11
1385 1803 10
1385 1982 8
1386 1507 5
1386 1549 1
1386 1581 18
1386 1697 18
1386 1748 1
1386 1796 4
1386 1900 14
1387 1806 17
1387 1883 5
1387 1977 11
1388 1399 18
1388 1426 1
1388 1428 10
1388 1578 14
1388 1705 20
1388 1709 4
1388 1869 5
1388 1947 11
1389 1396 5
1389 1813 1
1389 1911 10
1390 1666 7
1390 1882 19
1390 1939 13
1391 1460 3
1391 1533 19
1391 1672 1
1391 1675 12
1391 1899 5
1391 1982 5
1392 1457 19
1392 1879 9
1392 1904 15
1393 1491 9
1393 1560 2
1393 1570 3
1393 1648 4
1393 1785 20
1393 1812 17
1394 1515 7
1394 1528 9
1394 1553 2
1394 1607 9
1394 1653 2
1394 1955 3
1394 1984 2
1395 1536 19
1395 1716 9
1395 1894 11
1395 1990 4
1396 1526 7
1396 1583 16
1396 1671 19
1396 1794 4
1396 1951 1
1397 1502 2
1397 1601 10
1397 1602 18
1397 1692 1
1397 1931 18
1398 1598 11
1398 1789 19
1398 1924 6
1399 1857 1
1399 1906 10
1399 1916 12
1399 1967 8
1400 1532 20
1400 1674 2
1400 1688 9
1400 1918 9
1400 1932 13
1400 1971 13
1400 1980 11
1401 1460 15
1401 1577 1
1401 1580 6
1401 1677 2
1401 1798 16
1401 1800 1
1401 1901 3
1401 1936 10
1401 1939 2
1401 1997 16
1402 1627 14
1402 1688 11
1402 1933 1
1403 1577 9
1403 1628 8
1403 1874 13
1403 1902 10
1403 1914 16
1404 1448 18
1404 1518 11
1404 1531 3
1404 1873 7
1404 1940 6
1405 1530 16
1405 1569 8
1405 1625 20
1405 1686 3
1405 1763 18
1406 1418 8
1406 1434 9
1406 1471 14
1406 1552 4
1406 1571 5
1406 1575 7
1406 1787 2
1406 1842 4
1406 1897 9
1407 1416 12
1407 1447 6
1407 1602 4
1407 1658 13
1407 1891 13
1408 1458 6
1408 1482 4
1408 1607 10
1408 1627 9
1408 1648 13
1408 1696 1
1408 1761 3
1408 1777 12
1408 1812 6
1408 1880 11
1408 1989 14
1409 1569 7
1409 1577 2
1409 1905 11
1410 1491 20
1410 1492 2
1410 1556 8
1410 1703 13
1410 1728 15
1410 1743 8
1410 1799 14
1411 1464 9
1411 1659 2
1411 1880 7
1411 1979 17
1412 1588 14
1412 1616 19
1412 1765 2
1412 1940 12
1413 1501 11
1413 1521 9
1413 1551 13
1413 1584 10
1413 1692 20
1413 1885 18
1413 1948 4
1414 1664 18
1414 1743 9
1414 1827 10
1414 1945 5
1415 1419 2
1415 1442 3
1415 1452 14
1415 1469 15
1415 1507 1
1415 1514 10
1415 1565 13
1415 1578 2
1415 1715 10
1415 1988 16
1416 1499 16
1416 1515 14
1416 1526 20
1416 1863 4
1416 1944 15
1416 1973 17
1416 1993 11
1417 1677 3
1417 1790 12
1417 1857 16
1418 1505 2
1418 1718 20
1418 1751 10
1418 1759 12
1418 1871 19
1419 1552 5
1419 1794 14
1420 1581 10
1420 1723 19
1421 1568 5
1421 1613 15
1421 1636 14
1421 1689 13
1421 1706 16
1421 1721 4
1421 1752 10
1421 1973 2
1422 1503 20
1422 1591 1
1422 1697 9
1422 1813 5
1422 1913 19
1422 1925 19
1422 1970 12
1423 1483 8
1423 1484 17
1423 1516 1
1423 1600 19
1423 1697 9
1423 1867 9
1423 1881 13
1424 1538 5
1424 1613 6
1424 1690 17
1424 1691 5
1424 1730 2
1424 1775 2
1424 1826 13
1424 1951 13
1424 1954 11
1424 1994 4
1425 1546 6
1425 1556 18
1425 1626 7
1425 1982 1
1426 1427 3
1426 1460 14
1426 1609 13
1426 1780 6
1426 1868 7
1426 1938 15
1426 1962 14
1427 1513 14
1427 1737 8
1427 1850 14
1427 1912 1
1427 1968 19
1428 1569 3
1428 1602 15
1428 1631 4
1428 1684 9
1428 1737 12
1428 1749 17
1428 1964 4
1429 1450 16
1429 1543 9
1429 1678 1
1430 1454 3
1430 1521 6
1430 1780 4
1430 1814 20
1430 1880 7
1430 1928 13
1431 1437 2
1431 1507 12
1431 1634 4
1431 1909 14
1431 1922 17
1431 1987 16
1432 1447 8
1432 1449 3
1432 1584 17
1432 1652 7
1432 1661 6
1432 1871 20
1432 1941 11
1433 1495 6
1433 1515 5
1433 1535 11
1433 1625 14
1433 1734 19
1433 1823 18
1433 1824 7
1433 1977 7
1434 1462 8
1434 1545 12
1434 1754 16
1434 1855 16
1434 1876 2
1435 1488 11
1435 1641 6
1435 1668 8
1435 1670 5
1435 1872 6
1436 1459 8
1436 1685 15
1436 1688 4
1436 1788 7
1436 1960 18
1436 1967 19
1436 1995 4
1437 1516 16
1437 1732 3
1437 1919 14
1437 1959 5
1438 1503 6
1438 1551 4
1438 1680 13
1438 1735 13
1438 1813 15
1438 1827 4
1438 1954 11
1439 1520 5
1439 1568 2
1439 1653 16
1439 1800 16
1439 1926 15
1439 1930 12
1440 1520 8
1440 1632 6
1440 1658 20
1440 1840 11
1440 1904 9
1441 1509 6
1441 1518 15
1441 1519 12
1441 1579 20
1441 1770 10
1441 1952 8
1442 1498 11
1442 1612 1
1442 1654 3
1442 1681 11
1442 1683 5
1442 1921 19
1442 1974 9
1443 1815 11
1443 1876 20
1443 1916 7
1443 1942 15
1444 1471 18
1444 1503 17
1444 1701 13
1445 1451 17
1445 1582 8
1445 1595 1
1445 1604 19
1445 1647 5
1445 1813 8
1445 1842 3
1445 1934 19
1445 1975 18
1446 1464 18
1446 1544 15
1446 1568 8
1446 1793 3
1446 1905 12
1447 1657 11
1447 1668 13
1447 1770 9
1447 1783 15
1447 1890 6
1448 1520 18
1448 1579 7
1448 1626 9
1448 1631 10
1448 1726 8
1448 1815 10
1448 1820 12
1448 1880 9
1448 1928 6
1448 1931 12
1448 1951 4
1448 1994 12
1449 1536 9
1449 1560 8
1450 1486 7
1450 1649 5
1450 1730 7
1450 1785 8
1450 1846 7
1451 1706 1
1451 1947 17
1451 1963 17
1452 1781 13
1453 1877 6
1454 1721 13
1455 1480 15
1455 1551 3
1455 1568 19
1455 1659 8
1455 1757 6
1455 1869 1
1455 1910 6
1455 1917 14
1455 1973 18
1456 1514 12
1456 1549 16
1456 1557 11
1456 1580 5
1456 1624 4
1456 1676 14
1456 1681 17
1456 1725 7
1456 1765 10
1456 1774 6
1456 1803 14
1457 1494 6
1457 1665 18
1457 1961 9
1458 1605 18
1458 1621 4
1458 1627 6
1458 1730 12
1458 1775 19
1459 1550 13
1459 1763 7
1459 1774 2
1459 1820 10
1460 1752 13
1460 1770 1
1460 1903 1
1460 1961 8
1461 1615 3
1461 1642 10
1461 1644 4
1461 1706 6
1461 1762 4
1461 1764 16
1462 1596 15
1462 1693 12
1462 1702 12
1462 1868 10
1463 1620 4
1463 1664 14
1463 1694 2
1463 1727 20
1463 1923 1
1464 1663 14
1464 1687 18
1464 1765 2
1464 1905 18
1464 1906 13
1465 1476 9
1465 1695 15
1465 1722 11
1465 1724 6
1465 1745 12
1465 1760 5
1465 1816 8
1465 1949 14
1465 1993 14
1466 1553 19
1466 1565 7
1466 1700 3
1466 1717 9
1467 1542 15
1467 1552 4
1467 1798 15
1467 1837 20
1467 1845 1
1467 1894 17
1467 1923 7
1468 1476 17
1468 1510 20
1468 1568 2
1468 1668 10
1468 1696 6
1468 1749 3
1468 1793 15
1468 1883 7
1468 1942 1
1468 1965 4
1469 1825 19
1470 1514 5
1470 1669 20
1470 1707 2
1470 1869 12
1470 1909 13
1471 1532 10
1471 1609 15
1471 1622 5
1471 1738 7
1472 1522 9
1472 1909 13
1472 1919 13
1472 1940 13
1472 1953 8
1473 1484 5
1473 1488 13
1473 1514 10
1473 1605 5
1473 1765 17
1473 1813 1
1473 1835 8
1473 1941 13
1474 1900 12
1474 1962 5
1475 1515 8
1475 1620 18
1475 1700 20
1475 1764 20
1475 1915 11
1475 1942 11
1475 1944 13
1476 1554 4
1476 1734 19
1477 1534 5
1477 1559 19
1477 1776 11
1477 1803 5
1477 1805 15
1477 1822 8
1477 1862 19
1477 1946 13
1478 1562 16
1478 1781 2
1478 1789 10
1479 1587 13
1479 1681 20
1479 1780 11
1479 1874 13
1479 1941 7
1480 1551 14
1480 1575 5
1480 1701 10
1480 1779 13
1480 1966 11
1481 1566 18
1481 1715 11
1481 1823 19
1481 1872 15
1482 1494 13
1482 1590 4
1482 1823 12
1483 1525 1
1483 1526 17
1483 1678 4
1483 1705 10
1483 1707 13
1484 1485 8
1484 1494 12
1484 1622 17
1484 1674 15
1484 1714 18
1484 1812 1
1484 1987 13
1484 1991 6
1485 1513 3
1485 1553 3
1485 1575 1
1485 1654 20
1485 1957 19
1486 1538 14
1486 1637 7
1486 1651 16
1486 1852 19
1486 1882 8
1486 1959 2
1486 1988 8
1487 1564 8
1487 1645 17
1487 1720 8
1487 1750 4
1487 1797 9
1487 1803 7
1487 1870 15
1487 1904 6
1488 1579 4
1488 1634 8
1488 1641 6
1488 1644 12
1488 1730 4
1488 1769 10
1488 1861 6
1489 1549 19
1489 1550 13
1489 1678 11
1489 1728 19
1489 1777 17
1489 1786 19
1489 1906 15
1490 1896 12
1490 1938 17
1490 1947 20
1491 1503 9
1491 1512 17
1492 1582 2
1492 1635 4
1492 1668 12
1492 1699 7
1492 1762 7
1492 1792 17
1492 1879 7
1493 1511 14
1493 1567 15
1493 1725 10
1493 1903 12
1493 1959 10
1493 1964 8
1494 1581 18
1494 1638 11
1494 1682 3
1494 1859 19
1494 1937 3
1495 1532 3
1495 1645 12
1495 1667 6
1495 1686 18
1495 1705 2
1495 1747 20
1495 1770 14
1495 1857 13
1496 1693 17
1496 1754 13
1496 1767 3
1496 1783 17
1496 1966 16
1496 1974 2
1497 1731 10
1497 1810 19
1497 1931 19
1497 1943 19
1498 1502 7
1498 1517 14
1498 1593 13
1498 1751 7
1498 1762 8
1498 1782 16
1498 1823 2
1499 1552 16
1499 1598 12
1499 1648 4
1499 1667 10
1499 1916 6
1499 1940 10
1499 1949 12
1500 1559 8
1500 1594 5
1500 1656 3
1500 1676 17
1500 1797 10
1500 1824 20
1500 1835 1
1500 1922 4
1500 1943 14
1500 1968 5
1501 1727 15
1501 1728 18
1502 1524 3
1502 1578 13
1502 1732 15
1502 1804 4
1502 1889 1
1502 1970 3
1502 1993 20
1503 1570 7
1504 1545 10
1504 1588 20
1504 1804 1
1505 1706 3
1505 1748 16
1505 1907 7
1506 1554 10
1506 1601 7
1506 1646 3
1506 1776 16
1506 1798 16
1506 1839 12
1506 1968 16
1507 1562 1
1507 1699 20
1507 1733 17
1507 1860 8
1507 1875 2
1507 1964 5
1508 1528 4
1508 1541 10
1508 1628 14
1508 1818 8
1508 1854 9
1508 1887 20
1509 1569 12
1509 1637 8
1509 1799 14
1509 1818 7
1510 1576 12
1511 1573 19
1511 1734 14
1511 1773 2
1511 1881 5
1511 1907 17
1512 1805 10
1512 1850 13
1513 1615 5
1513 1700 4
1513 1724 3
1513 1798 2
1513 1804 13
1513 1966 18
1514 1538 18
1514 1572 11
1515 1716 18
1515 1791 17
1516 1738 7
1516 1763 9
1516 1779 17
1516 1788 15
1516 1843 8
1516 1972 13
1517 1719 1
1517 1744 13
1517 1848 3
1517 1913 1
1517 1953 11
1517 1973 14
1518 1655 18
1518 1657 19
1518 1694 4
1518 1713 8
1518 1780 18
1518 1811 20
1518 1985 17
1519 1565 8
1519 1740 17
1519 1778 15
1519 1894 5
1520 1677 16
1520 1702 6
1520 1720 19
1520 1783 12
1520 1900 11
1520 1974 20
1521 1584 18
1521 1696 3
1521 1818 20
1521 1856 8
1521 1872 17
1521 1938 19
1522 1776 1
1523 1533 18
1523 1536 7
1523 1863 2
1524 1695 5
1524 1697 20
1524 1711 18
1524 1750 19
1524 1758 11
1524 1828 14
1524 1842 17
1524 1928 16
1524 1967 7
1524 1999 11
1525 1579 5
1525 1738 14
1525 1790 13
1525 1835 14
1526 1549 12
1526 1555 20
1526 1586 20
1526 1590 9
1526 1660 9
1526 1750 1
1527 1550 14
1527 1745 1
1527 1791 1
1527 1858 15
1527 1908 7
1528 1582 2
1528 1602 12
1528 1688 18
1528 1801 2
1529 1542 15
1529 1549 10
1529 1556 15
1529 1604 13
1529 1687 7
1529 1760 1
1529 1764 18
1529 1796 10
1529 1890 2
1529 1951 10
1530 1596 16
1530 1633 2
1530 1804 18
1530 1822 17
1530 1880 13
1530 1891 6
1530 1901 6
1530 1932 14
1530 1976 6
1531 1589 17
1531 1878 16
1531 1904 7
1532 1665 16
1532 1927 4
1533 1655 8
1533 1679 2
1533 1968 2
1534 1597 14
1534 1821 2
1534 1879 15
1534 1989 6
1535 1538 3
1535 1590 20
1535 1704 10
1535 1755 17
1535 1902 4
1535 1914 16
1535 1929 16
1536 1565 2
1536 1614 15
1536 1735 4
1536 1882 15
1537 1555 9
1537 1630 17
1537 1637 15
1537 1660 9
1537 1882 2
1537 1978 5
1538 1637 15
1538 1652 3
1538 1702 5
1538 1808 5
1538 1876 20
1538 1955 5
1539 1604 4
1539 1724 9
1539 1796 20
1539 1823 19
1539 1963 19
1539 1980 8
1539 1984 5
1540 1595 1
1540 1629 11
1540 1712 11
1540 1835 16
1540 1855 19
1540 1943 14
1541 1826 4
1541 1847 19
1541 1924 19
1542 1553 18
1542 1971 20
1542 1978 7
1543 1690 18
1543 1791 1
1543 1819 14
1543 1880 19
1544 1695 20
1544 1742 20
1544 1807 7
1544 1885 10
1544 1905 16
1544 1957 16
1545 1636 7
1545 1771 20
1545 1780 9
1545 1980 14
1546 1551 5
1546 1698 20
1546 1763 9
1546 1821 20
1546 1959 3
1547 1611 10
1547 1853 16
1548 1551 16
1548 1672 12
1548 1731 1
1548 1738 1
1549 1746 7
1549 1929 2
1549 1990 10
1550 1619 10
1550 1706 13
1551 1552 9
1551 1622 9
1551 1750 11
1551 1758 15
1552 1557 12
1552 1637 7
1552 1686 16
1552 1703 20
1552 1773 11
1552 1851 12
1552 1924 16
1552 1953 15
1553 1656 16
1553 1763 15
1553 1955 10
1554 1578 4
1554 1736 18
1554 1875 9
1555 1598 8
1555 1641 17
1555 1714 10
1555 1776 11
1555 1823 6
1555 1824 12
1556 1560 5
1556 1747 2
1556 1756 8
1556 1838 9
1556 1842 4
1557 1570 10
1557 1779 11
1557 1973 12
1558 1573 8
1558 1590 7
1558 1689 20
1558 1801 8
1558 1829 10
1559 1694 7
1559 1733 6
1559 1740 4
1560 1565 11
1560 1619 4
1560 1699 1
1560 1928 15
1561 1714 4
1561 1758 18
1561 1790 7
1561 1826 14
1561 1830 18
1561 1929 14
1561 1984 14
1562 1589 17
1562 1637 3
1562 1834 18
1562 1887 3
1562 1973 3
1562 1999 18
1563 1587 16
1563 1616 6
1563 1800 13
1563 1802 6
1563 1827 2
1563 1894 15
1563 1920 20
1564 1620 19
1564 1692 18
1564 1810 6
1564 1841 7
1564 1898 2
1564 1984 18
1565 1689 20
1565 1832 17
1565 1934 4
1566 1854 20
1567 1791 18
1567 1838 16
1567 1957 1
1567 1985 13
1568 1573 9
1568 1680 20
1568 1768 5
1568 1988 16
1569 1642 10
1569 1648 18
1569 1704 17
1569 1960 7
1570 1754 3
1570 1761 16
1570 1802 2
1570 1907 17
1570 1992 9
1571 1939 1
1572 1575 2
1572 1653 4
1572 1696 19
1572 1717 20
1572 1785 19
1572 1919 7
1573 1652 17
1573 1762 5
1573 1779 3
1573 1821 14
1573 1869 16
1573 1950 8
1574 1604 17
1574 1801 12
1575 1720 20
1575 1805 9
1575 1925 9
1576 1618 17
1576 1740 7
1576 1999 3
1577 1614 10
1577 1654 16
1577 1710 11
1578 1584 9
1578 1778 18
1578 1955 3
1579 1776 2
1580 1606 14
1580 1945 8
1580 1983 16
1580 1990 9
1581 1712 11
1581 1768 20
1581 1874 15
1581 1954 16
1583 1694 15
1583 1914 5
1584 1865 3
1584 1939 18
1584 1941 7
1584 1974 20
1585 1665 19
1585 1723 20
1585 1769 20
1585 1845 3
1586 1665 6
1586 1673 5
1587 1603 17
1587 1664 20
1587 1752 14
1587 1788 8
1587 1815 14
1587 1818 14
1587 1845 16
1587 1847 1
1587 1893 11
1587 1993 6
1588 1737 13
1588 1739 5
1588 1821 18
1589 1669 20
1589 1772 12
1589 1792 3
1589 1876 16
1589 1882 5
1589 1953 6
1590 1597 15
1590 1693 18
1590 1716 13
1590 1745 11
1590 1770 13
1590 1806 20
1590 1972 11
1591 1613 17
1591 1667 17
1591 1695 15
1591 1731 1
1591 1836 12
1591 1911 1
1591 1957 4
1592 1605 9
1592 1624 10
1592 1745 10
1592 1795 6
1592 1977 19
1593 1610 13
1593 1735 20
1593 1767 14
1593 1934 15
1593 1998 2
1594 1803 6
1594 1874 17
1594 1929 6
1594 1947 12
1594 1976 17
1595 1652 9
1595 1706 1
1596 1681 13
1596 1984 5
1596 1996 19
1597 1909 16
1598 1742 20
1599 1606 18
1599 1646 18
1599 1860 13
1600 1631 12
1600 1736 2
1600 1745 19
1600 1752 13
1600 1773 13
1600 1834 5
1600 1877 19
1600 1958 15
1600 1985 20
1600 1987 14
1601 1610 2
1601 1657 10
1601 1664 17
1601 1719 19
1601 1782 19
1601 1789 1
1602 1731 2
1602 1849 14
1602 1874 18
1603 1622 5
1603 1739 4
1603 1866 6
1603 1896 19
1603 1956 20
1603 1979 8
1604 1827 6
1604 1882 14
1604 1988 16
1605 1625 12
1605 1783 16
1605 1818 13
1605 1833 4
1605 1936 14
1605 1985 19
1607 1670 1
1607 1679 13
1608 1674 5
1608 1733 12
1608 1772 2
1608 1817 11
1608 1879 14
1608 1983 8
1609 1684 19
1609 1812 1
1609 1883 15
1609 1977 19
1610 1685 3
1610 1719 10
1610 1852 15
1610 1887 3
1610 1909 3
1611 1626 13
1611 1629 8
1611 1631 19
1611 1724 18
1611 1756 11
1611 1862 11
1611 1887 5
1611 1973 3
1612 1657 5
1612 1710 7
1612 1781 5
1612 1822 12
1613 1663 13
1613 1672 15
1613 1740 18
1613 1859 1
1613 1895 8
1615 1851 19
1615 1911 6
1615 1963 6
1616 1680 11
1616 1910 8
1616 1974 12
1617 1629 20
1617 1680 6
1617 1895 3
1617 1941 3
1617 1955 2
1618 1677 7
1618 1850 19
1618 1892 14
1618 1902 15
1619 1751 10
1619 1825 12
1619 1857 12
1619 1894 15
1620 1821 6
1620 1876 12
1621 1683 10
1621 1710 3
1621 1711 13
1621 1838 11
1621 1891 10
1621 1916 17
1622 1780 6
1622 1806 15
1622 1808 15
1623 1666 5
1623 1796 11
1624 1825 5
1625 1674 1
1625 1716 10
1625 1855 6
1625 1962 17
1626 1698 14
1626 1745 5
1626 1761 3
1626 1773 11
1626 1841 19
1626 1874 10
1626 1914 9
1627 1632 10
1627 1744 20
1627 1813 6
1627 1831 10
1628 1657 3
1628 1776 15
1628 1819 20
1629 1688 4
1629 1728 19
1629 1979 9
1630 1668 4
1630 1806 4
1631 1725 12
1631 1831 11
1632 1837 6
1632 1851 7
1633 1653 12
1634 1757 12
1634 1824 5
1634 1845 6
1634 1871 2
1635 1694 11
1635 1767 6
1635 1872 10
1635 1904 2
1636 1655 7
1636 1811 6
1636 1972 9
1637 1665 7
1637 1904 2
1638 1673 3
1638 1727 12
1638 1938 12
1639 1720 17
1639 1737 4
1639 1875 14
1639 1895 14
1640 1668 6
1640 1681 6
1640 1700 11
1640 1795 6
1640 1841 20
1640 1935 19
1640 1939 19
1640 1948 12
1641 1750 4
1641 1929 5
1641 1932 7
1642 1643 16
1642 1738 19
1642 1739 7
1642 1850 14
1643 1704 7
1643 1747 12
1643 1760 12
1643 1967 17
1643 1984 13
1643 1993 15
1644 1697 12
1644 1829 3
1644 1923 13
1644 1990 15
1645 1672 14
1645 1837 1
1645 1988 7
1646 1830 6
1647 1661 16
1647 1760 10
1648 1883 7
1648 1892 18
1649 1768 20
1649 1883 10
1649 1960 7
1649 1989 10
1650 1724 19
1650 1831 19
1650 1841 7
1650 1882 6
1650 1893 4
1651 1726 9
1652 1690 2
1652 1735 4
1652 1795 17
1653 1682 1
1653 1724 5
1653 1848 1
1653 1949 9
1653 1969 14
1654 1804 1
1654 1832 2
1654 1964 14
1654 1966 4
1655 1709 17
1656 1696 18
1656 1769 9
1656 1843 14
1657 1696 13
1657 1893 19
1658 1664 6
1658 1980 2
1659 1755 13
1659 1809 13
1659 1863 18
1660 1719 19
1660 1736 2
1660 1863 12
1660 1921 1
1660 1936 5
1660 1985 12
1661 1786 2
1661 1931 6
1661 1957 11
1661 1994 16
1662 1692 8
1662 1866 2
1662 1875 17
1662 1918 14
1663 1665 19
1663 1676 14
1663 1748 13
1663 1844 7
1664 1724 16
1664 1931 3
1665 1669 3
1665 1779 7
1665 1845 15
1665 1874 13
1665 1954 3
1665 1955 13
1665 1971 11
1666 1746 7
1666 1840 11
1666 1872 5
1666 1945 14
1667 1719 4
1668 1682 13
1668 1870 11
1669 1751 14
1669 1862 13
1669 1892 18
1669 1936 1
1669 1960 2
1670 1679 11
1670 1721 14
1670 1725 7
1670 1824 6
1671 1715 9
1671 1741 20
1671 1834 12
1671 1961 7
1672 1688 5
1672 1718 1
1672 1741 18
1672 1850 10
1673 1879 10
1674 1734 8
1674 1749 13
1674 1761 2
1674 1929 1
1674 1962 8
1675 1721 12
1675 1832 13
1675 1964 5
1676 1678 3
1676 1862 20
1677 1855 15
1677 1865 18
1677 1894 11
1677 1901 10
1677 1973 20
1678 1822 18
1678 1921 18
1678 1973 18
1678 1975 5
1679 1682 4
1679 1917 12
1679 1979 18
1680 1818 3
1681 1714 20
1681 1821 4
1681 1900 12
1681 1919 5
1681 1954 3
1681 1993 14
1682 1740 4
1682 1750 13
1682 1780 8
1684 1827 13
1685 1736 20
1685 1768 17
1685 1822 3
1685 1860 2
1685 1998 16
1686 1756 19
1686 1839 20
1687 1967 18
1688 1868 4
1689 1747 12
1689 1809 6
1690 1698 13
1690 1805 12
1690 1864 17
1690 1893 6
1691 1719 5
1691 1731 5
1692 1757 5
1692 1855 19
1692 1901 10
1692 1936 13
1692 1969 16
1692 1984 2
1693 1896 11
1693 1937 8
1694 1719 16
1694 1805 3
1694 1828 15
1695 1774 15
1695 1881 3
1695 1976 3
1696 1748 19
1696 1828 19
1696 1972 15
1697 1806 1
1698 1702 9
1698 1760 4
1698 1852 1
1700 1724 14
1700 1860 13
1701 1955 13
1702 1766 6
1702 1958 9
1703 1827 18
1703 1829 8
1703 1911 6
1704 1885 18
1705 1771 14
1705 1842 19
1705 1987 12
1706 1745 17
1706 1846 8
1706 1893 11
1706 1961 12
1708 1730 4
1708 1731 6
1708 1761 5
1708 1807 16
1708 1898 6
1708 1958 9
1709 1944 16
1710 1809 14
1710 1895 18
1710 1966 6
1711 1793 2
1711 1803 2
1711 1982 20
1712 1761 8
1713 1764 7
1713 1767 4
1713 1969 12
1714 1797 14
1714 1999 6
1715 1873 4
1715 1925 11
1715 1962 20
1716 1998 15
1717 1979 11
1718 1744 5
1718 1842 14
1719 1765 9
1719 1771 14
1719 1892 11
1719 1981 6
1720 1753 13
1720 1805 3
1720 1840 10
1721 1869 15
1721 1909 9
1721 1912 5
1721 1943 20
1722 1800 7
1722 1823 18
1722 1847 10
1722 1868 3
1722 1918 8
1722 1926 12
1722 1946 15
1723 1939 15
1723 1961 14
1724 1863 5
1724 1881 9
1724 1886 14
1725 1728 4
1725 1779 5
1725 1889 3
1725 1893 18
1727 1784 11
1727 1817 8
1727 1841 16
1727 1869 20
1727 1893 14
1728 1748 14
1728 1872 3
1728 1889 4
1728 1908 16
1729 1747 17
1729 1765 5
1729 1812 11
1729 1864 5
1729 1891 6
1730 1877 3
1730 1898 10
1730 1912 17
1730 1971 7
1731 1734 4
1731 1791 16
1731 1955 16
1732 1847 11
1732 1850 7
1732 1893 1
1733 1757 1
1733 1792 5
1733 1828 7
1734 1807 4
1735 1796 14
1735 1883 16
1735 1987 16
1736 1770 20
1736 1965 16
1737 1782 5
1737 1825 11
1738 1880 10
1738 1980 4
1740 1842 1
1740 1897 4
1741 1786 3
1741 1807 19
1741 1888 20
1741 1940 20
1741 1970 9
1742 1809 20
1742 1996 9
1743 1977 17
1744 1772 1
1744 1796 18
1744 1904 17
1745 1752 3
1745 1863 1
1745 1942 6
1746 1752 7
1746 1898 16
1746 1912 10
1746 1966 2
1747 1873 13
1748 1765 17
1749 1843 4
1750 1857 13
1750 1866 8
1750 1934 8
1751 1924 9
1751 1937 7
1752 1992 7
1753 1814 4
1753 1859 16
1753 1872 5
1753 1965 7
1753 1972 13
1754 1983 18
1755 1794 13
1755 1942 2
1755 1998 6
1756 1758 18
1756 1763 2
1756 1829 6
1756 1962 3
1756 1970 20
1757 1815 9
1757 1965 4
1758 1800 14
1758 1990 18
1759 1817 4
1759 1853 6
1760 1823 17
1760 1865 5
1760 1921 16
1760 1955 20
1761 1846 6
1762 1765 17
1763 1977 17
1764 1795 19
1764 1936 16
1765 1860 8
1765 1882 13
1766 1775 4
1766 1927 14
1767 1842 5
1767 1843 17
1767 1904 10
1767 1905 6
1768 1790 4
1768 1793 2
1768 1967 10
1768 1992 20
1769 1812 3
1770 1854 10
1772 1816 14
1772 1840 9
1772 1864 8
1772 1896 4
1772 1901 5
1772 1922 1
1773 1855 1
1773 1926 13
1774 1789 3
1774 1808 3
1774 1871 15
1774 1927 20
1775 1783 9
1775 1881 19
1776 1790 9
1776 1848 13
1777 1814 17
1777 1885 15
1777 1946 7
1777 1969 12
1779 1824 19
1780 1831 20
1780 1877 11
1780 1878 19
1780 1914 10
1782 1852 4
1782 1903 4
1782 1984 5
1783 1831 12
1783 1924 16
1783 1965 8
1783 1974 2
1784 1786 17
1784 1788 10
1784 1829 19
1784 1879 15
1784 1940 12
1784 1943 8
1784 1957 18
1785 1799 8
1785 1811 19
1785 1816 19
1785 1882 14
1785 1884 10
1785 1897 12
1785 1900 7
1785 1932 4
1785 1936 18
1785 1940 18
1786 1817 20
1786 1921 17
1786 1938 17
1787 1847 19
1787 1891 10
1787 1974 7
1787 1988 8
1789 1807 18
1790 1869 4
1791 1832 14
1791 1889 10
1792 1889 16
1793 1911 17
1794 1874 2
1796 1910 17
1797 1879 15
1797 1940 5
1798 1928 10
1798 1974 14
1799 1875 12
1799 1880 8
1800 1810 12
1800 1920 14
1801 1841 14
1802 1975 20
1802 1994 12
1803 1923 14
1803 1935 17
1804 1859 16
1804 1898 18
1804 1952 15
1805 1981 10
1806 1813 10
1806 1816 11
1806 1908 4
1807 1839 1
1808 1907 13
1808 1946 18
1809 1893 7
1809 1978 14
1810 1861 19
1810 1871 11
1810 1993 13
1811 1890 19
1811 1921 12
1812 1864 17
1813 1983 6
1814 1818 2
1814 1827 2
1814 1889 10
1814 1913 19
1816 1945 10
1817 1871 8
1817 1929 15
1817 1957 12
1818 1881 16
1818 1884 19
1819 1834 20
1823 1901 13
1823 1943 9
1824 1849 5
1824 1913 1
1825 1971 16
1827 1892 3
1828 1842 3
1829 1878 20
1829 1922 6
1829 1933 9
1830 1939 15
1832 1850 15
1832 1888 18
1833 1853 9
1833 1895 17
1834 1855 7
1836 1861 2
1836 1872 7
1836 1884 19
1838 1911 8
1839 1852 19
1839 1983 8
1839 1995 1
1840 1924 15
1840 1947 20
1841 1861 6
1841 1872 6
1841 1897 12
1843 1993 12
1845 1848 14
1847 1880 20
1848 1868 5
1848 1903 18
1848 1967 13
1849 1931 10
1849 1943 4
1850 1852 14
1853 1882 18
1853 1908 11
1853 1946 19
1853 1964 9
1854 1985 6
1855 1887 6
1855 1914 7
1856 1929 16
1856 1974 1
1857 1918 14
1857 1957 13
1857 1995 20
1858 1931 6
1858 1989 1
1859 1936 15
1860 1880 17
1860 1885 11
1861 1906 16
1862 1955 5
1863 1908 12
1864 1956 2
1865 1899 14
1865 1954 19
1866 1918 14
1867 1873 8
1867 1942 3
1868 1872 5
1868 1892 20
1868 1965 15
1868 1991 9
1869 1897 13
1869 1967 8
1870 1931 16
1871 1929 8
1872 1937 18
1873 1918 12
1873 1958 12
1874 1956 4
1874 1994 6
1875 1941 4
1875 1989 12
1878 1898 11
1878 1902 3
1878 1970 3
1880 1907 4
1880 1971 14
1880 1991 4
1881 1961 1
1883 1918 19
1883 1995 4
1885 1909 6
1885 1932 13
1885 1970 4
1886 1985 2
1887 1972 16
1888 1890 16
1888 1993 10
1889 1892 7
1889 1938 2
1889 1945 8
1889 1975 18
1890 1949 8
1891 1936 4
1893 1962 20
1894 1917 4
1894 1998 1
1897 1993 3
1898 1931 16
1898 1932 13
1899 1949 13
1899 1986 8
1900 1980 18
1900 1988 2
1903 1905 19
1904 1981 8
1906 1912 6
1906 1964 1
1906 1985 14
1907 1985 9
1908 1921 19
1908 1981 7
1909 1952 18
1910 1954 4
1913 1971 7
1914 1939 19
1915 1920 17
1915 1939 6
1916 1930 2
1917 1945 4
1918 1925 7
1919 1997 9
1921 1989 12
1921 1997 17
1922 1930 1
1924 1951 8
1926 1938 13
1928 1936 5
1928 1960 8
1929 1951 3
1933 1989 8
1936 1982 3
1939 1953 2
1939 1987 19
1941 1968 2
1941 1971 9
1944 1978 16
1946 1958 13
1948 1998 15
1949 1981 9
1949 1991 7
1950 1968 17
1952 1971 2
1956 1980 12
1956 1987 18
1961 1976 2
1967 1992 10
1969 1992 17
1970 1996 13
1980 1989 18
1982 1989 4
1985 1989 8
1990 1991 10
1994 1997 2
