2000
0 46 16
0 280 13
0 323 20
0 333 4
0 429 6
0 473 1
0 800 3
0 1026 18
0 1147 9
0 1222 5
0 1506 17
0 1570 4
0 1681 6
0 1730 15
0 1750 7
0 1837 12
0 1941 16
0 1977 9
1 111 16
1 177 17
1 198 9
1 227 8
1 406 2
1 425 4
1 583 10
1 628 15
1 648 11
1 725 15
1 769 18
1 882 4
1 901 13
1 935 9
1 1136 5
1 1194 7
1 1301 11
1 1463 9
1 1512 3
1 1559 17
1 1695 5
1 1726 1
1 1754 9
1 1845 16
1 1857 16
2 65 12
2 131 16
2 326 2
2 341 14
2 356 4
2 422 1
2 496 11
2 517 14
2 665 10
2 801 12
2 812 15
2 814 13
2 878 12
2 990 16
2 1135 6
2 1170 7
2 1202 15
2 1334 8
2 1407 1
2 1458 14
2 1558 10
2 1675 15
2 1946 10
2 1972 14
2 1980 13
2 1998 1
3 66 17
3 186 13
3 191 8
3 347 17
3 376 11
3 417 13
3 494 10
3 517 14
3 555 16
3 662 7
3 962 13
3 974 14
3 1118 4
3 1263 6
3 1310 9
3 1342 13
3 1408 20
3 1586 2
3 1598 9
3 1666 3
3 1707 4
3 1710 7
3 1727 10
3 1779 1
4 58 16
4 76 15
4 176 4
4 280 3
4 325 15
4 396 4
4 478 7
4 516 16
4 621 18
4 661 2
4 783 14
4 800 1
4 818 16
4 920 7
4 997 11
4 1195 15
4 1242 13
4 1765 4
4 1803 7
4 1845 7
4 1901 19
5 84 9
5 141 10
5 272 15
5 295 3
5 365 8
5 399 8
5 689 9
5 732 7
5 1015 15
5 1020 4
5 1056 16
5 1181 7
5 1295 1
5 1326 2
5 1612 2
5 1777 8
5 1857 1
5 1890 3
5 1908 4
5 1990 2
6 59 14
6 200 19
6 212 1
6 225 8
6 231 12
6 483 20
6 528 10
6 747 16
6 832 7
6 862 10
6 1129 11
6 1277 2
6 1293 7
6 1327 2
6 1462 13
6 1499 8
6 1567 15
6 1680 11
6 1725 16
6 1757 4
6 1769 5
6 1812 9
6 1814 17
6 1820 11
7 96 1
7 250 8
7 269 3
7 368 18
7 407 20
7 433 20
7 750 5
7 932 12
7 1077 6
7 1082 8
7 1140 12
7 1269 6
7 1282 2
7 1524 18
7 1578 17
7 1588 1
7 1601 4
7 1638 18
7 1678 9
7 1760 16
7 1775 10
7 1979 17
8 38 11
8 122 12
8 224 20
8 247 8
8 359 10
8 365 12
8 460 13
8 656 18
8 658 8
8 725 7
8 732 7
8 877 15
8 1065 19
8 1207 4
8 1300 6
8 1339 4
8 1566 16
8 1572 3
8 1629 4
9 76 17
9 306 13
9 355 13
9 363 16
9 372 8
9 451 13
9 604 17
9 835 17
9 1009 10
9 1010 19
9 1158 20
9 1182 9
9 1451 9
9 1542 7
9 1567 19
9 1622 3
9 1691 2
9 1782 9
9 1787 17
9 1821 7
9 1912 11
9 1917 14
10 49 5
10 226 3
10 453 8
10 546 20
10 612 15
10 682 18
10 729 9
10 786 7
10 1120 3
10 1134 17
10 1266 8
10 1301 11
10 1439 8
10 1658 9
10 1838 9
10 1861 18
11 108 18
11 249 14
11 441 11
11 619 3
11 800 11
11 866 8
11 891 6
11 929 14
11 1038 11
11 1088 5
11 1291 13
11 1733 13
11 1745 7
11 1793 16
11 1804 2
11 1808 15
11 1991 2
12 153 15
12 156 2
12 452 19
12 485 18
12 532 12
12 558 5
12 655 15
12 755 13
12 817 6
12 891 6
12 1354 16
12 1535 20
12 1682 5
12 1693 11
12 1792 13
12 1829 2
12 1845 15
12 1949 13
13 219 5
13 255 13
13 441 4
13 547 5
13 854 18
13 933 11
13 1137 14
13 1205 19
13 1219 6
13 1295 20
13 1411 9
13 1733 18
13 1785 6
14 108 8
14 174 6
14 246 8
14 315 7
14 336 19
14 571 6
14 658 1
14 767 2
14 835 14
14 878 10
14 926 18
14 980 10
14 987 16
14 1390 16
14 1464 6
14 1486 11
14 1665 3
14 1699 1
14 1712 1
14 1876 7
15 79 3
15 422 11
15 481 1
15 543 13
15 545 5
15 721 17
15 745 3
15 790 10
15 887 11
15 1016 18
15 1108 7
15 1361 2
15 1366 3
15 1437 15
15 1479 4
15 1499 5
15 1526 2
15 1528 18
15 1584 6
15 1727 15
15 1745 16
15 1763 18
15 1764 7
15 1877 16
15 1975 7
16 115 13
16 499 19
16 713 18
16 724 20
16 728 14
16 802 10
16 843 12
16 861 8
16 1040 4
16 1088 10
16 1286 18
16 1518 11
16 1522 6
16 1549 10
16 1551 7
16 1610 12
16 1629 16
16 1816 15
16 1921 2
17 125 18
17 222 16
17 223 14
17 505 17
17 519 15
17 527 5
17 668 19
17 703 8
17 714 17
17 726 7
17 858 19
17 873 14
17 1316 19
17 1522 6
17 1623 5
17 1727 16
17 1853 4
17 1940 10
18 116 1
18 141 1
18 293 15
18 414 15
18 423 5
18 760 14
18 821 14
18 921 1
18 1090 4
18 1235 9
18 1310 19
18 1334 1
18 1368 9
18 1535 19
18 1699 15
18 1797 14
18 1889 6
18 1904 6
18 1964 2
19 32 17
19 116 18
19 121 3
19 175 11
19 304 13
19 411 2
19 428 8
19 633 2
19 1012 9
19 1054 10
19 1096 7
19 1125 10
19 1143 14
19 1210 6
19 1275 20
19 1291 12
19 1397 2
19 1436 20
19 1541 15
19 1624 13
19 1679 12
19 1691 6
19 1868 16
19 1882 11
20 182 10
20 197 14
20 241 10
20 270 15
20 293 6
20 306 4
20 455 19
20 756 2
20 1010 15
20 1113 15
20 1155 8
20 1295 3
20 1350 18
20 1438 20
20 1482 17
20 1664 3
20 1745 2
20 1813 16
21 210 20
21 346 11
21 365 19
21 368 4
21 581 3
21 787 8
21 825 16
21 860 16
21 905 3
21 1362 20
21 1404 18
21 1605 12
21 1654 13
21 1663 18
21 1691 8
21 1736 12
21 1914 15
21 1920 13
21 1925 6
22 23 3
22 55 2
22 88 16
22 152 15
22 211 12
22 266 19
22 309 12
22 326 6
22 530 7
22 623 4
22 830 13
22 914 1
22 926 7
22 1086 12
22 1088 17
22 1239 17
22 1426 11
22 1469 12
22 1649 10
22 1794 7
22 1905 8
23 125 7
23 174 18
23 205 9
23 226 1
23 285 11
23 588 19
23 613 3
23 753 2
23 832 2
23 986 5
23 1348 16
23 1376 9
23 1411 7
23 1810 5
24 46 5
24 77 9
24 140 15
24 292 20
24 579 12
24 904 9
24 1049 14
24 1315 12
24 1335 18
24 1476 15
24 1596 16
24 1601 12
24 1613 12
24 1674 14
24 1875 16
24 1906 9
24 1950 2
24 1969 11
24 1971 8
25 46 7
25 267 10
25 533 7
25 733 1
25 1035 17
25 1186 9
25 1253 8
25 1339 5
25 1474 4
25 1700 8
25 1831 9
25 1864 2
25 1884 16
25 1901 2
25 1967 13
26 59 14
26 94 20
26 180 15
26 242 14
26 313 12
26 371 11
26 386 4
26 440 7
26 448 20
26 743 11
26 976 14
26 1008 13
26 1081 5
26 1194 5
26 1259 18
26 1610 16
26 1741 19
26 1791 10
26 1997 8
27 97 19
27 439 16
27 773 19
27 1029 6
27 1039 8
27 1105 9
27 1113 16
27 1262 19
27 1283 1
27 1406 16
27 1440 1
27 1850 17
27 1953 15
28 508 17
28 537 17
28 559 7
28 651 15
28 959 11
28 1301 13
28 1496 17
28 1517 14
28 1555 14
28 1636 11
28 1663 8
28 1916 10
28 1960 4
29 108 11
29 135 4
29 365 16
29 572 6
29 631 8
29 815 17
29 829 2
29 886 2
29 988 12
29 1036 2
29 1042 18
29 1119 7
29 1282 15
29 1344 3
29 1398 9
29 1525 16
29 1594 14
29 1978 3
30 107 19
30 421 20
30 747 2
30 975 15
30 1147 18
30 1183 1
30 1265 4
30 1275 8
30 1281 17
30 1394 5
30 1398 3
30 1414 4
30 1455 16
30 1493 6
30 1739 18
30 1798 16
30 1874 17
30 1875 2
30 1956 3
30 1969 7
31 159 19
31 556 18
31 986 19
31 1042 10
31 1060 3
31 1083 5
31 1145 17
31 1267 3
31 1274 7
31 1335 1
31 1391 16
31 1502 8
31 1588 8
31 1644 3
31 1728 19
32 133 6
32 206 16
32 281 6
32 408 4
32 437 6
32 624 5
32 626 14
32 662 6
32 794 15
32 969 20
32 1261 7
32 1403 4
32 1480 5
32 1485 8
32 1569 18
32 1620 4
32 1720 10
32 1769 17
32 1919 5
32 1948 14
32 1961 17
33 109 5
33 133 12
33 194 8
33 274 10
33 361 12
33 429 18
33 587 1
33 808 6
33 833 4
33 886 4
33 921 13
33 930 19
33 946 16
33 952 11
33 957 4
33 1009 19
33 1249 8
33 1437 15
33 1648 18
33 1664 4
33 1744 3
33 1787 9
33 1793 17
33 1902 20
34 128 14
34 179 5
34 208 19
34 219 17
34 290 5
34 388 16
34 477 12
34 564 7
34 600 13
34 671 6
34 999 8
34 1052 11
34 1128 13
34 1176 6
34 1393 3
34 1462 6
34 1465 16
34 1555 17
34 1599 5
34 1886 10
35 88 16
35 93 12
35 130 15
35 356 17
35 502 4
35 563 18
35 661 13
35 738 19
35 838 20
35 1016 20
35 1039 14
35 1154 11
35 1221 15
35 1259 19
35 1314 9
35 1858 15
35 1975 12
35 1976 3
36 75 14
36 147 3
36 156 15
36 421 6
36 677 4
36 903 20
36 935 17
36 985 3
36 986 6
36 1005 19
36 1020 12
36 1229 15
36 1305 1
36 1416 7
37 261 5
37 278 11
37 557 6
37 717 17
37 752 12
37 791 3
37 869 15
37 874 16
37 995 5
37 1118 14
37 1265 20
37 1341 17
37 1362 14
37 1383 2
37 1406 2
37 1417 14
37 1683 14
37 1958 9
38 77 15
38 121 13
38 245 5
38 333 7
38 401 11
38 596 15
38 712 6
38 814 9
38 894 5
38 964 5
38 1096 5
38 1422 18
38 1577 1
38 1626 16
38 1898 10
38 1911 11
39 60 1
39 79 13
39 133 16
39 257 18
39 296 17
39 417 5
39 548 13
39 737 16
39 763 2
39 857 11
39 956 1
39 973 11
39 1609 2
39 1627 3
39 1717 1
39 1745 10
39 1747 9
39 1908 4
39 1977 13
39 1997 11
40 58 15
40 59 11
40 153 13
40 223 9
40 380 18
40 423 18
40 500 14
40 565 14
40 945 2
40 1304 12
40 1358 7
40 1433 6
40 1488 20
40 1551 5
40 1635 7
40 1716 11
40 1816 15
40 1830 14
40 1893 8
41 60 11
41 145 2
41 183 7
41 580 12
41 593 2
41 800 18
41 1053 10
41 1097 11
41 1263 14
41 1347 13
41 1413 6
41 1445 13
41 1587 8
41 1843 3
42 217 6
42 325 5
42 429 20
42 445 12
42 450 17
42 497 4
42 515 1
42 607 8
42 611 9
42 676 20
42 1126 9
42 1267 7
42 1284 11
42 1407 8
42 1499 10
42 1504 19
42 1514 6
42 1643 14
42 1812 1
43 112 17
43 250 13
43 330 6
43 586 5
43 761 14
43 959 8
43 963 7
43 1037 11
43 1140 3
43 1220 1
43 1480 5
43 1492 11
43 1508 13
43 1699 4
43 1825 5
43 1918 4
43 1960 17
44 97 14
44 167 6
44 203 16
44 339 7
44 497 2
44 524 17
44 526 18
44 560 10
44 598 19
44 715 13
44 810 4
44 825 1
44 864 16
44 932 16
44 1005 6
44 1049 16
44 1104 9
44 1180 9
44 1308 5
44 1368 6
44 1384 19
44 1841 10
44 1967 14
44 1968 20
45 65 17
45 269 11
45 384 2
45 484 2
45 495 8
45 802 17
45 852 18
45 910 11
45 919 9
45 963 2
45 977 18
45 1016 14
45 1055 12
45 1160 14
45 1248 19
45 1597 6
45 1649 6
45 1682 7
45 1766 8
45 1823 1
45 1925 16
46 67 8
46 203 17
46 325 9
46 425 13
46 596 8
46 698 9
46 877 10
46 1094 4
46 1198 20
46 1280 20
46 1306 15
46 1557 1
46 1677 11
46 1758 7
46 1799 15
46 1915 11
46 1955 19
46 1987 12
47 215 4
47 385 16
47 437 18
47 514 2
47 541 10
47 543 4
47 544 10
47 583 3
47 671 5
47 811 13
47 848 7
47 945 17
47 947 2
47 983 16
47 1260 5
47 1448 19
47 1686 4
47 1704 14
47 1736 10
47 1790 8
47 1889 14
48 319 3
48 689 15
48 728 20
48 756 1
48 783 16
48 785 8
48 858 7
48 909 19
48 1015 13
48 1148 3
48 1219 11
48 1237 17
48 1353 20
48 1390 1
48 1440 10
48 1745 1
49 99 11
49 152 11
49 162 12
49 301 15
49 571 7
49 579 3
49 619 6
49 655 15
49 757 15
49 873 18
49 1022 8
49 1304 19
49 1581 13
49 1899 10
50 377 18
50 409 9
50 731 18
50 820 13
50 832 12
50 911 20
50 915 17
50 1031 13
50 1165 18
50 1336 12
50 1394 2
50 1411 18
50 1491 17
50 1563 19
50 1690 10
50 1823 2
50 1841 3
50 1857 16
50 1957 2
51 233 6
51 525 17
51 562 5
51 575 10
51 605 14
51 646 15
51 1456 14
51 1686 8
51 1687 16
51 1821 17
51 1870 4
51 1914 11
51 1973 18
52 262 18
52 318 1
52 360 8
52 522 7
52 692 5
52 808 17
52 976 14
52 984 12
52 1010 7
52 1188 4
52 1536 11
52 1562 1
52 1599 4
52 1764 18
52 1909 18
52 1951 11
52 1963 18
53 116 14
53 141 14
53 168 18
53 301 3
53 368 2
53 468 5
53 500 9
53 538 18
53 573 8
53 575 4
53 582 6
53 682 17
53 732 15
53 770 15
53 856 14
53 964 9
53 984 5
53 1577 7
53 1584 14
53 1708 4
53 1831 4
53 1871 12
53 1910 5
53 1929 4
53 1976 14
54 118 1
54 222 12
54 287 5
54 750 5
54 895 13
54 1074 12
54 1139 20
54 1206 13
54 1229 4
54 1276 13
54 1404 18
54 1433 17
54 1637 1
54 1746 9
54 1903 10
54 1973 19
54 1989 15
55 284 13
55 319 18
55 430 7
55 543 14
55 790 6
55 793 18
55 895 19
55 901 20
55 1063 5
55 1311 4
55 1419 8
55 1586 6
55 1729 12
55 1738 13
55 1741 1
55 1877 11
55 1891 8
55 1913 19
55 1947 5
56 96 13
56 144 10
56 184 7
56 283 17
56 383 19
56 399 6
56 421 2
56 553 1
56 651 5
56 692 1
56 725 15
56 767 15
56 803 17
56 1248 10
56 1256 10
56 1275 2
56 1298 1
56 1363 17
56 1462 6
56 1615 13
56 1963 15
57 154 7
57 192 16
57 274 17
57 277 9
57 387 4
57 422 19
57 445 1
57 679 14
57 690 1
57 711 15
57 804 12
57 1058 7
57 1393 2
57 1422 18
57 1864 16
58 109 9
58 134 4
58 537 12
58 576 11
58 672 2
58 687 7
58 753 20
58 803 13
58 986 20
58 1009 9
58 1200 10
58 1500 15
58 1554 11
58 1722 8
58 1851 17
58 1961 1
59 76 19
59 114 5
59 149 5
59 271 15
59 278 17
59 346 17
59 392 17
59 397 17
59 720 3
59 801 18
59 867 9
59 874 20
59 917 8
59 1006 10
59 1095 13
59 1224 18
59 1234 2
59 1357 8
59 1358 10
59 1410 9
59 1458 16
59 1676 16
59 1693 15
60 89 12
60 92 2
60 229 11
60 287 19
60 389 11
60 440 11
60 692 7
60 808 11
60 934 20
60 993 19
60 997 2
60 1015 4
60 1134 6
60 1419 19
60 1550 12
60 1583 19
60 1597 2
60 1768 6
60 1891 15
60 1935 9
61 325 7
61 329 3
61 350 2
61 415 15
61 453 19
61 469 12
61 594 18
61 632 17
61 638 5
61 887 11
61 1100 9
61 1305 7
61 1370 20
61 1467 10
61 1544 14
61 1703 17
62 141 13
62 220 7
62 260 19
62 265 14
62 293 15
62 514 13
62 721 3
62 856 4
62 1285 4
62 1470 7
62 1710 11
62 1712 5
62 1757 3
62 1766 18
62 1812 5
62 1983 16
63 225 9
63 253 2
63 602 3
63 777 11
63 839 17
63 904 6
63 920 20
63 959 17
63 963 4
63 1014 3
63 1201 8
63 1296 9
63 1332 3
63 1490 9
63 1523 10
63 1533 18
63 1671 8
63 1768 17
63 1908 8
63 1969 6
64 275 13
64 282 2
64 313 1
64 356 13
64 458 9
64 470 13
64 537 15
64 676 15
64 725 15
64 736 9
64 789 13
64 838 20
64 1034 15
64 1263 13
64 1311 2
64 1477 17
64 1625 18
64 1876 3
65 77 9
65 148 3
65 212 15
65 510 13
65 576 17
65 837 9
65 948 12
65 1040 2
65 1160 8
65 1226 5
65 1270 17
65 1299 15
65 1361 16
65 1483 9
65 1500 4
65 1714 10
65 1758 6
65 1936 15
66 286 14
66 331 9
66 374 4
66 389 13
66 808 20
66 938 7
66 1012 2
66 1122 12
66 1161 2
66 1181 3
66 1208 15
66 1260 10
66 1378 14
66 1485 15
66 1517 19
66 1623 2
66 1792 3
66 1934 11
66 1966 15
66 1974 18
67 205 10
67 293 10
67 395 13
67 723 6
67 729 7
67 1108 6
67 1180 15
67 1363 13
67 1379 5
67 1412 15
67 1466 10
67 1631 4
67 1632 16
67 1746 19
67 1788 18
67 1834 3
67 1875 1
67 1982 11
68 165 12
68 235 17
68 316 14
68 336 10
68 357 4
68 423 17
68 468 9
68 535 14
68 537 13
68 558 5
68 586 7
68 824 16
68 849 19
68 854 5
68 889 11
68 942 6
68 1008 7
68 1130 19
68 1173 1
68 1472 19
68 1513 14
68 1637 18
68 1784 10
68 1964 4
69 253 6
69 303 15
69 331 3
69 346 7
69 366 10
69 426 19
69 474 19
69 540 15
69 674 15
69 707 19
69 711 8
69 872 10
69 917 7
69 958 13
69 963 4
69 1036 12
69 1265 13
69 1388 5
69 1494 9
69 1573 9
69 1628 3
69 1706 14
70 253 2
70 276 16
70 399 16
70 598 10
70 676 17
70 717 1
70 736 17
70 797 12
70 1008 4
70 1014 8
70 1021 15
70 1022 12
70 1216 8
70 1272 8
70 1363 5
70 1456 18
70 1497 12
70 1569 10
70 1744 14
70 1789 19
71 326 4
71 410 6
71 448 12
71 453 17
71 454 5
71 824 18
71 907 1
71 933 3
71 1181 13
71 1243 18
71 1450 3
71 1492 3
71 1647 7
71 1756 6
71 1942 9
72 117 8
72 138 10
72 196 11
72 200 14
72 231 1
72 550 15
72 813 12
72 821 9
72 887 11
72 1043 6
72 1086 11
72 1095 12
72 1104 7
72 1213 7
72 1476 12
72 1500 15
72 1613 19
72 1964 3
73 104 8
73 123 15
73 402 5
73 430 1
73 489 3
73 565 16
73 658 11
73 704 3
73 835 12
73 888 9
73 1156 3
73 1235 2
73 1261 2
73 1340 10
73 1403 18
73 1417 8
73 1619 10
73 1646 5
73 1764 19
73 1822 4
73 1824 19
74 291 1
74 397 13
74 743 7
74 745 7
74 773 5
74 872 8
74 888 18
74 920 13
74 1067 18
74 1260 18
74 1263 15
74 1330 20
74 1367 15
74 1517 16
74 1558 19
74 1959 13
75 131 12
75 171 14
75 283 8
75 450 9
75 531 1
75 754 11
75 855 3
75 891 11
75 1034 5
75 1171 19
75 1191 3
75 1261 10
75 1312 11
75 1457 20
75 1549 1
75 1892 4
75 1997 12
76 279 13
76 330 18
76 435 15
76 557 14
76 674 2
76 767 8
76 941 6
76 946 1
76 968 7
76 976 1
76 1110 7
76 1160 2
76 1208 17
76 1392 5
76 1408 14
76 1425 3
76 1438 16
76 1442 18
76 1499 16
76 1538 18
76 1568 17
77 178 1
77 206 20
77 286 20
77 383 16
77 413 10
77 576 16
77 649 4
77 658 8
77 847 6
77 880 5
77 1180 5
77 1368 3
77 1381 12
77 1436 19
77 1441 5
77 1460 7
77 1498 16
77 1531 6
77 1656 15
77 1732 13
77 1802 16
78 154 16
78 165 18
78 282 8
78 440 7
78 453 1
78 480 15
78 507 9
78 509 15
78 529 14
78 612 6
78 668 19
78 869 19
78 908 17
78 997 3
78 1103 13
78 1146 9
78 1199 12
78 1245 9
78 1544 6
78 1561 6
78 1589 8
78 1748 8
78 1906 11
78 1921 8
78 1997 5
79 134 20
79 218 4
79 219 12
79 256 8
79 365 7
79 374 3
79 462 3
79 495 13
79 566 7
79 703 17
79 993 10
79 1103 16
79 1300 5
79 1358 20
79 1383 7
79 1431 11
79 1592 11
79 1617 18
79 1621 7
79 1655 15
80 100 12
80 102 2
80 142 4
80 218 19
80 368 14
80 442 6
80 611 14
80 1091 6
80 1099 10
80 1309 20
80 1543 12
80 1580 17
80 1919 6
80 1928 5
81 168 10
81 277 18
81 284 9
81 527 17
81 937 9
81 1019 16
81 1027 3
81 1073 20
81 1421 3
81 1559 3
81 1588 2
81 1662 5
81 1697 8
81 1715 13
82 255 15
82 297 7
82 517 2
82 797 19
82 856 20
82 863 10
82 949 6
82 977 9
82 998 4
82 1038 14
82 1098 14
82 1146 15
82 1254 2
82 1287 12
82 1293 11
82 1324 14
82 1327 18
82 1433 3
82 1439 10
82 1463 1
82 1547 4
82 1667 9
82 1709 2
82 1757 13
82 1775 18
82 1807 20
82 1844 14
82 1901 20
82 1937 17
82 1979 6
83 210 17
83 222 15
83 228 13
83 311 17
83 328 18
83 334 5
83 376 18
83 743 12
83 936 6
83 987 19
83 1110 17
83 1400 17
83 1629 16
83 1748 1
83 1921 18
84 203 10
84 248 4
84 264 4
84 361 12
84 430 5
84 436 2
84 525 1
84 840 6
84 960 13
84 987 13
84 989 17
84 1051 18
84 1323 19
84 1444 16
84 1522 20
84 1587 18
84 1652 7
84 1665 4
84 1686 1
84 1720 18
84 1724 4
84 1885 3
85 178 5
85 475 15
85 513 20
85 617 2
85 639 17
85 783 6
85 805 8
85 848 7
85 1046 4
85 1085 19
85 1161 14
85 1247 17
85 1373 5
85 1401 12
85 1412 4
85 1419 3
85 1466 8
85 1569 7
85 1644 9
85 1828 8
85 1845 7
85 1889 10
86 238 20
86 239 8
86 266 12
86 268 12
86 270 14
86 327 14
86 342 9
86 408 9
86 648 16
86 810 3
86 1051 2
86 1104 9
86 1185 5
86 1298 13
86 1478 14
86 1748 12
86 1992 19
86 1993 7
87 102 11
87 165 7
87 320 16
87 358 2
87 407 6
87 408 2
87 482 6
87 502 19
87 691 6
87 739 19
87 996 14
87 1099 6
87 1129 5
87 1196 18
87 1211 13
87 1240 20
87 1297 7
87 1700 13
87 1773 18
87 1864 19
88 104 5
88 171 9
88 236 18
88 308 4
88 337 8
88 369 5
88 869 9
88 879 8
88 1110 19
88 1189 12
88 1221 7
88 1379 3
88 1686 19
88 1798 8
89 116 1
89 130 19
89 304 14
89 414 2
89 455 19
89 547 7
89 602 20
89 681 4
89 684 12
89 1000 6
89 1131 5
89 1149 18
89 1251 2
89 1321 6
89 1346 3
89 1449 19
89 1484 3
89 1691 2
89 1886 5
89 1945 13
90 136 14
90 225 16
90 396 16
90 410 16
90 467 13
90 568 12
90 620 12
90 1049 8
90 1100 9
90 1202 19
90 1289 11
90 1343 2
90 1344 19
90 1372 11
90 1424 6
90 1447 15
90 1486 10
90 1584 13
90 1616 12
90 1899 7
91 357 13
91 382 19
91 478 6
91 545 13
91 622 15
91 711 3
91 769 17
91 797 9
91 935 13
91 984 6
91 1050 2
91 1059 11
91 1207 4
91 1230 17
91 1304 20
91 1436 15
91 1700 8
91 1712 15
91 1873 17
91 1934 14
92 224 17
92 406 16
92 473 20
92 489 19
92 537 1
92 587 9
92 713 12
92 719 16
92 759 12
92 828 3
92 851 4
92 1170 2
92 1280 6
92 1293 13
92 1294 11
92 1342 20
92 1474 6
92 1604 1
92 1631 14
92 1696 9
92 1804 14
92 1916 7
93 154 10
93 260 11
93 276 5
93 455 8
93 487 15
93 545 16
93 1145 1
93 1378 15
93 1652 1
93 1776 16
93 1864 8
93 1961 16
93 1995 20
94 160 9
94 252 7
94 294 12
94 430 16
94 617 8
94 627 12
94 660 18
94 733 19
94 923 4
94 986 3
94 1026 16
94 1127 1
94 1193 6
94 1404 19
94 1411 19
94 1567 20
94 1667 4
94 1766 14
94 1787 9
94 1807 11
94 1817 20
94 1949 13
95 115 17
95 124 20
95 203 5
95 389 13
95 410 18
95 432 17
95 522 20
95 526 15
95 539 7
95 652 16
95 654 14
95 659 7
95 672 16
95 694 11
95 1055 16
95 1120 20
95 1249 10
95 1269 8
95 1387 18
95 1614 2
95 1795 3
96 155 13
96 219 20
96 230 15
96 259 16
96 304 16
96 348 8
96 459 14
96 725 6
96 749 14
96 793 13
96 801 5
96 868 19
96 1023 11
96 1044 15
96 1109 8
96 1195 9
96 1258 19
96 1306 10
96 1424 13
96 1578 1
96 1664 6
96 1778 17
96 1796 4
97 159 13
97 214 7
97 505 20
97 736 16
97 773 4
97 793 13
97 998 20
97 1189 18
97 1245 11
97 1283 5
97 1317 7
97 1912 12
97 1998 1
98 135 3
98 170 11
98 222 10
98 431 20
98 464 13
98 641 18
98 829 9
98 889 3
98 934 18
98 1098 19
98 1101 20
98 1255 2
98 1511 4
98 1512 7
98 1538 11
98 1712 20
98 1786 1
98 1912 1
99 116 5
99 133 18
99 460 1
99 490 7
99 524 13
99 613 16
99 681 16
99 756 5
99 873 1
99 923 4
99 1072 15
99 1101 7
99 1285 7
99 1316 1
99 1549 8
99 1570 13
99 1601 5
99 1675 6
99 1705 14
99 1767 13
99 1850 4
99 1940 15
100 152 1
100 158 13
100 341 13
100 467 20
100 473 14
100 651 2
100 811 19
100 871 4
100 950 16
100 1189 20
100 1289 17
100 1394 2
100 1474 1
100 1606 2
100 1786 20
100 1807 20
100 1890 11
101 127 15
101 252 6
101 355 15
101 431 17
101 705 11
101 767 5
101 1024 2
101 1057 7
101 1098 12
101 1129 3
101 1156 10
101 1158 5
101 1242 20
101 1312 13
101 1358 12
101 1438 18
101 1441 20
101 1737 3
101 1744 19
101 1937 18
102 271 18
102 524 12
102 753 7
102 871 17
102 892 8
102 908 20
102 930 13
102 1077 15
102 1279 15
102 1312 6
102 1483 12
102 1551 19
102 1612 13
102 1680 11
102 1867 1
102 1965 8
102 1966 20
103 189 5
103 686 13
103 744 6
103 934 5
103 963 20
103 1007 2
103 1069 2
103 1269 8
103 1340 17
103 1358 4
103 1472 11
103 1713 20
103 1928 9
103 1971 16
104 168 15
104 412 5
104 442 15
104 478 4
104 658 16
104 761 10
104 887 20
104 981 15
104 1191 20
104 1201 4
104 1310 14
104 1618 11
104 1740 9
105 197 12
105 295 12
105 477 3
105 625 16
105 804 19
105 844 16
105 847 20
105 1130 9
105 1185 14
105 1288 10
105 1409 5
105 1446 16
105 1643 3
105 1800 1
105 1810 12
106 428 5
106 918 10
106 1091 13
106 1175 9
106 1385 11
106 1483 10
106 1534 4
106 1569 11
106 1598 8
106 1666 14
106 1694 3
106 1721 19
106 1958 5
106 1972 15
106 1984 16
107 360 20
107 392 13
107 422 17
107 476 17
107 485 19
107 550 18
107 587 11
107 706 11
107 713 8
107 722 12
107 767 20
107 832 10
107 888 17
107 950 11
107 977 3
107 979 13
107 1059 17
107 1095 16
107 1194 17
107 1427 16
107 1484 19
107 1526 6
107 1726 13
107 1760 20
107 1765 11
107 1774 7
107 1837 5
107 1910 20
108 252 20
108 254 6
108 403 20
108 541 7
108 563 6
108 753 3
108 801 10
108 1129 9
108 1139 9
108 1230 15
108 1236 8
108 1396 16
108 1481 14
108 1570 2
108 1649 8
108 1654 17
108 1861 3
108 1869 1
109 231 10
109 278 12
109 373 17
109 413 8
109 558 13
109 612 1
109 718 11
109 817 19
109 820 17
109 840 11
109 892 14
109 1215 8
109 1225 1
109 1522 12
109 1560 14
109 1641 8
109 1676 18
109 1707 19
109 1987 17
110 586 1
110 590 11
110 707 15
110 715 9
110 717 17
110 747 14
110 782 19
110 883 5
110 924 3
110 1150 9
110 1275 3
110 1558 19
110 1651 11
111 430 9
111 466 17
111 568 12
111 608 4
111 639 15
111 1002 18
111 1031 3
111 1178 5
111 1192 3
111 1354 12
111 1377 11
111 1416 2
111 1489 12
111 1532 6
111 1542 6
111 1584 18
111 1711 3
111 1762 7
111 1847 3
112 172 18
112 186 1
112 253 6
112 552 20
112 1072 16
112 1165 6
112 1434 18
112 1508 7
112 1533 11
112 1673 3
112 1678 18
112 1788 4
112 1836 16
112 1976 12
113 136 4
113 189 2
113 281 6
113 389 9
113 559 6
113 590 2
113 669 8
113 782 16
113 800 15
113 946 7
113 958 2
113 1078 10
113 1170 1
113 1264 15
113 1270 3
113 1367 18
113 1683 15
113 1706 11
113 1865 14
113 1929 20
113 1942 12
114 272 10
114 289 2
114 442 1
114 447 17
114 461 12
114 769 12
114 1013 14
114 1080 7
114 1106 2
114 1182 20
114 1308 16
114 1474 17
114 1590 15
114 1612 17
114 1733 20
114 1768 18
114 1822 14
114 1836 2
114 1863 2
114 1865 4
115 322 12
115 401 14
115 454 4
115 543 14
115 627 18
115 872 3
115 948 19
115 1018 2
115 1058 5
115 1254 11
115 1336 14
115 1344 16
115 1373 7
115 1446 8
115 1502 6
115 1678 6
115 1714 2
115 1716 19
115 1723 10
115 1920 2
116 218 6
116 271 19
116 317 8
116 401 7
116 690 8
116 741 4
116 786 8
116 991 14
116 1136 16
116 1324 11
116 1349 15
116 1381 20
116 1543 4
116 1549 7
116 1720 2
116 1726 5
116 1833 18
116 1870 5
117 179 12
117 251 15
117 554 19
117 939 11
117 1003 17
117 1145 20
117 1348 15
117 1407 2
117 1428 20
117 1557 9
117 1607 2
117 1633 7
117 1676 20
117 1856 5
117 1926 11
117 1997 16
118 176 8
118 363 4
118 426 5
118 575 3
118 876 15
118 928 2
118 1049 20
118 1069 10
118 1073 9
118 1093 8
118 1124 19
118 1228 14
118 1307 17
118 1549 9
118 1599 5
118 1723 11
118 1748 5
118 1839 8
118 1886 18
118 1899 14
119 158 1
119 332 20
119 345 20
119 353 18
119 370 14
119 591 14
119 594 14
119 623 4
119 637 20
119 673 5
119 740 11
119 742 4
119 822 12
119 871 16
119 881 9
119 969 3
119 1630 6
119 1846 6
119 1993 3
120 222 10
120 321 12
120 495 19
120 546 1
120 564 14
120 825 9
120 862 11
120 873 5
120 958 6
120 1124 11
120 1168 18
120 1224 5
120 1275 17
120 1346 7
120 1373 1
120 1375 19
120 1412 20
120 1502 5
120 1508 7
120 1543 6
120 1590 18
120 1766 11
120 1812 8
120 1910 10
120 1968 2
120 1975 3
121 208 12
121 286 1
121 303 17
121 377 19
121 384 1
121 581 8
121 619 20
121 943 11
121 992 13
121 1016 4
121 1040 19
121 1170 12
121 1246 15
121 1447 18
121 1458 6
121 1514 10
121 1832 10
121 1906 13
121 1916 1
122 133 13
122 371 12
122 533 17
122 840 13
122 1076 17
122 1077 3
122 1316 12
122 1359 15
122 1553 5
122 1592 12
122 1725 5
122 1787 19
122 1816 6
122 1842 6
122 1945 1
123 218 11
123 315 1
123 375 16
123 403 11
123 554 9
123 713 11
123 841 3
123 859 6
123 862 17
123 966 4
123 1046 5
123 1126 8
123 1211 13
123 1324 3
123 1353 20
123 1374 4
123 1477 9
123 1524 4
123 1528 8
123 1586 17
123 1597 9
123 1733 1
123 1766 13
123 1826 18
123 1891 20
124 161 3
124 252 14
124 317 7
124 357 6
124 449 6
124 529 20
124 564 13
124 694 15
124 810 4
124 1106 16
124 1252 3
124 1256 18
124 1279 13
124 1437 19
124 1632 2
124 1670 4
124 1705 4
124 1713 11
124 1878 4
124 1901 19
124 1953 13
124 1985 1
124 1997 17
125 243 3
125 357 1
125 396 11
125 494 19
125 759 10
125 827 9
125 920 11
125 1064 7
125 1324 14
125 1440 11
125 1493 12
125 1788 3
125 1920 12
125 1999 19
126 147 1
126 305 12
126 433 7
126 637 10
126 673 17
126 753 7
126 877 2
126 1062 19
126 1216 5
126 1399 6
126 1506 19
126 1579 5
126 1810 12
127 152 5
127 193 11
127 313 8
127 396 17
127 472 8
127 592 17
127 674 12
127 709 13
127 716 1
127 1001 12
127 1041 15
127 1145 4
127 1335 17
127 1590 2
127 1675 19
127 1687 5
127 1756 3
128 191 13
128 276 4
128 323 6
128 532 6
128 552 6
128 635 20
128 944 4
128 960 1
128 1014 10
128 1254 9
128 1386 8
128 1399 13
128 1440 14
128 1500 18
128 1527 4
128 1984 15
128 1997 15
129 196 2
129 199 18
129 480 15
129 593 6
129 745 18
129 974 3
129 1047 7
129 1093 18
129 1309 5
129 1400 2
129 1488 16
129 1582 10
129 1669 12
129 1698 3
129 1784 8
129 1926 5
130 147 14
130 447 12
130 508 9
130 539 18
130 599 1
130 625 13
130 749 1
130 814 4
130 819 16
130 1223 19
130 1256 15
130 1257 20
130 1424 17
130 1428 5
130 1431 18
130 1486 19
130 1660 14
130 1705 19
130 1792 8
130 1794 16
131 334 15
131 533 9
131 542 18
131 651 20
131 792 1
131 932 13
131 1112 9
131 1123 20
131 1206 1
131 1410 5
131 1558 14
131 1816 4
132 189 20
132 362 8
132 534 20
132 555 7
132 617 4
132 654 14
132 779 20
132 788 6
132 847 10
132 883 7
132 919 8
132 1029 14
132 1054 1
132 1055 4
132 1159 18
132 1476 15
132 1581 19
132 1606 14
132 1694 17
132 1779 6
132 1834 13
132 1926 7
133 160 10
133 228 9
133 401 7
133 506 19
133 534 17
133 735 3
133 855 4
133 910 9
133 1100 5
133 1127 6
133 1368 15
133 1440 14
133 1734 17
133 1799 7
133 1800 9
133 1912 11
133 1914 10
134 160 3
134 176 11
134 205 15
134 219 1
134 269 18
134 388 2
134 395 18
134 411 5
134 430 8
134 462 10
134 473 17
134 496 18
134 599 9
134 623 17
134 670 4
134 768 11
134 891 16
134 1035 8
134 1058 7
134 1083 12
134 1086 7
134 1350 3
134 1534 6
134 1809 6
134 1887 19
134 1937 2
135 166 7
135 275 8
135 294 7
135 344 16
135 346 17
135 380 18
135 564 1
135 666 20
135 701 20
135 783 10
135 786 16
135 828 7
135 861 1
135 870 4
135 1032 1
135 1065 8
135 1117 2
135 1207 9
135 1261 3
135 1341 1
135 1346 20
135 1378 17
135 1549 15
136 139 7
136 168 12
136 206 11
136 222 17
136 239 20
136 333 13
136 423 9
136 476 14
136 493 10
136 714 15
136 728 4
136 761 8
136 909 2
136 932 2
136 1055 2
136 1092 9
136 1196 19
136 1373 15
136 1775 20
136 1961 8
137 248 15
137 288 18
137 326 5
137 352 17
137 357 15
137 800 15
137 1001 2
137 1033 2
137 1316 20
137 1365 11
137 1544 12
137 1560 8
137 1623 18
137 1628 10
137 1643 16
137 1827 11
137 1856 4
137 1922 20
138 181 15
138 267 1
138 281 3
138 358 15
138 474 19
138 583 19
138 636 11
138 710 16
138 756 16
138 838 11
138 877 11
138 906 16
138 917 2
138 1163 16
138 1275 9
138 1545 18
138 1623 5
138 1904 15
139 223 8
139 296 7
139 511 8
139 560 12
139 580 14
139 701 7
139 770 18
139 802 5
139 978 10
139 1001 14
139 1023 9
139 1215 12
139 1473 7
139 1522 4
139 1565 20
139 1629 19
139 1651 2
139 1662 14
139 1804 19
139 1856 7
139 1952 18
139 1974 11
140 218 8
140 502 1
140 567 19
140 612 13
140 798 2
140 888 19
140 927 6
140 1311 4
140 1351 17
140 1522 17
140 1543 11
140 1624 5
140 1727 5
140 1895 17
140 1933 17
141 226 6
141 378 2
141 852 8
141 1048 6
141 1083 19
141 1124 3
141 1200 7
141 1445 16
141 1508 10
141 1571 12
141 1697 5
141 1807 8
141 1899 16
141 1929 4
142 365 9
142 1025 20
142 1070 13
142 1116 12
142 1176 9
142 1275 16
142 1369 15
142 1409 11
142 1603 5
142 1625 19
142 1651 11
142 1709 8
142 1808 1
142 1926 20
143 244 10
143 250 2
143 307 15
143 542 13
143 647 13
143 673 14
143 902 4
143 1022 19
143 1109 10
143 1347 9
143 1369 16
143 1398 3
143 1640 13
143 1959 9
143 1969 7
144 331 3
144 421 19
144 431 11
144 696 5
144 811 15
144 1410 9
144 1682 17
144 1947 1
145 163 8
145 226 15
145 256 1
145 326 16
145 376 18
145 499 7
145 599 16
145 948 15
145 956 13
145 965 16
145 997 15
145 1025 16
145 1030 6
145 1256 4
145 1260 17
145 1283 14
145 1461 13
145 1502 4
145 1670 14
145 1751 5
145 1810 6
145 1845 15
145 1914 4
145 1945 12
145 1964 20
146 155 18
146 223 18
146 314 7
146 563 17
146 609 8
146 780 13
146 938 15
146 1070 7
146 1186 6
146 1191 19
146 1338 2
146 1585 4
146 1622 16
146 1819 3
146 1881 10
146 1910 16
146 1915 16
147 178 10
147 452 20
147 488 11
147 493 4
147 558 15
147 605 6
147 641 11
147 807 16
147 1320 5
147 1344 8
147 1528 10
147 1628 9
147 1663 2
147 1775 3
147 1803 2
148 267 16
148 533 16
148 556 20
148 724 16
148 836 8
148 925 5
148 930 12
148 951 18
148 1423 13
148 1442 6
148 1485 2
148 1564 14
148 1739 13
148 1942 11
149 220 11
149 315 6
149 320 19
149 677 1
149 717 1
149 992 3
149 1001 13
149 1095 3
149 1126 8
149 1176 17
149 1206 11
149 1226 14
149 1299 19
149 1307 3
149 1309 7
149 1551 20
149 1689 2
149 1731 18
149 1870 16
149 1903 2
149 1951 19
149 1986 5
150 306 11
150 605 14
150 707 9
150 758 15
150 898 12
150 1021 1
150 1132 15
150 1256 14
150 1410 3
150 1424 14
150 1475 1
150 1742 13
150 1746 15
150 1763 9
150 1776 6
150 1784 18
150 1942 13
150 1950 18
151 221 11
151 392 16
151 486 7
151 540 16
151 774 9
151 844 20
151 1252 8
151 1266 7
151 1301 9
151 1305 15
151 1328 18
151 1381 17
151 1415 16
151 1423 11
151 1488 4
151 1498 11
151 1549 9
151 1589 11
151 1639 15
151 1719 20
151 1780 18
151 1901 16
151 1946 12
151 1999 4
152 247 16
152 390 17
152 458 17
152 491 15
152 621 9
152 685 15
152 712 20
152 714 6
152 787 14
152 814 11
152 823 14
152 979 18
152 996 15
152 1314 5
152 1545 11
152 1706 7
152 1842 11
152 1931 1
153 310 6
153 391 10
153 458 15
153 508 3
153 530 14
153 608 10
153 991 13
153 1235 6
153 1415 9
153 1442 13
153 1505 19
153 1537 2
153 1624 7
153 1663 3
153 1749 17
153 1856 16
153 1864 8
153 1998 5
154 176 17
154 211 9
154 357 11
154 361 17
154 427 15
154 474 12
154 475 9
154 496 16
154 534 15
154 828 14
154 863 12
154 957 10
154 993 13
154 1076 10
154 1151 9
154 1258 16
154 1310 11
154 1324 19
154 1490 2
154 1609 10
154 1637 7
154 1714 20
155 170 16
155 242 20
155 566 14
155 574 4
155 578 19
155 639 8
155 642 3
155 695 6
155 750 5
155 866 6
155 884 9
155 898 16
155 1264 14
155 1359 8
155 1374 9
155 1420 19
155 1461 18
155 1502 11
155 1534 5
155 1571 10
155 1600 16
155 1848 10
156 558 11
156 930 7
156 958 3
156 981 17
156 1246 5
156 1444 2
156 1457 14
156 1553 9
156 1559 20
156 1571 7
156 1593 4
156 1730 2
156 1754 7
156 1889 15
156 1982 10
157 446 19
157 760 10
157 858 3
157 967 4
157 969 19
157 1124 19
157 1125 5
157 1160 4
157 1265 5
157 1330 19
157 1370 6
157 1401 7
157 1507 1
157 1510 2
157 1565 17
157 1568 6
157 1623 9
157 1783 20
157 1867 6
157 1901 14
157 1902 2
157 1936 3
157 1949 2
157 1972 17
158 285 20
158 527 13
158 591 20
158 743 18
158 813 19
158 1265 13
158 1384 3
158 1451 17
158 1545 3
158 1585 1
158 1594 14
158 1661 6
158 1775 1
158 1828 17
158 1928 17
158 1946 19
158 1953 19
159 192 11
159 331 1
159 354 2
159 738 1
159 810 6
159 1196 18
159 1338 19
159 1523 10
159 1705 9
159 1715 5
159 1735 4
159 1779 6
159 1839 3
159 1910 5
159 1937 3
159 1939 20
159 1958 16
160 162 7
160 243 15
160 306 11
160 438 19
160 449 14
160 527 10
160 619 5
160 630 12
160 653 15
160 810 8
160 874 11
160 930 14
160 1725 5
160 1930 9
160 1973 9
161 198 4
161 280 19
161 455 6
161 591 17
161 761 15
161 873 10
161 913 16
161 1089 4
161 1115 3
161 1181 10
161 1188 8
161 1315 6
161 1608 4
161 1613 10
161 1670 15
161 1715 2
161 1740 17
162 184 12
162 192 4
162 378 9
162 476 6
162 496 12
162 948 11
162 1106 16
162 1120 9
162 1175 1
162 1467 5
162 1471 13
162 1637 10
162 1711 8
162 1958 4
163 201 5
163 227 3
163 325 15
163 446 4
163 459 2
163 506 11
163 507 13
163 520 9
163 589 10
163 639 4
163 727 3
163 825 14
163 924 5
163 1067 8
163 1182 1
163 1305 19
163 1364 15
163 1501 9
163 1553 10
163 1774 16
163 1946 14
164 182 11
164 401 12
164 469 1
164 547 20
164 658 20
164 726 14
164 828 1
164 867 17
164 986 18
164 1069 3
164 1367 2
164 1701 15
164 1732 9
164 1744 8
164 1827 15
164 1831 11
164 1842 4
164 1872 10
164 1893 3
164 1992 12
165 332 18
165 570 13
165 575 6
165 711 18
165 871 17
165 949 13
165 983 1
165 1004 6
165 1035 18
165 1110 7
165 1129 2
165 1274 9
165 1364 19
165 1506 1
165 1537 2
165 1558 4
165 1568 13
165 1880 3
165 1903 16
166 258 18
166 382 20
166 394 20
166 463 20
166 535 13
166 654 14
166 783 9
166 832 3
166 863 20
166 938 1
166 1047 8
166 1138 11
166 1237 6
166 1359 14
166 1572 15
166 1585 3
166 1646 13
166 1809 9
166 1994 20
167 225 10
167 231 8
167 282 16
167 390 8
167 624 15
167 758 15
167 870 14
167 996 10
167 1047 9
167 1174 15
167 1527 15
167 1569 16
167 1777 1
167 1915 5
167 1968 17
168 212 19
168 295 20
168 478 16
168 498 17
168 757 4
168 802 2
168 1063 14
168 1372 16
168 1660 3
168 1669 14
168 1784 16
168 1868 4
168 1887 15
168 1936 11
169 187 8
169 296 20
169 306 20
169 384 3
169 469 15
169 475 10
169 496 7
169 502 12
169 514 2
169 529 20
169 692 7
169 744 14
169 874 5
169 887 18
169 1064 3
169 1153 16
169 1180 12
169 1248 10
169 1278 4
169 1291 19
169 1325 6
169 1393 3
169 1511 19
169 1524 6
169 1536 20
169 1705 11
170 269 5
170 279 3
170 443 19
170 774 12
170 864 14
170 881 14
170 888 13
170 914 11
170 918 19
170 1136 19
170 1259 13
170 1401 13
170 1423 1
170 1432 11
170 1510 3
170 1637 18
170 1884 13
170 1927 13
171 343 20
171 769 16
171 798 16
171 824 14
171 916 10
171 935 7
171 1119 15
171 1261 14
171 1286 18
171 1381 14
171 1564 3
171 1584 1
171 1647 14
171 1655 2
171 1752 7
172 194 8
172 231 9
172 239 20
172 421 13
172 483 15
172 533 20
172 723 3
172 962 18
172 1004 10
172 1062 5
172 1223 20
172 1248 2
172 1249 19
172 1251 10
172 1406 11
172 1418 1
172 1424 15
172 1427 17
172 1493 9
172 1502 14
172 1709 18
172 1769 10
172 1783 7
172 1791 2
172 1800 20
172 1908 5
173 175 11
173 222 19
173 253 13
173 284 10
173 333 8
173 432 3
173 811 5
173 951 14
173 1077 4
173 1090 5
173 1183 20
173 1190 5
173 1536 6
173 1590 13
173 1855 7
173 1905 12
173 1944 18
173 1952 6
173 1993 15
174 193 13
174 205 4
174 291 9
174 305 3
174 442 15
174 467 9
174 494 17
174 525 16
174 623 13
174 693 12
174 783 8
174 880 2
174 898 10
174 987 2
174 1031 6
174 1197 18
174 1327 7
174 1423 11
174 1501 7
174 1552 8
174 1694 12
174 1763 1
174 1922 10
174 1925 13
175 314 20
175 708 11
175 727 1
175 801 2
175 809 6
175 831 9
175 854 1
175 1092 17
175 1146 6
175 1163 17
175 1220 18
175 1529 3
175 1584 9
175 1753 11
175 1765 9
176 191 8
176 319 15
176 339 5
176 365 8
176 503 6
176 561 1
176 587 19
176 913 15
176 1000 6
176 1181 4
176 1528 12
176 1576 18
176 1799 13
176 1931 2
176 1935 11
177 279 5
177 521 12
177 628 1
177 629 19
177 640 6
177 671 16
177 1211 2
177 1520 16
177 1536 15
177 1632 18
177 1691 16
178 290 6
178 674 6
178 733 20
178 756 13
178 800 12
178 888 10
178 1016 20
178 1062 5
178 1281 17
178 1417 19
178 1493 9
178 1513 17
178 1542 7
178 1637 5
178 1760 15
178 1865 2
178 1910 2
178 1992 14
178 1996 2
179 215 14
179 400 7
179 419 3
179 548 4
179 654 5
179 754 7
179 952 18
179 1126 13
179 1175 14
179 1420 20
179 1740 20
179 1821 17
180 224 2
180 290 20
180 315 17
180 365 15
180 417 15
180 548 6
180 599 12
180 608 9
180 703 19
180 791 20
180 962 10
180 1073 5
180 1390 17
180 1528 4
180 1649 11
180 1696 12
180 1758 20
180 1962 1
181 227 4
181 262 3
181 346 12
181 689 20
181 1160 3
181 1222 16
181 1316 18
181 1362 16
181 1429 12
181 1562 11
181 1745 11
181 1902 1
182 452 10
182 467 20
182 530 20
182 684 6
182 906 1
182 1059 10
182 1087 14
182 1104 1
182 1106 10
182 1179 20
182 1332 10
182 1431 14
182 1517 14
182 1593 20
182 1639 19
182 1817 12
182 1829 2
182 1899 17
182 1912 8
183 190 10
183 320 1
183 340 6
183 444 6
183 461 20
183 745 9
183 778 2
183 874 10
183 922 13
183 996 13
183 1092 8
183 1226 3
183 1434 18
183 1458 19
183 1472 3
183 1602 15
183 1609 1
183 1727 10
183 1748 17
183 1785 10
183 1885 12
183 1896 16
183 1969 8
184 255 9
184 399 4
184 407 18
184 463 2
184 857 16
184 886 4
184 950 1
184 973 17
184 1133 6
184 1190 19
184 1194 18
184 1484 11
184 1518 9
184 1586 13
184 1735 17
184 1835 13
185 237 17
185 305 2
185 403 12
185 597 13
185 603 18
185 672 9
185 724 15
185 744 15
185 985 19
185 1126 11
185 1182 4
185 1352 19
185 1362 19
185 1560 17
185 1849 15
185 1949 2
185 1958 20
185 1959 20
186 367 20
186 515 6
186 528 2
186 708 14
186 743 11
186 755 15
186 829 16
186 851 9
186 986 9
186 1121 5
186 1136 5
186 1236 4
186 1391 16
186 1653 18
186 1674 5
186 1762 13
186 1775 9
186 1911 14
186 1939 18
186 1970 13
187 405 1
187 560 17
187 828 2
187 860 19
187 912 2
187 963 5
187 968 3
187 979 6
187 1034 2
187 1066 6
187 1207 15
187 1270 5
187 1481 20
187 1549 2
187 1585 4
187 1721 12
187 1759 10
187 1907 14
188 279 16
188 541 17
188 653 20
188 713 17
188 774 6
188 782 2
188 866 2
188 882 18
188 892 20
188 894 1
188 974 10
188 996 4
188 1025 15
188 1106 1
188 1128 17
188 1138 7
188 1223 5
188 1357 11
188 1474 3
188 1492 14
188 1657 17
188 1705 16
188 1714 14
188 1793 6
188 1858 2
188 1892 2
189 221 14
189 371 8
189 989 18
189 1007 14
189 1050 17
189 1051 13
189 1073 7
189 1173 12
189 1399 12
189 1418 3
189 1461 7
189 1495 6
189 1615 12
189 1623 7
190 204 12
190 308 8
190 452 19
190 454 9
190 596 15
190 723 17
190 738 8
190 748 13
190 794 10
190 838 20
190 1186 14
190 1345 12
190 1405 14
190 1613 5
190 1659 12
190 1671 19
190 1757 16
190 1808 16
190 1826 11
190 1833 4
190 1835 4
190 1859 14
191 237 7
191 321 12
191 398 3
191 484 6
191 653 9
191 714 9
191 759 2
191 903 12
191 910 4
191 996 1
191 1013 6
191 1039 2
191 1210 3
191 1635 17
191 1674 10
191 1772 14
191 1836 19
192 362 6
192 474 7
192 488 19
192 505 12
192 603 6
192 615 2
192 688 15
192 704 3
192 786 3
192 802 14
192 1051 5
192 1066 13
192 1099 11
192 1293 11
192 1341 17
192 1386 13
192 1392 9
192 1459 17
192 1546 9
192 1897 11
192 1915 2
192 1916 6
193 375 9
193 506 2
193 562 15
193 659 4
193 691 15
193 752 8
193 804 4
193 838 10
193 1126 12
193 1132 2
193 1308 11
193 1373 15
193 1434 10
193 1451 15
193 1465 7
193 1539 5
193 1594 3
193 1633 5
193 1641 2
193 1670 16
193 1768 18
193 1856 11
193 1857 9
193 1867 10
193 1987 4
194 229 4
194 594 1
194 685 9
194 727 1
194 776 2
194 1041 19
194 1144 11
194 1159 20
194 1268 9
194 1291 9
194 1336 20
194 1446 20
194 1819 19
194 1908 7
194 1916 13
195 212 1
195 246 10
195 271 17
195 309 12
195 331 8
195 431 11
195 606 7
195 646 12
195 861 13
195 871 16
195 1076 9
195 1092 15
195 1141 19
195 1291 13
195 1591 9
195 1821 7
195 1837 1
195 1849 11
195 1895 13
195 1964 14
196 216 18
196 226 20
196 466 3
196 631 5
196 775 3
196 799 20
196 895 14
196 934 10
196 1214 7
196 1260 18
196 1339 4
196 1369 13
196 1414 17
196 1433 15
196 1448 17
196 1460 11
196 1597 16
196 1608 5
196 1653 18
196 1698 12
196 1778 14
196 1786 1
196 1849 9
196 1905 1
197 251 14
197 368 6
197 618 20
197 716 9
197 722 2
197 731 19
197 818 12
197 915 3
197 960 7
197 1023 2
197 1099 3
197 1290 20
197 1293 12
197 1376 11
197 1427 7
197 1455 15
197 1647 9
197 1747 16
197 1768 2
197 1814 20
198 542 7
198 737 1
198 781 15
198 829 1
198 856 14
198 969 20
198 1045 11
198 1100 13
198 1155 10
198 1318 6
198 1342 15
198 1387 13
198 1470 13
198 1519 19
198 1630 9
198 1727 15
198 1867 3
198 1894 9
198 1899 4
198 1957 5
198 1964 9
198 1982 12
199 340 9
199 351 1
199 493 17
199 531 4
199 866 14
199 877 15
199 901 4
199 982 5
199 1212 14
199 1381 6
199 1471 19
199 1579 14
199 1586 5
199 1602 15
199 1636 18
199 1650 11
199 1766 9
199 1795 7
199 1823 13
199 1945 13
200 231 17
200 564 4
200 688 18
200 1056 7
200 1116 6
200 1212 1
200 1272 2
200 1352 8
200 1375 6
200 1390 16
200 1497 20
200 1570 9
200 1806 9
200 1944 13
200 1956 17
201 332 7
201 580 17
201 666 12
201 720 9
201 1059 19
201 1458 11
201 1474 16
201 1699 14
201 1801 12
201 1853 9
202 265 8
202 309 13
202 567 15
202 720 3
202 740 1
202 807 19
202 850 2
202 861 12
202 1118 6
202 1245 14
202 1597 14
202 1637 8
202 1770 15
202 1916 12
203 282 19
203 307 17
203 324 12
203 338 13
203 345 5
203 353 8
203 414 2
203 483 11
203 572 4
203 712 11
203 770 7
203 812 15
203 858 13
203 1022 16
203 1084 11
203 1238 1
203 1300 9
203 1320 7
203 1360 8
203 1437 4
203 1451 2
203 1520 13
203 1627 10
203 1644 17
203 1712 4
203 1770 7
203 1862 8
203 1974 4
204 345 7
204 350 16
204 439 2
204 443 20
204 579 6
204 721 15
204 755 12
204 1024 13
204 1052 3
204 1261 13
204 1313 2
204 1508 15
204 1537 2
204 1552 10
204 1594 15
204 1607 11
204 1645 4
204 1756 12
204 1801 5
205 419 13
205 473 5
205 662 9
205 764 16
205 1055 19
205 1095 9
205 1120 16
205 1333 16
205 1457 19
205 1516 5
205 1652 1
205 1683 18
205 1729 6
205 1733 20
205 1969 6
206 303 4
206 352 7
206 485 6
206 570 20
206 574 2
206 611 18
206 648 18
206 683 10
206 712 18
206 825 4
206 1083 8
206 1365 20
206 1488 16
206 1505 10
206 1526 7
206 1566 6
206 1580 13
206 1750 9
206 1890 4
207 662 16
207 730 18
207 990 9
207 1044 6
207 1148 5
207 1155 19
207 1262 2
207 1284 16
207 1372 14
207 1377 2
207 1400 4
207 1467 8
207 1488 14
207 1535 7
207 1782 8
207 1878 14
208 345 14
208 525 8
208 691 5
208 694 18
208 714 7
208 736 11
208 792 7
208 796 6
208 912 1
208 950 13
208 980 1
208 1028 13
208 1061 1
208 1135 10
208 1151 3
208 1160 12
208 1228 10
208 1478 10
208 1522 8
208 1692 14
208 1741 12
208 1893 12
208 1949 19
209 279 13
209 386 13
209 415 12
209 425 10
209 432 9
209 510 17
209 589 16
209 602 18
209 802 2
209 874 13
209 893 5
209 915 9
209 1049 19
209 1069 8
209 1164 8
209 1301 4
209 1325 3
209 1340 12
209 1440 1
209 1464 17
209 1535 10
209 1573 10
209 1574 11
209 1654 10
209 1662 14
209 1787 13
209 1943 9
210 335 8
210 358 1
210 393 19
210 418 8
210 473 9
210 715 19
210 863 19
210 898 13
210 947 7
210 1039 4
210 1076 2
210 1204 14
210 1224 6
210 1278 6
210 1327 5
210 1360 20
210 1450 4
210 1453 20
210 1471 12
210 1677 5
210 1719 12
211 394 15
211 439 5
211 465 9
211 468 11
211 474 17
211 602 6
211 645 12
211 709 5
211 768 15
211 792 4
211 900 3
211 1030 2
211 1159 8
211 1307 14
211 1521 4
211 1696 18
211 1802 17
211 1812 2
211 1857 15
212 327 5
212 370 10
212 388 7
212 619 4
212 811 15
212 950 18
212 1020 19
212 1097 19
212 1215 8
212 1285 2
212 1297 6
212 1390 9
212 1391 14
212 1518 18
212 1562 6
212 1664 14
212 1684 9
212 1764 20
212 1792 19
212 1816 5
212 1833 6
212 1867 13
213 247 14
213 328 14
213 391 7
213 454 17
213 613 10
213 735 4
213 752 3
213 1040 12
213 1118 11
213 1121 12
213 1210 7
213 1264 20
213 1349 9
213 1383 15
213 1421 15
213 1552 7
213 1741 17
213 1742 3
213 1778 12
213 1927 4
213 1928 7
213 1966 12
214 285 7
214 333 9
214 471 11
214 659 17
214 719 19
214 824 6
214 840 19
214 899 8
214 936 19
214 1019 5
214 1082 10
214 1397 10
214 1421 3
214 1430 14
214 1476 14
214 1508 16
214 1629 17
214 1643 20
214 1681 19
214 1764 16
214 1972 3
215 284 6
215 332 19
215 455 14
215 750 12
215 831 15
215 1130 7
215 1413 12
215 1467 15
215 1627 6
215 1760 17
215 1770 8
215 1888 7
215 1908 3
216 380 14
216 432 4
216 487 10
216 706 15
216 904 12
216 989 11
216 1054 14
216 1095 3
216 1327 16
216 1373 9
216 1586 8
216 1941 18
217 369 10
217 551 15
217 651 20
217 689 3
217 699 12
217 784 4
217 801 1
217 880 13
217 1214 18
217 1350 17
217 1520 20
217 1563 6
217 1632 6
217 1724 3
217 1867 17
217 1893 6
218 404 20
218 443 14
218 626 18
218 736 2
218 796 5
218 1104 14
218 1164 3
218 1240 14
218 1374 4
218 1390 2
218 1397 12
218 1813 8
218 1891 15
218 1914 11
219 277 13
219 297 2
219 314 5
219 393 12
219 458 16
219 489 7
219 716 13
219 746 2
219 786 4
219 885 19
219 985 7
219 1241 2
219 1277 4
219 1410 18
219 1416 4
219 1516 10
219 1751 12
219 1804 16
219 1812 9
219 1867 2
219 1894 9
219 1896 10
220 365 19
220 371 11
220 451 13
220 461 5
220 522 12
220 770 16
220 804 9
220 825 3
220 876 20
220 984 2
220 1013 18
220 1136 20
220 1439 5
220 1535 9
220 1560 9
220 1626 17
220 1648 13
220 1880 11
220 1908 11
221 261 2
221 288 8
221 290 2
221 307 2
221 313 9
221 356 6
221 401 18
221 496 20
221 577 7
221 682 10
221 749 14
221 762 13
221 857 6
221 929 4
221 930 17
221 1099 5
221 1115 1
221 1141 8
221 1176 11
221 1197 14
221 1245 12
221 1295 10
221 1339 6
221 1344 9
221 1469 17
221 1581 20
221 1647 7
221 1760 20
221 1862 2
221 1926 3
221 1936 1
221 1942 8
222 235 9
222 291 2
222 387 15
222 525 4
222 527 15
222 608 9
222 660 11
222 718 12
222 833 14
222 998 14
222 1056 18
222 1122 2
222 1213 3
222 1240 9
222 1242 3
222 1358 16
222 1495 17
222 1880 18
223 227 12
223 276 6
223 528 15
223 536 13
223 730 17
223 731 13
223 800 13
223 840 1
223 871 4
223 983 10
223 1160 7
223 1191 19
223 1212 13
223 1252 16
223 1266 2
223 1335 11
223 1347 3
223 1546 19
223 1602 15
223 1664 11
223 1702 14
223 1731 19
223 1800 17
223 1829 1
223 1898 4
223 1935 1
223 1984 9
224 432 7
224 470 16
224 540 13
224 652 1
224 744 5
224 791 14
224 896 1
224 919 12
224 975 6
224 1023 8
224 1086 16
224 1156 13
224 1276 9
224 1326 2
224 1483 19
224 1604 19
224 1617 16
224 1638 7
224 1689 16
224 1868 19
224 1892 2
224 1933 9
224 1938 5
225 239 19
225 242 16
225 344 3
225 371 1
225 500 13
225 584 12
225 589 9
225 634 20
225 756 17
225 909 17
225 1102 19
225 1142 8
225 1168 1
225 1367 12
225 1644 2
225 1666 11
225 1739 2
225 1754 4
225 1828 14
225 1860 17
225 1884 7
225 1991 13
225 1995 20
226 663 18
226 695 18
226 726 2
226 867 10
226 1052 2
226 1186 20
226 1271 17
226 1465 10
226 1828 19
226 1883 15
226 1887 1
226 1973 13
227 310 18
227 355 4
227 622 4
227 646 3
227 786 7
227 861 15
227 917 6
227 1020 15
227 1039 6
227 1042 20
227 1070 20
227 1114 15
227 1150 3
227 1223 11
227 1231 15
227 1310 8
227 1362 16
227 1378 12
227 1396 15
227 1670 13
227 1860 8
227 1883 2
227 1888 13
227 1897 3
227 1993 7
228 306 11
228 338 11
228 480 5
228 686 18
228 710 3
228 758 8
228 789 1
228 819 5
228 843 6
228 848 6
228 874 20
228 877 13
228 1287 17
228 1295 18
228 1424 9
228 1516 8
228 1533 7
228 1578 10
228 1605 11
228 1663 10
228 1892 8
228 1895 4
228 1909 10
228 1970 14
229 232 1
229 234 5
229 267 8
229 311 2
229 315 8
229 469 8
229 503 18
229 521 9
229 783 9
229 827 8
229 993 18
229 1014 13
229 1252 14
229 1324 12
229 1352 1
229 1408 9
229 1539 11
229 1801 8
229 1930 8
230 233 17
230 244 15
230 259 16
230 313 3
230 360 20
230 717 19
230 780 4
230 827 18
230 846 18
230 947 17
230 951 11
230 993 16
230 1262 12
230 1283 20
230 1301 5
230 1329 4
230 1374 16
230 1434 11
230 1519 6
231 362 1
231 440 17
231 447 9
231 485 2
231 550 6
231 557 6
231 562 15
231 650 12
231 669 5
231 779 16
231 930 15
231 965 18
231 984 8
231 1300 2
231 1336 9
231 1360 4
231 1428 17
231 1453 17
231 1619 7
231 1643 14
231 1665 4
231 1777 9
231 1871 13
232 360 4
232 705 12
232 872 8
232 915 6
232 975 15
232 1001 12
232 1136 18
232 1250 6
232 1390 18
232 1399 11
232 1424 11
232 1582 6
232 1616 7
232 1926 11
232 1966 16
233 254 8
233 318 2
233 365 10
233 487 16
233 577 4
233 899 19
233 902 17
233 929 20
233 954 18
233 1054 5
233 1101 18
233 1141 7
233 1189 16
233 1200 5
233 1554 6
233 1979 19
234 366 19
234 382 13
234 574 7
234 581 5
234 798 5
234 902 9
234 1038 17
234 1080 13
234 1736 19
234 1765 17
235 276 16
235 296 9
235 830 8
235 865 1
235 1076 11
235 1088 12
235 1173 13
235 1310 9
235 1526 4
235 1560 11
235 1772 3
235 1864 8
236 410 13
236 418 5
236 499 7
236 508 18
236 635 17
236 830 18
236 920 16
236 949 9
236 973 2
236 1085 7
236 1216 6
236 1230 17
236 1294 7
236 1344 17
236 1435 7
236 1618 10
236 1780 10
236 1841 6
236 1944 14
236 1950 8
236 1990 1
237 244 9
237 599 11
237 606 3
237 620 5
237 732 6
237 807 4
237 1147 10
237 1210 14
237 1254 15
237 1333 7
237 1351 13
237 1703 19
237 1809 15
237 1897 4
237 1958 20
238 292 8
238 395 5
238 417 20
238 497 2
238 783 20
238 954 8
238 1016 5
238 1373 5
238 1656 10
238 1669 20
238 1789 10
239 268 9
239 380 15
239 497 11
239 512 18
239 545 3
239 695 10
239 714 1
239 765 7
239 824 13
239 853 6
239 953 9
239 981 14
239 1224 16
239 1420 8
239 1562 9
239 1658 1
239 1707 13
239 1857 19
239 1874 16
239 1891 18
240 361 20
240 529 16
240 733 6
240 819 17
240 932 8
240 1056 7
240 1160 13
240 1165 17
240 1219 9
240 1429 20
240 1434 7
240 1463 5
240 1716 13
240 1722 11
240 1903 13
240 1952 16
241 387 10
241 479 15
241 481 18
241 546 11
241 560 10
241 644 17
241 665 13
241 697 13
241 869 17
241 965 15
241 1024 5
241 1214 10
241 1237 7
241 1420 4
241 1678 20
241 1826 19
241 1929 20
241 1964 3
242 296 11
242 387 17
242 420 6
242 785 9
242 788 4
242 851 3
242 1080 13
242 1168 9
242 1316 19
242 1337 18
242 1342 1
242 1344 12
242 1362 20
242 1394 17
242 1406 12
242 1618 14
242 1649 20
242 1836 18
242 1849 15
242 1907 12
242 1985 10
243 406 4
243 533 1
243 669 8
243 941 17
243 990 2
243 1010 12
243 1054 2
243 1126 7
243 1280 7
243 1317 16
243 1328 16
243 1388 19
243 1628 3
243 1715 18
243 1818 5
243 1906 20
243 1911 8
243 1928 12
243 1970 10
244 287 1
244 316 10
244 344 16
244 472 15
244 539 6
244 654 13
244 744 19
244 771 16
244 810 4
244 1116 17
244 1212 17
244 1225 15
244 1239 18
244 1244 4
244 1393 6
244 1401 7
244 1459 17
244 1530 7
244 1595 2
244 1732 3
245 260 10
245 328 7
245 538 13
245 585 13
245 666 2
245 686 11
245 828 2
245 983 7
245 1100 14
245 1355 7
245 1420 11
245 1712 1
245 1837 3
245 1841 16
245 1890 18
245 1913 10
245 1929 4
246 360 6
246 363 14
246 369 9
246 370 9
246 471 4
246 503 10
246 839 19
246 855 16
246 936 8
246 1020 18
246 1030 17
246 1134 7
246 1210 17
246 1352 7
246 1365 3
246 1367 4
246 1501 11
246 1744 11
246 1913 19
247 475 20
247 629 4
247 636 7
247 720 4
247 776 2
247 954 20
247 956 7
247 1264 12
247 1426 3
247 1530 1
247 1832 9
247 1948 4
247 1994 18
248 327 19
248 359 10
248 443 6
248 547 6
248 596 3
248 724 1
248 743 11
248 829 4
248 957 6
248 1085 18
248 1101 5
248 1139 6
248 1172 17
248 1237 3
248 1307 16
248 1367 9
248 1796 4
248 1881 20
248 1930 2
249 252 17
249 261 3
249 304 11
249 419 15
249 421 9
249 470 7
249 535 9
249 617 19
249 749 15
249 875 9
249 972 6
249 1024 7
249 1082 17
249 1096 15
249 1143 2
249 1272 16
249 1321 14
249 1572 5
249 1613 7
249 1660 5
249 1733 8
249 1810 19
249 1851 1
249 1904 16
249 1925 16
250 258 13
250 318 10
250 437 14
250 457 12
250 476 11
250 499 17
250 534 9
250 819 5
250 1006 5
250 1112 11
250 1225 19
250 1260 2
250 1492 10
250 1518 13
250 1611 20
250 1715 15
250 1729 9
250 1762 3
250 1796 8
250 1855 13
250 1943 2
251 350 12
251 475 14
251 579 1
251 646 8
251 760 17
251 996 1
251 1031 4
251 1211 13
251 1293 14
251 1311 1
251 1365 2
251 1423 13
252 381 2
252 531 9
252 790 4
252 860 6
252 1072 5
252 1136 9
252 1355 17
252 1762 12
252 1865 19
252 1967 9
252 1978 10
253 274 15
253 372 8
253 379 20
253 509 1
253 533 9
253 732 14
253 908 19
253 926 17
253 1033 3
253 1034 15
253 1048 7
253 1104 3
253 1150 14
253 1405 15
253 1534 10
253 1642 8
253 1719 10
253 1933 13
253 1990 4
254 380 1
254 569 12
254 579 3
254 595 10
254 598 10
254 605 2
254 628 14
254 676 13
254 839 4
254 896 7
254 1158 2
254 1207 20
254 1307 14
254 1469 5
254 1479 13
254 1649 1
254 1692 9
254 1786 6
254 1843 16
254 1848 14
254 1951 9
255 381 9
255 390 10
255 419 2
255 436 9
255 676 7
255 932 3
255 1123 14
255 1272 13
255 1276 8
255 1317 20
255 1373 20
255 1470 7
255 1493 13
255 1618 16
255 1726 2
255 1843 19
255 1854 15
255 1935 6
256 362 6
256 429 2
256 506 8
256 794 3
256 898 14
256 996 11
256 1043 9
256 1489 4
256 1724 13
256 1810 6
257 380 6
257 761 15
257 808 4
257 851 1
257 872 14
257 1130 6
257 1143 18
257 1153 10
257 1170 12
257 1214 3
257 1370 18
258 304 3
258 335 7
258 546 1
258 571 20
258 585 20
258 619 13
258 834 14
258 884 2
258 1070 15
258 1091 15
258 1205 6
258 1228 11
258 1237 20
258 1240 19
258 1300 12
258 1347 14
258 1405 20
258 1494 1
258 1515 15
258 1570 5
258 1577 3
258 1612 19
258 1726 3
258 1813 3
258 1848 13
259 350 3
259 359 10
259 375 6
259 394 19
259 399 16
259 639 3
259 825 1
259 918 11
259 1060 6
259 1232 1
259 1248 10
259 1350 6
259 1377 8
259 1379 13
259 1565 18
259 1646 11
259 1769 5
260 349 11
260 416 3
260 442 8
260 560 6
260 783 13
260 1109 3
260 1173 8
260 1240 13
260 1352 7
260 1412 10
260 1431 14
260 1453 7
260 1555 9
260 1585 17
260 1653 11
260 1670 17
260 1678 15
260 1729 20
260 1860 7
261 494 7
261 612 15
261 905 15
261 963 5
261 1181 17
261 1299 14
261 1328 16
261 1402 8
261 1412 16
261 1440 14
261 1444 13
261 1466 1
261 1483 11
261 1551 5
261 1884 17
261 1954 16
262 480 14
262 515 6
262 703 9
262 747 4
262 783 19
262 841 8
262 868 17
262 870 4
262 887 2
262 912 1
262 1106 6
262 1197 20
262 1273 11
262 1280 4
262 1282 2
262 1348 19
262 1365 20
262 1394 15
262 1421 20
262 1521 16
262 1522 15
262 1569 9
262 1605 17
262 1656 3
262 1701 19
262 1760 7
262 1911 12
262 1949 15
262 1970 13
263 301 11
263 482 3
263 520 3
263 534 17
263 663 3
263 680 3
263 736 14
263 804 18
263 853 5
263 948 5
263 970 3
263 1041 15
263 1074 17
263 1241 7
263 1347 18
263 1368 16
263 1526 17
263 1587 3
263 1612 16
263 1817 1
263 1906 19
263 1921 9
264 322 18
264 363 13
264 471 7
264 477 18
264 543 13
264 573 1
264 617 14
264 693 14
264 775 1
264 918 8
264 1281 14
264 1302 19
264 1355 4
264 1537 5
264 1607 7
264 1690 11
264 1901 13
264 1911 15
264 1959 14
265 468 16
265 654 7
265 757 7
265 773 10
265 1058 3
265 1153 17
265 1186 12
265 1247 1
265 1401 14
265 1429 12
265 1622 10
265 1777 9
265 1802 18
265 1923 19
265 1930 11
265 1980 17
265 1996 6
266 322 19
266 509 4
266 510 11
266 571 18
266 577 4
266 583 17
266 686 20
266 821 9
266 831 12
266 894 18
266 949 18
266 956 20
266 977 8
266 1024 10
266 1102 1
266 1128 8
266 1363 12
266 1410 10
266 1423 7
266 1493 20
266 1594 7
266 1608 9
266 1745 7
266 1804 14
266 1932 9
266 1985 4
267 282 3
267 357 18
267 485 8
267 644 2
267 730 9
267 742 11
267 924 14
267 997 16
267 1014 1
267 1065 2
267 1088 17
267 1124 11
267 1251 10
267 1354 7
267 1434 6
267 1568 6
267 1587 18
267 1622 7
267 1703 1
267 1771 5
267 1840 4
268 294 19
268 337 3
268 388 11
268 391 10
268 699 5
268 720 17
268 759 11
268 986 11
268 1005 3
268 1201 13
268 1315 13
268 1576 5
268 1939 5
269 356 11
269 392 15
269 437 19
269 499 18
269 556 13
269 585 1
269 630 13
269 750 15
269 948 11
269 986 13
269 1014 3
269 1124 18
269 1253 7
269 1295 8
269 1299 1
269 1339 17
269 1352 13
269 1390 19
269 1541 4
269 1613 20
269 1689 14
269 1921 8
269 1957 7
270 365 8
270 404 20
270 460 12
270 562 9
270 748 18
270 802 14
270 865 10
270 943 20
270 1057 4
270 1186 17
270 1202 18
270 1465 10
270 1466 2
270 1497 17
270 1532 17
270 1710 3
270 1803 3
270 1853 1
270 1875 13
270 1984 4
271 475 14
271 556 17
271 629 17
271 633 3
271 809 17
271 846 16
271 964 18
271 1148 5
271 1188 13
271 1208 15
271 1322 11
271 1415 5
271 1465 4
271 1533 19
271 1674 16
271 1773 17
271 1776 8
271 1792 3
271 1911 2
271 1917 2
271 1936 2
271 1968 19
272 439 8
272 823 13
272 834 8
272 996 10
272 1137 14
272 1344 10
272 1362 5
272 1404 13
272 1634 14
272 1745 9
272 1904 18
273 350 4
273 358 4
273 529 4
273 648 2
273 657 3
273 747 15
273 877 3
273 906 6
273 956 18
273 1114 9
273 1120 2
273 1266 17
273 1305 11
273 1306 15
273 1470 10
273 1574 13
273 1725 16
273 1734 17
273 1775 9
273 1793 13
273 1865 8
274 316 1
274 440 7
274 467 5
274 469 3
274 522 15
274 533 5
274 558 16
274 799 9
274 1019 5
274 1049 18
274 1232 15
274 1319 19
274 1389 13
274 1442 3
274 1451 12
274 1517 7
274 1538 18
274 1643 20
274 1675 4
274 1706 14
274 1878 16
274 1939 4
275 325 3
275 691 5
275 701 19
275 756 8
275 1139 7
275 1169 20
275 1285 18
275 1392 12
275 1428 20
275 1495 18
275 1529 11
275 1706 7
275 1815 10
275 1896 3
276 337 11
276 459 11
276 492 5
276 505 20
276 570 7
276 583 5
276 788 1
276 877 1
276 1059 18
276 1204 3
276 1232 5
276 1290 4
276 1314 7
276 1350 15
276 1427 16
276 1466 19
276 1568 18
276 1657 1
276 1690 19
276 1742 13
276 1746 14
276 1838 8
277 489 13
277 624 7
277 757 13
277 814 20
277 962 10
277 1008 4
277 1010 6
277 1102 17
277 1185 20
277 1192 3
277 1410 17
277 1552 16
277 1701 15
277 1713 1
277 1892 5
277 1901 9
277 1996 2
278 334 8
278 440 5
278 623 13
278 704 14
278 737 2
278 856 12
278 1136 15
278 1147 11
278 1582 19
278 1684 8
278 1831 16
278 1860 7
278 1963 2
279 776 16
279 980 17
279 1065 6
279 1184 18
279 1391 14
279 1472 11
279 1528 18
279 1812 1
280 661 14
280 806 2
280 875 18
280 881 5
280 987 18
280 1125 14
280 1242 10
280 1258 13
280 1388 17
280 1458 12
280 1502 13
280 1527 7
280 1609 3
280 1631 9
281 358 2
281 613 10
281 655 5
281 693 11
281 747 15
281 858 4
281 1003 11
281 1231 16
281 1246 6
281 1463 2
281 1832 19
281 1947 14
282 362 20
282 411 1
282 811 1
282 1082 10
282 1296 19
282 1305 9
282 1567 14
282 1609 4
282 1738 10
282 1831 13
282 1864 9
282 1969 2
283 538 14
283 600 3
283 772 10
283 894 16
283 1112 20
283 1165 8
283 1433 20
283 1517 6
283 1531 18
283 1579 5
283 1597 15
283 1955 5
284 312 7
284 344 8
284 373 6
284 547 14
284 742 18
284 1169 12
284 1289 8
284 1302 13
284 1339 9
284 1398 17
284 1416 1
284 1590 1
284 1639 15
284 1666 4
284 1712 18
284 1733 2
284 1917 15
284 1923 9
285 315 20
285 377 7
285 579 10
285 672 3
285 739 11
285 858 19
285 1182 16
285 1273 2
285 1290 20
285 1516 9
285 1531 16
285 1554 18
285 1555 15
285 1661 10
285 1700 6
285 1769 5
285 1927 8
286 381 14
286 395 8
286 469 5
286 563 1
286 747 16
286 781 7
286 1036 17
286 1042 5
286 1120 2
286 1479 11
286 1579 14
286 1593 13
286 1609 18
286 1651 18
286 1662 13
286 1771 17
287 604 5
287 873 20
287 902 12
287 1021 6
287 1163 5
287 1388 1
287 1393 11
287 1435 4
287 1441 4
287 1447 19
287 1571 9
287 1652 17
287 1759 11
287 1767 12
287 1771 8
287 1809 7
287 1816 13
287 1897 16
288 347 11
288 377 13
288 412 2
288 428 2
288 434 14
288 482 15
288 520 13
288 817 7
288 855 2
288 910 6
288 1005 16
288 1015 15
288 1041 10
288 1057 18
288 1068 4
288 1088 9
288 1175 19
288 1276 16
288 1695 6
288 1749 14
288 1791 13
289 493 16
289 769 10
289 811 12
289 846 6
289 946 14
289 982 17
289 1143 5
289 1463 1
289 1496 4
289 1566 10
289 1845 19
290 365 20
290 667 3
290 749 9
290 841 14
290 904 4
290 921 17
290 981 2
290 1030 4
290 1504 20
290 1582 16
290 1690 15
290 1698 9
290 1740 4
290 1813 4
290 1902 9
290 1916 4
290 1949 7
290 1960 10
291 405 1
291 408 6
291 425 3
291 436 11
291 447 3
291 491 15
291 567 16
291 572 14
291 643 14
291 739 14
291 752 9
291 794 5
291 844 2
291 852 14
291 902 8
291 957 4
291 1019 4
291 1060 3
291 1230 17
291 1269 8
291 1337 11
291 1342 4
291 1490 15
291 1536 2
291 1584 5
291 1685 12
291 1699 20
291 1836 5
292 782 6
292 790 13
292 877 10
292 932 9
292 963 18
292 1100 9
292 1364 8
292 1417 10
292 1702 11
292 1914 16
293 359 11
293 373 4
293 439 16
293 454 18
293 485 3
293 545 12
293 582 2
293 786 19
293 802 8
293 858 14
293 965 1
293 1000 16
293 1185 3
293 1218 11
293 1336 15
293 1679 5
293 1794 11
293 1817 6
293 1879 7
293 1889 5
293 1985 13
294 484 2
294 549 5
294 577 13
294 705 14
294 859 6
294 879 11
294 1118 3
294 1142 19
294 1457 17
294 1477 6
294 1552 3
294 1648 20
294 1665 14
294 1698 1
294 1793 4
294 1926 11
294 1941 17
294 1947 3
294 1955 1
295 506 6
295 671 1
295 740 7
295 741 10
295 760 3
295 765 12
295 767 10
295 850 16
295 1082 13
295 1085 15
295 1330 6
295 1374 1
295 1441 19
295 1587 20
295 1618 3
295 1664 5
295 1758 16
295 1760 20
295 1772 12
295 1812 9
295 1834 13
295 1868 13
295 1889 17
296 387 2
296 423 18
296 424 19
296 459 12
296 513 13
296 818 19
296 882 17
296 920 10
296 945 20
296 1061 10
296 1083 16
296 1131 7
296 1137 10
296 1313 16
296 1371 14
296 1411 15
296 1454 12
296 1634 5
296 1657 11
296 1670 11
296 1706 3
296 1855 11
296 1922 1
297 315 3
297 385 20
297 467 19
297 542 20
297 596 11
297 755 16
297 886 17
297 953 18
297 977 9
297 1061 1
297 1333 17
297 1403 1
297 1439 1
297 1441 11
297 1590 4
297 1776 1
297 1781 6
297 1804 7
298 308 13
298 361 18
298 431 6
298 532 14
298 592 9
298 604 20
298 639 12
298 722 18
298 732 3
298 808 3
298 964 13
298 1128 17
298 1145 14
298 1302 11
298 1383 14
298 1417 14
298 1431 15
298 1658 7
298 1731 19
298 1804 6
298 1956 11
299 313 7
299 444 18
299 563 15
299 640 16
299 674 14
299 788 8
299 790 10
299 841 17
299 877 10
299 898 19
299 1104 17
299 1359 10
299 1423 9
299 1432 11
299 1440 11
299 1507 7
299 1609 6
299 1633 4
299 1785 2
299 1946 19
300 362 15
300 424 13
300 451 2
300 545 3
300 711 2
300 815 16
300 855 16
300 1035 1
300 1180 7
300 1368 14
300 1385 3
300 1500 6
300 1700 1
300 1770 7
301 346 7
301 471 6
301 488 19
301 531 15
301 660 9
301 885 3
301 900 14
301 1088 10
301 1263 7
301 1392 12
301 1417 2
301 1439 13
301 1617 2
301 1771 5
301 1802 1
301 1872 1
301 1900 20
302 439 20
302 538 19
302 714 11
302 736 18
302 923 14
302 938 19
302 1105 20
302 1142 15
302 1257 11
302 1302 17
302 1433 19
302 1470 13
302 1573 18
302 1596 3
302 1665 12
302 1883 14
302 1973 10
302 1980 10
303 357 2
303 460 12
303 581 12
303 599 8
303 679 14
303 721 4
303 748 8
303 1024 18
303 1068 20
303 1289 11
303 1312 17
303 1652 9
303 1687 5
303 1962 8
303 1965 8
304 501 14
304 593 16
304 620 10
304 748 8
304 806 14
304 845 8
304 893 1
304 1062 14
304 1376 4
304 1785 4
304 1922 20
304 1974 12
305 457 5
305 459 1
305 463 3
305 840 17
305 868 5
305 974 11
305 1056 16
305 1065 7
305 1224 9
305 1225 1
305 1505 20
305 1523 9
305 1571 3
305 1705 6
305 1707 13
305 1784 11
305 1787 18
305 1804 14
306 389 9
306 405 8
306 478 20
306 524 16
306 553 14
306 639 11
306 664 14
306 951 7
306 1037 1
306 1122 1
306 1247 10
306 1284 3
306 1290 5
306 1371 12
306 1374 14
306 1379 20
306 1557 17
306 1577 3
306 1722 12
306 1824 15
306 1892 2
306 1996 3
307 320 18
307 388 5
307 442 8
307 520 17
307 647 16
307 655 12
307 703 8
307 854 15
307 979 2
307 1123 3
307 1217 7
307 1304 1
307 1307 19
307 1321 20
307 1666 16
307 1736 8
307 1760 5
307 1911 11
307 1919 13
307 1989 14
308 597 12
308 630 17
308 672 16
308 739 19
308 743 9
308 810 14
308 912 1
308 962 20
308 997 3
308 1127 14
308 1306 9
308 1342 20
308 1489 6
308 1507 14
308 1752 17
308 1971 10
308 1980 8
309 414 17
309 692 4
309 929 20
309 941 7
309 1321 20
309 1606 4
309 1801 16
309 1822 7
310 621 7
310 951 20
310 1023 4
310 1144 15
310 1296 8
310 1314 7
310 1520 11
310 1522 14
310 1558 19
310 1702 20
310 1722 4
311 356 4
311 405 20
311 411 14
311 515 15
311 673 20
311 912 7
311 973 13
311 1060 16
311 1142 14
311 1230 5
311 1309 10
311 1538 7
311 1556 9
311 1572 20
311 1869 2
311 1931 16
311 1983 20
312 449 12
312 508 18
312 615 6
312 664 9
312 665 6
312 677 3
312 727 18
312 991 20
312 1088 19
312 1170 13
312 1174 3
312 1223 11
312 1446 3
312 1453 11
312 1585 19
312 1617 5
312 1663 17
312 1698 1
312 1832 10
313 443 10
313 475 3
313 610 6
313 686 18
313 711 6
313 767 1
313 953 4
313 1027 7
313 1043 3
313 1115 2
313 1150 7
313 1239 14
313 1274 17
313 1315 6
313 1381 3
313 1508 13
313 1510 3
313 1668 3
314 406 2
314 447 9
314 506 11
314 679 12
314 717 2
314 724 1
314 734 8
314 964 1
314 1050 12
314 1086 10
314 1103 19
314 1119 17
314 1335 18
314 1349 11
314 1448 10
314 1576 20
314 1580 16
314 1801 10
314 1998 14
315 330 4
315 345 16
315 348 5
315 405 7
315 417 5
315 493 15
315 678 7
315 756 6
315 1082 4
315 1188 15
315 1195 2
315 1231 13
315 1244 5
315 1259 17
315 1278 13
315 1535 13
315 1575 5
315 1577 18
315 1642 7
315 1808 13
315 1836 15
315 1912 16
316 784 8
316 879 11
316 913 2
316 1175 16
316 1261 20
316 1398 8
316 1412 19
316 1540 2
316 1583 3
316 1680 7
316 1711 15
316 1829 14
316 1860 13
317 489 1
317 546 12
317 551 7
317 634 14
317 641 16
317 685 18
317 734 15
317 764 4
317 974 14
317 993 18
317 1130 19
317 1417 19
317 1481 10
317 1856 15
317 1895 2
317 1913 17
318 490 6
318 493 18
318 536 7
318 625 16
318 733 15
318 810 1
318 823 15
318 845 18
318 894 8
318 1014 18
318 1098 12
318 1108 12
318 1136 1
318 1176 20
318 1184 10
318 1234 18
318 1236 2
318 1531 5
318 1562 3
318 1764 2
318 1901 6
319 361 7
319 492 9
319 564 7
319 684 18
319 967 18
319 1232 15
319 1315 15
319 1779 8
320 385 16
320 408 9
320 808 5
320 918 17
320 1413 7
320 1434 3
320 1438 20
320 1502 14
320 1509 7
320 1630 10
320 1669 2
320 1915 10
320 1921 13
321 478 1
321 609 19
321 617 3
321 1022 12
321 1179 20
321 1215 15
321 1273 13
321 1389 2
321 1391 3
321 1416 4
321 1759 10
322 326 8
322 372 11
322 391 7
322 400 7
322 425 2
322 485 11
322 505 1
322 663 8
322 714 15
322 879 9
322 928 1
322 1094 1
322 1113 12
322 1210 20
322 1215 15
322 1284 20
322 1291 19
322 1434 7
322 1496 2
322 1581 8
322 1706 16
322 1757 14
322 1926 17
323 381 8
323 461 4
323 640 2
323 655 17
323 665 13
323 740 2
323 798 20
323 804 3
323 917 20
323 919 1
323 1260 3
323 1310 8
323 1321 8
323 1444 18
323 1512 5
323 1597 13
323 1677 19
324 449 5
324 502 17
324 809 11
324 942 9
324 1187 18
324 1495 6
324 1585 1
324 1701 5
324 1714 8
324 1757 7
324 1794 15
324 1869 16
325 641 13
325 770 2
325 783 16
325 931 16
325 965 2
325 1083 2
325 1223 3
325 1328 17
325 1402 8
325 1539 18
325 1588 4
325 1602 9
325 1687 7
325 1828 11
325 1892 3
326 356 8
326 391 12
326 461 7
326 523 7
326 546 13
326 600 4
326 603 15
326 789 2
326 856 4
326 893 4
326 948 8
326 1071 10
326 1103 6
326 1138 11
326 1541 20
326 1543 9
326 1805 3
326 1824 19
326 1845 8
326 1886 13
327 354 17
327 492 8
327 546 4
327 605 7
327 753 4
327 772 12
327 796 18
327 984 15
327 1022 19
327 1109 3
327 1178 1
327 1408 11
327 1614 14
327 1650 14
327 1653 1
327 1654 1
327 1754 12
327 1828 18
327 1899 12
327 1910 18
328 372 14
328 495 11
328 785 17
328 790 4
328 969 4
328 1280 14
328 1610 4
328 1696 17
328 1703 4
329 372 7
329 395 4
329 484 20
329 489 18
329 570 2
329 714 10
329 729 5
329 799 10
329 973 7
329 1069 13
329 1172 19
329 1189 16
329 1242 13
329 1326 4
329 1468 1
329 1934 7
330 361 12
330 399 15
330 410 14
330 556 4
330 564 4
330 569 5
330 579 7
330 992 16
330 1184 12
330 1361 13
330 1382 2
330 1580 12
330 1615 16
330 1689 4
330 1703 7
330 1747 5
330 1850 16
330 1855 8
331 470 2
331 867 9
331 877 8
331 927 9
331 1226 14
331 1337 9
331 1404 1
331 1405 17
331 1427 16
331 1494 5
331 1531 15
331 1639 13
331 1644 3
331 1735 7
331 1816 2
331 1878 19
332 465 4
332 665 4
332 1022 4
332 1322 3
332 1392 7
332 1412 9
332 1607 5
332 1743 5
332 1785 11
332 1920 12
332 1976 17
333 363 5
333 561 7
333 606 4
333 842 6
333 892 18
333 939 9
333 1087 6
333 1172 18
333 1384 19
333 1401 4
333 1450 9
333 1645 18
333 1786 1
333 1829 5
333 1888 2
334 457 7
334 538 19
334 575 12
334 644 6
334 686 16
334 732 19
334 894 3
334 1325 17
334 1724 11
334 1738 9
334 1845 9
334 1950 15
335 552 20
335 569 11
335 576 17
335 661 13
335 756 6
335 799 17
335 803 19
335 847 2
335 927 2
335 1165 13
335 1317 8
335 1518 3
335 1728 16
335 1778 11
336 340 19
336 351 11
336 416 3
336 422 20
336 517 1
336 654 12
336 662 7
336 846 3
336 923 16
336 1094 19
336 1168 15
336 1196 16
336 1261 3
336 1570 13
336 1591 8
336 1804 14
336 1987 11
336 1993 3
337 360 18
337 523 1
337 593 15
337 632 3
337 928 14
337 1036 7
337 1122 8
337 1302 7
337 1362 1
337 1451 12
337 1580 13
337 1647 14
337 1801 12
338 355 18
338 427 6
338 510 9
338 706 18
338 829 11
338 881 1
338 997 20
338 1007 7
338 1099 2
338 1221 11
338 1225 9
338 1300 5
338 1467 6
338 1572 4
338 1592 8
338 1861 4
339 446 18
339 728 1
339 739 11
339 767 18
339 974 6
339 1087 13
339 1206 12
339 1276 15
339 1295 3
339 1356 8
339 1370 20
339 1769 17
339 1801 9
339 1838 19
339 1898 14
340 491 9
340 530 13
340 564 2
340 643 4
340 683 1
340 936 8
340 1072 12
340 1092 5
340 1136 5
340 1238 15
340 1397 14
340 1439 11
340 1468 14
340 1578 3
340 1649 19
341 471 4
341 510 4
341 617 11
341 621 16
341 631 8
341 738 10
341 749 13
341 761 1
341 804 7
341 1213 2
341 1336 15
341 1645 6
341 1684 20
341 1737 13
341 1746 14
341 1755 16
341 1774 6
342 467 20
342 703 13
342 841 2
342 953 12
342 954 2
342 1018 7
342 1037 7
342 1157 2
342 1168 6
342 1278 18
342 1287 12
342 1295 12
342 1304 17
342 1407 17
342 1477 13
342 1533 20
342 1715 19
343 470 17
343 568 17
343 861 18
343 989 4
343 1188 13
343 1235 14
343 1302 3
343 1698 8
343 1844 16
343 1987 9
344 458 6
344 489 4
344 510 18
344 545 5
344 579 4
344 583 11
344 656 1
344 818 4
344 947 16
344 989 14
344 1101 7
344 1144 10
344 1190 5
344 1192 3
344 1393 20
344 1426 18
344 1496 19
344 1669 10
344 1693 7
344 1741 13
344 1751 1
344 1860 19
344 1904 12
344 1930 9
345 437 14
345 788 16
345 839 3
345 901 11
345 963 14
345 1052 7
345 1443 17
345 1542 17
345 1575 17
345 1609 11
345 1755 18
345 1858 3
346 467 6
346 520 3
346 558 19
346 793 1
346 1137 14
346 1191 19
346 1255 12
346 1260 9
346 1294 6
346 1331 6
346 1477 20
346 1557 4
346 1604 8
346 1730 5
346 1899 7
347 355 3
347 446 6
347 484 8
347 698 19
347 721 18
347 776 12
347 827 16
347 852 6
347 1009 2
347 1146 12
347 1557 4
347 1560 5
347 1585 2
347 1673 19
347 1674 8
347 1899 10
347 1983 20
348 404 9
348 443 2
348 477 20
348 889 15
348 898 7
348 1111 20
348 1155 14
348 1181 17
348 1292 6
348 1355 18
348 1560 20
348 1725 19
348 1766 14
348 1786 4
348 1841 2
349 439 17
349 635 1
349 1023 7
349 1072 14
349 1263 18
349 1311 3
349 1427 18
349 1488 8
349 1572 1
349 1601 12
349 1999 14
350 416 18
350 515 3
350 636 3
350 996 7
350 1033 14
350 1238 3
350 1241 6
350 1252 7
350 1377 4
350 1606 3
350 1760 2
350 1781 8
350 1837 9
351 843 12
351 860 6
351 1018 10
351 1039 5
351 1048 7
351 1399 20
351 1402 20
351 1466 7
351 1485 9
351 1610 5
351 1772 12
351 1948 20
351 1984 19
352 531 2
352 602 16
352 606 2
352 663 3
352 725 13
352 745 6
352 770 11
352 774 16
352 795 4
352 898 12
352 1029 16
352 1085 5
352 1164 18
352 1372 11
352 1470 5
352 1569 1
352 1750 16
353 428 19
353 525 14
353 593 9
353 658 5
353 813 11
353 854 16
353 899 16
353 909 11
353 915 1
353 1078 9
353 1180 13
353 1190 13
353 1235 3
353 1248 9
353 1499 13
353 1619 9
353 1929 16
353 1986 8
354 492 5
354 565 11
354 630 14
354 785 13
354 852 4
354 1085 10
354 1117 17
354 1138 8
354 1207 16
354 1317 1
354 1483 8
354 1717 14
354 1787 13
354 1918 7
354 1920 11
355 372 9
355 546 3
355 641 17
355 697 3
355 789 5
355 878 1
355 992 6
355 1000 14
355 1012 9
355 1106 17
355 1109 8
355 1110 13
355 1136 19
355 1418 5
355 1463 2
355 1503 13
355 1580 14
355 1611 18
355 1681 13
355 1789 4
355 1802 3
355 1807 11
355 1860 1
355 1909 20
356 447 4
356 524 18
356 554 11
356 579 9
356 625 11
356 629 15
356 945 10
356 1099 17
356 1176 15
356 1245 16
356 1283 4
356 1428 6
356 1484 10
356 1609 1
356 1617 14
356 1778 4
356 1808 9
356 1965 14
356 1988 9
357 578 15
357 725 2
357 775 3
357 801 18
357 858 3
357 930 6
357 980 1
357 1004 1
357 1128 7
357 1176 2
357 1233 7
357 1630 18
357 1639 5
357 1748 7
358 398 18
358 452 1
358 500 15
358 896 11
358 931 1
358 990 18
358 993 13
358 1063 2
358 1164 18
358 1278 1
358 1290 13
358 1365 16
358 1389 17
358 1408 6
358 1425 15
358 1497 10
359 456 15
359 602 17
359 606 15
359 650 3
359 887 20
359 958 19
359 961 9
359 962 3
359 1041 12
359 1095 1
359 1290 8
359 1364 1
359 1409 9
359 1417 15
359 1600 14
359 1608 12
359 1612 18
359 1783 18
359 1792 19
359 1876 6
359 1937 2
359 1991 2
360 434 10
360 593 16
360 969 13
360 1077 13
360 1095 2
360 1159 19
360 1211 17
360 1285 7
360 1455 16
360 1460 11
360 1588 13
360 1614 5
360 1631 2
360 1657 9
360 1741 20
360 1854 16
360 1911 19
361 385 5
361 573 15
361 574 19
361 907 5
361 951 10
361 979 20
361 1107 8
361 1190 16
361 1249 18
361 1267 16
361 1359 18
361 1402 12
361 1506 4
361 1509 7
361 1647 6
361 1915 6
361 1946 14
362 403 13
362 515 2
362 563 13
362 691 6
362 764 1
362 1206 14
362 1207 12
362 1283 11
362 1361 19
362 1369 1
362 1429 4
362 1524 16
362 1574 7
362 1701 13
363 367 7
363 394 16
363 457 2
363 557 20
363 563 2
363 567 6
363 764 9
363 797 20
363 860 9
363 909 10
363 974 17
363 1018 15
363 1158 10
363 1280 15
363 1289 11
363 1328 3
363 1422 16
363 1434 15
363 1444 9
363 1539 2
363 1684 16
363 1708 6
363 1877 7
363 1937 8
364 383 3
364 515 2
364 521 10
364 582 13
364 743 7
364 755 20
364 962 10
364 992 2
364 1285 7
364 1288 14
364 1293 15
364 1498 1
364 1601 6
364 1633 6
364 1697 10
364 1705 14
364 1962 17
364 1995 17
365 501 20
365 547 1
365 627 8
365 669 19
365 761 16
365 854 17
365 949 18
365 1009 12
365 1115 18
365 1134 9
365 1193 1
365 1197 18
365 1429 20
365 1497 6
365 1545 8
365 1608 17
365 1626 2
365 1632 13
365 1717 11
365 1728 5
365 1736 20
366 388 2
366 408 2
366 508 18
366 678 7
366 716 18
366 735 12
366 743 14
366 811 7
366 894 4
366 920 19
366 954 3
366 975 13
366 1105 3
366 1262 8
366 1329 9
366 1438 9
366 1578 10
366 1607 6
366 1824 12
366 1950 20
367 387 13
367 742 3
367 746 19
367 832 6
367 1092 1
367 1209 3
367 1228 12
367 1229 19
367 1288 4
367 1306 4
367 1385 1
367 1426 16
367 1574 1
367 1665 15
367 1684 3
367 1769 1
368 389 13
368 442 10
368 481 18
368 510 12
368 686 6
368 758 10
368 794 10
368 822 19
368 892 12
368 941 9
368 953 11
368 1009 15
368 1011 3
368 1036 13
368 1094 19
368 1164 1
368 1201 3
368 1230 5
368 1273 10
368 1284 15
368 1452 13
368 1461 11
368 1556 2
368 1666 18
368 1751 9
368 1773 5
368 1790 20
368 1794 6
368 1809 17
368 1921 5
369 485 5
369 528 19
369 660 15
369 727 5
369 757 12
369 758 7
369 798 18
369 810 10
369 1194 20
369 1242 3
369 1279 15
369 1304 3
369 1325 15
369 1393 12
369 1415 8
369 1429 12
369 1467 12
369 1645 15
369 1684 6
369 1746 6
369 1909 9
369 1911 17
370 569 4
370 604 16
370 773 11
370 789 19
370 855 5
370 879 9
370 923 11
370 947 12
370 980 6
370 1151 3
370 1191 12
370 1315 15
370 1343 12
370 1357 4
370 1542 12
370 1683 20
370 1807 10
371 547 5
371 594 12
371 695 13
371 898 13
371 970 13
371 1002 14
371 1283 19
371 1430 15
371 1462 19
371 1477 3
371 1501 1
371 1512 3
371 1553 3
371 1597 4
371 1850 15
372 377 6
372 478 10
372 631 20
372 702 3
372 712 6
372 714 19
372 757 5
372 941 9
372 1071 13
372 1352 17
372 1364 12
372 1448 13
372 1467 6
372 1563 11
372 1655 20
372 1847 17
372 1884 18
372 1908 4
373 442 9
373 481 11
373 771 15
373 1045 11
373 1113 19
373 1162 13
373 1280 12
373 1294 3
373 1792 8
373 1817 4
373 1873 16
374 584 15
374 639 8
374 659 5
374 1067 11
374 1170 16
374 1260 16
374 1263 6
374 1300 18
374 1338 14
374 1408 20
374 1431 17
374 1470 1
374 1483 17
374 1489 20
374 1546 11
374 1724 4
374 1726 12
374 1747 5
374 1766 14
374 1906 3
375 404 10
375 416 8
375 457 9
375 464 18
375 588 18
375 701 9
375 718 13
375 898 11
375 978 3
375 1094 20
375 1120 16
375 1140 7
375 1204 8
375 1261 7
375 1324 13
375 1608 15
375 1646 6
375 1706 12
375 1793 11
375 1834 13
375 1887 14
375 1977 5
376 507 14
376 612 20
376 645 15
376 693 10
376 744 12
376 765 12
376 784 3
376 860 2
376 939 8
376 948 18
376 958 19
376 1059 6
376 1084 20
376 1356 4
376 1381 7
376 1531 18
376 1568 9
376 1584 12
376 1693 8
376 1747 17
376 1823 18
376 1982 4
377 390 19
377 504 20
377 599 3
377 781 2
377 797 3
377 968 8
377 1000 10
377 1119 7
377 1183 13
377 1212 9
377 1318 18
377 1331 9
377 1370 8
377 1464 9
377 1647 8
377 1861 8
377 1938 12
378 386 6
378 438 6
378 455 2
378 497 5
378 558 7
378 595 7
378 766 19
378 1063 5
378 1096 5
378 1179 20
378 1183 2
378 1199 7
378 1271 8
378 1317 13
378 1391 6
378 1489 11
378 1657 10
378 1700 17
378 1749 15
378 1926 15
378 1942 12
378 1994 18
379 529 20
379 602 19
379 640 3
379 654 15
379 721 9
379 745 12
379 924 3
379 1011 6
379 1032 2
379 1117 20
379 1138 3
379 1540 20
379 1828 18
379 1880 14
380 515 12
380 823 10
380 886 9
380 986 19
380 1096 8
380 1129 18
380 1136 11
380 1560 19
380 1602 4
380 1748 10
380 1987 9
381 386 6
381 766 10
381 835 19
381 884 15
381 943 20
381 973 8
381 1087 3
381 1158 12
381 1255 10
381 1470 13
381 1784 10
382 420 16
382 446 9
382 613 7
382 736 20
382 853 13
382 942 18
382 1043 1
382 1074 17
382 1147 14
382 1387 6
382 1396 18
382 1414 14
382 1601 6
382 1667 15
382 1846 1
382 1890 16
382 1938 12
383 401 16
383 425 6
383 460 2
383 480 14
383 614 11
383 694 5
383 705 6
383 904 4
383 1021 15
383 1111 17
383 1359 11
383 1588 14
383 1614 14
383 1983 12
384 580 16
384 881 7
384 998 1
384 1124 8
384 1182 7
384 1322 2
384 1607 10
384 1967 20
385 397 14
385 590 13
385 653 17
385 828 7
385 849 12
385 993 14
385 1048 2
385 1074 6
385 1194 19
385 1230 3
385 1311 18
385 1398 10
385 1485 13
385 1512 2
385 1547 12
385 1575 16
385 1769 5
385 1801 14
386 401 15
386 493 2
386 501 15
386 546 14
386 550 15
386 680 14
386 792 14
386 889 1
386 1356 11
386 1406 11
386 1549 13
386 1571 4
386 1636 5
386 1843 12
387 430 17
387 543 13
387 552 14
387 623 9
387 731 19
387 829 5
387 869 15
387 938 2
387 1007 14
387 1129 17
387 1379 1
387 1429 4
387 1464 10
387 1530 20
387 1663 2
387 1665 9
387 1771 18
387 1793 3
387 1818 12
387 1901 6
387 1913 10
387 1962 7
388 549 7
388 597 9
388 682 10
388 916 7
388 920 16
388 946 6
388 1028 4
388 1103 1
388 1125 9
388 1210 1
388 1684 11
388 1755 2
388 1801 16
388 1937 3
388 1962 15
388 1981 3
388 1994 8
389 415 17
389 821 6
389 870 15
389 1009 13
389 1114 15
389 1115 9
389 1138 3
389 1159 2
389 1177 7
389 1430 6
389 1438 20
389 1605 4
389 1705 14
389 1706 1
389 1724 9
390 419 18
390 564 4
390 566 16
390 697 20
390 919 19
390 1008 17
390 1100 17
390 1228 13
390 1240 20
390 1262 8
390 1301 8
390 1723 14
390 1727 16
390 1891 4
390 1899 13
391 462 12
391 505 17
391 665 3
391 709 5
391 710 19
391 773 8
391 884 10
391 893 11
391 955 3
391 1197 1
391 1717 5
391 1853 4
391 1944 17
392 441 1
392 512 6
392 568 6
392 618 7
392 623 14
392 646 15
392 733 20
392 857 5
392 870 16
392 922 15
392 961 10
392 1132 11
392 1135 7
392 1219 4
392 1313 10
392 1364 3
392 1451 18
392 1696 2
392 1731 5
392 1774 18
392 1812 1
393 408 14
393 428 5
393 485 19
393 509 12
393 563 13
393 568 13
393 581 20
393 759 5
393 837 20
393 959 4
393 1191 15
393 1206 12
393 1289 20
393 1468 9
393 1510 14
393 1522 2
393 1576 6
393 1694 18
393 1700 12
393 1746 10
393 1769 2
394 613 3
394 712 12
394 895 19
394 897 7
394 905 18
394 1002 5
394 1054 4
394 1297 14
394 1302 10
394 1361 19
394 1380 17
394 1594 1
395 425 15
395 492 17
395 720 14
395 796 16
395 849 7
395 939 15
395 1137 7
395 1143 20
395 1186 17
395 1222 9
395 1228 4
395 1520 8
395 1563 5
395 1703 7
395 1743 10
395 1800 19
395 1876 1
395 1938 1
396 666 8
396 675 3
396 796 11
396 843 1
396 1014 2
396 1084 17
396 1367 11
396 1489 3
396 1554 19
396 1623 20
396 1645 11
396 1720 9
396 1727 16
396 1731 9
396 1747 15
396 1804 16
396 1965 4
397 406 17
397 528 1
397 655 18
397 845 16
397 1024 3
397 1089 13
397 1096 13
397 1166 2
397 1175 2
397 1259 5
397 1318 18
397 1340 9
397 1557 13
397 1583 14
397 1620 11
397 1909 10
397 1942 20
398 558 15
398 641 14
398 683 17
398 758 11
398 767 9
398 803 10
398 873 9
398 1158 18
398 1339 19
398 1431 12
398 1494 6
398 1524 17
398 1723 15
398 1759 18
398 1843 6
398 1901 16
399 467 15
399 539 8
399 562 7
399 899 10
399 1050 14
399 1095 17
399 1120 2
399 1218 16
399 1321 8
399 1345 11
399 1396 5
399 1761 18
399 1774 8
399 1848 10
399 1897 16
400 485 6
400 546 17
400 647 9
400 668 2
400 760 10
400 1152 14
400 1345 16
400 1445 15
400 1451 14
400 1712 1
400 1815 11
400 1819 2
400 1842 17
400 1876 11
400 1921 14
400 1956 15
401 421 15
401 467 11
401 627 15
401 791 17
401 799 19
401 804 8
401 1108 6
401 1115 17
401 1145 19
401 1382 6
401 1581 2
401 1696 6
401 1734 10
401 1736 4
401 1845 16
401 1848 8
401 1936 9
402 473 7
402 924 20
402 1099 19
402 1349 19
402 1658 16
402 1968 13
402 1974 17
402 1986 20
403 408 1
403 497 7
403 674 2
403 764 11
403 782 4
403 853 18
403 930 14
403 969 7
403 1143 13
403 1353 11
403 1475 16
403 1709 13
403 1765 11
403 1772 19
404 427 10
404 474 12
404 510 19
404 532 19
404 600 4
404 619 6
404 694 7
404 706 6
404 718 11
404 815 15
404 844 16
404 868 2
404 968 10
404 984 11
404 1009 17
404 1052 3
404 1085 11
404 1122 6
404 1167 4
404 1247 9
404 1456 18
404 1714 2
405 555 1
405 563 3
405 699 5
405 798 8
405 1077 10
405 1109 7
405 1141 10
405 1151 16
405 1167 8
405 1169 17
405 1181 9
405 1217 1
405 1404 20
405 1455 19
405 1523 15
405 1688 8
405 1704 2
405 1738 20
405 1844 2
406 420 1
406 667 12
406 786 3
406 844 6
406 935 11
406 987 7
406 1035 18
406 1081 20
406 1109 15
406 1150 9
406 1178 11
406 1204 2
406 1259 4
406 1324 14
406 1500 10
406 1617 5
406 1639 6
406 1740 16
406 1777 11
406 1969 3
407 458 5
407 541 20
407 579 17
407 723 8
407 764 10
407 914 14
407 926 16
407 953 16
407 1014 11
407 1076 11
407 1081 15
407 1127 19
407 1348 14
407 1572 4
407 1667 17
407 1730 20
407 1917 6
408 545 13
408 720 12
408 1319 20
408 1529 3
408 1597 7
408 1614 4
408 1889 2
408 1946 3
408 1986 13
409 452 8
409 698 7
409 877 13
409 920 15
409 1054 7
409 1130 6
409 1141 8
409 1215 9
409 1344 3
409 1721 12
409 1734 6
409 1750 9
409 1791 10
409 1845 9
409 1885 11
409 1919 17
410 418 10
410 624 18
410 637 12
410 671 4
410 693 9
410 709 8
410 797 3
410 1015 19
410 1154 10
410 1310 8
410 1575 16
410 1981 13
411 465 1
411 487 12
411 807 12
411 897 15
411 1307 19
411 1370 14
411 1410 11
411 1724 9
411 1749 2
411 1863 14
411 1941 15
411 1944 5
411 1951 15
412 413 11
412 459 9
412 468 4
412 610 17
412 686 11
412 825 1
412 912 4
412 921 9
412 950 4
412 1192 17
412 1233 3
412 1302 5
412 1463 9
412 1466 5
412 1534 10
412 1666 17
412 1693 3
412 1695 20
412 1753 14
412 1764 16
412 1779 13
412 1781 6
412 1790 17
412 1806 6
412 1825 9
412 1844 6
412 1935 15
413 445 20
413 465 11
413 466 20
413 519 6
413 584 14
413 602 4
413 633 17
413 637 14
413 718 13
413 1005 16
413 1528 18
413 1569 18
413 1679 8
413 1694 20
413 1699 16
413 1777 7
413 1986 16
414 559 2
414 602 4
414 630 6
414 656 10
414 860 3
414 923 7
414 1039 17
414 1247 13
414 1764 5
415 483 4
415 497 10
415 570 8
415 604 9
415 656 8
415 725 12
415 729 8
415 768 18
415 874 13
415 1019 18
415 1045 7
415 1265 6
415 1467 1
415 1518 7
415 1643 16
415 1912 12
415 1944 1
415 1951 16
416 454 13
416 474 1
416 516 7
416 561 10
416 615 17
416 660 8
416 892 17
416 984 2
416 1148 14
416 1152 18
416 1210 2
416 1247 17
416 1352 11
416 1433 20
416 1466 20
416 1511 18
416 1748 10
416 1905 1
417 435 2
417 465 16
417 576 8
417 617 14
417 633 12
417 677 8
417 740 4
417 743 6
417 931 6
417 937 18
417 1100 7
417 1248 1
417 1853 12
417 1894 15
418 425 2
418 463 3
418 669 6
418 704 6
418 717 8
418 1064 7
418 1111 14
418 1137 16
418 1283 3
418 1383 17
418 1492 5
418 1521 12
418 1623 14
418 1693 3
418 1918 16
419 546 17
419 561 20
419 594 3
419 671 7
419 812 13
419 892 12
419 927 19
419 968 13
419 1050 1
419 1253 5
419 1314 20
419 1385 11
419 1451 15
419 1484 12
419 1514 2
419 1720 13
419 1993 13
420 453 16
420 488 1
420 570 15
420 645 6
420 669 12
420 805 10
420 931 2
420 1066 7
420 1115 7
420 1128 8
420 1175 9
420 1354 19
420 1405 15
420 1420 11
420 1535 6
420 1583 9
420 1643 12
420 1701 13
421 436 5
421 460 4
421 617 8
421 650 8
421 656 1
421 765 7
421 889 17
421 935 14
421 958 2
421 1027 9
421 1033 6
421 1151 13
421 1208 17
421 1292 10
421 1353 17
421 1380 17
421 1382 5
421 1581 14
421 1641 20
421 1671 15
421 1691 19
421 1995 20
422 583 20
422 591 18
422 610 19
422 725 16
422 769 20
422 811 9
422 907 5
422 1012 3
422 1074 19
422 1082 19
422 1247 17
422 1362 1
422 1402 12
422 1478 8
422 1519 3
422 1640 3
422 1712 7
422 1713 8
422 1945 16
422 1946 1
422 1962 1
422 1963 12
422 1998 15
423 498 7
423 521 17
423 586 8
423 612 1
423 657 2
423 695 17
423 801 15
423 884 12
423 1144 16
423 1145 2
423 1312 11
423 1376 4
423 1472 13
423 1530 16
423 1604 5
423 1674 5
424 431 16
424 643 18
424 789 4
424 835 20
424 889 6
424 924 7
424 1048 7
424 1120 10
424 1214 20
424 1263 5
424 1315 19
424 1414 13
424 1439 16
424 1501 20
424 1646 16
424 1669 4
424 1707 18
424 1884 8
425 481 20
425 491 14
425 566 7
425 739 3
425 789 15
425 817 2
425 922 18
425 993 4
425 1044 6
425 1269 5
425 1302 20
425 1321 19
425 1337 6
425 1378 15
425 1382 13
425 1600 13
425 1795 12
425 1841 8
425 1882 1
425 1951 1
426 432 9
426 517 20
426 671 10
426 700 2
426 775 14
426 814 11
426 853 5
426 854 3
426 926 1
426 933 9
426 961 11
426 994 5
426 1128 12
426 1131 20
426 1211 1
426 1346 7
426 1373 12
426 1375 18
426 1396 4
426 1471 10
426 1513 17
426 1566 5
426 1651 7
426 1730 5
426 1787 5
426 1804 7
426 1847 8
426 1956 6
427 474 20
427 775 19
427 856 5
427 897 3
427 905 11
427 931 9
427 1242 12
427 1274 14
427 1578 13
427 1592 7
427 1642 19
427 1647 4
427 1926 4
427 1973 13
428 731 20
428 787 14
428 847 18
428 918 12
428 979 16
428 991 2
428 1017 14
428 1121 7
428 1124 10
428 1490 16
428 1666 9
428 1682 13
428 1742 8
428 1764 7
428 1768 20
428 1815 13
428 1952 6
428 1986 5
429 1063 10
429 1103 8
429 1130 6
429 1132 6
429 1240 14
429 1274 10
429 1348 4
429 1524 15
429 1594 6
429 1605 13
429 1647 9
429 1875 15
430 468 16
430 540 8
430 726 19
430 868 19
430 975 6
430 988 16
430 993 1
430 1101 7
430 1109 10
430 1477 3
430 1515 15
430 1589 8
430 1647 17
430 1811 18
430 1844 9
430 1926 2
431 552 12
431 715 2
431 783 16
431 790 15
431 978 9
431 1092 15
431 1236 6
431 1441 12
431 1491 1
431 1554 13
431 1600 10
431 1614 15
431 1772 19
431 1890 11
432 589 14
432 605 7
432 818 19
432 968 13
432 983 1
432 1043 13
432 1055 7
432 1128 17
432 1209 8
432 1214 14
432 1254 5
432 1255 17
432 1279 7
432 1409 3
432 1488 11
432 1493 12
432 1658 20
432 1678 14
432 1806 20
433 488 15
433 671 11
433 801 2
433 925 14
433 1326 8
433 1328 12
433 1459 15
433 1465 9
433 1555 2
433 1575 13
433 1638 2
433 1654 20
433 1666 13
433 1746 18
433 1938 6
434 533 6
434 573 20
434 655 1
434 834 7
434 995 3
434 1098 5
434 1177 2
434 1458 16
434 1477 16
434 1489 19
434 1515 9
434 1561 9
434 1578 17
434 1624 8
434 1695 20
434 1890 10
434 1939 12
435 891 16
435 942 16
435 1005 16
435 1101 11
435 1113 4
435 1334 4
435 1458 12
435 1662 4
435 1739 7
435 1872 19
435 1974 16
435 1976 12
436 587 10
436 749 17
436 770 17
436 866 16
436 871 11
436 989 12
436 1075 19
436 1076 19
436 1321 3
436 1377 12
436 1471 17
436 1507 8
436 1513 12
436 1569 12
436 1652 16
436 1667 9
436 1774 2
436 1855 14
436 1870 5
436 1886 6
437 559 9
437 665 8
437 687 20
437 700 9
437 701 13
437 717 8
437 774 1
437 775 6
437 911 7
437 1111 2
437 1281 18
437 1294 3
437 1308 17
437 1316 10
437 1626 17
437 1772 4
437 1919 3
437 1945 7
437 1979 10
438 562 2
438 570 14
438 644 18
438 767 14
438 1077 20
438 1131 14
438 1188 6
438 1203 2
438 1255 16
438 1276 8
438 1290 17
438 1349 16
438 1947 4
439 680 15
439 746 3
439 945 7
439 1153 3
439 1244 13
439 1324 16
439 1453 1
439 1545 17
439 1607 3
439 1909 10
440 682 7
440 787 18
440 989 13
440 1022 15
440 1027 16
440 1299 3
440 1312 3
440 1380 5
440 1539 16
440 1703 6
440 1726 3
440 1748 5
441 494 9
441 570 14
441 752 6
441 910 17
441 1030 14
441 1033 13
441 1049 1
441 1162 5
441 1470 8
441 1509 4
441 1596 17
441 1672 13
441 1739 15
441 1822 9
441 1928 15
442 490 7
442 513 10
442 708 19
442 1115 3
442 1174 20
442 1206 11
442 1271 13
442 1272 4
442 1296 10
442 1365 1
442 1425 5
442 1529 6
442 1613 2
442 1779 3
442 1875 8
442 1935 4
442 1976 13
443 464 1
443 506 8
443 630 13
443 678 5
443 803 19
443 898 5
443 902 2
443 923 20
443 963 19
443 987 19
443 1179 4
443 1287 17
443 1310 4
443 1386 14
443 1453 5
443 1520 18
443 1710 14
443 1925 11
444 503 14
444 579 11
444 774 2
444 876 20
444 1186 1
444 1264 15
444 1347 17
444 1379 5
444 1487 1
444 1543 8
444 1595 5
444 1673 10
444 1748 9
444 1966 6
444 1991 11
445 491 15
445 636 7
445 958 14
445 1004 4
445 1321 11
445 1322 8
445 1459 19
445 1617 6
445 1705 15
445 1727 9
445 1919 1
445 1955 9
445 1979 20
446 516 16
446 716 9
446 923 14
446 965 12
446 981 1
446 1292 10
446 1297 6
446 1434 9
446 1505 4
446 1582 17
446 1645 15
446 1904 13
446 1933 4
446 1960 6
447 484 3
447 617 10
447 618 11
447 627 20
447 800 17
447 838 5
447 847 12
447 892 12
447 983 4
447 1157 10
447 1244 2
447 1374 16
447 1499 12
447 1504 10
447 1632 11
447 1638 6
447 1639 16
447 1740 13
447 1849 1
447 1917 8
447 1932 6
447 1973 13
448 624 8
448 644 2
448 741 6
448 784 10
448 828 7
448 1141 14
448 1280 20
448 1477 6
448 1648 8
448 1774 16
448 1849 19
448 1911 2
448 1961 3
448 1978 16
448 1983 7
449 493 1
449 494 6
449 509 1
449 510 5
449 720 2
449 759 7
449 791 5
449 834 2
449 880 12
449 1081 4
449 1346 16
449 1380 10
449 1486 5
449 1501 19
449 1523 19
449 1605 18
449 1671 5
449 1883 14
449 1964 5
450 812 18
450 844 9
450 859 9
450 910 16
450 1044 9
450 1086 10
450 1185 9
450 1403 7
450 1405 20
450 1425 11
450 1438 5
450 1502 2
450 1709 9
450 1786 16
450 1874 11
450 1892 18
450 1913 18
450 1932 13
450 1952 7
450 1964 14
451 894 20
451 899 7
451 915 15
451 1016 16
451 1028 10
451 1264 7
451 1324 11
451 1790 12
451 1933 8
451 1941 19
452 558 12
452 599 3
452 680 16
452 1055 17
452 1146 20
452 1261 11
452 1469 15
452 1587 3
452 1706 8
452 1758 2
452 1811 7
453 514 14
453 618 7
453 738 20
453 839 5
453 1069 16
453 1162 20
453 1246 18
453 1271 20
453 1490 2
453 1501 1
453 1594 12
453 1650 11
453 1671 15
453 1780 11
453 1823 6
453 1878 10
453 1890 5
454 457 5
454 469 20
454 536 7
454 546 8
454 604 2
454 851 1
454 1037 11
454 1072 16
454 1140 2
454 1147 16
454 1216 4
454 1234 2
454 1268 17
454 1284 10
454 1338 2
454 1391 19
454 1401 1
454 1518 2
454 1543 16
454 1661 14
454 1725 15
454 1815 9
454 1935 8
454 1952 7
455 471 7
455 652 15
455 654 20
455 667 3
455 882 16
455 1063 15
455 1332 13
455 1354 13
455 1458 7
455 1468 15
455 1470 6
455 1601 11
456 460 16
456 473 4
456 493 5
456 500 19
456 611 12
456 653 20
456 705 3
456 759 13
456 1146 12
456 1198 17
456 1398 1
456 1497 9
456 1604 16
456 1617 8
456 1622 17
456 1718 6
456 1811 7
457 460 18
457 474 2
457 728 10
457 925 14
457 1329 10
457 1459 16
457 1527 20
457 1748 5
457 1752 8
458 481 7
458 546 7
458 605 2
458 805 15
458 910 5
458 1079 11
458 1166 2
458 1221 8
458 1262 9
458 1291 9
458 1371 18
458 1388 14
458 1536 6
458 1775 7
458 1963 16
459 639 16
459 779 20
459 955 11
459 1099 16
459 1191 15
459 1246 13
459 1364 13
459 1379 8
459 1645 19
460 624 18
460 786 18
460 807 19
460 1016 15
460 1072 14
460 1326 3
460 1331 10
460 1364 3
460 1600 16
460 1652 20
460 1827 15
460 1967 5
460 1968 14
460 1984 16
461 462 7
461 532 10
461 566 19
461 598 9
461 614 16
461 865 16
461 881 20
461 942 19
461 974 20
461 1074 4
461 1150 13
461 1196 4
461 1423 10
461 1441 17
461 1446 19
461 1473 14
461 1475 4
461 1487 7
461 1575 20
461 1760 2
461 1880 20
461 1998 12
462 526 10
462 576 5
462 651 6
462 725 20
462 808 14
462 1051 6
462 1095 10
462 1261 11
462 1326 2
462 1470 1
462 1502 1
462 1538 4
462 1539 3
462 1684 16
462 1739 6
463 535 3
463 599 11
463 601 18
463 928 20
463 945 4
463 1063 6
463 1127 7
463 1185 17
463 1258 8
463 1986 8
464 479 8
464 729 1
464 736 1
464 845 10
464 929 10
464 944 9
464 975 2
464 979 3
464 1037 6
464 1152 9
464 1174 13
464 1226 3
464 1258 3
464 1596 2
464 1696 2
464 1769 13
464 1822 14
464 1872 7
465 497 3
465 574 2
465 635 2
465 965 5
465 1023 15
465 1062 12
465 1403 10
465 1591 8
465 1782 17
465 1800 6
465 1898 5
465 1942 12
466 531 2
466 578 9
466 810 19
466 821 16
466 863 17
466 876 6
466 973 4
466 1013 9
466 1021 13
466 1139 10
466 1282 9
466 1301 19
466 1314 7
466 1443 6
466 1477 17
466 1534 17
466 1589 2
466 1940 8
467 564 2
467 695 19
467 749 10
467 790 11
467 842 3
467 903 12
467 1128 14
467 1205 11
467 1247 4
467 1445 18
467 1551 4
467 1584 4
467 1604 10
467 1616 7
467 1844 2
467 1863 16
467 1874 18
468 505 2
468 599 2
468 656 9
468 666 17
468 674 20
468 761 16
468 898 1
468 1003 17
468 1056 19
468 1135 16
468 1284 11
468 1290 3
468 1369 7
468 1584 20
468 1642 2
468 1785 1
468 1831 13
468 1879 3
469 475 11
469 655 5
469 884 7
469 1048 20
469 1156 4
469 1284 14
469 1323 3
469 1475 13
469 1717 2
469 1775 7
469 1795 11
470 472 13
470 535 14
470 614 1
470 663 17
470 732 17
470 885 15
470 908 8
470 957 10
470 1057 14
470 1085 8
470 1143 12
470 1324 14
470 1514 10
470 1671 10
470 1748 3
470 1819 11
471 600 11
471 664 7
471 819 2
471 1013 12
471 1144 4
471 1562 8
471 1610 4
471 1618 7
471 1751 5
472 486 5
472 1104 16
472 1155 20
472 1190 14
472 1204 17
472 1222 14
472 1249 12
472 1295 11
472 1362 3
472 1568 4
472 1578 5
472 1982 8
473 892 19
473 1056 3
473 1129 5
473 1225 7
473 1358 8
473 1405 11
473 1715 2
473 1730 10
473 1745 8
474 539 4
474 585 11
474 600 20
474 691 3
474 799 17
474 924 11
474 1109 19
474 1154 14
474 1177 12
474 1241 16
474 1259 15
474 1792 1
474 1831 7
474 1849 20
474 1852 19
474 1854 7
474 1862 12
474 1912 18
474 1979 4
475 500 12
475 689 3
475 703 3
475 808 2
475 829 1
475 830 1
475 932 9
475 1012 5
475 1040 14
475 1163 3
475 1269 6
475 1452 8
475 1513 11
475 1640 14
475 1838 13
475 1848 11
475 1901 13
475 1993 20
476 653 9
476 684 16
476 716 5
476 917 10
476 952 4
476 1149 6
476 1243 14
476 1486 5
476 1592 11
476 1916 20
476 1939 7
477 559 18
477 920 3
477 993 12
477 1052 18
477 1119 5
477 1464 6
477 1505 7
477 1706 14
477 1888 3
478 603 10
478 664 20
478 666 9
478 670 7
478 739 6
478 743 7
478 811 11
478 1044 6
478 1141 13
478 1162 2
478 1290 13
478 1307 20
478 1317 3
478 1360 4
478 1439 9
478 1474 16
478 1601 18
478 1653 4
478 1693 14
478 1701 8
478 1890 8
479 734 11
479 766 9
479 799 15
479 829 1
479 1030 17
479 1169 15
479 1237 18
479 1441 12
479 1719 11
479 1731 15
479 1741 16
479 1848 15
479 1887 13
479 1920 5
479 1943 19
479 1981 17
480 507 3
480 810 18
480 918 9
480 938 3
480 945 18
480 952 14
480 1008 17
480 1016 18
480 1229 10
480 1259 13
480 1293 16
480 1468 19
480 1647 7
480 1666 12
480 1781 2
480 1854 20
480 1940 7
481 486 6
481 650 6
481 704 15
481 795 1
481 829 5
481 844 13
481 896 19
481 1079 20
481 1252 15
481 1264 12
481 1382 15
481 1463 11
481 1830 8
481 1864 18
481 1870 9
481 1882 16
481 1926 14
482 528 5
482 636 17
482 817 7
482 1046 3
482 1178 12
482 1226 4
482 1318 20
482 1483 12
482 1537 9
482 1580 19
482 1606 20
482 1744 3
482 1847 7
482 1920 18
482 1927 8
482 1957 7
482 1979 14
483 702 16
483 726 8
483 771 17
483 1067 19
483 1100 1
483 1104 17
483 1410 18
483 1433 12
483 1701 5
483 1728 1
483 1844 20
483 1868 1
483 1991 4
484 577 19
484 793 9
484 796 4
484 842 9
484 906 13
484 1054 13
484 1097 9
484 1117 20
484 1305 16
484 1370 20
484 1417 11
484 1452 9
484 1474 13
484 1796 19
484 1806 10
484 1817 11
484 1877 10
484 1932 1
485 548 4
485 833 11
485 853 12
485 856 8
485 886 3
485 1033 19
485 1194 15
485 1331 11
485 1337 20
485 1408 12
485 1425 9
485 1629 11
485 1795 11
486 624 17
486 704 11
486 874 16
486 954 11
486 1036 15
486 1040 5
486 1060 16
486 1138 9
486 1205 18
486 1212 11
486 1262 12
486 1796 12
486 1813 16
486 1833 13
486 1852 7
486 1911 17
486 1918 13
487 543 5
487 597 19
487 739 2
487 798 3
487 810 16
487 847 2
487 924 8
487 975 4
487 1054 12
487 1095 16
487 1162 4
487 1173 18
487 1332 3
487 1412 15
487 1455 16
487 1650 7
487 1731 20
487 1859 6
488 602 15
488 803 15
488 967 3
488 980 7
488 1005 20
488 1072 6
488 1281 15
488 1355 13
488 1414 2
488 1439 17
488 1523 4
488 1538 2
488 1702 13
489 504 12
489 738 4
489 865 3
489 924 16
489 947 20
489 1008 3
489 1009 3
489 1081 2
489 1137 9
489 1162 2
489 1250 6
489 1410 17
489 1446 9
489 1517 13
489 1560 19
490 737 12
490 771 9
490 806 9
490 1040 13
490 1235 11
490 1349 15
490 1534 12
490 1622 9
490 1691 17
490 1709 6
490 1931 16
490 1982 17
491 500 8
491 519 3
491 574 9
491 623 13
491 733 9
491 856 7
491 906 3
491 1028 4
491 1046 17
491 1065 9
491 1269 20
491 1275 7
491 1362 8
491 1627 12
491 1723 5
491 1820 18
492 545 18
492 556 16
492 592 7
492 771 7
492 907 7
492 1429 2
492 1455 17
492 1471 6
492 1472 13
492 1586 13
492 1995 16
493 518 6
493 607 9
493 618 6
493 729 10
493 948 6
493 1035 9
493 1138 19
493 1181 11
493 1260 11
493 1269 18
493 1398 12
493 1491 7
493 1496 10
493 1634 9
493 1770 14
493 1799 2
494 508 1
494 522 14
494 636 7
494 686 18
494 700 5
494 825 4
494 970 1
494 1114 8
494 1306 20
494 1376 7
494 1458 20
494 1590 18
495 690 9
495 701 11
495 717 16
495 787 6
495 940 4
495 1057 5
495 1162 14
495 1188 4
495 1350 6
495 1402 3
495 1480 19
495 1537 19
495 1696 13
496 578 7
496 634 20
496 698 12
496 753 6
496 940 19
496 941 7
496 1183 4
496 1333 17
496 1415 2
496 1498 2
496 1638 15
496 1645 9
496 1648 3
496 1789 3
496 1881 20
497 513 11
497 567 19
497 623 5
497 1172 19
497 1374 2
497 1406 7
497 1536 8
497 1583 1
497 1691 6
497 1898 17
498 850 2
498 861 15
498 887 8
498 953 20
498 978 3
498 1004 12
498 1005 5
498 1125 20
498 1145 9
498 1294 4
498 1344 1
498 1473 20
498 1768 6
498 1778 8
498 1926 10
499 661 1
499 672 17
499 823 18
499 913 11
499 967 8
499 1322 12
499 1356 17
499 1401 20
499 1470 1
499 1473 17
499 1605 7
499 1758 4
499 1834 20
500 859 6
500 917 12
500 968 7
500 1500 4
500 1539 20
500 1609 15
500 1667 12
500 1812 4
500 1816 11
500 1916 14
501 719 18
501 840 4
501 1010 12
501 1083 5
501 1121 5
501 1138 3
501 1220 15
501 1224 17
501 1286 11
501 1307 16
501 1358 4
501 1392 7
501 1416 2
501 1525 8
501 1746 8
501 1825 14
501 1867 10
501 1879 11
502 595 8
502 758 16
502 871 18
502 913 7
502 946 10
502 953 7
502 1024 18
502 1026 11
502 1065 19
502 1154 11
502 1175 18
502 1373 16
502 1375 20
502 1416 10
502 1444 4
502 1480 15
502 1503 19
502 1739 13
502 1778 18
502 1895 19
503 516 3
503 540 8
503 633 20
503 635 3
503 909 17
503 919 4
503 961 16
503 1182 6
503 1199 19
503 1212 11
503 1239 12
503 1241 2
503 1277 15
503 1834 19
503 1953 4
503 1959 18
504 635 8
504 930 18
504 1116 6
504 1241 20
504 1283 9
504 1299 13
504 1312 16
504 1607 12
504 1904 7
504 1921 3
504 1927 13
504 1995 2
505 531 3
505 549 17
505 563 8
505 584 17
505 605 20
505 670 9
505 813 5
505 1089 3
505 1107 9
505 1518 2
505 1580 17
505 1664 20
505 1745 18
505 1925 20
505 1946 16
506 598 5
506 843 16
506 922 15
506 1017 18
506 1036 6
506 1037 11
506 1076 1
506 1084 6
506 1092 2
506 1105 3
506 1183 16
506 1288 8
506 1639 15
506 1671 9
506 1737 16
506 1755 17
507 577 5
507 676 10
507 704 19
507 814 7
507 829 6
507 870 17
507 876 12
507 1010 11
507 1152 9
507 1307 12
507 1366 8
507 1479 10
507 1502 16
507 1517 9
507 1538 19
507 1576 5
507 1694 6
507 1816 3
507 1866 15
508 526 17
508 672 3
508 740 14
508 802 20
508 1022 16
508 1138 6
508 1312 12
508 1315 18
508 1417 18
508 1506 16
508 1603 3
508 1743 7
508 1838 20
508 1978 12
509 536 20
509 574 17
509 979 9
509 1319 2
509 1349 14
509 1402 16
509 1433 7
509 1576 13
509 1599 11
509 1624 19
509 1653 7
509 1698 14
509 1700 2
509 1869 11
510 696 12
510 758 15
510 846 13
510 861 2
510 862 13
510 891 4
510 946 18
510 1064 1
510 1403 19
510 1409 10
510 1613 8
510 1656 17
510 1680 15
510 1705 7
510 1738 5
510 1741 8
510 1781 7
510 1784 3
510 1895 12
511 548 2
511 570 5
511 667 17
511 1429 20
511 1499 13
511 1732 1
511 1842 15
511 1853 5
512 737 20
512 954 7
512 1043 16
512 1512 4
512 1612 11
512 1659 11
512 1685 11
512 1765 19
512 1833 19
512 1904 3
512 1935 11
513 593 16
513 621 17
513 714 5
513 812 9
513 970 2
513 981 8
513 1134 4
513 1380 8
513 1396 3
513 1451 18
513 1523 16
513 1640 8
513 1822 17
513 1904 11
513 1959 20
513 1980 14
513 1989 4
514 586 15
514 738 20
514 919 10
514 1052 17
514 1123 12
514 1157 17
514 1165 19
514 1239 13
514 1281 3
514 1445 16
514 1477 12
514 1592 20
514 1635 17
514 1654 18
514 1784 7
514 1908 10
514 1958 17
515 559 4
515 637 18
515 752 12
515 821 5
515 872 13
515 1060 3
515 1069 13
515 1084 6
515 1122 18
515 1177 8
515 1243 4
515 1418 6
515 1447 2
515 1504 11
515 1556 19
515 1747 5
515 1749 3
515 1941 15
515 1947 9
516 533 15
516 620 10
516 850 19
516 866 19
516 898 7
516 909 4
516 979 12
516 1045 12
516 1243 9
516 1470 15
516 1477 10
516 1500 16
516 1509 18
516 1540 6
516 1588 11
516 1808 17
516 1869 12
516 1912 14
517 697 19
517 974 9
517 994 14
517 1067 18
517 1156 7
517 1240 6
517 1264 17
517 1301 17
517 1306 9
517 1370 8
517 1391 10
517 1567 16
517 1603 12
517 1665 6
517 1936 13
517 1948 1
517 1964 10
517 1974 10
517 1976 10
517 1977 5
517 1985 19
518 566 12
518 684 11
518 798 13
518 1238 8
518 1402 20
518 1446 13
518 1473 2
518 1592 11
518 1714 9
518 1757 10
519 566 6
519 967 19
519 1074 1
519 1182 9
519 1296 14
519 1303 14
519 1342 6
519 1505 14
519 1513 8
519 1575 16
519 1777 8
519 1813 5
519 1819 15
519 1898 9
519 1951 2
520 607 9
520 729 18
520 737 16
520 742 8
520 795 3
520 926 10
520 964 15
520 1014 4
520 1025 4
520 1091 20
520 1224 19
520 1327 17
520 1407 4
520 1432 9
520 1479 14
520 1497 11
520 1596 13
520 1645 18
520 1740 9
520 1884 19
521 625 16
521 677 3
521 834 2
521 1117 17
521 1456 8
521 1634 5
521 1680 10
521 1729 14
522 748 2
522 868 16
522 1080 15
522 1138 11
522 1300 16
522 1420 18
522 1442 7
522 1524 11
522 1549 2
522 1639 7
522 1772 2
522 1796 12
522 1806 9
522 1813 4
522 1889 6
522 1898 17
523 725 16
523 769 5
523 822 10
523 824 8
523 902 6
523 910 9
523 932 11
523 972 11
523 1078 5
523 1081 20
523 1455 18
523 1502 3
523 1517 14
523 1610 18
523 1733 6
523 1758 4
523 1898 18
523 1957 17
523 1991 5
524 702 18
524 798 15
524 805 15
524 845 9
524 1041 10
524 1227 13
524 1256 13
524 1297 4
524 1439 7
524 1440 10
524 1602 17
524 1622 12
524 1684 2
524 1839 18
524 1864 1
524 1889 12
525 605 6
525 668 1
525 798 18
525 815 1
525 1110 11
525 1296 2
525 1310 15
525 1370 14
525 1568 3
525 1631 6
525 1743 7
525 1958 12
526 579 1
526 673 16
526 849 16
526 922 17
526 1065 8
526 1068 16
526 1256 8
526 1274 13
526 1494 2
526 1508 4
526 1542 20
526 1674 10
526 1756 13
527 606 16
527 725 10
527 842 1
527 947 7
527 1026 1
527 1132 13
527 1284 3
527 1446 11
527 1483 13
527 1506 1
527 1720 4
527 1766 7
527 1867 20
527 1868 20
527 1890 6
527 1980 15
528 609 4
528 694 2
528 752 16
528 819 17
528 848 4
528 920 16
528 1016 10
528 1019 7
528 1020 10
528 1128 13
528 1163 1
528 1265 7
528 1403 12
528 1443 12
528 1487 14
528 1549 4
528 1810 5
528 1835 19
529 618 16
529 621 18
529 778 15
529 922 4
529 1034 11
529 1039 9
529 1125 5
529 1270 6
529 1405 6
529 1496 17
529 1805 17
530 572 12
530 637 5
530 812 7
530 898 10
530 1219 14
530 1359 1
530 1366 17
530 1464 4
530 1524 14
530 1551 5
530 1553 10
530 1688 10
530 1849 3
530 1880 13
530 1952 8
530 1995 18
531 556 15
531 673 1
531 718 6
531 726 15
531 1124 9
531 1324 17
531 1340 2
531 1436 12
531 1483 7
531 1628 15
531 1721 15
531 1797 19
531 1920 11
532 539 17
532 571 11
532 632 7
532 637 6
532 694 20
532 742 9
532 746 13
532 796 1
532 863 3
532 1020 1
532 1217 13
532 1258 15
532 1306 12
532 1596 14
532 1852 17
532 1872 14
533 549 16
533 695 3
533 748 18
533 749 5
533 831 5
533 975 3
533 1048 15
533 1107 13
533 1172 2
533 1182 3
533 1187 17
533 1324 6
533 1326 9
533 1427 15
533 1535 4
533 1951 6
534 693 3
534 719 8
534 743 11
534 961 2
534 973 17
534 1001 13
534 1168 15
534 1252 11
534 1393 7
534 1490 12
534 1539 3
534 1647 7
534 1706 8
534 1886 11
534 1915 6
535 673 20
535 1000 15
535 1108 20
535 1205 16
535 1679 8
535 1799 13
536 588 9
536 703 3
536 1030 5
536 1130 2
536 1217 7
536 1226 4
536 1472 12
536 1511 17
536 1664 8
536 1674 15
536 1679 19
536 1777 20
536 1806 11
536 1823 14
536 1978 4
537 659 4
537 683 1
537 700 18
537 724 17
537 852 9
537 943 1
537 1120 2
537 1139 7
537 1140 11
537 1171 2
537 1177 5
537 1273 10
537 1764 9
537 1797 13
537 1890 6
537 1896 20
537 1976 8
537 1987 7
537 1998 8
538 549 3
538 709 1
538 916 1
538 970 1
538 996 11
538 1038 17
538 1090 15
538 1195 7
538 1223 5
538 1333 3
538 1362 10
538 1395 10
538 1452 19
538 1478 2
538 1485 15
538 1533 7
538 1632 7
538 1775 4
538 1835 11
539 1159 15
539 1196 16
539 1280 15
539 1317 6
539 1446 6
539 1607 15
539 1651 20
540 604 17
540 657 6
540 1074 10
540 1168 13
540 1384 6
540 1446 19
540 1643 18
540 1656 14
540 1771 13
540 1848 9
541 632 9
541 723 9
541 1182 17
541 1240 4
541 1364 6
541 1549 1
541 1609 13
541 1631 1
541 1749 15
541 1894 16
541 1935 16
541 1993 5
542 644 4
542 965 11
542 1107 1
542 1387 9
542 1532 4
542 1591 10
542 1700 13
542 1719 12
542 1751 8
542 1927 13
542 1993 14
543 627 1
543 989 1
543 1251 11
543 1404 4
543 1460 3
543 1474 10
543 1508 12
543 1598 16
543 1645 7
543 1690 5
543 1908 1
543 1929 5
544 657 12
544 664 10
544 674 7
544 1253 3
544 1263 3
544 1297 19
544 1309 15
544 1535 9
544 1552 5
544 1564 14
544 1707 10
545 559 14
545 645 13
545 699 5
545 818 9
545 859 3
545 923 7
545 930 2
545 1013 15
545 1066 20
545 1125 3
545 1217 19
545 1423 16
545 1542 9
545 1791 6
545 1794 18
545 1838 18
545 1859 20
545 1995 12
546 561 12
546 594 12
546 652 3
546 703 9
546 859 15
546 1075 18
546 1083 1
546 1089 2
546 1110 1
546 1123 13
546 1193 1
546 1246 17
546 1415 20
546 1459 17
546 1467 7
546 1810 10
546 1819 7
547 673 16
547 711 9
547 776 4
547 997 17
547 1008 11
547 1262 2
547 1312 3
547 1328 1
547 1419 1
547 1452 14
547 1588 17
547 1604 17
547 1638 16
547 1658 4
547 1885 10
547 1907 9
547 1968 12
548 550 6
548 611 9
548 618 19
548 721 13
548 829 19
548 882 4
548 937 6
548 1062 3
548 1070 8
548 1148 7
548 1343 19
548 1362 20
548 1386 9
548 1466 17
548 1494 13
548 1518 4
548 1712 6
548 1717 15
548 1723 12
549 567 6
549 700 19
549 736 8
549 800 2
549 840 13
549 883 15
549 953 17
549 961 1
549 962 18
549 1044 4
549 1058 15
549 1205 18
549 1597 20
549 1812 10
550 795 9
550 854 19
550 893 2
550 906 11
550 986 18
550 1148 9
550 1519 2
550 1917 12
551 561 16
551 636 19
551 668 12
551 821 19
551 826 7
551 927 3
551 1110 8
551 1241 12
551 1245 8
551 1349 9
551 1461 1
551 1471 15
551 1486 11
551 1520 18
551 1521 15
551 1604 6
551 1720 11
551 1806 15
551 1840 20
551 1947 19
552 569 9
552 629 13
552 705 20
552 892 6
552 911 14
552 932 15
552 1023 12
552 1050 12
552 1079 13
552 1301 13
552 1381 20
552 1487 17
552 1494 9
552 1570 2
552 1594 20
552 1603 20
552 1616 17
552 1769 4
552 1966 12
553 1048 18
553 1089 17
553 1120 15
553 1266 16
553 1361 8
553 1405 18
553 1614 15
553 1810 13
553 1834 3
554 691 2
554 770 16
554 790 18
554 876 16
554 904 7
554 966 4
554 1091 17
554 1662 9
554 1688 9
554 1907 7
554 1931 12
555 592 4
555 595 7
555 665 10
555 1318 11
555 1363 6
555 1489 5
555 1571 9
555 1615 17
555 1616 3
555 1729 17
555 1789 12
555 1831 4
555 1947 3
555 1969 2
556 661 12
556 677 8
556 678 2
556 722 3
556 777 8
556 938 6
556 1004 1
556 1020 8
556 1034 3
556 1227 11
556 1240 16
556 1343 6
556 1508 11
556 1689 2
556 1702 9
556 1721 1
556 1724 9
556 1846 10
556 1913 3
557 566 13
557 739 15
557 822 18
557 881 19
557 916 16
557 1020 18
557 1077 7
557 1225 18
557 1311 5
557 1315 6
557 1330 18
557 1625 19
557 1633 1
557 1822 15
557 1949 2
558 602 11
558 645 12
558 707 15
558 764 14
558 949 2
558 1181 8
558 1217 1
558 1334 8
558 1338 13
558 1545 13
558 1648 14
558 1689 19
558 1703 1
558 1929 16
559 856 15
559 1060 15
559 1112 8
559 1267 12
559 1391 12
559 1741 3
559 1760 3
559 1782 15
560 588 5
560 592 8
560 619 1
560 697 14
560 892 2
560 1002 19
560 1075 4
560 1181 16
560 1192 15
560 1300 15
560 1538 1
560 1785 8
561 704 15
561 1041 6
561 1113 9
561 1182 15
561 1341 16
561 1451 8
561 1515 11
561 1537 20
561 1638 2
561 1655 6
561 1693 19
561 1698 10
561 1761 19
561 1769 19
561 1796 1
562 614 7
562 712 10
562 871 5
562 997 17
562 1043 14
562 1139 18
562 1187 12
562 1206 14
562 1258 2
562 1448 19
562 1509 11
562 1597 14
562 1686 18
562 1704 7
562 1838 12
563 838 19
563 853 17
563 963 9
563 987 1
563 1060 8
563 1170 17
563 1181 10
563 1349 4
563 1552 6
563 1844 20
563 1904 9
564 638 7
564 806 2
564 902 13
564 1042 6
564 1160 13
564 1224 16
564 1287 1
564 1408 12
564 1774 9
564 1779 15
564 1851 14
564 1854 14
564 1870 7
564 1942 9
564 1978 17
565 662 2
565 679 13
565 719 13
565 1016 9
565 1022 15
565 1053 6
565 1268 13
565 1516 3
565 1667 11
565 1803 5
565 1830 4
565 1938 15
566 604 12
566 702 10
566 722 11
566 1009 4
566 1028 15
566 1131 17
566 1147 11
566 1159 14
566 1212 2
566 1213 20
566 1396 20
566 1426 5
566 1508 3
566 1647 4
566 1746 8
566 1771 1
566 1847 8
566 1933 19
567 659 8
567 800 11
567 852 6
567 1063 13
567 1134 12
567 1271 7
567 1285 3
567 1344 4
567 1428 6
567 1532 4
567 1641 7
567 1733 3
567 1756 8
567 1806 9
567 1956 19
568 678 20
568 746 2
568 806 11
568 836 9
568 990 12
568 1038 6
568 1043 20
568 1167 13
568 1192 18
568 1280 15
568 1332 8
568 1450 5
568 1657 6
568 1730 5
568 1759 7
568 1761 17
568 1967 2
569 580 13
569 667 19
569 715 13
569 1192 1
569 1193 1
569 1449 1
569 1488 9
569 1601 14
569 1791 15
569 1819 8
569 1880 13
570 872 2
570 1093 14
570 1181 15
570 1342 10
570 1346 19
570 1385 13
570 1404 5
570 1467 1
570 1485 11
570 1582 4
570 1611 8
570 1674 17
570 1702 4
570 1999 7
571 642 18
571 737 15
571 936 13
571 969 3
571 1097 15
571 1217 9
571 1232 4
571 1782 2
571 1843 8
571 1912 4
571 1993 13
572 673 14
572 769 15
572 931 19
572 1098 20
572 1446 3
572 1487 10
572 1754 5
572 1769 5
573 600 8
573 654 5
573 672 17
573 686 15
573 978 16
573 1110 2
573 1130 20
573 1230 14
573 1262 3
573 1437 15
573 1543 6
573 1585 10
573 1707 4
573 1723 9
573 1737 7
573 1938 8
574 622 18
574 628 11
574 707 14
574 872 2
574 965 17
574 971 13
574 1034 19
574 1371 11
574 1491 11
574 1660 9
574 1688 10
574 1711 4
574 1753 15
574 1765 4
574 1805 11
574 1825 18
574 1869 17
574 1919 3
575 663 6
575 673 20
575 710 19
575 827 19
575 830 19
575 882 2
575 1079 13
575 1083 18
575 1094 12
575 1389 12
575 1520 18
575 1712 4
575 1820 4
575 1827 1
575 1842 13
576 642 5
576 729 8
576 730 10
576 818 16
576 852 10
576 919 11
576 926 1
576 955 15
576 1173 5
576 1199 1
576 1330 2
576 1434 20
576 1454 4
576 1467 7
576 1502 7
576 1606 6
576 1802 15
576 1829 8
576 1915 16
577 613 10
577 733 17
577 858 3
577 889 8
577 1106 1
577 1280 12
577 1532 19
577 1742 16
577 1791 15
577 1818 9
577 1820 3
577 1949 12
578 581 3
578 625 19
578 821 12
578 894 11
578 918 1
578 1047 7
578 1389 12
578 1477 4
578 1557 9
578 1715 9
578 1744 13
578 1861 16
579 611 6
579 644 13
579 744 3
579 853 13
579 1170 12
579 1385 15
579 1558 13
579 1623 17
579 1624 3
579 1661 6
579 1717 20
579 1978 20
580 615 15
580 716 18
580 729 11
580 762 5
580 796 18
580 837 7
580 840 18
580 921 20
580 1030 20
580 1167 3
580 1219 2
580 1462 3
580 1478 10
580 1520 18
580 1544 1
580 1628 10
580 1752 2
581 584 20
581 744 1
581 762 12
581 931 1
581 979 16
581 1068 3
581 1180 3
581 1375 11
581 1654 13
581 1661 2
581 1695 11
581 1718 2
581 1928 14
582 609 7
582 648 14
582 806 13
582 1025 6
582 1369 17
582 1454 6
582 1573 1
582 1620 20
582 1621 8
582 1651 1
582 1802 15
582 1805 13
583 839 7
583 915 15
583 1101 10
583 1186 11
583 1325 19
583 1351 17
583 1366 15
583 1761 9
584 647 6
584 752 1
584 770 12
584 920 10
584 939 11
584 944 6
584 1168 20
584 1227 12
584 1448 1
584 1597 19
584 1614 20
584 1682 5
584 1848 19
584 1856 2
585 1054 11
585 1181 9
585 1359 12
585 1380 3
585 1395 11
585 1406 2
585 1443 19
585 1495 12
585 1575 10
585 1581 10
585 1634 9
585 1828 3
585 1871 19
585 1994 20
586 632 14
586 710 12
586 716 6
586 735 20
586 785 8
586 857 9
586 902 17
586 982 12
586 1068 17
586 1130 12
586 1156 2
586 1371 3
586 1769 6
586 1830 14
586 1849 13
586 1934 2
587 651 12
587 701 11
587 816 6
587 1285 12
587 1541 18
587 1553 7
587 1555 20
587 1623 19
587 1638 20
587 1837 4
587 1994 12
588 589 12
588 613 17
588 650 10
588 669 9
588 965 8
588 980 13
588 1035 17
588 1049 14
588 1071 9
588 1447 17
588 1483 3
588 1680 6
588 1745 19
588 1806 4
588 1904 10
588 1928 10
588 1998 13
589 612 8
589 676 12
589 681 8
589 934 3
589 1040 1
589 1074 5
589 1331 7
589 1369 18
589 1540 15
589 1560 4
589 1566 17
589 1568 3
589 1654 13
589 1683 6
589 1742 1
589 1814 12
590 604 7
590 625 13
590 801 11
590 810 5
590 1021 6
590 1081 12
590 1253 2
590 1275 12
590 1370 11
590 1373 6
590 1436 17
590 1551 6
590 1566 8
590 1810 18
591 730 7
591 868 12
591 1103 9
591 1536 2
591 1539 18
591 1596 8
591 1701 17
591 1712 15
591 1786 4
592 813 10
592 1102 6
592 1183 20
592 1276 8
592 1386 11
592 1527 18
592 1622 8
592 1676 6
592 1795 11
592 1899 6
593 679 2
593 753 17
593 839 13
593 962 12
593 1167 15
593 1259 17
593 1286 6
593 1345 7
593 1497 9
593 1566 12
593 1584 9
593 1661 18
593 1838 16
593 1911 8
594 664 20
594 781 1
594 815 12
594 856 8
594 876 18
594 894 18
594 990 19
594 1015 14
594 1033 8
594 1105 2
594 1134 16
594 1199 6
594 1228 16
594 1313 8
594 1488 6
594 1522 5
594 1687 19
594 1749 1
594 1796 11
595 683 19
595 945 2
595 1032 15
595 1033 20
595 1062 2
595 1155 5
595 1369 13
595 1645 20
595 1753 19
595 1758 17
595 1962 19
596 800 9
596 900 10
596 948 3
596 1037 11
596 1168 13
596 1302 20
596 1532 9
596 1606 17
596 1621 18
596 1688 20
596 1875 14
596 1934 10
597 616 20
597 677 19
597 874 2
597 880 1
597 889 1
597 1048 15
597 1085 9
597 1179 16
597 1291 4
597 1434 8
597 1452 20
597 1465 11
597 1527 15
597 1675 1
597 1896 5
597 1964 6
598 765 7
598 789 1
598 828 16
598 1000 2
598 1181 19
598 1202 10
598 1204 10
598 1327 15
598 1354 10
598 1356 4
598 1378 5
598 1404 8
598 1564 5
598 1593 2
598 1774 18
598 1922 18
598 1941 15
598 1978 13
599 624 6
599 743 6
599 831 9
599 939 7
599 1025 5
599 1028 20
599 1100 8
599 1113 1
599 1216 8
599 1288 14
599 1379 9
599 1509 3
599 1673 15
599 1726 8
599 1763 12
599 1774 14
599 1778 13
600 730 2
600 732 10
600 781 9
600 865 20
600 907 14
600 1082 10
600 1122 18
600 1205 6
600 1270 7
600 1460 12
600 1477 2
600 1602 5
600 1674 2
600 1877 16
600 1959 14
600 1994 3
601 760 8
601 980 20
601 1077 2
601 1150 2
601 1186 2
601 1209 5
601 1270 8
601 1441 13
601 1755 19
601 1839 14
601 1861 17
601 1989 1
602 696 4
602 710 8
602 795 6
602 796 1
602 886 10
602 1227 17
602 1336 8
602 1415 10
602 1430 1
602 1450 14
602 1490 8
602 1589 5
602 1685 19
602 1742 12
602 1925 15
602 1991 9
603 624 10
603 714 2
603 788 15
603 1009 5
603 1152 10
603 1155 14
603 1173 1
603 1362 5
603 1402 17
603 1519 17
603 1567 17
603 1612 8
603 1614 15
603 1649 3
603 1715 18
603 1795 14
603 1954 1
604 647 19
604 723 2
604 761 10
604 857 15
604 881 10
604 1108 7
604 1230 2
604 1249 13
604 1253 17
604 1322 10
604 1409 6
604 1436 15
604 1519 17
604 1719 7
604 1741 4
604 1758 7
604 1839 16
604 1905 20
604 1998 12
605 854 9
605 933 17
605 1062 19
605 1237 8
605 1371 14
605 1375 15
605 1647 10
605 1797 3
606 740 7
606 904 4
606 990 2
606 1226 3
606 1287 13
606 1311 15
606 1324 6
606 1495 11
606 1812 9
606 1849 14
606 1931 9
607 630 7
607 644 3
607 705 5
607 754 18
607 817 6
607 835 4
607 852 13
607 1004 4
607 1131 7
607 1147 12
607 1460 11
607 1586 1
607 1611 1
607 1653 15
607 1756 1
607 1813 16
608 619 16
608 675 8
608 826 19
608 889 10
608 1206 5
608 1389 14
608 1409 19
608 1474 5
609 635 12
609 669 14
609 675 16
609 743 17
609 806 19
609 855 15
609 1011 8
609 1166 5
609 1183 14
609 1211 7
609 1377 12
609 1436 20
609 1783 9
610 867 14
610 876 16
610 886 3
610 1027 17
610 1086 20
610 1258 17
610 1395 18
610 1602 8
610 1880 12
611 702 4
611 764 18
611 788 9
611 833 14
611 879 17
611 1031 17
611 1224 5
611 1308 8
611 1409 6
611 1558 16
611 1658 5
611 1706 9
611 1932 8
611 1933 20
612 664 4
612 684 19
612 757 10
612 975 7
612 1053 9
612 1149 17
612 1220 6
612 1221 19
612 1230 4
612 1291 15
612 1334 17
612 1357 19
612 1461 12
612 1573 15
612 1583 8
612 1818 10
612 1860 14
612 1915 9
612 1926 9
612 1950 10
613 826 6
613 889 20
613 920 13
613 1026 18
613 1071 8
613 1269 10
613 1520 6
613 1561 19
613 1631 1
613 1775 16
613 1877 6
614 645 13
614 1118 7
614 1229 13
614 1531 10
614 1576 13
614 1782 5
614 1801 20
614 1939 14
614 1984 17
615 1195 19
615 1198 14
615 1276 9
615 1314 12
615 1410 8
615 1447 11
615 1601 12
615 1613 16
615 1670 3
616 620 16
616 710 10
616 795 18
616 856 15
616 871 6
616 960 4
616 1084 8
616 1269 1
616 1503 2
616 1524 2
616 1557 8
616 1576 2
616 1603 3
616 1621 5
616 1634 8
616 1774 19
616 1953 3
616 1960 11
617 634 20
617 965 17
617 1052 9
617 1147 16
617 1329 13
617 1427 12
617 1637 3
617 1647 16
617 1676 18
617 1698 20
617 1708 10
617 1711 2
617 1748 9
617 1797 19
617 1977 7
618 703 16
618 957 18
618 1154 15
618 1206 4
618 1330 5
618 1341 13
618 1645 11
618 1677 20
618 1823 9
618 1847 8
618 1872 4
619 645 19
619 844 19
619 893 9
619 1120 16
619 1225 4
619 1232 6
619 1368 20
619 1389 20
619 1471 17
619 1709 14
619 1778 10
619 1867 8
619 1934 11
620 897 10
620 999 3
620 1062 16
620 1100 3
620 1128 14
620 1270 12
620 1861 2
620 1893 19
620 1959 3
621 637 4
621 651 10
621 656 10
621 713 20
621 1128 18
621 1181 8
621 1196 19
621 1205 4
621 1277 8
621 1434 1
621 1474 8
621 1545 13
621 1582 11
621 1696 4
621 1738 7
621 1794 9
621 1816 20
621 1979 20
622 673 4
622 787 19
622 815 1
622 1033 12
622 1092 1
622 1107 9
622 1273 11
622 1511 8
622 1635 7
622 1646 4
622 1685 5
622 1794 2
622 1798 12
622 1801 18
622 1844 3
622 1918 12
622 1937 8
623 658 16
623 779 17
623 849 19
623 877 20
623 1007 1
623 1077 4
623 1103 2
623 1128 3
623 1249 16
623 1270 9
623 1287 20
623 1390 4
623 1446 13
623 1520 7
623 1576 19
623 1688 13
623 1725 20
623 1730 18
623 1744 12
623 1747 17
623 1755 15
623 1801 4
623 1991 10
624 795 13
624 798 12
624 899 3
624 1004 17
624 1080 9
624 1179 10
624 1229 4
624 1327 12
624 1342 4
624 1345 17
624 1465 17
624 1582 17
624 1605 9
624 1660 12
624 1671 4
624 1763 5
624 1821 8
624 1960 3
625 721 6
625 755 20
625 871 13
625 888 16
625 1018 17
625 1260 10
625 1289 18
625 1305 18
625 1327 15
625 1514 3
625 1518 10
625 1679 9
625 1695 17
625 1732 16
625 1872 8
625 1950 8
625 1965 13
626 1171 3
626 1206 2
626 1329 7
626 1482 15
626 1752 8
626 1799 3
626 1822 4
626 1938 18
627 839 2
627 936 5
627 941 13
627 1026 12
627 1168 9
627 1239 19
627 1358 20
627 1519 10
627 1597 18
627 1727 15
627 1756 1
627 1767 18
627 1828 14
627 1849 5
627 1867 17
627 1936 3
628 930 3
628 992 4
628 1146 6
628 1244 4
628 1441 5
628 1508 18
628 1637 20
628 1655 7
628 1680 12
628 1758 11
628 1793 18
629 631 7
629 737 10
629 844 18
629 997 8
629 1057 16
629 1126 8
629 1132 2
629 1257 13
629 1338 20
629 1413 3
629 1554 1
629 1575 10
629 1610 7
629 1632 11
629 1703 1
629 1814 15
629 1851 1
629 1913 13
629 1935 5
630 635 7
630 759 2
630 797 12
630 842 7
630 928 15
630 934 10
630 1396 16
630 1417 17
630 1421 10
630 1433 10
630 1500 5
630 1532 14
630 1687 13
630 1734 12
630 1887 19
630 1899 1
630 1914 9
631 853 1
631 938 17
631 983 16
631 1093 15
631 1144 14
631 1147 17
631 1211 18
631 1257 11
631 1459 3
631 1517 8
631 1564 15
631 1749 5
631 1771 8
631 1900 11
631 1912 3
632 643 7
632 691 9
632 721 14
632 971 8
632 982 17
632 1271 4
632 1278 16
632 1324 12
632 1558 8
632 1878 5
632 1935 3
633 817 9
633 965 15
633 1033 5
633 1296 17
633 1351 19
633 1433 7
633 1525 2
633 1547 5
633 1592 16
633 1655 2
633 1667 6
633 1804 9
634 703 20
634 858 11
634 870 2
634 1010 11
634 1193 11
634 1225 19
634 1322 13
634 1336 5
634 1495 8
634 1565 2
634 1776 12
634 1985 1
634 1989 5
635 785 2
635 973 6
635 974 17
635 1077 2
635 1161 1
635 1167 15
635 1278 8
635 1436 18
635 1461 2
635 1507 17
635 1565 16
635 1731 14
635 1788 15
635 1837 2
635 1846 10
635 1891 4
636 704 10
636 721 4
636 722 17
636 787 18
636 826 20
636 1163 6
636 1191 19
636 1476 20
636 1527 3
636 1692 19
637 703 8
637 742 15
637 936 8
637 1131 15
637 1184 1
637 1193 7
637 1317 5
637 1423 1
637 1539 15
637 1559 13
637 1616 6
637 1629 13
637 1780 7
637 1802 13
637 1996 13
638 820 20
638 1002 8
638 1072 1
638 1120 5
638 1229 17
638 1396 18
638 1425 9
638 1464 14
638 1465 14
638 1474 9
638 1591 10
638 1787 16
638 1981 15
638 1989 10
639 668 11
639 722 4
639 799 4
639 846 18
639 934 13
639 1121 19
639 1129 9
639 1165 8
639 1243 16
639 1368 14
639 1513 15
639 1535 2
639 1955 19
639 1994 5
640 712 6
640 735 7
640 842 16
640 881 18
640 1046 3
640 1168 1
640 1211 15
640 1259 18
640 1356 6
640 1627 20
640 1796 12
640 1802 12
640 1867 6
641 682 7
641 811 14
641 826 5
641 827 2
641 873 19
641 954 6
641 1027 19
641 1211 9
641 1263 7
641 1276 11
641 1431 10
641 1458 4
641 1460 13
641 1516 1
641 1768 18
641 1781 17
641 1885 12
641 1939 15
642 695 5
642 709 7
642 769 11
642 905 2
642 975 20
642 991 19
642 1090 2
642 1263 5
642 1270 2
642 1279 3
642 1379 4
642 1431 13
642 1520 14
642 1558 13
642 1574 15
642 1675 18
642 1831 3
643 650 20
643 708 19
643 712 2
643 963 18
643 971 18
643 1045 12
643 1099 14
643 1253 1
643 1461 17
643 1721 7
643 1838 13
643 1948 16
643 1964 15
644 673 12
644 1079 16
644 1117 10
644 1165 5
644 1507 1
644 1738 5
644 1787 5
645 775 13
645 859 17
645 1011 1
645 1104 10
645 1121 13
645 1230 20
645 1290 17
645 1473 6
645 1576 11
645 1638 7
645 1830 14
645 1850 8
645 1926 2
645 1929 19
645 1996 14
646 752 7
646 1015 14
646 1098 2
646 1215 16
646 1421 8
646 1466 4
646 1620 1
646 1673 2
646 1808 6
646 1893 11
646 1915 18
647 1142 14
647 1153 4
647 1204 8
647 1361 19
647 1576 4
647 1664 19
647 1668 20
647 1881 15
647 1930 12
647 1961 2
647 1981 1
648 665 7
648 723 7
648 821 1
648 949 4
648 953 5
648 1052 8
648 1161 8
648 1266 19
648 1298 8
648 1319 10
648 1402 2
648 1439 1
648 1472 8
648 1541 7
648 1599 12
648 1614 16
648 1745 6
648 1923 3
648 1963 10
649 706 6
649 765 3
649 800 7
649 893 9
649 957 20
649 1151 5
649 1188 5
649 1240 19
649 1258 16
649 1277 6
649 1315 16
649 1414 7
649 1446 6
650 733 11
650 835 19
650 836 8
650 843 16
650 883 3
650 961 16
650 996 8
650 1039 2
650 1168 7
650 1174 9
650 1244 13
650 1304 19
650 1378 14
650 1463 14
650 1499 11
650 1571 13
650 1814 17
650 1819 14
650 1889 13
651 672 4
651 678 8
651 850 8
651 868 13
651 1047 3
651 1136 16
651 1297 11
651 1396 11
651 1570 15
651 1689 6
651 1734 16
652 665 19
652 795 10
652 927 13
652 993 15
652 1030 4
652 1059 11
652 1110 7
652 1140 9
652 1193 4
652 1318 4
652 1410 5
652 1540 20
652 1677 1
652 1774 2
652 1823 3
652 1926 7
653 698 14
653 771 16
653 839 2
653 877 7
653 952 12
653 1074 18
653 1299 1
653 1362 12
653 1522 7
653 1740 17
653 1883 8
653 1898 3
653 1940 6
653 1967 1
653 1992 17
654 662 18
654 780 20
654 1141 3
654 1235 8
654 1298 7
654 1319 13
654 1408 4
654 1427 18
654 1433 8
654 1522 20
654 1575 10
654 1806 11
654 1862 13
654 1878 9
655 776 9
655 815 19
655 862 7
655 1039 10
655 1132 19
655 1173 9
655 1196 7
655 1257 10
655 1273 3
655 1469 2
655 1500 20
655 1513 15
655 1580 11
655 1589 11
655 1678 15
655 1907 5
655 1952 1
655 1953 3
655 1987 14
656 719 7
656 723 13
656 804 10
656 839 19
656 937 19
656 953 17
656 1010 15
656 1184 10
656 1301 15
656 1404 12
656 1623 6
656 1792 11
656 1854 8
656 1939 17
656 1957 16
656 1993 4
657 706 5
657 842 17
657 907 11
657 957 19
657 1222 18
657 1245 18
657 1260 14
657 1419 15
657 1457 5
657 1477 13
657 1706 5
657 1720 5
657 1824 20
657 1879 3
658 681 12
658 794 1
658 830 1
658 1038 8
658 1194 6
658 1374 10
658 1398 9
658 1457 16
658 1484 9
658 1486 5
658 1550 4
658 1688 4
658 1710 12
658 1764 20
658 1798 3
658 1935 8
658 1991 17
659 791 9
659 918 8
659 1043 1
659 1306 10
659 1318 6
659 1390 10
659 1433 13
659 1434 17
659 1460 11
659 1511 3
660 749 12
660 767 4
660 1013 3
660 1078 7
660 1121 8
660 1155 11
660 1192 13
660 1204 7
660 1348 18
660 1402 3
660 1435 3
660 1508 20
660 1556 7
660 1608 1
660 1982 9
660 1993 12
661 667 15
661 714 4
661 739 12
661 782 1
661 796 20
661 803 12
661 947 18
661 995 17
661 1115 9
661 1130 2
661 1279 7
661 1900 10
662 676 7
662 789 7
662 895 3
662 932 4
662 936 18
662 1239 18
662 1264 13
662 1331 11
662 1408 7
662 1454 20
662 1693 7
662 1784 17
662 1859 2
662 1981 11
663 701 8
663 764 9
663 789 11
663 800 8
663 822 7
663 914 16
663 931 5
663 1146 17
663 1153 9
663 1188 20
663 1282 18
663 1301 19
663 1306 14
663 1492 19
663 1631 9
663 1652 14
663 1702 19
663 1859 1
664 757 5
664 848 17
664 978 17
664 1211 14
664 1261 13
664 1336 11
664 1457 10
664 1464 6
664 1519 20
664 1522 1
664 1649 8
664 1730 4
664 1864 14
664 1947 11
664 1975 3
665 696 5
665 725 8
665 772 15
665 916 20
665 1321 2
665 1328 12
665 1401 16
665 1491 11
665 1648 1
665 1651 3
665 1790 10
665 1811 7
665 1888 10
666 742 4
666 837 5
666 1112 10
666 1150 5
666 1381 8
666 1392 20
666 1528 14
666 1644 18
666 1684 9
666 1818 18
666 1929 8
666 1992 13
667 924 5
667 957 2
667 1034 19
667 1055 19
667 1089 17
667 1430 7
667 1629 12
667 1719 4
667 1753 16
667 1980 20
668 672 16
668 687 10
668 717 5
668 724 7
668 803 10
668 941 20
668 1102 4
668 1135 7
668 1176 18
668 1181 3
668 1204 18
668 1249 20
668 1264 8
668 1288 4
668 1341 14
668 1380 11
668 1772 19
668 1863 18
668 1896 20
668 1946 3
669 699 3
669 705 14
669 763 4
669 913 4
669 972 11
669 1003 13
669 1358 12
669 1462 4
669 1478 19
669 1799 19
669 1817 4
669 1835 19
670 854 13
670 924 3
670 1032 12
670 1068 7
670 1082 12
670 1260 2
670 1296 7
670 1494 8
670 1580 18
670 1623 7
670 1967 2
671 777 13
671 818 11
671 907 5
671 925 17
671 1182 1
671 1272 7
671 1402 17
671 1420 11
671 1464 16
671 1484 4
671 1504 1
671 1568 3
671 1876 3
671 1896 13
672 745 7
672 805 6
672 866 13
672 894 1
672 1008 19
672 1078 11
672 1110 17
672 1126 9
672 1290 16
672 1545 12
672 1663 12
672 1674 7
672 1747 4
672 1979 14
672 1989 6
673 1158 15
673 1518 3
674 718 6
674 746 8
674 982 10
674 1212 17
674 1215 3
674 1313 20
674 1419 3
674 1506 11
674 1531 6
674 1567 7
674 1644 7
674 1843 7
675 815 19
675 841 16
675 869 18
675 917 5
675 1104 15
675 1114 16
675 1255 5
675 1662 16
675 1667 13
675 1827 5
675 1997 19
676 1139 2
676 1574 19
676 1582 2
676 1623 8
676 1811 3
676 1859 7
676 1986 6
676 1999 10
677 736 8
677 784 12
677 787 6
677 926 11
677 1061 6
677 1084 13
677 1110 17
677 1185 13
677 1286 16
677 1287 2
677 1559 20
677 1770 14
677 1780 4
677 1824 11
677 1832 6
677 1903 6
678 782 10
678 809 15
678 811 5
678 938 7
678 1067 13
678 1223 4
678 1289 20
678 1554 8
678 1678 15
679 691 11
679 854 19
679 981 9
679 1078 9
679 1183 6
679 1232 14
679 1345 20
679 1484 8
679 1504 14
679 1662 1
679 1668 18
679 1701 3
679 1819 14
679 1844 4
679 1921 16
679 1975 4
680 724 13
680 889 3
680 1045 9
680 1053 7
680 1147 11
680 1164 9
680 1223 17
680 1371 4
680 1514 4
680 1784 7
680 1787 13
680 1811 6
680 1958 3
681 793 13
681 797 15
681 871 14
681 1094 15
681 1223 18
681 1342 12
681 1511 19
681 1634 12
681 1717 11
681 1913 19
682 832 4
682 894 7
682 913 18
682 1097 11
682 1135 9
682 1230 11
682 1407 11
682 1484 11
682 1613 7
682 1904 20
683 703 11
683 711 20
683 734 1
683 792 6
683 818 10
683 871 9
683 911 13
683 966 7
683 1025 18
683 1032 20
683 1040 4
683 1123 14
683 1124 1
683 1168 10
683 1194 19
683 1301 3
683 1430 10
683 1583 14
683 1636 1
683 1809 13
684 746 14
684 843 19
684 1037 15
684 1040 4
684 1126 18
684 1196 5
684 1254 13
684 1314 3
684 1351 13
684 1525 15
684 1642 10
684 1877 10
684 1918 18
685 882 6
685 943 20
685 979 16
685 989 1
685 1018 14
685 1067 15
685 1179 9
685 1220 10
685 1265 1
685 1283 18
685 1552 7
685 1762 12
685 1905 11
685 1914 17
685 1921 3
685 1940 4
686 783 5
686 788 14
686 899 3
686 902 10
686 909 11
686 949 18
686 1021 18
686 1054 19
686 1086 16
686 1218 12
686 1371 18
686 1428 5
686 1439 19
686 1567 9
686 1621 9
686 1623 18
686 1632 18
686 1719 17
686 1736 19
686 1755 8
686 1824 17
687 833 18
687 851 6
687 902 13
687 911 20
687 963 10
687 1159 16
687 1300 15
687 1323 6
687 1329 1
687 1348 6
687 1408 16
687 1425 15
687 1599 8
687 1724 9
687 1737 14
687 1760 15
687 1996 8
688 965 15
688 1081 11
688 1124 9
688 1131 19
688 1473 18
688 1719 14
688 1731 12
688 1850 17
688 1950 15
689 1034 3
689 1158 9
689 1214 18
689 1250 16
689 1269 8
689 1518 19
689 1630 2
689 1652 14
689 1866 20
690 931 1
690 935 18
690 964 18
690 1346 10
690 1590 15
690 1791 15
690 1874 14
691 694 16
691 705 12
691 792 10
691 820 1
691 937 9
691 1027 19
691 1050 4
691 1224 15
691 1238 2
691 1258 2
691 1509 16
691 1542 13
691 1574 6
691 1667 1
691 1680 8
691 1882 12
691 1987 17
692 742 8
692 819 19
692 835 4
692 907 6
692 1032 4
692 1078 1
692 1166 16
692 1299 3
692 1366 12
692 1502 4
692 1658 6
692 1708 16
693 719 7
693 845 14
693 918 10
693 1049 5
693 1272 8
693 1323 4
693 1388 16
693 1796 10
694 786 20
694 834 4
694 862 6
694 1030 13
694 1288 2
694 1312 1
694 1352 12
694 1524 11
694 1663 15
694 1769 2
694 1837 14
694 1841 2
695 785 12
695 889 16
695 906 13
695 913 1
695 1079 18
695 1107 7
695 1140 2
695 1393 7
695 1483 2
695 1496 8
695 1506 20
695 1529 18
695 1703 20
695 1811 6
695 1935 17
695 1949 5
696 719 15
696 742 8
696 816 11
696 862 10
696 895 8
696 898 1
696 940 2
696 950 13
696 979 15
696 1055 15
696 1283 13
696 1287 12
696 1490 2
696 1500 11
696 1604 14
696 1663 17
696 1801 19
696 1942 1
696 1971 9
697 770 7
697 904 20
697 937 3
697 1015 20
697 1041 6
697 1134 17
697 1224 4
697 1358 2
697 1510 6
697 1648 19
697 1664 12
697 1746 17
697 1804 1
697 1927 8
698 700 11
698 945 8
698 1098 5
698 1130 3
698 1132 18
698 1165 18
698 1180 10
698 1202 8
698 1236 2
698 1456 10
698 1490 13
698 1841 13
698 1851 14
698 1926 20
699 770 12
699 989 15
699 1079 19
699 1394 14
699 1497 16
699 1611 10
699 1622 11
699 1722 12
699 1773 18
699 1878 15
699 1922 18
699 1998 9
700 745 16
700 759 5
700 765 9
700 942 3
700 1100 9
700 1125 8
700 1181 8
700 1194 5
700 1199 6
700 1228 14
700 1357 17
700 1360 16
700 1587 20
700 1645 9
700 1832 3
700 1875 13
701 897 10
701 935 17
701 979 8
701 1095 18
701 1101 18
701 1149 15
701 1169 15
701 1402 15
701 1453 10
701 1466 13
701 1471 9
701 1737 9
701 1805 19
701 1934 17
702 772 16
702 789 20
702 885 8
702 956 1
702 1180 2
702 1335 8
702 1457 14
702 1670 6
702 1679 11
702 1713 8
702 1761 12
702 1793 18
702 1876 19
702 1895 4
702 1912 9
702 1994 12
703 919 7
703 952 19
703 975 4
703 1054 20
703 1097 12
703 1188 9
703 1278 11
703 1279 6
703 1426 15
703 1658 3
703 1731 17
703 1751 3
703 1783 14
703 1805 8
704 850 17
704 1190 11
704 1299 1
704 1423 18
704 1515 14
704 1569 10
704 1734 10
704 1754 19
704 1763 11
704 1782 18
704 1948 4
704 1958 16
705 766 17
705 896 10
705 954 11
705 1279 1
705 1452 13
705 1474 17
705 1566 10
705 1767 18
705 1798 2
705 1802 1
706 794 16
706 823 8
706 880 19
706 897 3
706 930 13
706 1114 1
706 1130 3
706 1241 16
706 1339 11
706 1420 7
706 1551 5
706 1701 14
706 1746 3
706 1883 4
706 1913 5
707 787 14
707 1201 7
707 1259 13
707 1398 12
707 1419 11
707 1572 16
707 1684 10
707 1899 12
707 1933 6
708 988 5
708 1211 10
708 1259 3
708 1309 7
708 1386 15
708 1464 7
708 1647 7
708 1667 2
708 1723 18
708 1967 16
709 855 7
709 922 14
709 966 12
709 1155 6
709 1168 19
709 1203 19
709 1488 14
709 1837 17
709 1845 16
709 1980 8
710 859 5
710 1279 6
710 1532 17
710 1767 16
710 1853 4
710 1996 7
711 734 7
711 783 6
711 825 5
711 920 5
711 942 8
711 1060 14
711 1106 4
711 1113 12
711 1191 10
711 1486 15
711 1782 7
711 1895 12
711 1945 3
712 856 16
712 941 12
712 1249 15
712 1313 5
712 1334 14
712 1340 9
712 1761 9
712 1824 20
713 719 3
713 790 7
713 834 7
713 847 9
713 1052 18
713 1112 16
713 1124 5
713 1149 19
713 1374 19
713 1475 12
713 1724 19
713 1730 20
713 1752 14
713 1806 10
713 1952 10
714 846 7
714 960 10
714 1015 13
714 1046 18
714 1154 7
714 1488 11
714 1507 7
714 1667 16
714 1731 16
714 1753 9
714 1834 16
714 1858 14
715 732 7
715 795 12
715 857 2
715 1018 18
715 1252 6
715 1310 3
715 1346 20
715 1378 6
715 1403 5
715 1415 13
715 1450 4
715 1592 2
715 1694 4
715 1695 15
715 1698 9
715 1748 1
715 1913 17
715 1955 20
715 1983 1
716 758 7
716 838 16
716 956 16
716 1011 19
716 1048 19
716 1179 16
716 1636 5
716 1804 8
717 786 4
717 838 14
717 1236 19
717 1237 13
717 1337 8
717 1342 18
717 1555 3
717 1685 18
717 1691 17
717 1773 17
717 1805 2
717 1867 14
718 739 19
718 872 14
718 892 19
718 921 11
718 926 5
718 1169 15
718 1246 8
718 1513 16
718 1527 9
718 1619 18
718 1626 16
718 1645 1
718 1647 10
718 1874 12
719 748 7
719 1026 18
719 1227 16
719 1375 20
719 1397 8
719 1537 7
719 1714 4
719 1900 10
719 1913 15
720 891 7
720 995 1
720 1010 13
720 1193 13
720 1230 8
720 1249 14
720 1432 13
720 1486 4
720 1651 2
720 1664 5
720 1704 5
720 1761 9
720 1855 16
721 878 5
721 910 18
721 920 13
721 1039 2
721 1185 20
721 1289 16
721 1497 11
721 1726 14
721 1782 14
721 1904 5
722 762 3
722 872 20
722 886 20
722 908 4
722 998 17
722 1119 19
722 1318 2
722 1440 15
722 1648 1
722 1905 13
722 1915 8
723 757 19
723 770 8
723 853 3
723 986 2
723 1058 17
723 1103 3
723 1307 16
723 1467 16
723 1551 4
723 1687 18
723 1964 20
724 735 5
724 912 14
724 920 11
724 925 13
724 939 6
724 971 2
724 1026 9
724 1043 20
724 1068 7
724 1097 9
724 1141 9
724 1306 4
724 1365 12
724 1482 16
724 1483 2
724 1561 17
724 1590 16
724 1596 5
724 1635 3
724 1679 1
724 1753 20
724 1888 13
724 1936 4
724 1997 5
725 773 2
725 995 16
725 1024 11
725 1127 13
725 1210 2
725 1505 11
725 1830 20
726 731 20
726 852 16
726 882 6
726 934 7
726 969 17
726 983 9
726 1030 3
726 1509 4
726 1530 14
726 1570 1
726 1961 12
727 867 16
727 872 2
727 889 20
727 1038 9
727 1208 19
727 1217 10
727 1270 2
727 1356 19
727 1395 4
727 1516 2
727 1581 3
727 1818 5
727 1858 18
727 1892 11
727 1898 2
728 842 3
728 869 5
728 884 19
728 908 1
728 968 7
728 972 15
728 1066 6
728 1168 14
728 1566 4
728 1823 18
728 1824 17
728 1914 13
729 980 4
729 1020 15
729 1109 8
729 1209 5
729 1337 5
729 1396 16
729 1418 12
729 1460 11
729 1520 3
729 1565 18
729 1729 6
729 1861 8
729 1874 12
729 1994 9
730 748 19
730 790 6
730 936 17
730 1071 13
730 1102 5
730 1121 18
730 1305 13
730 1332 16
730 1363 19
730 1406 9
730 1474 6
730 1514 4
730 1516 6
730 1794 15
730 1916 20
730 1943 9
730 1945 8
730 1950 16
730 1985 6
731 787 18
731 796 17
731 799 3
731 950 9
731 1068 4
731 1148 6
731 1166 10
731 1452 2
731 1503 6
731 1591 1
731 1634 2
731 1705 2
731 1765 8
731 1798 3
731 1987 12
732 769 15
732 1337 6
732 1492 15
732 1674 2
732 1760 18
733 889 12
733 1129 14
733 1154 14
733 1958 10
734 885 17
734 1009 14
734 1083 19
734 1092 13
734 1115 7
734 1126 13
734 1143 10
734 1332 10
734 1367 5
734 1406 11
734 1540 4
734 1634 20
734 1666 4
734 1757 1
734 1923 6
734 1977 9
735 760 19
735 997 15
735 1049 9
735 1160 18
735 1264 12
735 1493 18
735 1591 20
735 1619 17
735 1647 2
735 1851 13
735 1935 1
736 819 16
736 962 5
736 983 6
736 1305 11
736 1486 18
736 1540 7
736 1544 12
736 1615 13
736 1628 7
736 1630 6
736 1901 17
737 819 16
737 844 19
737 852 12
737 914 5
737 1082 11
737 1108 7
737 1294 14
737 1400 15
737 1590 6
737 1688 16
737 1704 11
737 1761 9
737 1805 10
737 1875 6
737 1956 5
738 780 2
738 871 17
738 1116 10
738 1173 12
738 1192 6
738 1306 5
738 1516 7
738 1634 4
738 1702 10
738 1741 9
738 1833 17
739 782 8
739 934 14
739 1256 19
739 1407 7
739 1437 12
739 1451 9
739 1514 20
739 1578 11
739 1600 18
739 1627 1
739 1629 10
739 1858 12
740 804 12
740 892 8
740 1032 5
740 1365 9
740 1470 11
740 1592 19
740 1595 1
740 1605 18
740 1614 9
740 1721 17
740 1761 5
740 1804 18
740 1952 3
741 804 14
741 828 4
741 1040 14
741 1077 17
741 1139 8
741 1206 12
741 1212 13
741 1286 14
741 1345 5
741 1461 19
741 1552 5
741 1713 3
741 1745 8
741 1878 12
741 1923 4
742 760 13
742 844 4
742 1183 17
742 1596 13
742 1619 20
742 1690 17
742 1789 1
742 1895 15
743 802 16
743 911 20
743 1212 19
743 1387 15
743 1446 4
743 1505 9
743 1566 20
743 1622 1
743 1716 12
744 806 9
744 888 18
744 967 7
744 982 13
744 1182 5
744 1255 12
744 1314 7
744 1325 2
744 1339 8
744 1363 14
744 1491 4
744 1587 2
744 1595 16
744 1643 5
745 776 9
745 1012 14
745 1016 16
745 1077 17
745 1113 1
745 1232 2
745 1341 12
745 1352 16
745 1450 15
745 1537 2
745 1605 12
745 1688 6
746 907 8
746 957 10
746 985 12
746 1136 13
746 1221 6
746 1236 7
746 1284 18
746 1300 2
746 1308 19
746 1319 12
746 1371 4
746 1471 14
746 1554 8
746 1565 17
746 1624 20
746 1670 7
746 1717 13
746 1742 8
746 1768 1
746 1887 5
746 1945 19
746 1991 19
747 781 18
747 803 13
747 856 20
747 920 4
747 945 2
747 960 14
747 979 18
747 1126 19
747 1149 7
747 1151 10
747 1166 3
747 1494 8
747 1570 7
747 1646 9
747 1694 18
747 1747 4
747 1989 17
748 968 18
748 1150 10
748 1406 7
748 1569 7
748 1649 7
748 1675 16
748 1711 1
748 1852 3
748 1954 18
749 785 14
749 836 20
749 846 19
749 950 2
749 1007 16
749 1056 14
749 1070 5
749 1144 16
749 1232 4
749 1355 14
749 1558 10
749 1609 7
749 1636 20
749 1656 7
749 1749 11
749 1802 3
749 1832 18
750 777 8
750 803 5
750 1123 9
750 1258 15
750 1468 19
750 1576 15
750 1603 7
750 1698 6
750 1795 17
750 1828 2
751 821 19
751 969 2
751 1082 18
751 1085 18
751 1151 11
751 1158 6
751 1439 6
751 1487 12
751 1541 7
751 1542 2
751 1587 17
751 1610 19
751 1739 9
751 1849 12
752 792 2
752 810 13
752 919 2
752 960 13
752 1090 12
752 1136 8
752 1137 11
752 1151 7
752 1207 6
752 1334 9
752 1564 1
752 1608 16
752 1748 9
752 1762 5
752 1851 2
752 1942 19
752 1992 20
753 764 17
753 831 7
753 931 10
753 1153 12
753 1202 20
753 1215 7
753 1315 15
753 1382 5
753 1405 2
753 1436 4
753 1571 18
753 1770 17
753 1861 4
753 1888 5
754 834 19
754 945 14
754 1017 17
754 1179 11
754 1373 3
754 1376 7
754 1653 13
754 1735 15
754 1908 17
754 1955 20
755 820 7
755 878 5
755 931 9
755 1086 2
755 1165 9
755 1321 9
755 1373 1
755 1376 17
755 1477 16
755 1585 12
755 1613 13
755 1720 12
755 1852 20
756 769 20
756 770 11
756 815 14
756 821 1
756 989 4
756 1103 19
756 1389 14
757 838 10
757 893 6
757 985 7
757 1232 20
757 1545 2
757 1574 14
757 1677 18
757 1752 11
757 1797 13
757 1833 1
757 1842 16
757 1993 7
758 1007 15
758 1299 2
758 1823 20
758 1831 4
758 1864 2
759 894 1
759 1130 10
759 1146 11
759 1333 3
759 1442 1
759 1629 9
759 1659 5
759 1719 10
760 785 3
760 816 18
760 876 7
760 1337 7
760 1344 14
760 1362 9
760 1493 17
760 1661 11
760 1684 4
760 1806 9
760 1854 3
760 1898 7
761 790 20
761 796 13
761 847 12
761 855 20
761 1013 11
761 1243 9
761 1309 20
761 1338 16
761 1432 14
761 1591 6
761 1875 1
762 784 17
762 788 10
762 972 17
762 975 13
762 1164 3
762 1237 17
762 1373 16
762 1416 15
762 1472 20
762 1507 4
762 1713 6
762 1822 1
762 1858 14
762 1877 13
763 920 18
763 1016 1
763 1047 11
763 1048 11
763 1071 10
763 1099 2
763 1125 16
763 1158 10
763 1230 13
763 1278 12
763 1588 5
763 1793 19
763 1815 2
764 878 2
764 1049 14
764 1146 20
764 1157 3
764 1257 4
764 1271 19
764 1356 14
764 1408 17
764 1593 8
764 1605 9
764 1666 10
764 1759 15
764 1852 5
764 1931 4
764 1933 7
764 1964 8
764 1997 19
765 886 6
765 1038 6
765 1268 14
765 1280 12
765 1370 18
765 1444 8
765 1646 11
765 1891 7
765 1939 5
766 806 5
766 872 18
766 946 7
766 1178 12
766 1252 15
766 1382 17
766 1543 11
766 1755 13
766 1876 16
766 1995 17
767 789 2
767 925 1
767 1116 20
767 1335 20
767 1363 9
767 1448 8
767 1455 2
767 1573 11
767 1661 10
767 1799 5
767 1802 1
767 1878 20
767 1881 18
767 1969 16
767 1985 6
768 795 19
768 907 13
768 945 11
768 967 16
768 1246 9
768 1393 15
768 1664 12
768 1732 13
768 1821 16
768 1824 17
768 1978 19
769 1013 5
769 1209 13
769 1398 3
769 1550 9
769 1683 17
769 1948 10
770 1150 10
770 1176 4
770 1308 2
770 1392 19
770 1469 7
770 1472 9
770 1712 9
770 1724 8
770 1742 4
770 1981 13
771 1047 14
771 1251 12
771 1780 9
771 1810 7
772 784 20
772 865 7
772 908 9
772 992 14
772 1071 18
772 1087 19
772 1095 18
772 1427 7
772 1458 11
772 1463 9
772 1522 14
772 1808 9
773 838 2
773 906 13
773 926 9
773 1045 10
773 1063 9
773 1156 15
773 1158 18
773 1196 11
773 1208 4
773 1215 2
773 1269 6
773 1353 6
773 1454 3
773 1620 5
773 1684 1
773 1837 13
773 1881 4
773 1985 1
774 911 14
774 1046 9
774 1270 20
774 1371 6
774 1605 4
774 1732 5
774 1780 16
774 1787 13
774 1841 17
774 1877 4
775 829 10
775 1306 16
775 1377 18
775 1613 8
775 1626 19
775 1752 8
775 1893 17
775 1982 4
776 1338 4
776 1681 19
776 1810 6
776 1977 18
777 806 14
777 820 18
777 883 2
777 971 19
777 1007 16
777 1047 7
777 1174 2
777 1264 6
777 1321 5
777 1361 3
777 1446 11
777 1461 11
777 1699 9
777 1731 18
778 818 8
778 828 3
778 916 5
778 950 6
778 966 17
778 1190 11
778 1344 9
778 1384 8
778 1478 14
778 1639 7
778 1669 20
778 1728 15
778 1766 19
778 1816 4
778 1988 5
778 1991 19
779 935 11
779 941 1
779 975 16
779 998 9
779 999 17
779 1195 2
779 1205 15
779 1517 16
779 1664 9
779 1774 11
780 817 12
780 886 9
780 1048 12
780 1184 4
780 1246 5
780 1305 7
780 1309 3
780 1358 11
780 1408 11
780 1429 2
780 1464 13
780 1521 2
780 1619 19
780 1693 18
780 1714 14
780 1740 10
780 1746 12
780 1868 14
781 841 7
781 931 18
781 1348 8
781 1357 19
781 1391 7
781 1592 20
781 1620 5
781 1781 15
782 1105 20
782 1165 12
782 1245 2
782 1268 1
782 1401 8
782 1447 11
782 1459 2
782 1464 10
782 1467 2
782 1546 5
782 1675 16
782 1678 10
782 1681 3
782 1747 9
782 1919 20
783 788 6
783 789 19
783 1063 18
783 1085 5
783 1151 9
783 1325 5
783 1406 5
783 1423 19
783 1705 7
783 1776 7
783 1844 5
783 1860 13
784 802 16
784 834 16
784 854 16
784 991 3
784 1014 4
784 1126 15
784 1135 20
784 1207 10
784 1245 14
784 1251 19
784 1504 5
784 1731 11
784 1838 19
784 1947 8
785 981 7
785 1031 16
785 1038 14
785 1051 8
785 1069 3
785 1219 17
785 1228 19
785 1294 17
785 1327 14
785 1494 9
785 1531 14
785 1893 1
785 1899 10
785 1964 20
786 795 1
786 934 2
786 966 4
786 1175 13
786 1283 3
786 1298 2
786 1345 8
786 1362 15
786 1642 2
786 1750 7
786 1761 9
786 1864 16
787 897 12
787 920 6
787 1068 9
787 1178 12
787 1268 6
787 1326 17
787 1605 16
787 1675 17
787 1716 8
787 1772 5
787 1861 8
787 1891 14
787 1989 5
788 833 16
788 905 4
788 966 6
788 973 8
788 998 20
788 1096 16
788 1146 5
788 1194 19
788 1263 14
788 1287 10
788 1315 15
788 1380 4
788 1420 3
788 1431 14
788 1528 10
788 1911 18
788 1926 12
789 823 7
789 940 8
789 946 20
789 1032 16
789 1051 6
789 1245 15
789 1302 17
789 1512 20
789 1608 7
789 1696 7
789 1763 18
789 1789 20
789 1843 13
789 1990 15
790 889 12
790 897 12
790 1031 2
790 1112 4
790 1240 17
790 1266 14
790 1510 14
790 1715 8
790 1864 20
790 1868 8
790 1870 16
790 1970 1
790 1991 9
791 878 5
791 1152 19
791 1202 13
791 1203 8
791 1307 6
791 1369 15
791 1454 8
791 1569 11
791 1578 7
791 1617 2
791 1618 13
791 1676 4
791 1697 11
791 1706 4
792 805 14
792 846 14
792 924 3
792 987 17
792 1013 18
792 1314 11
792 1327 10
792 1368 20
792 1412 19
792 1416 4
792 1449 14
792 1450 6
792 1492 3
792 1558 20
792 1654 9
792 1729 8
792 1742 16
792 1894 12
793 794 8
793 818 9
793 827 18
793 911 16
793 919 6
793 988 17
793 1103 9
793 1212 13
793 1363 7
793 1459 14
793 1728 9
793 1730 16
793 1813 1
793 1980 5
794 824 10
794 1028 11
794 1062 11
794 1072 17
794 1208 17
794 1285 9
794 1382 9
794 1524 6
794 1697 11
794 1720 6
794 1763 20
794 1869 5
794 1887 14
795 918 5
795 926 11
795 965 7
795 1036 9
795 1054 17
795 1212 3
795 1276 14
795 1286 13
795 1340 6
795 1419 14
795 1435 19
795 1511 2
795 1596 12
795 1956 5
796 809 11
796 839 9
796 875 9
796 913 13
796 1146 3
796 1463 1
796 1505 15
796 1775 5
796 1808 18
796 1861 7
797 854 5
797 907 15
797 1106 6
797 1204 18
797 1339 12
797 1381 6
797 1414 3
797 1421 13
797 1497 18
797 1515 19
797 1520 19
797 1580 19
797 1617 2
797 1824 17
797 1926 19
798 862 10
798 878 6
798 940 6
798 1275 11
798 1467 7
799 864 4
799 879 17
799 905 10
799 1022 12
799 1107 11
799 1121 1
799 1200 8
799 1341 18
799 1348 3
799 1559 18
799 1589 15
799 1896 3
800 917 12
800 933 18
800 966 2
800 1002 8
800 1076 15
800 1201 20
800 1205 18
800 1328 16
800 1444 12
800 1569 14
800 1690 1
800 1785 18
800 1805 20
801 877 6
801 982 15
801 1082 13
801 1095 5
801 1220 4
801 1304 10
801 1431 4
801 1657 10
801 1791 8
801 1837 8
802 1162 16
802 1266 19
802 1323 6
802 1325 1
802 1396 8
802 1527 7
802 1556 12
802 1645 17
802 1679 16
802 1863 6
802 1883 4
802 1900 14
803 945 20
803 987 17
803 1025 7
803 1101 2
803 1151 14
803 1294 17
803 1547 2
803 1743 9
803 1867 9
803 1964 16
804 851 15
804 895 19
804 955 1
804 1023 9
804 1076 7
804 1195 9
804 1356 1
804 1412 15
804 1606 13
804 1650 1
804 1667 19
804 1738 16
804 1751 20
805 845 14
805 1157 15
805 1162 20
805 1285 13
805 1299 11
805 1359 14
805 1563 8
805 1703 16
805 1837 4
805 1865 17
806 844 19
806 878 4
806 1017 8
806 1167 19
806 1413 20
806 1441 20
806 1475 19
806 1681 1
806 1804 16
806 1833 9
806 1924 8
807 857 6
807 867 9
807 1107 8
807 1304 2
807 1317 7
807 1371 1
807 1520 1
807 1550 14
807 1564 9
807 1568 11
807 1679 9
807 1684 10
807 1696 13
807 1740 7
807 1742 3
807 1843 20
807 1985 6
807 1996 4
808 863 4
808 892 6
808 991 1
808 1052 10
808 1084 18
808 1330 18
808 1342 3
808 1345 10
808 1587 13
808 1794 7
808 1857 6
808 1944 10
808 1976 15
809 817 7
809 991 2
809 1035 19
809 1038 10
809 1048 8
809 1049 10
809 1119 2
809 1126 3
809 1180 5
809 1278 10
809 1325 8
809 1377 17
809 1401 6
809 1442 1
809 1571 4
809 1574 4
809 1681 11
809 1713 14
809 1732 15
809 1856 13
809 1883 2
810 897 11
810 975 10
810 987 9
810 993 9
810 1074 17
810 1251 2
810 1498 5
810 1774 3
811 906 11
811 968 18
811 1050 9
811 1329 11
811 1357 19
811 1393 18
811 1434 4
811 1459 3
811 1572 12
811 1637 13
811 1789 14
811 1827 19
811 1844 15
811 1878 4
811 1959 4
811 1967 7
811 1977 16
811 1986 16
812 827 2
812 919 13
812 924 17
812 1313 2
812 1399 11
812 1484 2
812 1550 4
812 1603 16
812 1604 2
812 1800 20
812 1827 10
812 1829 10
813 817 12
813 891 10
813 943 15
813 995 1
813 1021 4
813 1078 9
813 1135 8
813 1183 19
813 1195 20
813 1218 20
813 1260 16
813 1271 16
813 1318 13
813 1334 2
813 1371 16
813 1418 10
813 1468 6
813 1575 12
813 1645 14
813 1672 6
813 1674 19
813 1843 3
814 891 1
814 934 2
814 942 5
814 1020 15
814 1135 15
814 1191 11
814 1204 18
814 1355 2
814 1362 1
814 1391 17
814 1613 17
814 1780 16
814 1961 20
814 1990 6
815 862 8
815 1005 9
815 1113 9
815 1187 16
815 1346 19
815 1459 8
815 1589 12
815 1708 15
815 1731 6
815 1766 19
816 1196 2
816 1320 18
816 1406 14
816 1583 15
816 1794 15
816 1796 20
816 1798 3
817 897 19
817 1016 3
817 1057 14
817 1158 17
817 1338 13
817 1501 1
817 1570 8
817 1623 14
817 1775 18
817 1929 5
817 1947 16
817 1968 9
818 841 7
818 847 11
818 994 16
818 1056 13
818 1075 11
818 1489 6
818 1660 11
818 1806 12
818 1833 14
819 835 14
819 853 7
819 892 14
819 929 8
819 970 11
819 1172 11
819 1218 10
819 1258 13
819 1534 11
819 1890 8
819 1893 4
819 1992 10
820 824 4
820 850 3
820 860 18
820 884 14
820 1213 1
820 1220 15
820 1320 2
820 1337 14
820 1481 8
820 1545 2
820 1553 8
820 1580 10
820 1840 20
820 1843 18
820 1899 18
820 1900 9
820 1946 18
820 1972 11
821 909 5
821 970 10
821 1079 15
821 1300 17
821 1527 10
821 1672 3
821 1837 15
822 1119 1
822 1122 1
822 1148 15
822 1448 7
822 1475 19
822 1479 12
822 1570 14
822 1586 15
822 1711 1
822 1760 7
822 1803 14
822 1951 13
823 877 3
823 1128 16
823 1224 1
823 1380 18
823 1525 9
823 1605 13
823 1671 10
823 1723 5
823 1738 18
823 1812 12
823 1991 20
824 962 8
824 977 5
824 995 9
824 1107 14
824 1139 18
824 1189 1
824 1385 19
824 1544 11
824 1566 6
824 1725 2
824 1763 14
824 1802 11
825 851 9
825 913 14
825 980 18
825 1233 3
825 1672 1
825 1685 15
825 1696 5
825 1879 10
825 1949 11
826 891 15
826 1010 20
826 1223 8
826 1244 2
826 1323 9
826 1332 1
826 1667 18
826 1875 2
826 1903 18
827 1016 7
827 1043 11
827 1119 13
827 1214 19
827 1217 19
827 1231 20
827 1521 13
827 1753 6
827 1858 4
827 1988 7
828 936 7
828 952 1
828 1021 14
828 1133 16
828 1227 17
828 1282 14
828 1297 8
828 1370 5
828 1493 18
828 1636 14
828 1667 7
828 1726 4
828 1862 9
828 1893 8
828 1913 7
829 832 14
829 1016 16
829 1109 6
829 1165 9
829 1374 2
829 1400 10
829 1461 7
829 1546 2
829 1667 6
829 1838 1
829 1882 5
830 852 19
830 1012 5
830 1021 20
830 1057 15
830 1309 12
830 1426 5
830 1480 8
830 1507 2
830 1509 1
830 1551 10
830 1636 19
830 1853 5
830 1996 17
831 845 6
831 913 10
831 927 18
831 1015 20
831 1020 3
831 1157 2
831 1215 20
831 1298 7
831 1369 14
831 1453 18
831 1463 6
831 1538 11
831 1771 18
831 1853 10
832 1225 20
832 1227 10
832 1243 15
832 1273 6
832 1300 4
832 1302 9
832 1324 9
832 1499 13
832 1633 20
832 1685 14
832 1767 16
832 1946 11
833 927 9
833 934 15
833 1013 3
833 1086 10
833 1115 12
833 1169 17
833 1271 12
833 1362 5
833 1408 16
833 1420 12
833 1481 14
833 1569 5
833 1668 20
833 1869 19
833 1887 17
833 1918 8
833 1934 12
834 1021 8
834 1155 11
834 1246 2
834 1327 11
834 1390 11
834 1538 9
834 1615 19
834 1667 2
834 1854 16
834 1912 19
835 878 2
835 902 3
835 963 14
835 969 9
835 1160 15
835 1370 6
835 1664 13
835 1711 10
835 1777 4
835 1795 8
835 1958 20
835 1991 7
836 929 11
836 956 15
836 1010 18
836 1074 2
836 1158 19
836 1274 13
836 1387 3
836 1405 12
836 1437 16
836 1507 14
836 1547 5
836 1823 2
837 886 13
837 892 7
837 918 14
837 936 17
837 983 7
837 1316 12
837 1442 11
837 1460 10
837 1715 5
837 1735 8
837 1778 8
837 1784 7
837 1803 11
837 1810 17
837 1832 16
838 852 13
838 1008 11
838 1069 16
838 1244 13
838 1273 12
838 1282 15
838 1419 20
838 1544 4
838 1852 3
838 1914 7
838 1930 18
838 1958 11
839 935 19
839 978 8
839 992 2
839 1036 3
839 1194 2
839 1243 19
839 1287 17
839 1294 2
839 1332 14
839 1427 17
839 1621 20
839 1680 10
839 1740 16
839 1744 4
839 1898 12
839 1900 20
839 1959 1
840 1010 20
840 1032 11
840 1093 4
840 1381 2
840 1505 12
840 1533 16
840 1587 18
840 1784 18
840 1887 5
840 1960 3
840 1988 9
841 896 18
841 1114 6
841 1196 5
841 1313 7
841 1492 11
841 1551 14
841 1564 2
841 1609 16
841 1629 6
841 1807 5
841 1986 19
842 1100 3
842 1348 12
842 1391 11
842 1442 4
842 1495 8
842 1742 1
842 1770 15
842 1860 18
842 1934 14
843 965 10
843 1140 9
843 1149 4
843 1370 1
843 1563 14
843 1592 20
843 1629 15
843 1855 10
843 1882 17
843 1922 2
843 1960 6
844 868 17
844 875 13
844 893 15
844 930 2
844 941 9
844 1120 17
844 1265 1
844 1318 19
844 1462 13
844 1539 19
844 1593 10
844 1595 11
844 1596 11
844 1720 2
844 1722 20
844 1792 20
845 989 18
845 1039 19
845 1115 9
845 1262 6
845 1380 14
845 1699 6
846 847 7
846 934 6
846 1022 3
846 1086 19
846 1088 20
846 1283 19
846 1291 3
846 1619 13
846 1713 14
846 1816 18
847 900 10
847 908 10
847 919 15
847 1028 9
847 1056 7
847 1058 9
847 1063 19
847 1196 20
847 1282 14
847 1330 7
847 1409 8
847 1927 8
847 1947 2
848 1087 13
848 1290 2
848 1355 17
848 1370 19
848 1433 17
848 1557 16
848 1626 9
848 1758 14
848 1785 6
848 1840 14
848 1860 10
848 1894 5
849 1078 13
849 1166 19
849 1219 18
849 1252 1
849 1481 7
849 1547 6
849 1581 16
849 1601 19
849 1767 4
849 1820 16
849 1863 15
849 1943 11
850 863 3
850 882 5
850 886 13
850 1050 6
850 1113 4
850 1234 11
850 1329 6
850 1353 14
850 1468 1
850 1481 5
850 1611 17
850 1701 1
850 1755 10
850 1848 9
850 1864 2
850 1884 7
850 1924 3
850 1964 2
850 1967 18
850 1970 14
851 858 1
851 907 11
851 1215 20
851 1377 4
851 1464 7
851 1522 9
851 1551 6
851 1584 7
851 1586 20
851 1616 16
851 1629 3
851 1697 18
851 1717 12
851 1792 18
851 1874 9
851 1944 4
851 1995 7
852 1215 13
852 1290 1
852 1297 12
852 1344 3
852 1441 18
852 1561 8
852 1615 10
853 879 9
853 906 14
853 962 8
853 1130 14
853 1159 19
853 1187 10
853 1498 6
853 1682 8
853 1717 8
853 1745 19
853 1755 12
853 1797 5
854 917 13
854 935 5
854 1002 11
854 1071 3
854 1153 1
854 1430 1
854 1496 8
854 1497 10
854 1510 10
854 1751 3
854 1877 17
855 881 6
855 1040 17
855 1074 6
855 1186 4
855 1205 20
855 1224 20
855 1342 3
855 1448 4
855 1563 18
855 1773 11
855 1844 8
856 910 6
856 963 5
856 1014 15
856 1084 16
856 1202 11
856 1415 16
856 1424 9
856 1547 17
856 1577 13
856 1620 14
856 1652 3
856 1700 16
856 1714 13
856 1894 2
856 1903 14
856 1936 18
857 1166 20
857 1194 6
857 1311 11
857 1341 14
857 1367 19
857 1512 15
857 1718 6
857 1723 6
857 1757 18
857 1820 5
857 1827 20
857 1931 15
857 1970 14
858 921 5
858 1104 18
858 1156 6
858 1227 20
858 1338 11
858 1539 2
858 1545 15
858 1748 9
858 1764 10
858 1783 8
858 1815 20
859 935 11
859 967 13
859 1040 5
859 1055 20
859 1449 3
859 1472 13
859 1474 1
859 1559 9
859 1871 9
859 1990 8
860 980 13
860 1254 1
860 1447 15
860 1527 15
860 1532 8
860 1596 13
860 1748 20
860 1779 9
860 1786 20
860 1806 20
860 1833 4
860 1891 3
861 972 9
861 1024 6
861 1136 9
861 1187 8
861 1205 16
861 1245 17
861 1312 20
861 1396 19
861 1555 6
861 1787 11
862 1015 20
862 1208 17
862 1312 8
862 1360 5
862 1725 8
862 1818 7
862 1883 15
862 1988 4
863 990 8
863 1175 13
863 1540 13
863 1615 11
863 1663 7
863 1868 5
863 1923 2
864 949 5
864 964 1
864 978 16
864 1013 7
864 1120 19
864 1368 8
864 1393 19
864 1506 6
864 1566 5
864 1582 17
864 1973 17
865 924 3
865 950 4
865 1041 2
865 1062 13
865 1372 8
865 1512 10
865 1517 3
865 1909 18
866 901 7
866 990 6
866 1103 1
866 1192 18
866 1218 1
866 1353 3
866 1675 18
866 1783 14
866 1907 1
866 1956 16
867 872 5
867 946 13
867 963 20
867 1129 11
867 1132 20
867 1142 2
867 1767 3
867 1927 11
868 912 19
868 957 8
868 1061 11
868 1082 10
868 1105 2
868 1241 17
868 1479 19
868 1492 8
868 1524 13
868 1533 12
868 1629 12
868 1705 9
868 1781 18
868 1924 7
868 1998 6
869 993 1
869 1112 12
869 1205 15
869 1221 15
869 1318 9
869 1358 10
869 1364 11
869 1375 3
869 1407 13
869 1869 17
870 1043 6
870 1077 9
870 1123 8
870 1163 6
870 1383 16
870 1419 14
870 1449 11
870 1553 5
870 1677 9
870 1684 2
870 1737 10
870 1862 8
870 1890 2
870 1912 9
871 896 15
871 905 17
871 950 19
871 1051 2
871 1057 15
871 1162 17
871 1172 4
871 1178 6
871 1215 8
871 1216 9
871 1255 13
871 1304 18
871 1313 19
871 1414 10
871 1474 18
871 1607 4
871 1682 8
871 1875 9
872 964 5
872 992 14
872 1069 15
872 1253 19
872 1318 15
872 1609 18
872 1767 9
873 977 12
873 1059 4
873 1241 2
873 1371 4
873 1550 15
873 1685 18
873 1702 5
873 1732 8
873 1741 11
873 1929 13
874 921 13
874 1156 2
874 1236 19
874 1460 7
874 1564 3
874 1675 20
874 1682 6
874 1725 10
874 1728 5
874 1732 20
874 1810 2
875 1001 8
875 1170 19
875 1591 17
875 1637 1
875 1705 1
875 1935 10
876 910 16
876 967 13
876 985 5
876 1030 11
876 1070 16
876 1163 9
876 1325 16
876 1374 2
876 1399 3
876 1791 3
876 1862 3
877 898 14
877 930 13
877 936 5
877 1025 14
877 1146 10
877 1225 2
877 1240 4
877 1295 20
877 1402 6
877 1459 14
877 1482 11
877 1822 19
877 1915 12
877 1964 14
877 1997 15
878 929 14
878 1080 20
878 1108 17
878 1110 17
878 1251 14
878 1306 7
878 1477 8
878 1725 3
878 1788 1
878 1908 5
879 1101 7
879 1134 5
879 1195 19
879 1354 10
879 1442 12
879 1567 2
879 1719 9
879 1741 4
879 1779 8
880 931 17
880 937 1
880 1040 6
880 1193 11
880 1293 2
880 1371 2
880 1376 2
880 1584 10
880 1675 13
880 1762 20
880 1912 14
880 1967 19
880 1970 11
881 916 1
881 1119 2
881 1129 10
881 1292 19
881 1315 2
881 1348 20
881 1485 9
881 1497 20
881 1688 5
882 892 15
882 1069 5
882 1179 10
882 1219 11
882 1273 8
882 1373 20
882 1422 13
882 1762 1
882 1805 5
882 1806 6
883 920 6
883 1186 5
883 1248 17
883 1449 14
883 1654 5
883 1680 13
883 1838 18
883 1906 16
884 1215 3
884 1406 4
884 1417 14
884 1509 13
884 1517 11
884 1570 2
884 1575 12
884 1633 3
884 1738 7
884 1894 7
884 1912 13
884 1919 1
884 1991 7
884 1997 3
885 975 3
885 988 2
885 1029 5
885 1118 11
885 1121 2
885 1146 6
885 1177 5
885 1204 11
885 1206 7
885 1227 8
885 1523 8
885 1719 19
885 1872 8
885 1984 17
886 940 16
886 1041 20
886 1135 15
886 1146 18
886 1214 10
886 1316 8
886 1476 6
886 1477 15
886 1506 18
886 1692 5
886 1902 7
887 983 1
887 1169 11
887 1294 16
887 1458 4
887 1591 3
887 1610 11
887 1619 14
887 1810 9
888 1219 18
888 1343 10
888 1517 1
888 1566 4
888 1645 3
888 1746 17
888 1759 17
888 1834 4
888 1840 3
888 1941 15
888 1960 2
888 1970 13
888 1971 11
889 926 5
889 948 15
889 1025 13
889 1783 8
890 1380 15
890 1458 5
890 1467 9
890 1543 20
890 1617 11
890 1835 19
890 1905 1
890 1928 2
891 960 14
891 1104 10
891 1109 9
891 1240 8
891 1266 1
891 1585 7
891 1755 3
891 1881 17
891 1966 6
892 923 14
892 986 9
892 1055 19
892 1077 4
892 1125 1
892 1424 16
892 1858 19
893 1007 15
893 1014 14
893 1166 5
893 1316 6
893 1396 7
893 1420 10
893 1442 2
893 1489 8
893 1600 9
893 1758 18
893 1761 8
893 1812 8
893 1826 11
893 1956 7
893 1969 3
894 899 11
894 1011 8
894 1081 6
894 1283 18
894 1311 1
894 1532 19
894 1709 20
894 1718 7
894 1730 17
894 1847 1
894 1908 18
895 1028 16
895 1064 19
895 1102 20
895 1291 3
895 1339 17
895 1530 8
895 1832 9
895 1843 14
896 935 12
896 1415 14
896 1488 3
896 1511 12
896 1607 15
896 1687 3
896 1707 7
896 1730 20
896 1843 3
896 1912 17
896 1924 6
897 1148 4
897 1154 11
897 1183 14
897 1246 13
897 1323 13
897 1404 19
897 1500 6
897 1613 2
897 1702 3
897 1753 19
897 1825 7
897 1863 8
898 939 1
898 1059 11
898 1271 7
898 1283 7
898 1381 18
898 1405 18
898 1486 11
898 1618 17
898 1689 14
898 1758 16
898 1760 16
898 1823 18
898 1837 5
898 1844 6
898 1893 2
898 1894 3
899 927 11
899 1004 15
899 1263 2
899 1264 16
899 1279 17
899 1490 11
899 1562 13
899 1693 18
899 1704 10
899 1707 3
900 1013 6
900 1032 7
900 1056 2
900 1203 17
900 1290 13
900 1421 9
900 1479 13
900 1486 4
900 1543 9
900 1630 18
900 1712 13
900 1866 4
901 915 18
901 928 20
901 990 15
901 1093 15
901 1151 13
901 1495 15
901 1718 7
901 1876 11
901 1919 16
901 1995 8
902 992 11
902 1062 17
902 1143 10
902 1252 10
902 1342 20
902 1374 15
902 1534 16
902 1781 7
902 1872 10
902 1921 3
902 1994 6
903 1017 8
903 1274 6
903 1423 16
903 1435 15
903 1506 16
903 1516 6
903 1611 20
903 1671 17
903 1797 7
903 1958 16
904 943 12
904 1004 13
904 1174 8
904 1182 2
904 1361 5
904 1447 3
904 1510 17
904 1613 15
904 1870 12
904 1888 7
904 1909 16
905 935 14
905 963 9
905 1094 3
905 1510 16
905 1539 8
905 1589 19
905 1722 17
906 1008 14
906 1467 13
906 1538 19
906 1545 7
906 1550 12
906 1575 4
906 1816 19
907 908 19
907 1047 11
907 1140 17
907 1295 9
907 1312 1
907 1376 9
907 1412 18
907 1560 5
907 1641 9
907 1854 8
908 935 4
908 1215 11
908 1273 8
908 1370 1
908 1424 3
908 1439 19
908 1468 19
908 1562 3
908 1578 8
908 1594 10
908 1693 8
908 1918 19
909 1015 8
909 1064 9
909 1339 10
909 1583 17
909 1870 18
909 1934 13
910 997 13
910 1101 7
910 1146 16
910 1326 3
910 1390 17
910 1473 3
910 1662 10
910 1809 2
910 1823 14
910 1904 17
910 1907 12
910 1941 18
911 988 16
911 1163 9
911 1200 9
911 1349 10
911 1468 9
911 1609 13
911 1764 13
911 1830 18
911 1854 9
911 1919 1
912 913 2
912 930 3
912 933 9
912 1001 12
912 1130 9
912 1171 1
912 1303 20
912 1325 11
912 1345 1
912 1395 2
912 1511 10
912 1792 10
912 1818 2
912 1853 2
912 1855 4
912 1954 20
913 955 9
913 1125 20
913 1193 13
913 1219 1
913 1353 6
913 1361 17
913 1531 9
913 1543 8
913 1621 8
913 1764 6
913 1779 18
913 1941 8
913 1949 16
914 1004 17
914 1011 14
914 1053 14
914 1210 8
914 1216 5
914 1220 1
914 1312 15
914 1411 18
914 1514 10
914 1526 5
914 1659 5
914 1669 18
914 1796 15
914 1805 4
914 1853 13
914 1966 12
914 1982 19
915 1095 12
915 1227 20
915 1240 11
915 1347 17
915 1406 17
915 1461 14
915 1513 14
915 1514 2
915 1553 19
915 1596 12
915 1607 11
915 1697 6
915 1838 19
915 1855 20
915 1889 16
915 1898 17
916 921 8
916 989 7
916 1023 7
916 1031 17
916 1066 14
916 1101 20
916 1349 13
916 1367 9
916 1386 15
916 1613 19
916 1665 19
916 1668 8
916 1899 16
916 1907 18
916 1913 10
917 1167 4
917 1323 9
917 1409 11
917 1411 12
917 1506 14
917 1715 20
917 1774 3
917 1877 4
918 960 16
918 1089 4
918 1328 18
918 1458 15
918 1460 1
918 1500 10
918 1602 10
918 1729 19
918 1859 10
918 1881 12
918 1908 4
918 1983 8
919 1016 4
919 1168 2
919 1485 1
919 1525 17
919 1570 16
919 1628 16
919 1862 3
920 1129 4
920 1174 7
920 1192 15
920 1247 7
920 1341 5
920 1504 16
920 1505 11
920 1572 1
920 1627 3
920 1665 7
920 1810 16
920 1938 4
921 992 6
921 1063 12
921 1089 12
921 1146 10
921 1346 17
921 1377 12
921 1387 6
921 1415 6
921 1556 9
921 1937 19
922 947 2
922 1002 7
922 1048 15
922 1076 20
922 1119 6
922 1144 4
922 1218 3
922 1496 14
922 1544 10
922 1668 1
922 1678 17
922 1682 14
922 1703 11
922 1770 9
922 1781 16
922 1792 12
922 1926 16
922 1981 2
922 1983 11
923 1251 10
923 1254 10
923 1354 18
923 1527 4
923 1568 8
923 1591 11
923 1728 10
923 1804 17
923 1995 15
924 1074 19
924 1111 20
924 1382 1
924 1545 14
924 1620 9
924 1664 8
924 1787 16
924 1837 7
924 1853 17
924 1931 13
925 1160 7
925 1219 20
925 1236 11
925 1270 20
925 1391 1
925 1437 16
925 1466 11
925 1475 6
925 1590 13
925 1697 1
925 1706 20
925 1846 20
926 1010 3
926 1077 7
926 1146 20
926 1411 2
926 1434 8
926 1471 2
926 1508 5
926 1698 7
926 1965 11
927 974 16
927 1054 9
927 1072 12
927 1180 16
927 1224 19
927 1244 2
927 1420 12
927 1458 18
927 1603 6
927 1697 9
927 1946 14
928 952 14
928 957 11
928 989 20
928 1096 16
928 1105 1
928 1131 2
928 1200 20
928 1517 16
928 1560 16
928 1748 10
928 1794 16
928 1803 8
929 960 6
929 1031 3
929 1083 4
929 1130 5
929 1187 5
929 1246 18
929 1342 18
929 1345 13
929 1347 4
929 1445 20
929 1704 18
929 1862 7
929 1868 19
929 1976 12
930 1049 14
930 1123 2
930 1131 19
930 1141 2
930 1277 19
930 1378 10
930 1379 9
930 1578 2
930 1580 10
930 1606 18
930 1610 10
930 1684 16
930 1745 5
930 1870 3
930 1871 5
930 1893 6
930 1915 11
930 1926 11
930 1949 9
931 957 20
931 982 5
931 1011 19
931 1249 7
931 1285 1
931 1442 9
931 1482 10
931 1484 11
931 1771 12
931 1776 14
931 1830 2
931 1871 11
931 1926 10
932 951 17
932 1021 1
932 1241 18
932 1421 9
932 1674 17
932 1966 5
933 1228 3
933 1378 20
933 1478 8
933 1489 17
933 1513 3
933 1655 8
933 1732 10
933 1859 11
933 1987 13
934 1039 5
934 1210 5
934 1260 16
934 1353 10
934 1427 10
934 1450 17
934 1712 10
934 1768 9
934 1921 7
934 1932 14
934 1936 17
935 1233 17
935 1434 7
935 1442 17
935 1566 18
935 1579 5
935 1718 17
935 1857 15
935 1995 14
936 1119 10
936 1159 16
936 1406 8
936 1808 3
936 1900 1
936 1914 11
937 1282 18
937 1525 1
937 1552 19
937 1554 19
937 1568 10
937 1858 18
937 1948 16
938 964 16
938 978 14
938 1004 18
938 1039 9
938 1063 10
938 1071 8
938 1259 4
938 1289 2
938 1400 1
938 1554 11
938 1575 5
938 1672 1
938 1702 8
938 1793 17
938 1962 2
939 1000 1
939 1153 10
939 1307 1
939 1534 18
939 1573 7
939 1625 5
939 1861 10
939 1873 14
939 1885 10
940 1206 5
940 1364 8
940 1374 1
940 1477 10
940 1596 9
940 1750 7
940 1847 16
940 1861 20
940 1877 15
940 1889 20
940 1921 8
941 999 3
941 1315 5
941 1348 4
941 1374 18
941 1418 12
941 1539 13
941 1767 17
941 1775 12
941 1881 18
941 1886 15
942 965 20
942 975 16
942 999 16
942 1195 5
942 1409 18
942 1526 1
942 1531 17
942 1740 13
942 1953 8
943 1057 2
943 1135 17
943 1288 19
943 1295 8
943 1320 3
943 1337 12
943 1380 9
943 1515 18
943 1602 15
944 1000 7
944 1177 13
944 1330 1
944 1336 15
944 1428 19
944 1477 17
944 1582 13
944 1779 19
944 1808 9
944 1824 19
944 1909 5
944 1932 17
944 1944 10
945 1222 16
945 1323 5
945 1405 13
945 1440 9
945 1749 4
945 1761 13
945 1836 10
945 1929 7
945 1976 1
946 975 10
946 995 8
946 1073 10
946 1087 16
946 1119 2
946 1156 16
946 1202 8
946 1313 5
946 1367 8
946 1418 16
946 1494 15
946 1503 13
946 1642 19
946 1677 17
946 1701 20
946 1702 16
946 1713 19
946 1728 3
946 1937 5
947 990 11
947 1041 12
947 1042 17
947 1086 3
947 1088 16
947 1291 17
947 1537 7
947 1618 15
947 1780 4
948 1118 2
948 1153 3
948 1346 14
948 1539 10
948 1570 10
948 1614 20
948 1808 8
948 1865 11
949 1045 20
949 1066 1
949 1355 4
949 1356 13
949 1545 1
949 1692 10
949 1709 3
949 1785 11
949 1863 18
949 1938 12
950 1144 2
950 1155 3
950 1333 12
950 1541 19
950 1630 8
950 1718 9
950 1728 15
950 1815 1
950 1840 15
950 1902 5
950 1918 5
951 973 8
951 1071 11
951 1104 20
951 1175 2
951 1356 3
951 1494 13
951 1520 19
951 1563 19
951 1685 16
951 1711 7
951 1759 19
951 1793 10
951 1917 17
952 1589 8
952 1696 15
952 1705 12
952 1766 9
952 1986 11
952 1996 3
953 976 6
953 1180 7
953 1267 18
953 1396 20
953 1420 4
953 1479 20
953 1523 1
953 1650 8
953 1944 11
953 1990 4
954 1259 4
954 1322 20
954 1377 5
954 1384 5
954 1398 7
954 1420 9
954 1540 15
954 1666 3
954 1712 2
954 1893 11
955 980 9
955 1173 11
955 1392 4
955 1533 8
955 1671 18
955 1705 17
955 1943 20
956 1339 11
956 1411 13
956 1433 1
956 1477 4
956 1646 1
956 1781 14
956 1806 8
956 1815 6
956 1878 8
956 1933 13
956 1936 8
956 1965 4
957 965 9
957 1032 6
957 1038 7
957 1078 17
957 1090 18
957 1123 4
957 1321 2
957 1382 11
957 1450 6
957 1513 14
957 1614 5
957 1706 10
958 1004 11
958 1062 5
958 1089 11
958 1162 3
958 1203 5
958 1214 7
958 1277 8
958 1326 20
958 1359 16
958 1620 17
958 1754 6
958 1793 4
959 1016 20
959 1104 1
959 1646 17
959 1733 19
960 1038 19
960 1222 19
960 1408 3
960 1504 13
960 1687 20
960 1742 19
960 1770 19
960 1779 1
960 1815 17
960 1895 4
961 992 6
961 1011 10
961 1017 5
961 1295 18
961 1333 10
961 1489 17
961 1512 11
961 1560 4
961 1846 8
961 1907 18
961 1957 7
962 1296 1
962 1584 9
962 1607 14
962 1872 19
962 1943 7
962 1981 8
963 1078 15
963 1082 8
963 1147 10
963 1178 20
963 1184 13
963 1361 7
963 1430 5
963 1545 7
963 1584 14
963 1637 19
963 1641 20
963 1720 8
963 1821 12
964 1094 14
964 1156 1
964 1191 20
964 1256 8
964 1318 6
964 1425 15
964 1442 6
964 1593 1
964 1626 5
964 1760 6
964 1796 11
964 1901 10
964 1981 14
965 1054 18
965 1187 11
965 1257 7
965 1442 10
965 1719 7
965 1874 7
965 1990 4
966 1035 10
966 1173 2
966 1177 20
966 1229 1
966 1260 20
966 1373 20
966 1423 11
966 1517 2
966 1530 2
966 1885 6
966 1918 9
966 1922 14
966 1949 18
967 1073 4
967 1089 10
967 1146 14
967 1161 17
967 1166 18
967 1316 7
967 1389 10
967 1596 12
967 1813 16
967 1887 6
967 1954 13
968 1091 3
968 1221 18
968 1340 11
968 1385 4
968 1790 19
968 1881 9
968 1934 8
969 1108 8
969 1142 1
969 1229 2
969 1241 2
969 1255 2
969 1262 9
969 1411 5
969 1655 2
969 1687 14
969 1740 6
969 1791 3
969 1915 17
969 1941 14
970 993 15
970 1044 19
970 1205 13
970 1268 14
970 1321 20
970 1501 18
970 1507 12
970 1766 7
970 1968 17
971 1071 16
971 1092 4
971 1192 20
971 1267 1
971 1429 13
971 1620 10
971 1667 6
971 1680 14
971 1705 20
971 1759 2
971 1918 14
972 1272 2
972 1452 9
972 1508 17
972 1549 18
972 1690 15
972 1712 2
972 1747 6
973 974 18
973 993 4
973 1063 9
973 1182 14
973 1228 3
973 1463 3
973 1520 3
973 1615 5
973 1829 19
973 1941 6
974 1051 12
974 1188 11
974 1309 12
974 1515 17
974 1686 13
974 1771 10
974 1791 19
974 1799 15
974 1818 3
974 1849 17
974 1864 12
974 1868 15
974 1893 13
974 1906 2
975 1116 18
975 1568 6
975 1592 4
975 1597 8
975 1714 13
975 1723 8
975 1850 3
976 1014 14
976 1049 11
976 1077 7
976 1213 8
976 1305 15
976 1486 9
976 1591 2
976 1712 19
976 1882 9
977 981 7
977 1001 14
977 1129 2
977 1134 19
977 1354 3
977 1538 16
977 1749 11
977 1772 10
977 1893 2
977 1955 10
977 1983 7
978 1076 6
978 1084 7
978 1194 13
978 1195 9
978 1285 8
978 1379 11
978 1595 11
978 1605 13
978 1701 10
979 1073 12
979 1129 20
979 1246 8
979 1320 5
979 1385 17
979 1454 16
979 1461 11
979 1488 16
979 1490 7
979 1686 17
979 1758 1
979 1883 9
979 1888 1
980 1025 10
980 1289 4
980 1295 6
980 1418 5
980 1486 17
980 1498 11
980 1761 17
980 1807 1
980 1845 13
980 1995 9
981 1052 16
981 1111 5
981 1155 3
981 1170 10
981 1379 4
981 1471 4
981 1479 4
981 1775 18
981 1833 6
981 1839 12
982 1129 20
982 1147 15
982 1452 11
982 1493 20
982 1671 8
982 1934 6
982 1947 19
982 1982 17
983 1229 5
983 1320 6
983 1476 9
983 1606 3
983 1707 6
983 1798 11
983 1842 9
983 1855 19
983 1909 8
983 1927 14
983 1952 16
984 1015 17
984 1042 20
984 1102 18
984 1269 18
984 1413 2
984 1439 3
984 1681 15
984 1701 10
984 1903 7
984 1970 3
985 994 1
985 1021 6
985 1044 14
985 1450 15
985 1541 3
985 1637 20
985 1664 3
985 1666 2
985 1801 20
985 1814 5
985 1979 10
986 1200 6
986 1240 10
986 1252 3
986 1259 17
986 1320 3
986 1425 11
986 1440 12
986 1683 9
986 1847 11
987 1016 5
987 1278 5
987 1284 15
987 1520 6
987 1575 1
987 1593 14
988 1107 19
988 1234 3
988 1307 9
988 1313 9
988 1335 2
988 1589 12
988 1625 13
988 1698 2
989 1032 6
989 1151 15
989 1189 17
989 1439 18
989 1550 20
989 1703 11
989 1717 9
990 1100 13
990 1129 3
990 1382 19
990 1444 14
990 1600 14
990 1648 6
990 1662 14
990 1859 8
990 1885 5
990 1950 11
991 1227 19
991 1771 7
991 1966 11
992 1023 10
992 1032 19
992 1069 6
992 1140 12
992 1155 14
992 1212 12
992 1242 20
992 1261 5
992 1300 19
992 1330 3
992 1407 11
992 1449 10
992 1450 7
992 1563 16
992 1570 11
992 1585 11
992 1587 12
992 1793 1
992 1946 13
993 1027 10
993 1287 10
993 1398 1
993 1436 5
993 1437 9
993 1592 13
993 1714 14
993 1787 2
993 1828 13
994 1006 13
994 1009 16
994 1405 12
994 1461 7
994 1516 1
994 1538 12
994 1563 7
994 1575 10
994 1890 6
995 1068 17
995 1130 10
995 1286 15
995 1293 11
995 1484 13
995 1814 17
996 1009 6
996 1116 14
996 1202 5
996 1402 3
996 1723 3
996 1727 8
996 1742 16
996 1789 20
996 1839 11
996 1857 11
997 1015 14
997 1016 7
997 1095 5
997 1110 16
997 1129 20
997 1488 5
997 1581 3
997 1869 16
998 1175 19
998 1268 4
998 1427 17
998 1488 2
998 1502 7
998 1654 11
998 1796 20
998 1823 7
999 1011 11
999 1043 6
999 1086 9
999 1197 20
999 1280 5
999 1303 17
999 1454 15
999 1461 10
999 1523 10
999 1794 13
999 1822 14
999 1865 8
999 1875 17
999 1909 7
999 1975 1
1000 1026 5
1000 1151 10
1000 1205 10
1000 1224 9
1000 1370 5
1000 1447 7
1000 1737 19
1000 1806 19
1000 1869 14
1001 1066 20
1001 1339 20
1001 1348 17
1001 1452 14
1001 1465 5
1001 1635 10
1001 1659 20
1001 1717 15
1001 1741 11
1001 1831 15
1001 1876 4
1002 1012 17
1002 1069 13
1002 1094 2
1002 1237 4
1002 1285 3
1002 1418 17
1002 1540 8
1002 1778 3
1002 1840 12
1002 1898 6
1003 1014 11
1003 1055 6
1003 1106 5
1003 1110 12
1003 1119 1
1003 1149 17
1003 1422 9
1003 1572 7
1003 1672 4
1003 1738 11
1003 1813 2
1004 1123 14
1004 1269 18
1004 1470 11
1004 1816 13
1004 1944 7
1004 1982 11
1004 1996 2
1005 1027 14
1005 1468 1
1005 1653 9
1005 1882 11
1005 1884 12
1005 1939 2
1005 1979 1
1006 1210 14
1006 1374 11
1006 1388 4
1006 1505 7
1006 1568 3
1006 1716 10
1006 1755 2
1006 1861 11
1006 1877 9
1006 1990 17
1007 1132 4
1007 1494 8
1007 1542 7
1007 1563 17
1007 1574 14
1007 1590 8
1007 1621 1
1007 1641 5
1007 1716 17
1007 1798 12
1007 1799 13
1007 1804 2
1007 1856 14
1007 1913 5
1008 1098 15
1008 1104 10
1008 1113 11
1008 1229 8
1008 1237 16
1008 1395 9
1008 1481 3
1008 1596 8
1008 1701 11
1008 1730 7
1008 1743 13
1008 1847 2
1008 1901 8
1008 1931 5
1008 1934 20
1009 1161 10
1009 1332 8
1009 1381 5
1009 1793 16
1009 1832 17
1009 1845 4
1009 1883 9
1010 1012 13
1010 1028 1
1010 1055 2
1010 1068 16
1010 1284 10
1010 1470 11
1010 1660 5
1010 1722 14
1010 1806 14
1011 1136 2
1011 1169 7
1011 1193 7
1011 1194 10
1011 1218 14
1011 1388 11
1011 1398 17
1011 1464 3
1011 1753 6
1011 1779 18
1011 1913 8
1012 1164 16
1012 1247 16
1012 1417 6
1012 1467 7
1012 1477 15
1012 1587 10
1012 1599 6
1012 1801 3
1012 1855 16
1012 1856 18
1012 1885 17
1012 1886 20
1013 1117 13
1013 1184 1
1013 1241 2
1013 1264 14
1013 1394 7
1013 1409 13
1013 1588 16
1013 1724 8
1013 1766 18
1013 1816 15
1013 1851 18
1013 1959 20
1013 1971 8
1014 1058 20
1014 1099 19
1014 1160 16
1014 1204 7
1014 1211 7
1014 1230 3
1014 1232 1
1014 1241 13
1014 1461 8
1014 1469 13
1014 1512 10
1014 1567 8
1014 1576 12
1014 1972 11
1015 1041 5
1015 1083 20
1015 1106 9
1015 1121 11
1015 1160 20
1015 1216 19
1015 1505 1
1015 1579 20
1015 1583 12
1015 1730 4
1015 1877 12
1015 1975 19
1016 1018 6
1016 1019 17
1016 1067 20
1016 1071 18
1016 1087 5
1016 1113 14
1016 1117 4
1016 1142 2
1016 1175 16
1016 1184 7
1016 1381 15
1016 1434 10
1016 1474 16
1016 1491 8
1016 1547 4
1016 1589 13
1016 1678 4
1016 1684 12
1016 1864 1
1017 1123 11
1017 1231 12
1017 1318 5
1017 1369 15
1017 1583 5
1017 1594 18
1017 1631 5
1017 1846 20
1017 1911 9
1017 1968 20
1018 1301 3
1018 1323 19
1018 1384 11
1018 1538 7
1018 1561 4
1018 1663 8
1018 1695 19
1018 1731 16
1018 1745 6
1018 1780 9
1018 1800 19
1018 1965 5
1019 1204 6
1019 1211 14
1019 1289 16
1019 1388 3
1019 1449 20
1019 1572 19
1019 1612 11
1019 1692 9
1019 1785 7
1019 1873 16
1019 1988 12
1020 1083 7
1020 1105 14
1020 1133 10
1020 1234 14
1020 1554 6
1020 1560 5
1020 1691 11
1020 1923 19
1020 1952 11
1021 1066 5
1021 1084 17
1021 1101 18
1021 1128 7
1021 1148 14
1021 1166 13
1021 1252 6
1021 1255 15
1021 1628 17
1021 1670 7
1021 1746 10
1021 1808 15
1021 1838 15
1021 1842 15
1021 1924 12
1022 1104 18
1022 1161 5
1022 1237 1
1022 1360 5
1022 1378 5
1022 1500 8
1022 1549 4
1022 1623 16
1022 1628 15
1023 1027 15
1023 1035 2
1023 1117 12
1023 1206 15
1023 1297 12
1023 1373 8
1023 1574 3
1023 1580 18
1023 1745 19
1023 1765 18
1023 1823 8
1023 1921 13
1024 1165 7
1024 1178 7
1024 1289 16
1024 1328 12
1024 1342 9
1024 1362 17
1024 1426 13
1024 1459 17
1024 1462 5
1024 1631 19
1024 1796 7
1025 1145 16
1025 1189 2
1025 1200 10
1025 1355 11
1025 1456 4
1025 1525 3
1025 1701 10
1025 1877 16
1025 1921 12
1026 1084 12
1026 1222 3
1026 1377 8
1026 1472 12
1026 1596 5
1026 1653 12
1026 1665 1
1026 1693 2
1026 1720 15
1026 1722 16
1026 1814 13
1027 1072 15
1027 1100 20
1027 1114 11
1027 1203 20
1027 1291 12
1027 1394 8
1027 1597 15
1027 1655 4
1027 1663 4
1027 1745 15
1027 1784 10
1027 1855 11
1027 1975 19
1028 1137 1
1028 1147 17
1028 1204 20
1028 1370 12
1028 1406 13
1028 1435 16
1028 1534 8
1028 1556 2
1028 1695 16
1029 1031 2
1029 1084 17
1029 1159 14
1029 1193 14
1029 1467 2
1029 1471 2
1029 1567 15
1029 1671 14
1029 1814 16
1029 1860 3
1029 1888 11
1030 1110 10
1030 1225 12
1030 1301 9
1030 1380 14
1030 1640 11
1030 1914 11
1030 1958 18
1030 1984 18
1030 1990 12
1031 1097 12
1031 1149 19
1031 1382 10
1031 1398 11
1031 1450 5
1031 1535 18
1031 1763 11
1031 1792 8
1031 1800 19
1031 1820 17
1032 1161 13
1032 1264 6
1032 1303 1
1032 1356 2
1032 1366 1
1032 1369 5
1032 1462 3
1032 1645 9
1032 1656 13
1032 1688 12
1032 1855 8
1032 1864 6
1033 1035 5
1033 1090 19
1033 1453 11
1033 1456 4
1033 1483 16
1033 1557 12
1033 1612 11
1033 1740 17
1033 1857 12
1033 1905 10
1033 1942 15
1033 1956 11
1034 1215 14
1034 1473 6
1034 1545 1
1034 1598 5
1034 1718 9
1034 1763 17
1035 1062 19
1035 1145 8
1035 1178 10
1035 1247 4
1035 1319 9
1035 1335 20
1035 1369 13
1035 1579 12
1035 1583 3
1035 1756 15
1035 1762 20
1035 1926 2
1035 1963 10
1036 1073 16
1036 1076 1
1036 1196 12
1036 1319 20
1036 1328 8
1036 1465 7
1036 1493 2
1036 1585 8
1036 1672 12
1036 1680 13
1036 1925 13
1036 1987 7
1037 1481 18
1037 1562 14
1037 1653 18
1037 1666 10
1037 1707 6
1037 1723 2
1037 1891 5
1037 1993 15
1038 1106 19
1038 1128 20
1038 1242 5
1038 1322 19
1038 1521 11
1038 1522 14
1038 1577 2
1038 1646 15
1038 1710 16
1038 1877 6
1039 1113 3
1039 1141 13
1039 1150 6
1039 1235 5
1039 1315 15
1039 1321 20
1039 1324 9
1039 1388 7
1039 1537 19
1039 1659 5
1039 1700 3
1039 1721 12
1039 1751 15
1039 1812 9
1039 1929 6
1039 1931 7
1040 1060 7
1040 1073 9
1040 1113 5
1040 1376 14
1040 1458 9
1040 1492 14
1040 1544 18
1040 1837 13
1040 1918 20
1040 1962 3
1041 1105 5
1041 1148 8
1041 1154 9
1041 1295 9
1041 1863 2
1041 1866 4
1041 1907 12
1041 1931 15
1042 1157 16
1042 1184 19
1042 1261 12
1042 1456 5
1042 1479 7
1042 1655 12
1042 1725 2
1042 1946 1
1043 1055 5
1043 1315 20
1043 1325 12
1043 1360 15
1043 1426 11
1043 1473 15
1043 1533 9
1043 1542 18
1043 1837 10
1043 1916 1
1043 1998 15
1044 1062 3
1044 1188 5
1044 1204 9
1044 1260 13
1044 1273 19
1044 1289 12
1044 1329 7
1044 1369 2
1044 1492 11
1044 1493 2
1044 1972 4
1045 1393 8
1045 1521 9
1045 1538 6
1045 1624 13
1045 1852 2
1045 1859 14
1045 1903 7
1045 1906 20
1045 1961 2
1046 1073 13
1046 1158 19
1046 1457 18
1046 1568 16
1046 1765 8
1047 1073 9
1047 1316 4
1047 1618 11
1047 1668 12
1047 1674 7
1047 1749 20
1047 1757 2
1047 1892 3
1047 1988 8
1048 1129 1
1048 1434 10
1048 1456 7
1048 1539 7
1048 1639 14
1048 1816 11
1048 1915 3
1048 1998 5
1049 1242 8
1049 1287 18
1049 1614 15
1049 1620 9
1049 1753 7
1049 1991 11
1050 1139 9
1050 1217 10
1050 1396 1
1050 1513 4
1050 1567 10
1050 1625 1
1050 1726 18
1050 1933 9
1050 1951 15
1051 1207 4
1051 1255 7
1051 1257 20
1051 1337 14
1051 1367 1
1051 1439 5
1051 1550 11
1051 1612 17
1051 1740 7
1051 1893 11
1051 1958 2
1052 1252 10
1052 1274 20
1052 1292 12
1052 1347 12
1052 1359 8
1052 1456 3
1052 1611 2
1052 1728 19
1052 1918 11
1052 1958 13
1053 1146 4
1053 1169 10
1053 1263 3
1053 1322 13
1053 1398 8
1053 1409 9
1053 1449 12
1053 1467 15
1053 1472 5
1053 1571 7
1053 1728 12
1053 1846 20
1054 1136 11
1054 1249 13
1054 1401 17
1055 1153 10
1055 1404 4
1055 1532 12
1055 1546 6
1055 1622 6
1055 1623 6
1056 1080 1
1056 1091 11
1056 1218 14
1056 1359 19
1056 1442 8
1056 1549 1
1056 1611 8
1056 1641 17
1056 1720 6
1056 1761 11
1056 1784 17
1056 1927 7
1056 1958 19
1057 1106 11
1057 1149 2
1057 1160 4
1057 1195 1
1057 1252 20
1057 1355 14
1057 1406 5
1057 1505 2
1057 1613 19
1057 1672 11
1057 1719 15
1057 1779 20
1057 1862 10
1057 1976 18
1058 1097 10
1058 1150 13
1058 1276 15
1058 1661 9
1058 1663 10
1058 1736 10
1058 1770 17
1058 1821 8
1058 1831 15
1058 1854 14
1059 1267 9
1059 1430 14
1059 1509 15
1059 1607 14
1059 1749 14
1059 1862 13
1059 1995 17
1060 1068 19
1060 1204 15
1060 1608 10
1060 1646 17
1060 1841 16
1060 1842 2
1060 1960 11
1060 1966 12
1061 1065 19
1061 1118 6
1061 1189 7
1061 1217 20
1061 1261 10
1061 1332 1
1061 1459 19
1061 1470 2
1061 1592 3
1061 1595 18
1061 1833 7
1061 1941 4
1061 1988 14
1062 1253 7
1062 1849 9
1062 1885 7
1063 1363 2
1063 1419 12
1063 1425 8
1063 1448 13
1063 1548 3
1063 1758 6
1063 1800 4
1064 1085 5
1064 1395 1
1064 1465 19
1064 1490 6
1064 1737 12
1064 1852 17
1065 1408 3
1065 1442 18
1065 1443 11
1065 1619 19
1065 1770 4
1065 1775 20
1065 1861 14
1065 1945 1
1065 1979 4
1065 1999 8
1066 1332 2
1066 1503 18
1066 1573 9
1066 1580 20
1066 1632 14
1066 1893 8
1066 1941 1
1067 1164 10
1067 1178 9
1067 1332 7
1067 1427 12
1067 1541 3
1067 1565 3
1067 1670 9
1067 1682 8
1067 1897 11
1067 1960 10
1067 1997 12
1068 1343 13
1068 1467 19
1068 1536 17
1068 1667 7
1068 1819 20
1068 1911 15
1068 1920 8
1069 1266 18
1069 1278 9
1069 1315 4
1069 1529 20
1069 1624 19
1069 1799 14
1070 1246 6
1070 1326 12
1070 1369 14
1070 1455 13
1070 1605 9
1070 1648 18
1070 1715 10
1070 1784 13
1071 1152 6
1071 1200 2
1071 1444 10
1071 1516 8
1071 1637 1
1072 1094 17
1072 1158 10
1072 1229 20
1072 1355 10
1072 1550 14
1072 1585 18
1072 1630 7
1072 1701 16
1072 1723 4
1072 1775 13
1072 1930 8
1073 1317 3
1073 1341 7
1073 1388 18
1073 1595 13
1073 1658 14
1073 1680 16
1073 1904 11
1073 1908 10
1074 1104 3
1074 1112 1
1074 1119 7
1074 1142 16
1074 1301 12
1074 1545 4
1074 1821 17
1074 1852 14
1074 1948 19
1074 1951 5
1074 1987 18
1075 1107 20
1075 1416 11
1075 1570 4
1075 1625 19
1075 1890 9
1076 1286 8
1076 1320 16
1076 1327 1
1076 1364 5
1076 1699 18
1077 1147 11
1077 1250 20
1077 1300 14
1077 1548 5
1077 1613 5
1077 1707 9
1077 1825 5
1077 1935 6
1078 1133 9
1078 1216 11
1078 1285 5
1078 1361 11
1078 1504 8
1078 1924 15
1078 1975 12
1078 1976 16
1079 1112 12
1079 1141 20
1079 1282 6
1079 1310 4
1079 1624 4
1079 1672 15
1079 1774 3
1079 1803 17
1079 1980 9
1080 1171 11
1080 1250 12
1080 1321 6
1080 1372 7
1080 1394 18
1080 1612 11
1080 1621 10
1081 1128 7
1081 1189 19
1081 1192 12
1081 1280 7
1081 1351 8
1081 1393 17
1081 1398 6
1081 1470 15
1081 1635 19
1082 1119 1
1082 1122 12
1082 1203 19
1082 1267 4
1082 1347 11
1082 1403 19
1082 1477 14
1082 1560 4
1082 1575 5
1082 1743 13
1082 1907 12
1083 1175 18
1083 1318 9
1083 1418 15
1083 1753 8
1083 1858 15
1083 1893 14
1084 1108 8
1084 1122 7
1084 1392 15
1084 1417 8
1084 1758 5
1084 1828 15
1084 1906 17
1084 1980 17
1085 1113 6
1085 1282 2
1085 1626 16
1085 1728 11
1085 1811 13
1086 1140 11
1086 1150 6
1086 1182 14
1086 1301 17
1086 1546 18
1086 1949 16
1086 1959 2
1087 1224 18
1087 1419 2
1087 1529 11
1087 1530 7
1087 1586 14
1087 1625 3
1087 1665 7
1087 1822 17
1088 1132 11
1088 1202 10
1088 1282 10
1088 1321 2
1088 1327 1
1088 1343 7
1088 1714 12
1088 1851 4
1088 1937 11
1088 1960 18
1089 1148 3
1089 1390 17
1089 1468 11
1089 1496 20
1089 1604 19
1089 1702 7
1089 1892 18
1089 1973 8
1090 1148 10
1090 1223 4
1090 1310 5
1090 1627 14
1090 1746 17
1090 1861 6
1090 1890 4
1090 1955 8
1091 1182 4
1091 1280 11
1091 1283 1
1091 1444 9
1091 1585 7
1092 1112 19
1092 1128 8
1092 1137 2
1092 1304 3
1092 1346 20
1092 1368 18
1092 1387 12
1092 1581 17
1092 1699 14
1092 1755 3
1093 1363 1
1093 1487 12
1093 1604 10
1093 1630 15
1093 1648 7
1093 1682 5
1093 1734 11
1093 1775 5
1093 1884 7
1093 1941 7
1093 1978 3
1094 1117 16
1094 1384 7
1094 1415 16
1094 1465 5
1094 1852 6
1094 1880 2
1095 1246 16
1095 1396 5
1095 1537 2
1095 1638 18
1095 1639 19
1095 1788 19
1095 1798 5
1095 1990 6
1096 1254 14
1096 1403 4
1096 1432 12
1096 1476 5
1096 1614 18
1096 1626 12
1096 1666 1
1096 1914 10
1097 1166 11
1097 1232 4
1097 1390 3
1098 1350 8
1098 1351 18
1098 1460 13
1098 1491 19
1098 1526 7
1098 1544 2
1098 1611 4
1098 1663 17
1098 1686 18
1099 1298 4
1099 1409 1
1099 1459 4
1099 1509 16
1099 1529 5
1099 1637 4
1099 1663 20
1099 1673 9
1099 1730 6
1099 1801 13
1100 1120 16
1100 1228 6
1100 1361 4
1100 1439 14
1100 1536 6
1100 1589 12
1100 1678 18
1101 1164 18
1101 1190 9
1101 1296 1
1101 1464 14
1101 1575 18
1101 1654 1
1101 1847 18
1101 1975 13
1102 1325 8
1102 1439 1
1102 1486 5
1102 1520 6
1102 1673 9
1102 1810 3
1103 1307 8
1103 1369 13
1103 1466 20
1103 1498 3
1103 1685 1
1103 1767 12
1103 1789 18
1103 1798 9
1103 1802 19
1103 1993 13
1104 1148 20
1104 1191 7
1104 1200 9
1104 1222 6
1104 1334 17
1104 1343 18
1104 1509 2
1104 1534 8
1104 1725 16
1104 1781 11
1104 1803 12
1104 1908 15
1105 1213 2
1105 1366 14
1105 1390 6
1105 1573 20
1105 1672 13
1105 1699 4
1105 1701 16
1105 1732 3
1105 1821 1
1105 1825 2
1105 1867 16
1105 1927 14
1105 1985 4
1106 1183 7
1106 1207 19
1106 1216 18
1106 1275 3
1106 1442 6
1106 1454 7
1106 1621 6
1106 1638 8
1106 1653 2
1106 1748 4
1106 1763 9
1106 1875 9
1106 1891 13
1107 1176 16
1107 1242 1
1107 1444 20
1107 1468 17
1107 1714 20
1107 1736 7
1107 1847 3
1107 1891 8
1107 1979 13
1108 1197 18
1108 1217 16
1108 1286 5
1108 1293 1
1108 1308 13
1108 1403 17
1108 1407 17
1108 1776 13
1108 1816 15
1108 1849 12
1109 1242 3
1109 1389 20
1109 1409 11
1109 1560 11
1109 1663 18
1109 1675 20
1109 1801 18
1109 1954 10
1110 1153 13
1110 1193 7
1110 1256 7
1110 1563 12
1110 1804 14
1110 1865 5
1111 1148 14
1111 1288 9
1111 1300 9
1111 1364 13
1111 1523 7
1111 1794 3
1111 1979 16
1112 1365 18
1112 1374 12
1112 1551 18
1112 1715 18
1112 1821 6
1112 1852 11
1112 1948 6
1112 1954 1
1113 1184 10
1113 1332 8
1113 1346 6
1113 1378 4
1113 1682 3
1113 1974 10
1114 1238 12
1114 1280 15
1114 1333 19
1114 1438 13
1114 1474 7
1114 1500 16
1114 1593 19
1114 1717 16
1114 1912 19
1115 1167 18
1115 1250 16
1115 1301 17
1115 1449 15
1115 1577 10
1115 1582 6
1115 1730 20
1116 1244 20
1116 1388 16
1116 1427 19
1116 1452 5
1116 1647 9
1116 1692 7
1116 1771 8
1116 1814 19
1116 1894 15
1116 1992 17
1117 1120 13
1117 1168 7
1117 1169 12
1117 1219 1
1117 1290 4
1117 1291 16
1117 1682 12
1117 1775 6
1117 1834 12
1117 1843 11
1118 1365 20
1118 1553 10
1118 1851 8
1118 1905 15
1118 1931 1
1118 1983 7
1119 1154 15
1119 1317 15
1119 1444 8
1119 1654 2
1119 1657 7
1119 1750 12
1119 1823 15
1119 1848 15
1119 1974 18
1120 1154 7
1120 1608 5
1120 1659 6
1120 1793 9
1120 1822 17
1120 1894 15
1120 1896 10
1120 1929 4
1120 1994 10
1121 1154 2
1121 1159 17
1121 1525 2
1121 1534 20
1121 1696 2
1121 1802 6
1121 1858 3
1121 1887 12
1121 1974 3
1122 1127 19
1122 1308 5
1122 1387 17
1122 1468 20
1122 1469 19
1122 1483 4
1122 1546 11
1122 1594 18
1122 1638 5
1122 1722 5
1122 1741 6
1122 1785 19
1122 1837 12
1122 1869 11
1122 1920 8
1123 1180 20
1123 1235 15
1123 1392 12
1123 1431 7
1123 1499 19
1123 1501 10
1123 1505 18
1123 1690 14
1123 1725 20
1123 1900 16
1124 1279 2
1124 1314 3
1124 1502 11
1124 1672 15
1124 1699 3
1124 1839 9
1124 1856 20
1124 1937 17
1124 1953 8
1124 1969 18
1125 1186 8
1125 1456 5
1125 1474 13
1125 1696 8
1125 1711 17
1125 1817 11
1125 1935 11
1125 1947 5
1126 1142 7
1126 1190 15
1126 1347 12
1126 1517 7
1126 1718 7
1126 1783 13
1126 1857 13
1126 1921 8
1126 1978 16
1127 1132 16
1127 1189 18
1127 1221 17
1127 1368 20
1127 1492 15
1127 1643 16
1127 1650 14
1127 1942 19
1128 1167 17
1128 1448 10
1128 1494 11
1128 1752 18
1128 1767 4
1128 1801 10
1128 1827 3
1128 1933 6
1128 1962 13
1128 1963 11
1129 1147 2
1129 1383 10
1129 1440 2
1129 1544 3
1129 1569 13
1129 1592 16
1129 1711 4
1129 1808 14
1129 1881 20
1129 1899 8
1129 1988 10
1130 1147 13
1130 1195 2
1130 1219 9
1130 1351 19
1130 1389 17
1130 1437 3
1130 1665 12
1130 1759 1
1130 1784 9
1130 1831 3
1130 1838 2
1130 1890 14
1130 1977 15
1131 1286 1
1131 1449 13
1131 1543 15
1131 1611 11
1131 1654 6
1131 1699 16
1131 1734 5
1131 1993 3
1132 1317 8
1132 1633 16
1132 1670 3
1132 1693 16
1132 1694 20
1132 1766 18
1132 1771 17
1132 1781 8
1132 1811 15
1133 1162 15
1133 1475 7
1133 1583 1
1133 1718 3
1133 1986 11
1134 1158 18
1134 1352 15
1134 1437 20
1134 1737 19
1134 1858 19
1134 1863 5
1134 1925 18
1135 1156 12
1135 1367 5
1135 1385 1
1135 1393 4
1135 1395 8
1135 1459 13
1135 1629 18
1135 1683 15
1135 1786 12
1135 1804 4
1135 1839 17
1135 1876 1
1135 1921 12
1135 1975 19
1135 1981 17
1136 1176 8
1136 1276 12
1136 1286 16
1136 1309 19
1136 1317 18
1136 1344 9
1136 1346 6
1136 1537 5
1136 1689 7
1136 1911 13
1137 1277 12
1137 1295 3
1137 1608 2
1137 1624 7
1137 1628 10
1137 1815 9
1137 1900 17
1138 1145 5
1138 1235 16
1138 1242 13
1138 1364 13
1138 1406 5
1138 1408 6
1138 1415 1
1138 1533 6
1138 1596 2
1138 1601 2
1138 1712 14
1138 1810 7
1139 1145 17
1139 1274 7
1139 1384 5
1139 1405 14
1139 1435 7
1139 1540 3
1139 1658 16
1139 1770 9
1139 1867 19
1139 1946 20
1139 1953 5
1140 1228 13
1140 1701 16
1140 1873 4
1140 1944 14
1140 1969 16
1140 1984 8
1141 1168 5
1141 1289 6
1141 1411 6
1141 1415 12
1141 1622 16
1141 1686 10
1141 1709 16
1142 1324 12
1142 1340 18
1142 1358 12
1142 1530 7
1142 1537 4
1142 1613 11
1142 1702 1
1142 1754 11
1142 1922 5
1142 1969 8
1143 1273 12
1143 1283 12
1143 1290 12
1143 1346 18
1143 1449 4
1143 1459 17
1143 1607 5
1143 1730 20
1143 1795 17
1143 1921 16
1143 1943 3
1144 1363 7
1144 1642 6
1144 1889 13
1145 1390 13
1145 1490 13
1145 1535 5
1145 1563 9
1145 1657 20
1145 1733 3
1145 1737 9
1145 1773 17
1145 1958 8
1146 1167 12
1146 1211 11
1146 1336 5
1146 1402 9
1146 1409 13
1146 1480 14
1146 1555 11
1146 1820 10
1146 1857 18
1146 1938 7
1147 1189 12
1147 1207 17
1147 1344 2
1147 1618 4
1147 1715 20
1147 1959 17
1148 1151 13
1148 1162 5
1148 1225 6
1148 1286 12
1148 1382 19
1148 1425 15
1148 1434 14
1148 1462 14
1148 1513 7
1148 1542 2
1148 1564 6
1148 1648 2
1149 1328 4
1149 1380 19
1149 1601 18
1149 1640 11
1149 1670 20
1149 1870 11
1149 1993 10
1150 1220 11
1150 1433 20
1150 1451 6
1150 1480 9
1150 1489 18
1150 1615 15
1150 1703 8
1150 1862 3
1151 1200 13
1151 1218 7
1151 1384 19
1151 1560 2
1151 1594 1
1151 1619 3
1151 1631 10
1151 1701 12
1151 1749 8
1151 1770 2
1151 1771 20
1151 1831 3
1151 1969 17
1152 1155 2
1152 1333 14
1152 1374 4
1152 1457 4
1152 1470 10
1152 1676 9
1152 1737 2
1152 1781 6
1152 1952 15
1153 1175 18
1153 1314 17
1153 1318 2
1153 1465 12
1153 1485 17
1153 1585 11
1153 1619 19
1153 1954 18
1154 1302 18
1154 1387 15
1154 1416 13
1154 1455 6
1154 1498 4
1154 1508 4
1154 1576 8
1154 1624 15
1154 1956 18
1155 1250 1
1155 1254 9
1155 1272 6
1155 1370 11
1155 1563 13
1155 1571 15
1155 1670 5
1155 1798 9
1156 1262 16
1156 1351 9
1156 1518 19
1156 1539 16
1156 1710 13
1156 1991 8
1157 1195 4
1157 1198 11
1157 1332 1
1157 1574 16
1157 1583 11
1157 1591 12
1157 1614 1
1157 1743 15
1157 1799 2
1157 1896 20
1157 1929 8
1157 1977 8
1158 1305 18
1158 1567 7
1158 1572 5
1158 1667 9
1158 1850 15
1158 1862 11
1158 1982 16
1159 1184 2
1159 1292 19
1159 1339 13
1159 1346 2
1159 1374 16
1159 1438 5
1159 1459 2
1159 1799 6
1160 1207 16
1160 1251 4
1160 1385 6
1160 1443 11
1160 1469 20
1160 1512 18
1160 1604 6
1160 1692 4
1160 1705 10
1160 1720 3
1160 1784 19
1160 1898 14
1160 1978 19
1160 1985 9
1160 1998 4
1160 1999 11
1161 1383 19
1161 1731 12
1161 1954 9
1161 1987 12
1161 1996 6
1162 1236 8
1162 1297 10
1162 1331 8
1162 1623 8
1162 1693 18
1162 1760 15
1162 1820 13
1162 1832 14
1162 1851 4
1162 1859 13
1163 1183 15
1163 1186 6
1163 1302 20
1163 1332 13
1163 1334 17
1163 1440 8
1163 1608 1
1163 1617 8
1163 1622 19
1163 1625 2
1163 1739 15
1163 1762 9
1163 1775 4
1163 1811 16
1163 1961 17
1164 1218 8
1164 1427 9
1164 1434 14
1164 1479 13
1164 1493 13
1164 1547 10
1164 1591 17
1164 1643 16
1164 1716 20
1164 1756 8
1164 1758 6
1164 1792 17
1164 1978 5
1165 1178 7
1165 1394 16
1165 1456 16
1165 1572 16
1165 1722 9
1165 1903 13
1166 1177 20
1166 1378 9
1166 1473 3
1166 1491 4
1166 1614 8
1166 1634 14
1166 1760 10
1166 1791 4
1167 1191 2
1167 1503 16
1167 1630 17
1167 1888 14
1167 1893 10
1168 1202 18
1168 1322 13
1168 1380 17
1168 1622 18
1168 1681 18
1168 1758 13
1168 1873 1
1168 1879 7
1168 1899 6
1168 1905 14
1168 1939 19
1168 1981 20
1168 1988 1
1169 1248 1
1169 1261 19
1169 1444 11
1169 1572 6
1169 1948 13
1169 1968 9
1170 1280 15
1170 1377 6
1170 1391 8
1170 1453 1
1170 1462 17
1170 1570 7
1170 1599 4
1170 1623 17
1170 1823 11
1170 1877 8
1170 1953 9
1170 1996 1
1171 1292 9
1171 1319 13
1171 1451 6
1171 1489 6
1171 1596 19
1171 1691 9
1171 1920 3
1172 1256 15
1172 1264 15
1172 1278 9
1172 1364 10
1172 1367 4
1172 1444 19
1172 1496 2
1172 1672 17
1172 1720 17
1172 1919 16
1173 1181 3
1173 1230 11
1173 1383 8
1173 1512 19
1173 1560 15
1173 1661 5
1173 1702 5
1173 1713 13
1173 1978 15
1174 1475 15
1174 1508 12
1174 1555 1
1174 1567 13
1174 1618 7
1174 1665 11
1174 1688 20
1174 1917 20
1174 1997 18
1175 1210 4
1175 1237 6
1175 1539 19
1175 1651 8
1176 1533 14
1176 1557 17
1176 1587 20
1176 1618 16
1176 1828 16
1176 1943 6
1177 1222 17
1177 1267 14
1177 1325 8
1177 1565 1
1177 1588 17
1177 1699 9
1177 1768 1
1177 1840 19
1178 1229 6
1178 1303 6
1178 1558 12
1178 1647 4
1178 1683 1
1178 1741 7
1178 1796 14
1178 1891 11
1178 1914 2
1179 1257 13
1179 1402 20
1179 1414 20
1179 1491 14
1179 1535 1
1179 1673 10
1179 1696 17
1179 1967 3
1180 1181 15
1180 1301 4
1180 1349 6
1180 1388 9
1180 1525 4
1180 1763 2
1180 1794 16
1180 1930 19
1180 1963 18
1181 1182 5
1181 1219 14
1181 1337 18
1181 1405 19
1181 1516 3
1181 1523 7
1181 1581 16
1181 1610 7
1181 1756 13
1181 1922 3
1181 1949 19
1182 1310 15
1182 1311 13
1182 1352 2
1182 1426 19
1182 1489 7
1182 1634 18
1182 1720 3
1182 1980 1
1182 1989 19
1183 1184 15
1183 1569 20
1183 1720 2
1183 1741 10
1183 1763 1
1183 1898 6
1183 1955 19
1184 1224 6
1184 1272 6
1184 1361 6
1184 1597 4
1184 1750 17
1184 1758 11
1184 1794 10
1184 1797 13
1184 1845 9
1184 1878 8
1184 1979 9
1185 1200 8
1185 1242 2
1185 1422 1
1185 1480 12
1185 1581 5
1185 1582 15
1185 1717 12
1185 1781 11
1185 1840 16
1185 1888 16
1186 1244 2
1186 1327 18
1186 1452 5
1186 1463 14
1186 1503 1
1186 1547 14
1186 1598 16
1186 1741 2
1186 1751 20
1186 1860 18
1186 1972 12
1187 1232 12
1187 1484 13
1187 1531 2
1187 1560 11
1187 1631 14
1187 1648 20
1187 1835 13
1187 1837 3
1188 1303 19
1188 1322 12
1188 1481 2
1188 1544 10
1188 1691 12
1188 1702 5
1188 1777 8
1188 1828 12
1188 1843 13
1188 1936 12
1189 1252 18
1189 1275 18
1189 1280 3
1189 1312 13
1189 1395 10
1189 1454 6
1189 1523 20
1189 1590 4
1189 1633 12
1189 1674 5
1189 1791 19
1189 1832 7
1189 1841 13
1189 1937 17
1189 1992 11
1190 1411 8
1190 1498 6
1190 1549 4
1190 1645 5
1190 1714 8
1190 1882 7
1191 1241 2
1191 1277 8
1191 1282 1
1191 1286 20
1191 1471 17
1191 1760 10
1191 1821 9
1191 1937 5
1192 1238 17
1192 1254 11
1192 1432 4
1192 1495 5
1192 1519 10
1192 1780 20
1192 1971 5
1192 1979 9
1193 1291 5
1193 1297 1
1193 1387 4
1193 1554 14
1193 1619 20
1193 1718 15
1193 1739 15
1193 1752 10
1193 1754 4
1193 1805 16
1193 1997 13
1194 1390 8
1194 1536 12
1194 1621 10
1194 1642 5
1194 1698 12
1194 1759 1
1194 1992 12
1195 1391 10
1195 1417 14
1195 1728 19
1195 1916 20
1195 1978 5
1195 1998 4
1196 1236 16
1196 1267 12
1196 1284 3
1196 1315 9
1196 1340 1
1196 1366 16
1196 1453 4
1196 1460 6
1196 1720 14
1196 1779 11
1196 1868 11
1196 1929 20
1197 1234 9
1197 1277 9
1197 1352 18
1197 1384 7
1197 1675 13
1197 1764 20
1197 1866 20
1197 1873 1
1197 1946 12
1198 1328 14
1198 1379 8
1198 1556 13
1198 1750 3
1198 1844 2
1198 1851 20
1198 1867 6
1199 1202 7
1199 1211 15
1199 1330 5
1199 1408 3
1199 1449 5
1199 1457 5
1199 1646 17
1199 1702 4
1199 1718 1
1199 1763 14
1199 1852 19
1199 1916 2
1200 1256 11
1200 1361 16
1200 1573 14
1200 1611 14
1200 1719 1
1200 1764 20
1200 1808 10
1200 1829 9
1200 1830 14
1201 1202 10
1201 1300 16
1201 1326 3
1201 1604 5
1201 1638 19
1201 1679 18
1201 1839 18
1201 1849 12
1202 1252 13
1202 1413 3
1202 1451 6
1202 1468 15
1202 1605 6
1202 1779 3
1202 1902 9
1202 1967 14
1203 1211 15
1203 1212 19
1203 1231 11
1203 1274 10
1203 1332 2
1203 1371 19
1203 1412 18
1203 1422 18
1203 1510 10
1203 1667 5
1203 1677 12
1203 1678 17
1203 1795 18
1203 1866 11
1203 1926 15
1204 1250 7
1204 1461 20
1204 1488 1
1204 1490 12
1204 1526 3
1204 1742 18
1204 1915 7
1205 1212 11
1205 1388 20
1205 1491 18
1205 1548 20
1206 1237 2
1206 1317 5
1206 1433 15
1206 1610 11
1206 1674 7
1206 1779 2
1206 1811 5
1206 1848 5
1206 1945 6
1206 1960 1
1206 1969 18
1207 1290 15
1207 1355 16
1207 1394 19
1207 1491 5
1207 1563 20
1207 1629 1
1207 1720 8
1207 1748 12
1207 1874 17
1207 1972 16
1208 1232 12
1208 1265 15
1208 1285 11
1208 1394 3
1208 1415 4
1208 1485 4
1208 1739 1
1208 1820 2
1208 1871 16
1209 1215 17
1209 1250 5
1209 1338 14
1209 1362 14
1209 1391 4
1209 1440 11
1209 1456 19
1209 1561 13
1209 1788 17
1209 1840 4
1209 1914 16
1209 1932 20
1210 1416 1
1210 1446 18
1210 1461 9
1210 1537 15
1210 1558 7
1210 1664 12
1210 1670 18
1210 1702 16
1210 1728 1
1210 1780 15
1210 1906 11
1210 1918 15
1211 1373 4
1211 1374 9
1211 1622 18
1211 1663 4
1211 1841 9
1211 1941 12
1212 1368 4
1212 1397 13
1212 1526 17
1212 1626 20
1212 1648 7
1212 1706 10
1212 1733 11
1212 1812 6
1212 1983 15
1213 1298 16
1213 1410 6
1213 1595 9
1213 1706 18
1213 1727 17
1213 1828 7
1213 1933 12
1213 1978 16
1213 1979 20
1214 1297 6
1214 1417 16
1214 1504 15
1214 1838 12
1214 1914 3
1214 1994 17
1215 1223 5
1215 1231 12
1215 1434 1
1215 1462 6
1215 1576 8
1215 1640 14
1215 1675 10
1215 1717 8
1215 1944 9
1216 1457 16
1216 1565 12
1216 1686 20
1216 1726 20
1216 1771 14
1216 1825 9
1216 1879 18
1216 1893 16
1217 1363 11
1217 1414 12
1217 1484 14
1217 1554 15
1217 1642 7
1217 1646 16
1217 1658 2
1217 1851 7
1217 1919 8
1218 1256 5
1218 1262 4
1218 1277 5
1218 1332 8
1218 1823 12
1218 1858 4
1218 1875 8
1218 1919 15
1218 1988 3
1219 1264 17
1219 1301 12
1219 1310 13
1219 1323 6
1219 1553 11
1219 1664 2
1219 1673 18
1219 1838 10
1219 1851 12
1220 1237 15
1220 1349 16
1220 1586 11
1220 1705 6
1220 1772 10
1220 1983 1
1221 1330 6
1221 1414 8
1221 1447 16
1221 1488 10
1221 1686 14
1221 1703 12
1221 1744 13
1221 1764 1
1221 1784 6
1222 1449 17
1222 1705 12
1222 1721 8
1222 1991 18
1223 1316 3
1223 1649 18
1223 1664 11
1223 1702 10
1223 1915 7
1224 1251 4
1224 1330 17
1224 1375 19
1224 1531 9
1224 1550 4
1224 1555 6
1224 1699 4
1224 1733 11
1224 1782 19
1224 1808 13
1224 1828 16
1224 1863 4
1224 1909 15
1225 1314 19
1225 1385 9
1225 1534 3
1225 1733 14
1225 1761 2
1225 1828 8
1225 1878 5
1225 1906 4
1225 1907 17
1226 1529 1
1226 1543 10
1226 1866 7
1226 1906 15
1226 1952 7
1226 1986 3
1227 1297 14
1227 1393 1
1227 1653 11
1227 1800 2
1227 1931 4
1228 1337 10
1228 1342 14
1228 1419 5
1228 1440 3
1228 1470 11
1228 1482 17
1228 1561 20
1228 1598 9
1229 1347 11
1229 1480 19
1229 1603 2
1229 1673 2
1229 1736 6
1229 1842 16
1229 1847 20
1229 1910 16
1229 1956 12
1230 1232 20
1230 1282 2
1230 1333 16
1230 1451 7
1230 1516 12
1230 1665 1
1230 1775 2
1230 1812 7
1230 1892 16
1231 1495 6
1231 1735 13
1231 1934 18
1232 1371 18
1232 1397 18
1232 1489 11
1232 1556 9
1232 1773 9
1232 1951 19
1233 1291 2
1233 1303 20
1233 1321 10
1233 1324 19
1233 1544 9
1233 1594 5
1233 1595 15
1233 1875 15
1234 1337 20
1234 1562 9
1234 1564 4
1234 1806 6
1234 1934 11
1234 1941 10
1235 1255 10
1235 1272 9
1235 1309 11
1235 1351 13
1235 1413 17
1235 1414 9
1235 1679 18
1235 1728 15
1235 1740 18
1235 1811 4
1236 1319 8
1236 1357 6
1236 1495 5
1236 1659 10
1236 1819 20
1236 1822 14
1237 1247 18
1237 1263 5
1237 1589 1
1237 1667 2
1237 1851 18
1237 1864 11
1238 1281 13
1238 1293 18
1238 1330 4
1238 1446 20
1238 1533 13
1238 1670 11
1238 1801 20
1238 1879 14
1238 1933 19
1239 1284 6
1239 1295 17
1239 1304 9
1239 1372 13
1239 1465 2
1239 1583 6
1239 1806 2
1239 1974 4
1240 1275 7
1240 1392 11
1240 1395 8
1240 1522 20
1240 1905 18
1240 1934 5
1240 1951 8
1241 1366 8
1241 1485 20
1241 1528 11
1241 1663 1
1241 1707 10
1241 1769 16
1241 1812 2
1241 1917 19
1241 1925 12
1242 1244 19
1242 1321 3
1242 1590 9
1242 1777 8
1242 1833 8
1242 1949 7
1243 1383 4
1243 1399 4
1243 1619 15
1243 1776 13
1244 1316 2
1244 1394 12
1244 1408 10
1244 1419 5
1244 1694 15
1244 1712 3
1245 1308 5
1245 1326 5
1245 1371 4
1245 1376 17
1245 1426 9
1245 1522 2
1245 1650 6
1245 1780 7
1246 1404 20
1246 1448 18
1246 1460 18
1246 1564 3
1246 1769 19
1246 1893 1
1247 1287 14
1247 1439 2
1247 1452 16
1247 1509 14
1247 1517 8
1247 1692 15
1247 1748 16
1247 1793 12
1247 1796 6
1247 1912 14
1247 1927 17
1247 1984 12
1248 1251 17
1248 1371 4
1248 1485 20
1248 1548 9
1248 1656 7
1248 1663 6
1248 1692 15
1248 1817 17
1248 1818 7
1248 1832 16
1248 1945 2
1248 1996 15
1249 1305 2
1249 1362 6
1249 1935 2
1250 1252 13
1250 1272 7
1250 1304 10
1250 1556 17
1250 1818 9
1251 1502 7
1251 1521 12
1251 1571 17
1251 1660 7
1251 1845 10
1251 1911 19
1252 1485 3
1252 1559 15
1252 1609 15
1252 1678 4
1252 1736 13
1252 1763 5
1252 1938 10
1252 1972 12
1253 1719 14
1253 1730 4
1253 1848 7
1253 1926 8
1253 1985 3
1254 1318 11
1254 1365 14
1254 1794 20
1254 1815 17
1254 1995 12
1255 1298 16
1255 1325 8
1255 1388 19
1255 1578 3
1255 1906 8
1255 1985 13
1256 1304 3
1256 1305 13
1256 1420 8
1256 1421 1
1256 1478 11
1256 1715 14
1256 1772 12
1256 1839 9
1256 1984 4
1257 1440 11
1257 1460 17
1257 1537 4
1257 1655 6
1257 1766 15
1257 1800 15
1257 1865 14
1258 1279 4
1258 1769 1
1258 1811 12
1258 1937 2
1259 1417 16
1259 1575 10
1259 1776 14
1259 1900 11
1260 1349 10
1260 1357 14
1260 1447 12
1260 1490 1
1260 1611 5
1260 1622 14
1260 1724 2
1260 1765 8
1260 1989 8
1261 1275 15
1261 1352 3
1261 1412 11
1261 1480 13
1261 1538 4
1261 1598 11
1261 1718 12
1262 1331 9
1262 1509 10
1262 1611 6
1262 1742 16
1262 1902 10
1262 1928 10
1263 1378 6
1263 1445 5
1263 1523 9
1263 1562 9
1263 1651 19
1263 1745 10
1263 1855 6
1263 1925 6
1264 1350 13
1264 1501 12
1264 1524 9
1264 1598 4
1264 1629 9
1264 1781 13
1264 1798 1
1264 1812 4
1264 1853 8
1264 1864 17
1264 1886 13
1264 1899 11
1264 1978 20
1264 1998 5
1265 1443 17
1265 1507 10
1265 1526 17
1265 1787 15
1265 1901 17
1265 1913 10
1265 1958 12
1266 1394 10
1266 1415 4
1266 1444 1
1266 1482 18
1266 1526 6
1266 1534 6
1266 1561 5
1266 1832 7
1267 1344 17
1267 1398 18
1267 1454 7
1267 1461 2
1267 1850 9
1267 1868 13
1267 1989 16
1268 1324 18
1268 1349 18
1268 1801 8
1268 1828 14
1268 1909 4
1268 1990 1
1269 1320 19
1269 1937 13
1269 1988 9
1270 1285 3
1270 1289 14
1270 1580 8
1270 1726 14
1270 1781 6
1270 1930 20
1271 1333 4
1271 1518 17
1271 1638 10
1271 1788 15
1271 1916 2
1271 1950 18
1272 1343 2
1272 1530 12
1272 1600 7
1272 1660 5
1272 1841 9
1272 1984 12
1273 1287 10
1273 1305 4
1273 1343 12
1273 1349 2
1273 1531 16
1273 1593 7
1273 1625 11
1273 1645 2
1273 1711 7
1273 1750 19
1273 1793 8
1273 1900 1
1273 1985 12
1274 1377 18
1274 1378 3
1274 1435 2
1274 1455 3
1274 1700 18
1274 1735 13
1274 1955 10
1274 1956 16
1275 1346 3
1275 1385 15
1275 1424 3
1275 1644 8
1275 1779 13
1275 1827 3
1275 1830 1
1275 1891 10
1275 1940 4
1276 1329 6
1276 1387 3
1276 1476 6
1276 1532 1
1276 1676 18
1276 1721 2
1276 1728 7
1276 1835 11
1277 1492 18
1277 1531 15
1277 1680 6
1277 1790 16
1278 1311 7
1278 1362 9
1278 1438 9
1278 1492 3
1278 1588 4
1278 1625 1
1279 1338 13
1279 1343 17
1279 1359 19
1279 1373 6
1279 1508 12
1279 1582 13
1279 1751 15
1279 1769 5
1279 1901 15
1279 1922 3
1280 1369 15
1280 1413 9
1280 1455 11
1280 1597 9
1280 1672 12
1280 1844 20
1280 1922 10
1280 1968 7
1280 1988 1
1281 1480 10
1281 1481 2
1281 1651 9
1281 1773 18
1281 1807 20
1281 1975 16
1282 1332 5
1282 1573 3
1282 1609 16
1282 1672 16
1282 1977 14
1283 1330 7
1283 1484 8
1283 1518 13
1283 1569 14
1283 1607 17
1283 1638 18
1283 1725 9
1283 1746 4
1283 1792 6
1283 1809 2
1283 1853 14
1283 1891 6
1283 1960 11
1284 1376 13
1284 1394 13
1284 1415 17
1284 1536 18
1284 1622 2
1284 1656 7
1284 1794 5
1284 1803 4
1284 1811 20
1284 1873 16
1285 1721 4
1285 1722 14
1285 1945 2
1285 1965 20
1286 1426 6
1286 1696 2
1286 1826 9
1286 1860 8
1286 1892 11
1286 1958 8
1286 1985 18
1287 1630 7
1287 1729 5
1287 1771 9
1287 1831 10
1287 1899 20
1288 1323 5
1288 1849 5
1288 1855 19
1289 1356 13
1289 1363 14
1289 1494 5
1289 1502 15
1289 1506 5
1289 1697 1
1289 1712 6
1289 1805 20
1289 1966 7
1290 1447 20
1290 1458 1
1290 1691 9
1290 1716 18
1290 1724 10
1290 1909 4
1291 1369 3
1291 1554 18
1292 1688 20
1292 1816 17
1292 1985 8
1293 1353 3
1293 1415 12
1293 1474 11
1293 1534 19
1293 1690 1
1293 1813 10
1293 1915 5
1293 1926 5
1293 1978 14
1294 1298 18
1294 1455 12
1294 1480 18
1294 1481 17
1294 1483 20
1294 1530 20
1294 1707 2
1294 1834 11
1294 1883 2
1294 1886 17
1294 1900 9
1294 1914 5
1294 1988 8
1295 1546 3
1295 1603 9
1295 1814 11
1295 1970 13
1295 1974 3
1296 1596 4
1296 1621 16
1296 1638 7
1296 1672 10
1296 1815 12
1296 1843 5
1297 1540 3
1297 1568 10
1297 1589 1
1297 1625 19
1297 1632 19
1297 1722 8
1297 1733 4
1297 1761 1
1297 1878 11
1297 1885 18
1297 1941 2
1297 1948 18
1298 1302 15
1298 1323 8
1298 1403 19
1298 1430 1
1298 1522 7
1298 1561 16
1299 1393 7
1299 1407 4
1299 1449 12
1299 1464 19
1299 1472 3
1299 1730 2
1299 1792 6
1299 1904 15
1300 1352 15
1300 1584 16
1300 1594 13
1300 1740 17
1300 1868 5
1300 1976 16
1300 1981 7
1301 1574 6
1301 1751 4
1301 1788 11
1301 1816 2
1301 1831 13
1301 1854 9
1301 1855 11
1301 1962 4
1301 1971 17
1302 1461 13
1302 1680 18
1303 1355 13
1303 1370 12
1303 1409 19
1303 1426 16
1303 1604 7
1303 1950 3
1303 1990 13
1303 1991 19
1304 1307 1
1304 1490 10
1304 1504 7
1304 1764 4
1304 1787 8
1304 1829 4
1304 1854 11
1304 1863 4
1304 1906 16
1305 1355 16
1305 1437 11
1306 1441 19
1306 1493 6
1306 1513 3
1306 1529 17
1306 1642 4
1306 1643 1
1306 1704 8
1306 1728 20
1306 1917 18
1307 1553 12
1307 1579 10
1307 1595 5
1307 1600 10
1307 1640 14
1307 1730 17
1307 1772 4
1307 1824 5
1307 1997 9
1307 1998 17
1308 1323 13
1308 1378 5
1308 1590 11
1308 1819 13
1308 1845 2
1308 1874 12
1309 1423 12
1309 1455 7
1309 1519 6
1309 1591 17
1309 1639 7
1309 1753 11
1309 1766 19
1309 1777 14
1309 1814 19
1309 1897 14
1309 1905 18
1310 1455 17
1310 1502 5
1310 1532 5
1310 1701 14
1310 1871 1
1310 1885 17
1310 1971 14
1311 1361 16
1311 1367 20
1311 1483 2
1311 1652 6
1311 1821 6
1311 1880 1
1312 1369 4
1312 1372 11
1312 1524 5
1312 1530 20
1312 1531 14
1312 1555 5
1312 1565 7
1312 1587 7
1312 1647 13
1312 1657 2
1312 1984 18
1313 1329 15
1313 1355 17
1313 1629 8
1313 1674 6
1313 1846 9
1313 1889 19
1313 1989 17
1314 1331 7
1314 1333 3
1314 1556 17
1314 1609 6
1314 1648 7
1314 1840 9
1315 1317 15
1315 1391 12
1315 1420 9
1315 1435 1
1315 1837 18
1316 1383 5
1316 1394 20
1316 1452 6
1316 1601 14
1316 1746 15
1316 1856 5
1316 1934 20
1317 1631 11
1317 1824 8
1317 1895 10
1318 1408 14
1318 1537 20
1318 1613 8
1318 1683 17
1318 1717 10
1318 1886 13
1318 1889 19
1318 1946 19
1318 1956 7
1318 1961 15
1318 1979 7
1319 1321 13
1319 1622 5
1319 1666 7
1319 1870 5
1320 1400 12
1320 1507 2
1320 1656 20
1320 1703 19
1320 1731 14
1320 1807 4
1320 1859 9
1320 1991 2
1321 1400 6
1321 1401 19
1321 1430 17
1321 1633 14
1321 1743 3
1321 1799 15
1322 1530 12
1322 1535 4
1322 1549 8
1322 1668 4
1322 1794 2
1322 1810 18
1322 1839 7
1322 1880 2
1322 1976 12
1323 1397 3
1323 1494 12
1323 1659 4
1323 1670 10
1323 1715 4
1323 1748 3
1323 1951 11
1324 1400 17
1324 1585 2
1324 1697 13
1324 1844 17
1324 1851 8
1324 1938 5
1325 1341 1
1325 1409 13
1325 1469 4
1325 1545 5
1325 1660 18
1325 1728 2
1325 1794 1
1325 1828 6
1325 1930 18
1325 1934 9
1325 1972 2
1326 1396 19
1326 1558 9
1326 1690 13
1326 1816 19
1326 1821 17
1326 1841 1
1327 1361 3
1327 1366 6
1327 1383 3
1327 1536 7
1327 1635 4
1327 1655 5
1327 1929 18
1327 1995 9
1328 1349 14
1328 1464 7
1328 1499 5
1328 1611 9
1328 1693 18
1328 1735 1
1328 1754 11
1328 1821 14
1328 1865 7
1329 1346 17
1329 1362 19
1329 1438 17
1329 1615 12
1329 1790 5
1329 1942 4
1329 1944 12
1330 1381 13
1330 1403 2
1330 1413 11
1330 1457 6
1330 1478 11
1330 1480 2
1330 1496 13
1330 1570 19
1330 1582 8
1330 1604 7
1330 1856 19
1330 1967 18
1330 1991 18
1331 1433 10
1331 1479 13
1331 1529 17
1331 1608 20
1331 1668 5
1331 1674 13
1332 1459 14
1332 1615 17
1332 1643 11
1332 1670 11
1332 1672 2
1332 1715 17
1332 1741 14
1332 1823 8
1332 1856 12
1333 1350 16
1333 1419 10
1333 1490 20
1333 1593 20
1333 1695 4
1333 1739 14
1333 1751 14
1333 1786 18
1333 1861 9
1333 1898 9
1334 1699 17
1334 1746 8
1334 1774 15
1334 1834 18
1334 1844 4
1335 1452 20
1335 1461 14
1335 1479 12
1335 1814 11
1335 1930 14
1336 1369 13
1336 1413 14
1336 1458 2
1336 1575 5
1336 1681 17
1336 1690 20
1336 1806 1
1336 1901 16
1336 1974 8
1337 1876 5
1338 1525 6
1338 1635 6
1338 1657 8
1338 1946 14
1339 1352 1
1339 1601 8
1339 1626 16
1339 1732 4
1339 1961 19
1340 1358 19
1340 1443 5
1340 1657 10
1340 1818 15
1340 1885 14
1341 1357 18
1341 1405 9
1341 1492 3
1341 1734 20
1341 1918 15
1342 1396 4
1342 1397 1
1342 1619 2
1342 1757 4
1342 1855 13
1343 1410 7
1343 1431 18
1343 1449 11
1343 1475 14
1343 1710 6
1343 1757 2
1343 1768 11
1343 1800 14
1343 1958 13
1344 1469 19
1344 1569 4
1344 1620 13
1344 1921 8
1344 1968 11
1344 1999 12
1345 1659 7
1345 1826 13
1346 1382 1
1346 1394 3
1346 1562 10
1346 1612 1
1346 1625 17
1346 1716 13
1346 1850 16
1346 1947 19
1346 1963 6
1347 1400 5
1347 1436 4
1347 1867 6
1348 1418 13
1348 1447 16
1348 1542 14
1348 1574 14
1348 1579 8
1348 1651 20
1348 1673 4
1348 1822 14
1348 1830 15
1348 1886 5
1348 1890 4
1348 1991 18
1349 1407 8
1349 1503 20
1349 1719 12
1349 1734 1
1350 1352 7
1350 1699 20
1350 1705 6
1350 1751 6
1350 1808 3
1350 1834 19
1350 1854 16
1350 1878 16
1350 1903 3
1350 1976 11
1351 1355 18
1351 1357 20
1351 1497 12
1351 1518 14
1351 1532 11
1351 1825 20
1351 1902 1
1351 1986 6
1352 1405 6
1352 1461 8
1352 1558 16
1352 1787 19
1352 1961 2
1353 1389 2
1353 1673 15
1353 1682 12
1353 1745 17
1353 1803 14
1353 1813 9
1354 1499 13
1354 1544 7
1354 1593 16
1354 1595 2
1354 1606 12
1354 1694 13
1354 1773 6
1355 1363 16
1355 1398 8
1355 1542 11
1355 1708 8
1355 1753 19
1355 1930 2
1355 1944 2
1356 1358 11
1356 1510 11
1356 1525 5
1356 1607 4
1356 1668 10
1356 1722 13
1356 1931 5
1356 1975 11
1357 1479 5
1357 1706 10
1357 1832 12
1357 1965 5
1358 1494 6
1358 1573 6
1358 1611 9
1358 1646 11
1358 1880 18
1359 1365 10
1359 1479 10
1359 1529 3
1359 1585 6
1359 1768 5
1359 1879 3
1359 1898 2
1359 1909 3
1359 1927 19
1359 1975 8
1360 1492 3
1360 1589 13
1360 1617 15
1360 1644 11
1360 1646 5
1360 1678 2
1360 1739 14
1360 1747 18
1361 1494 2
1361 1808 5
1362 1723 12
1362 1887 10
1362 1971 8
1363 1501 2
1363 1736 19
1363 1977 10
1364 1378 9
1364 1471 14
1364 1595 14
1364 1662 13
1364 1742 18
1364 1771 12
1364 1831 14
1364 1933 16
1364 1974 13
1365 1661 15
1365 1669 1
1365 1825 2
1365 1831 16
1365 1901 6
1366 1438 2
1366 1474 7
1366 1678 20
1366 1686 9
1366 1795 12
1366 1933 9
1366 1982 9
1367 1436 19
1367 1552 5
1367 1604 17
1367 1738 8
1367 1771 14
1368 1697 15
1368 1730 16
1368 1783 8
1368 1878 2
1368 1934 20
1368 1975 12
1369 1422 17
1369 1489 7
1369 1555 17
1369 1636 2
1369 1895 10
1370 1392 18
1370 1412 2
1370 1639 10
1370 1682 16
1370 1777 14
1370 1851 16
1370 1857 12
1370 1915 8
1370 1930 19
1371 1433 10
1371 1440 13
1371 1513 11
1371 1526 8
1371 1536 7
1371 1593 9
1371 1606 3
1371 1767 17
1371 1915 13
1371 1926 19
1371 1986 10
1372 1388 13
1372 1544 17
1372 1854 2
1372 1887 11
1372 1925 6
1372 1992 5
1373 1389 12
1373 1413 19
1373 1771 4
1373 1906 17
1373 1962 18
1373 1980 16
1374 1465 17
1374 1541 15
1374 1548 19
1374 1660 9
1374 1714 20
1374 1794 14
1374 1827 5
1374 1892 7
1375 1547 2
1375 1768 3
1375 1813 6
1375 1888 1
1375 1979 18
1376 1443 16
1376 1506 14
1376 1593 11
1376 1694 1
1376 1705 15
1376 1765 20
1376 1908 3
1377 1456 18
1377 1475 4
1377 1535 14
1377 1651 19
1377 1860 9
1377 1945 18
1377 1958 19
1378 1411 6
1378 1636 14
1378 1677 13
1378 1723 1
1378 1768 20
1379 1386 19
1379 1431 9
1379 1476 19
1379 1518 4
1379 1772 5
1379 1833 19
1379 1844 16
1379 1886 12
1379 1900 17
1379 1938 5
1379 1979 17
1379 1998 11
1380 1456 9
1380 1560 2
1380 1600 18
1380 1761 10
1380 1781 3
1380 1989 3
1381 1492 20
1381 1569 20
1381 1641 4
1381 1743 5
1381 1847 9
1382 1548 4
1382 1578 20
1382 1651 6
1382 1657 3
1382 1697 11
1382 1742 4
1382 1928 11
1382 1933 8
1383 1412 16
1383 1532 16
1383 1567 3
1383 1672 12
1383 1692 14
1383 1857 4
1383 1861 7
1383 1892 15
1383 1908 1
1384 1385 5
1384 1453 10
1384 1566 8
1384 1788 9
1384 1935 8
1385 1573 9
1385 1632 20
1385 1885 16
1385 1947 10
1385 1979 16
1385 1980 2
1386 1522 7
1386 1533 10
1386 1584 17
1386 1613 4
1386 1647 3
1386 1752 19
1386 1932 16
1387 1446 17
1387 1598 3
1387 1649 3
1387 1730 3
1387 1831 5
1388 1718 4
1389 1422 6
1389 1489 3
1389 1630 13
1389 1687 1
1389 1768 8
1389 1956 16
1389 1976 1
1389 1999 16
1390 1501 10
1390 1502 20
1390 1510 5
1390 1562 9
1390 1642 17
1390 1655 7
1390 1728 15
1390 1769 3
1390 1939 17
1391 1539 1
1391 1699 13
1391 1715 14
1392 1774 7
1392 1801 4
1392 1828 17
1392 1906 20
1392 1992 3
1393 1922 2
1394 1438 8
1394 1470 9
1394 1505 4
1394 1550 19
1394 1584 6
1394 1602 13
1394 1763 16
1394 1766 19
1394 1882 10
1394 1910 7
1395 1504 19
1395 1516 10
1395 1519 12
1395 1618 13
1395 1654 10
1395 1775 7
1396 1629 20
1396 1668 1
1396 1669 14
1396 1677 15
1396 1698 3
1396 1753 18
1396 1760 20
1396 1801 15
1396 1927 20
1397 1633 3
1397 1674 20
1397 1771 10
1397 1822 5
1397 1949 13
1397 1956 6
1397 1999 6
1398 1437 17
1398 1513 16
1398 1572 13
1398 1869 4
1398 1974 11
1399 1816 15
1399 1889 12
1400 1412 6
1400 1476 11
1400 1588 17
1400 1804 13
1400 1825 6
1400 1836 3
1400 1937 2
1400 1970 12
1401 1483 8
1401 1583 6
1401 1761 20
1401 1830 14
1401 1952 4
1401 1954 12
1401 1984 6
1402 1464 13
1402 1700 8
1403 1560 3
1403 1565 12
1403 1668 13
1403 1709 18
1403 1928 2
1404 1537 14
1404 1579 1
1404 1673 5
1404 1732 16
1404 1812 3
1404 1894 11
1404 1952 10
1405 1524 18
1405 1722 1
1405 1964 20
1405 1988 6
1406 1603 1
1406 1642 4
1406 1870 1
1406 1984 18
1407 1638 2
1407 1877 5
1407 1932 13
1409 1501 5
1409 1948 18
1410 1416 1
1410 1477 13
1410 1613 8
1410 1713 1
1410 1875 2
1410 1941 3
1410 1959 12
1410 1982 1
1411 1435 19
1411 1529 7
1411 1546 4
1411 1611 19
1411 1699 6
1411 1995 14
1412 1459 4
1412 1543 7
1412 1661 18
1412 1695 17
1412 1702 11
1412 1984 4
1413 1456 12
1413 1521 2
1413 1679 7
1413 1867 17
1414 1644 6
1414 1693 11
1414 1720 5
1415 1550 7
1415 1650 16
1415 1669 5
1415 1683 4
1415 1746 6
1415 1890 6
1415 1901 15
1416 1475 8
1416 1755 3
1416 1825 13
1416 1976 17
1417 1447 2
1417 1693 11
1417 1901 13
1417 1935 4
1418 1589 9
1418 1647 15
1418 1770 16
1418 1817 7
1418 1849 19
1418 1919 1
1419 1429 2
1419 1577 7
1419 1614 2
1419 1736 4
1419 1812 4
1419 1832 13
1419 1994 3
1420 1476 14
1420 1560 11
1420 1849 20
1420 1858 18
1420 1931 16
1421 1442 19
1421 1498 3
1421 1532 1
1421 1700 18
1421 1862 19
1421 1893 14
1421 1896 12
1421 1934 8
1422 1470 18
1422 1477 15
1422 1481 15
1422 1798 4
1422 1987 15
1422 1993 20
1423 1486 19
1423 1564 20
1423 1587 20
1423 1618 9
1423 1628 7
1423 1708 8
1423 1995 19
1424 1913 17
1424 1959 13
1425 1656 15
1425 1719 13
1426 1463 17
1426 1494 2
1426 1522 7
1426 1531 16
1426 1607 4
1426 1650 14
1426 1688 2
1426 1783 7
1426 1807 6
1426 1831 3
1426 1862 12
1426 1872 8
1426 1893 8
1426 1908 19
1427 1462 13
1427 1484 2
1427 1737 9
1427 1799 5
1427 1869 1
1428 1517 4
1428 1600 1
1428 1691 7
1429 1459 10
1429 1540 4
1429 1614 6
1429 1807 15
1429 1873 14
1429 1894 10
1429 1900 5
1429 1957 3
1429 1997 14
1430 1437 2
1430 1565 17
1430 1638 11
1430 1683 5
1430 1795 5
1430 1833 12
1430 1857 6
1430 1925 3
1430 1987 4
1431 1435 20
1431 1510 8
1431 1821 4
1431 1822 12
1432 1481 9
1432 1485 20
1432 1489 5
1432 1884 2
1432 1984 17
1433 1449 16
1433 1586 17
1433 1636 15
1433 1700 17
1433 1719 14
1433 1722 6
1433 1800 14
1433 1827 3
1433 1841 8
1434 1501 2
1434 1698 1
1434 1779 15
1434 1977 1
1435 1588 1
1435 1667 3
1435 1677 12
1435 1760 17
1435 1821 19
1436 1488 2
1436 1551 4
1436 1556 11
1436 1565 2
1436 1949 11
1437 1485 8
1437 1528 14
1437 1567 6
1437 1583 13
1437 1606 16
1437 1736 18
1437 1749 19
1437 1889 8
1437 1892 20
1438 1442 6
1438 1580 20
1438 1584 20
1438 1655 14
1438 1694 6
1438 1717 11
1438 1945 13
1438 1976 13
1439 1598 14
1439 1633 18
1439 1764 1
1439 1807 11
1439 1859 18
1440 1518 18
1440 1573 16
1440 1740 17
1440 1986 5
1441 1592 9
1441 1646 14
1441 1698 14
1441 1722 20
1441 1789 2
1441 1834 6
1441 1841 20
1442 1629 20
1442 1756 18
1442 1950 14
1442 1971 17
1443 1504 18
1443 1557 3
1443 1669 2
1443 1726 12
1443 1768 13
1443 1849 13
1444 1456 15
1444 1476 17
1444 1536 15
1444 1547 17
1444 1548 15
1444 1659 1
1445 1469 1
1445 1510 3
1445 1664 3
1445 1679 2
1445 1726 12
1445 1773 10
1446 1494 16
1446 1508 5
1446 1560 10
1446 1593 20
1446 1617 16
1446 1652 12
1446 1746 1
1446 1787 9
1446 1964 17
1446 1996 12
1447 1532 4
1447 1599 15
1447 1618 7
1447 1752 12
1447 1776 7
1448 1468 13
1448 1472 8
1448 1547 10
1448 1549 9
1448 1563 13
1448 1666 1
1448 1713 4
1448 1815 16
1448 1848 11
1448 1849 9
1449 1501 15
1449 1530 4
1449 1666 9
1449 1755 8
1449 1932 13
1450 1536 6
1450 1777 18
1451 1482 18
1451 1587 4
1451 1611 11
1451 1648 17
1451 1809 10
1451 1812 13
1451 1952 13
1452 1522 18
1452 1660 17
1452 1674 4
1452 1854 3
1452 1943 12
1452 1950 20
1453 1637 17
1453 1758 8
1453 1777 5
1454 1485 17
1454 1498 15
1454 1542 5
1454 1875 2
1454 1906 13
1454 1916 3
1455 1510 2
1455 1623 12
1455 1690 10
1455 1801 10
1455 1803 7
1456 1510 12
1456 1582 19
1456 1622 13
1456 1651 20
1456 1679 9
1456 1854 17
1456 1913 6
1456 1995 8
1457 1462 6
1457 1489 6
1457 1491 12
1457 1594 5
1457 1609 2
1457 1631 10
1457 1693 20
1457 1891 15
1458 1471 15
1458 1544 7
1458 1553 8
1458 1636 15
1458 1705 7
1459 1461 11
1459 1469 16
1459 1481 15
1459 1487 3
1459 1690 7
1460 1471 13
1460 1676 17
1460 1783 9
1460 1883 10
1461 1500 2
1461 1561 3
1461 1562 14
1461 1995 13
1462 1575 10
1462 1840 1
1462 1911 11
1463 1520 18
1463 1808 3
1464 1558 8
1464 1599 2
1464 1719 11
1464 1981 19
1465 1593 20
1465 1742 1
1465 1855 14
1465 1987 7
1466 1520 18
1466 1570 10
1466 1605 20
1466 1613 19
1466 1775 9
1466 1852 3
1466 1911 5
1467 1550 2
1467 1568 10
1467 1750 12
1467 1758 6
1467 1907 9
1468 1511 16
1468 1547 1
1468 1668 7
1468 1826 13
1469 1473 7
1469 1633 4
1469 1730 6
1469 1998 16
1470 1664 3
1470 1765 6
1470 1903 9
1470 1996 12
1471 1484 20
1471 1666 2
1471 1697 6
1471 1744 14
1471 1897 6
1471 1913 9
1471 1949 8
1472 1535 20
1472 1559 3
1472 1702 3
1472 1712 15
1472 1770 3
1472 1795 15
1472 1838 14
1472 1981 5
1473 1596 6
1473 1615 13
1473 1752 11
1473 1782 6
1473 1947 9
1474 1524 8
1474 1736 16
1475 1478 1
1475 1507 7
1475 1564 4
1475 1676 12
1475 1706 7
1475 1912 5
1475 1921 8
1476 1477 20
1476 1579 2
1476 1700 4
1476 1768 3
1476 1802 3
1476 1829 2
1476 1831 16
1476 1890 1
1476 1943 7
1476 1957 3
1476 1996 2
1477 1800 6
1477 1851 8
1477 1960 1
1478 1579 9
1478 1688 17
1478 1690 7
1478 1700 15
1479 1645 14
1479 1741 16
1479 1786 10
1479 1898 20
1479 1932 10
1479 1991 19
1480 1567 13
1480 1610 8
1481 1790 7
1482 1579 9
1482 1614 2
1482 1725 13
1482 1773 11
1482 1783 14
1482 1940 18
1483 1759 12
1483 1781 5
1483 1792 13
1483 1851 3
1484 1554 4
1484 1564 3
1484 1682 6
1484 1808 13
1484 1878 10
1484 1891 3
1484 1959 4
1484 1968 9
1485 1547 16
1485 1548 19
1485 1642 16
1485 1652 19
1485 1748 4
1485 1854 13
1486 1972 4
1487 1621 2
1487 1833 18
1487 1865 15
1488 1595 20
1488 1711 20
1488 1922 5
1488 1979 13
1489 1574 6
1489 1805 20
1490 1500 3
1490 1537 13
1490 1561 16
1490 1610 4
1490 1710 4
1490 1779 16
1490 1805 8
1491 1518 4
1491 1526 16
1491 1675 14
1491 1769 13
1491 1797 20
1492 1503 18
1492 1552 6
1492 1602 7
1492 1686 7
1492 1789 18
1492 1922 18
1492 1925 3
1493 1512 1
1493 1531 8
1493 1540 2
1493 1747 19
1493 1759 10
1493 1772 10
1493 1811 14
1493 1904 4
1493 1968 8
1494 1720 3
1494 1791 18
1494 1843 13
1494 1849 11
1494 1877 9
1494 1915 11
1495 1575 8
1495 1626 19
1495 1679 14
1495 1721 14
1495 1831 15
1495 1951 10
1496 1513 6
1496 1538 7
1496 1968 12
1497 1536 1
1497 1608 9
1497 1812 16
1497 1832 18
1498 1604 4
1498 1743 16
1498 1950 9
1499 1595 17
1499 1817 18
1499 1929 18
1499 1998 14
1500 1666 5
1500 1730 20
1500 1759 17
1500 1967 8
1501 1533 18
1501 1633 8
1501 1777 15
1501 1808 20
1501 1814 10
1501 1929 15
1502 1515 17
1502 1682 11
1502 1857 10
1502 1929 11
1503 1534 19
1503 1636 11
1503 1645 7
1503 1765 1
1503 1867 9
1504 1548 8
1504 1615 3
1504 1839 14
1504 1946 17
1505 1515 13
1505 1648 2
1505 1706 13
1505 1810 4
1505 1899 17
1506 1524 6
1506 1607 12
1506 1621 2
1506 1789 11
1506 1869 1
1506 1881 9
1507 1558 4
1507 1745 18
1507 1761 12
1508 1555 14
1508 1599 8
1508 1686 13
1508 1842 14
1508 1856 2
1509 1552 2
1509 1940 18
1509 1994 3
1510 1519 13
1510 1612 17
1510 1619 4
1510 1632 10
1510 1640 17
1510 1746 12
1510 1774 18
1510 1800 4
1510 1928 2
1511 1606 18
1511 1712 12
1511 1715 16
1511 1854 8
1511 1989 7
1512 1567 2
1512 1608 2
1512 1694 6
1512 1714 17
1512 1810 20
1513 1576 6
1513 1722 15
1513 1776 19
1513 1777 2
1513 1798 15
1513 1886 9
1513 1934 20
1513 1938 10
1513 1956 10
1513 1985 6
1514 1558 15
1514 1717 7
1514 1754 17
1514 1834 11
1514 1855 18
1514 1878 11
1515 1649 16
1515 1690 12
1515 1929 14
1515 1961 13
1516 1532 11
1516 1755 16
1516 1757 10
1516 1804 11
1516 1903 17
1517 1537 6
1517 1545 11
1517 1602 14
1517 1672 8
1517 1682 8
1517 1782 13
1517 1805 8
1517 1836 17
1518 1524 12
1518 1779 10
1518 1941 7
1518 1984 5
1519 1598 16
1519 1683 10
1519 1862 15
1520 1590 6
1520 1606 6
1520 1633 8
1520 1673 14
1520 1705 16
1520 1725 4
1520 1764 2
1521 1646 15
1521 1830 4
1522 1911 6
1522 1952 12
1523 1633 5
1523 1645 1
1523 1666 20
1523 1766 3
1523 1776 5
1523 1988 2
1524 1575 19
1524 1606 9
1524 1745 13
1524 1907 4
1524 1943 7
1525 1541 16
1525 1572 4
1525 1658 2
1525 1681 2
1525 1717 11
1525 1764 7
1525 1964 10
1526 1677 6
1526 1696 8
1526 1773 3
1526 1847 10
1526 1961 4
1527 1623 1
1527 1667 2
1527 1802 15
1528 1589 3
1528 1592 13
1528 1623 17
1528 1645 13
1528 1670 11
1528 1868 19
1528 1915 8
1528 1969 3
1529 1564 11
1529 1581 17
1529 1598 5
1529 1812 2
1529 1974 9
1530 1791 1
1531 1765 17
1531 1769 12
1531 1922 20
1531 1993 17
1532 1791 16
1532 1994 5
1533 1571 3
1533 1833 9
1534 1590 14
1534 1623 19
1534 1685 2
1534 1766 11
1534 1778 12
1534 1781 1
1534 1805 16
1534 1819 13
1534 1831 10
1534 1833 18
1534 1851 4
1534 1874 13
1534 1922 19
1534 1973 19
1534 1998 19
1535 1553 9
1535 1575 9
1535 1901 17
1536 1591 16
1536 1739 7
1537 1761 13
1537 1783 11
1537 1832 10
1537 1872 9
1538 1600 9
1538 1809 18
1538 1819 10
1538 1936 1
1539 1585 5
1540 1734 18
1541 1603 5
1541 1744 6
1542 1566 19
1542 1586 16
1542 1636 16
1542 1702 10
1542 1783 14
1542 1820 13
1542 1902 3
1543 1869 15
1544 1573 17
1544 1616 15
1544 1687 9
1544 1688 13
1544 1787 6
1544 1858 19
1545 1689 13
1545 1818 4
1546 1595 19
1546 1637 10
1546 1714 19
1546 1753 11
1546 1788 1
1547 1642 7
1547 1667 11
1547 1693 20
1547 1842 11
1547 1886 4
1548 1563 8
1548 1688 1
1548 1710 12
1548 1722 12
1548 1815 15
1548 1818 11
1548 1845 18
1548 1847 8
1549 1594 13
1549 1596 8
1549 1641 20
1549 1661 20
1549 1943 12
1549 1948 1
1549 1960 10
1550 1577 16
1550 1632 13
1550 1637 10
1550 1666 9
1550 1719 15
1550 1757 7
1550 1792 9
1550 1816 16
1551 1582 12
1551 1648 8
1551 1705 17
1551 1775 13
1551 1782 7
1551 1908 1
1551 1926 18
1551 1954 6
1552 1568 15
1552 1680 14
1552 1884 6
1553 1638 5
1553 1690 18
1553 1840 11
1553 1879 4
1554 1594 7
1554 1760 13
1554 1795 14
1554 1810 14
1554 1818 7
1554 1888 7
1554 1926 8
1554 1998 6
1555 1996 13
1556 1651 5
1556 1757 3
1556 1810 17
1557 1573 14
1557 1610 5
1557 1756 12
1557 1801 3
1558 1700 5
1558 1750 18
1558 1924 7
1558 1972 16
1559 1630 11
1559 1705 15
1559 1718 2
1559 1860 13
1560 1562 8
1560 1567 13
1560 1637 6
1560 1878 4
1560 1923 7
1561 1784 3
1561 1892 7
1561 1947 8
1561 1990 12
1562 1636 16
1562 1696 1
1562 1729 8
1562 1839 1
1562 1912 2
1562 1924 18
1562 1951 17
1562 1953 6
1562 1979 19
1563 1675 12
1563 1733 19
1563 1864 1
1563 1906 15
1563 1919 18
1563 1924 11
1563 1991 14
1563 1997 9
1564 1614 8
1564 1683 1
1564 1757 6
1564 1770 16
1564 1792 13
1564 1854 14
1564 1891 7
1564 1979 8
1565 1769 15
1565 1817 9
1565 1828 14
1565 1908 10
1565 1911 3
1566 1617 4
1566 1852 1
1566 1947 8
1566 1976 7
1567 1705 11
1567 1785 6
1567 1977 8
1568 1569 11
1568 1598 12
1568 1641 14
1568 1691 2
1568 1838 12
1568 1900 16
1568 1913 20
1569 1582 19
1569 1585 13
1569 1621 16
1569 1640 12
1569 1733 11
1570 1610 20
1570 1706 6
1570 1834 20
1570 1956 2
1571 1679 20
1571 1757 8
1571 1888 13
1572 1658 2
1572 1852 10
1572 1866 20
1573 1605 2
1573 1650 14
1573 1657 4
1573 1963 10
1573 1988 15
1574 1604 7
1574 1771 8
1574 1773 8
1574 1776 12
1574 1792 13
1574 1827 2
1574 1831 1
1574 1925 16
1574 1941 4
1575 1590 17
1575 1637 5
1575 1662 6
1575 1850 4
1575 1857 11
1575 1979 19
1576 1817 9
1576 1930 2
1577 1736 3
1577 1789 13
1578 1610 14
1578 1707 15
1578 1815 18
1578 1821 12
1578 1862 11
1578 1863 20
1578 1939 12
1579 1603 8
1579 1644 1
1579 1699 6
1579 1899 17
1579 1948 9
1580 1615 1
1580 1759 18
1580 1809 15
1580 1889 1
1580 1931 15
1581 1692 8
1581 1830 8
1581 1898 20
1582 1593 14
1582 1850 20
1582 1869 14
1582 1903 2
1582 1994 15
1583 1685 13
1584 1679 16
1584 1841 2
1584 1981 1
1585 1796 9
1585 1802 4
1585 1840 8
1585 1889 19
1586 1652 16
1586 1743 2
1586 1806 16
1586 1838 1
1586 1856 7
1586 1880 5
1586 1916 20
1587 1617 8
1587 1623 11
1587 1702 18
1587 1759 15
1587 1899 13
1587 1913 10
1587 1962 2
1587 1991 8
1588 1658 11
1588 1698 19
1588 1831 18
1589 1673 6
1589 1728 11
1589 1967 17
1590 1679 16
1590 1707 20
1590 1741 18
1590 1774 4
1590 1786 4
1590 1790 3
1590 1817 8
1590 1844 13
1590 1846 12
1590 1905 18
1590 1912 6
1590 1931 18
1590 1993 17
1591 1621 3
1591 1688 9
1591 1748 15
1591 1821 11
1591 1921 5
1591 1932 10
1592 1616 20
1592 1669 1
1592 1935 12
1593 1606 7
1593 1892 4
1594 1616 17
1594 1679 7
1594 1728 20
1594 1762 14
1594 1806 20
1594 1988 2
1594 1998 18
1595 1987 10
1596 1646 16
1596 1674 13
1596 1678 20
1596 1854 14
1596 1922 2
1597 1617 18
1597 1948 3
1598 1650 14
1598 1668 7
1598 1839 7
1598 1877 18
1598 1950 13
1598 1968 2
1599 1779 17
1599 1995 11
1600 1666 5
1600 1701 20
1600 1938 3
1601 1678 15
1601 1785 7
1601 1853 9
1601 1970 8
1602 1820 8
1602 1878 2
1602 1889 15
1602 1943 11
1602 1953 20
1603 1646 2
1603 1710 12
1603 1780 1
1603 1811 11
1603 1943 9
1604 1643 3
1604 1686 10
1604 1706 3
1604 1734 12
1604 1747 6
1604 1777 14
1604 1876 8
1604 1995 13
1604 1996 2
1606 1848 4
1607 1675 12
1607 1771 17
1607 1880 9
1607 1954 17
1608 1655 11
1608 1807 6
1609 1621 10
1609 1669 6
1609 1767 10
1609 1986 19
1610 1678 5
1610 1912 18
1611 1636 1
1611 1692 15
1611 1733 10
1611 1866 2
1611 1895 9
1611 1913 12
1611 1917 18
1612 1613 16
1612 1634 3
1612 1691 19
1612 1750 13
1612 1884 14
1613 1661 10
1614 1639 12
1614 1725 13
1614 1750 10
1614 1833 12
1614 1931 16
1614 1993 17
1615 1757 14
1615 1881 7
1615 1906 16
1615 1949 11
1616 1640 1
1616 1757 6
1616 1840 6
1617 1690 19
1617 1701 17
1617 1803 6
1617 1805 6
1617 1979 4
1618 1694 9
1618 1761 1
1618 1900 1
1618 1948 11
1619 1647 19
1619 1789 11
1619 1808 12
1619 1969 17
1620 1800 17
1620 1899 20
1621 1624 16
1621 1638 13
1621 1667 4
1621 1962 9
1621 1971 16
1622 1717 11
1622 1775 8
1622 1870 20
1622 1899 18
1622 1935 17
1622 1976 4
1623 1887 20
1623 1934 12
1624 1685 6
1624 1821 18
1624 1937 12
1624 1971 9
1625 1650 8
1625 1729 9
1625 1797 16
1625 1808 4
1625 1960 14
1626 1768 7
1626 1814 1
1626 1926 13
1626 1954 20
1627 1640 2
1627 1747 1
1627 1755 11
1627 1788 2
1627 1984 16
1628 1787 2
1628 1999 6
1629 1764 18
1629 1908 20
1629 1931 16
1630 1638 2
1630 1848 13
1630 1974 3
1631 1779 12
1631 1873 11
1632 1670 8
1632 1713 9
1632 1844 12
1633 1660 1
1633 1797 17
1634 1645 19
1634 1812 3
1634 1977 9
1635 1716 15
1635 1769 3
1635 1825 6
1635 1957 13
1637 1670 1
1637 1698 1
1639 1661 3
1639 1762 10
1639 1766 18
1639 1879 14
1640 1686 5
1640 1720 14
1640 1830 5
1640 1902 11
1641 1651 7
1641 1730 18
1641 1737 5
1641 1742 7
1641 1791 10
1642 1921 15
1643 1674 8
1643 1874 17
1644 1796 5
1644 1822 20
1645 1707 12
1645 1786 18
1646 1983 19
1647 1706 12
1647 1801 20
1647 1898 16
1647 1966 12
1648 1704 15
1648 1774 10
1648 1841 15
1648 1975 10
1649 1665 17
1649 1682 14
1649 1781 19
1649 1863 17
1649 1892 16
1649 1982 20
1650 1915 5
1651 1988 17
1652 1679 2
1652 1757 13
1652 1932 9
1652 1998 7
1653 1748 10
1653 1807 11
1653 1845 4
1653 1938 4
1653 1941 7
1654 1674 7
1654 1678 14
1654 1741 4
1654 1780 8
1654 1879 1
1654 1913 4
1654 1994 8
1655 1680 14
1655 1792 6
1655 1825 14
1656 1663 17
1656 1754 8
1656 1767 15
1656 1826 6
1656 1863 8
1656 1929 1
1657 1748 6
1657 1859 3
1658 1709 14
1658 1851 4
1658 1861 1
1658 1874 13
1658 1962 14
1659 1720 13
1659 1814 15
1659 1815 7
1659 1896 14
1660 1821 18
1660 1903 8
1661 1823 1
1661 1843 18
1662 1991 14
1662 1996 5
1663 1683 1
1663 1837 10
1663 1844 19
1663 1958 14
1663 1967 9
1664 1698 6
1664 1781 6
1664 1945 3
1664 1947 15
1665 1886 17
1665 1984 20
1665 1990 16
1666 1718 14
1667 1848 15
1668 1750 3
1668 1793 2
1668 1974 7
1669 1681 19
1670 1689 18
1670 1698 17
1671 1828 4
1671 1917 11
1672 1691 3
1672 1729 16
1672 1798 5
1672 1826 11
1672 1957 10
1672 1987 2
1673 1701 15
1673 1932 16
1674 1699 5
1674 1728 18
1674 1746 5
1675 1930 3
1676 1802 19
1676 1807 10
1676 1809 15
1676 1902 11
1676 1912 12
1677 1851 19
1677 1889 12
1677 1982 10
1678 1699 5
1678 1789 17
1678 1794 15
1678 1922 1
1678 1929 18
1678 1950 8
1679 1911 18
1679 1947 14
1680 1714 10
1680 1753 11
1680 1765 13
1680 1884 1
1682 1694 18
1682 1724 18
1682 1891 9
1682 1929 5
1683 1686 3
1683 1731 15
1683 1759 18
1683 1792 11
1683 1837 8
1683 1889 2
1683 1943 16
1683 1989 11
1684 1698 11
1684 1822 2
1684 1880 18
1684 1904 5
1684 1985 16
1685 1725 18
1685 1920 4
1685 1924 2
1685 1929 3
1685 1960 8
1686 1737 1
1686 1760 17
1686 1847 7
1686 1975 10
1686 1990 19
1688 1728 20
1688 1890 14
1688 1917 4
1688 1954 18
1688 1957 8
1689 1886 16
1689 1896 8
1689 1898 12
1689 1960 7
1690 1760 18
1690 1879 19
1691 1730 15
1691 1864 1
1691 1866 6
1691 1914 17
1691 1936 16
1692 1757 11
1692 1840 2
1692 1864 15
1692 1889 6
1693 1853 7
1693 1915 17
1694 1769 3
1695 1952 19
1696 1705 16
1696 1805 19
1696 1980 9
1697 1716 8
1697 1849 15
1697 1886 14
1698 1802 9
1698 1913 6
1698 1936 20
1699 1707 8
1699 1723 1
1699 1763 2
1699 1820 3
1699 1849 8
1699 1964 8
1700 1757 12
1700 1934 4
1700 1974 17
1700 1996 16
1701 1730 9
1701 1905 7
1701 1980 10
1702 1796 17
1702 1891 17
1702 1893 15
1702 1915 9
1702 1918 2
1703 1741 1
1703 1775 11
1703 1782 13
1703 1819 13
1703 1859 20
1703 1895 16
1703 1940 19
1703 1977 16
1704 1758 1
1704 1772 12
1704 1789 1
1704 1885 1
1704 1886 18
1705 1811 8
1705 1928 7
1706 1853 12
1706 1871 10
1707 1803 10
1707 1827 4
1707 1920 10
1707 1953 19
1707 1990 13
1708 1799 2
1708 1878 12
1708 1982 13
1709 1786 12
1709 1809 4
1710 1783 7
1710 1789 9
1710 1811 17
1710 1826 8
1710 1936 20
1711 1957 10
1712 1833 12
1712 1836 19
1714 1719 7
1714 1769 9
1714 1808 9
1714 1878 12
1714 1887 5
1714 1923 4
1715 1837 5
1715 1860 12
1716 1761 9
1716 1816 10
1716 1879 14
1717 1898 6
1718 1829 14
1719 1814 9
1719 1929 9
1719 1962 11
1721 1771 18
1721 1800 11
1721 1840 20
1721 1869 7
1722 1762 9
1722 1853 3
1722 1854 8
1722 1924 4
1722 1953 12
1722 1977 18
1723 1740 6
1723 1843 2
1723 1889 13
1723 1957 1
1724 1790 1
1724 1824 2
1724 1885 20
1725 1745 11
1725 1754 9
1725 1847 12
1725 1929 5
1726 1833 19
1727 1922 10
1727 1954 2
1727 1997 19
1728 1776 2
1728 1877 11
1729 1778 17
1729 1951 6
1729 1952 14
1730 1897 6
1730 1905 20
1730 1915 18
1730 1937 20
1730 1981 8
1731 1779 15
1731 1910 19
1732 1735 16
1732 1790 14
1732 1796 16
1732 1858 2
1732 1922 13
1733 1842 5
1733 1843 9
1734 1766 4
1734 1794 6
1734 1809 20
1734 1830 4
1734 1909 1
1735 1776 2
1735 1783 20
1735 1854 20
1735 1914 5
1735 1915 8
1736 1971 11
1737 1772 11
1737 1861 18
1737 1927 18
1738 1802 13
1738 1898 18
1738 1911 5
1739 1799 8
1739 1865 7
1739 1952 11
1739 1989 11
1740 1957 11
1741 1751 18
1741 1908 18
1741 1916 2
1741 1989 5
1742 1993 16
1743 1787 17
1743 1862 13
1743 1870 11
1743 1944 2
1743 1966 16
1744 1789 18
1744 1839 3
1746 1793 20
1748 1839 2
1748 1994 4
1749 1776 12
1749 1812 9
1749 1954 19
1750 1794 4
1750 1965 7
1751 1808 12
1751 1933 15
1752 1790 13
1753 1768 18
1753 1788 20
1753 1806 1
1753 1844 20
1753 1863 4
1753 1949 2
1754 1769 18
1754 1869 3
1754 1911 15
1754 1966 7
1755 1917 9
1755 1942 1
1755 1948 11
1756 1768 20
1756 1791 8
1756 1852 19
1756 1972 16
1757 1925 16
1758 1799 7
1760 1819 4
1760 1841 20
1760 1866 11
1760 1920 7
1760 1954 15
1760 1966 13
1761 1961 2
1761 1981 14
1762 1825 12
1762 1867 14
1762 1921 9
1763 1858 10
1763 1987 17
1764 1898 20
1764 1939 17
1764 1950 4
1765 1792 1
1765 1798 11
1765 1994 14
1766 1941 14
1767 1768 18
1767 1850 1
1767 1911 2
1767 1943 17
1768 1800 12
1768 1943 4
1769 1789 12
1769 1800 10
1770 1798 18
1770 1839 16
1770 1931 6
1771 1868 3
1772 1854 3
1772 1939 12
1773 1784 10
1773 1946 12
1775 1844 15
1775 1846 6
1777 1824 20
1777 1868 16
1777 1898 19
1777 1930 5
1778 1854 20
1778 1904 18
1779 1786 5
1779 1921 8
1779 1955 8
1780 1921 6
1781 1838 17
1781 1852 5
1782 1873 3
1783 1784 20
1783 1901 18
1784 1837 6
1784 1858 16
1785 1791 17
1785 1923 4
1786 1821 18
1786 1879 11
1786 1918 7
1787 1893 16
1788 1924 13
1788 1967 13
1789 1833 7
1789 1929 20
1790 1876 14
1791 1896 2
1792 1899 13
1792 1960 1
1793 1918 13
1793 1935 11
1795 1984 13
1796 1835 20
1796 1969 13
1797 1830 14
1800 1926 18
1801 1880 14
1801 1976 19
1803 1891 10
1803 1911 18
1803 1938 9
1803 1940 6
1804 1837 1
1804 1955 12
1804 1971 14
1806 1989 9
1807 1839 14
1807 1959 1
1807 1999 9
1809 1821 16
1810 1853 16
1810 1947 9
1810 1964 4
1812 1914 7
1812 1972 9
1814 1852 6
1814 1942 6
1815 1829 4
1816 1894 5
1817 1853 10
1817 1866 18
1818 1899 14
1818 1911 12
1818 1921 8
1818 1987 1
1819 1875 14
1819 1900 19
1819 1912 17
1820 1881 17
1820 1886 9
1821 1849 8
1821 1954 2
1822 1944 17
1824 1934 15
1825 1916 13
1826 1897 3
1826 1934 6
1826 1959 12
1827 1840 6
1827 1982 16
1828 1945 6
1829 1938 2
1830 1866 3
1830 1918 20
1834 1966 20
1835 1962 9
1835 1977 18
1835 1990 7
1836 1869 14
1837 1862 14
1837 1913 20
1837 1943 11
1837 1975 6
1838 1855 8
1838 1987 17
1839 1874 20
1839 1934 17
1840 1853 12
1840 1995 6
1842 1907 9
1842 1934 2
1843 1887 14
1843 1896 18
1843 1951 1
1843 1962 10
1843 1989 5
1844 1979 16
1845 1865 16
1845 1975 13
1847 1868 17
1847 1993 5
1849 1927 17
1849 1942 10
1849 1968 13
1850 1991 15
1851 1905 12
1851 1943 2
1852 1907 8
1854 1884 16
1855 1956 12
1858 1936 19
1858 1939 2
1858 1962 7
1859 1876 5
1860 1872 20
1860 1971 3
1862 1958 13
1862 1994 9
1864 1987 20
1865 1960 6
1865 1967 19
1865 1985 15
1866 1943 4
1866 1963 18
1867 1953 6
1867 1964 8
1868 1930 17
1868 1951 16
1868 1982 7
1872 1890 1
1872 1894 18
1872 1932 18
1873 1930 15
1873 1979 8
1874 1885 14
1874 1999 14
1878 1997 18
1879 1935 15
1881 1905 6
1882 1933 14
1883 1902 12
1883 1943 5
1884 1933 10
1884 1987 12
1884 1991 16
1885 1960 6
1886 1988 19
1886 1992 14
1887 1978 1
1888 1890 5
1888 1925 6
1891 1951 16
1891 1952 1
1891 1980 3
1892 1915 1
1892 1940 10
1892 1985 11
1896 1909 16
1896 1912 12
1897 1902 12
1899 1940 11
1901 1942 17
1901 1997 9
1905 1917 20
1906 1983 20
1907 1989 18
1908 1934 14
1910 1955 15
1913 1986 20
1914 1948 20
1917 1922 10
1917 1963 7
1918 1981 18
1923 1957 2
1925 1930 14
1926 1946 9
1926 1976 14
1926 1982 5
1927 1946 17
1927 1981 1
1928 1947 19
1930 1981 9
1933 1961 15
1935 1964 6
1938 1970 10
1938 1984 6
1941 1986 19
1944 1955 18
1945 1946 2
1945 1948 12
1945 1983 15
1945 1987 14
1946 1958 7
1946 1995 18
1951 1973 14
1952 1984 1
1953 1961 9
1953 1964 11
1953 1974 9
1955 1965 13
1955 1973 1
1956 1964 20
1960 1965 3
1960 1983 8
1963 1976 6
1965 1967 19
1966 1995 5
1970 1979 3
1972 1999 13
1975 1979 3
1976 1999 18
1977 1989 3
1981 1998 2
